transcript_id	genome_ribo_reads	genome_rna_reads	txome_ribo_reads	txome_rna_reads
ENST00000000233.10	800	226	740	181
ENST00000000412.8	1001	182	997	137
ENST00000001008.6	1263	445	1743	434
ENST00000001146.6	199	12	189	10
ENST00000002125.9	387	25	395	18
ENST00000002165.11	1397	257	1305	181
ENST00000002501.11	61	2	61	2
ENST00000002596.6	0	0	0	0
ENST00000003084.11	3	0	3	0
ENST00000003100.13	583	80	1812	139
ENST00000003302.8	469	54	462	41
ENST00000004982.6	2	0	2	0
ENST00000005178.6	1133	90	1069	69
ENST00000005257.7	491	53	600	55
ENST00000005259.8	0	0	22	3
ENST00000005260.9	698	98	698	72
ENST00000005284.4	3	1	3	1
ENST00000005286.8	699	193	665	157
ENST00000005340.10	686	169	593	104
ENST00000005386.8	1176	116	1151	78
ENST00000005756.5	0	0	0	0
ENST00000005995.8	1064	426	888	336
ENST00000006015.4	258	25	224	21
ENST00000006053.7	0	0	0	0
ENST00000006724.7	0	0	0	0
ENST00000006777.11	437	48	395	36
ENST00000007390.3	467	233	454	170
ENST00000007414.8	121	24	119	17
ENST00000007699.10	3	3	4	3
ENST00000007735.4	0	0	0	0
ENST00000008391.4	0	0	0	0
ENST00000008527.10	413	51	404	38
ENST00000008938.5	0	0	0	0
ENST00000009041.11	517	69	513	49
ENST00000009105.5	0	0	0	0
ENST00000009530.12	1	0	0	0
ENST00000011292.8	0	0	0	0
ENST00000011473.6	1005	55	999	42
ENST00000011619.6	794	114	778	81
ENST00000011653.9	1	0	1	0
ENST00000011898.10	227	24	209	18
ENST00000012049.10	464	84	451	72
ENST00000012443.9	998	250	882	162
ENST00000013070.11	743	95	735	80
ENST00000013125.8	1401	273	1370	192
ENST00000013222.5	6	0	5	0
ENST00000014914.6	1483	122	1446	103
ENST00000014930.9	491	84	485	70
ENST00000016171.6	440	29	197	5
ENST00000016913.8	2	0	2	0
ENST00000016946.8	0	0	0	0
ENST00000017003.7	389	75	369	62
ENST00000019103.8	0	0	0	0
ENST00000020926.8	1	0	1	0
ENST00000020945.4	236	13	230	9
ENST00000022615.9	1137	250	1322	202
ENST00000023064.9	0	0	0	0
ENST00000024061.7	62	3	60	0
ENST00000025008.10	1092	199	1073	143
ENST00000025301.4	1085	120	1057	91
ENST00000027335.8	0	0	0	0
ENST00000029410.10	214	34	214	27
ENST00000033079.7	246	65	230	53
ENST00000035307.6	515	123	498	109
ENST00000037243.7	587	66	574	55
ENST00000037502.11	0	1	0	1
ENST00000037869.7	181	15	268	13
ENST00000038176.8	474	82	474	67
ENST00000039007.5	0	0	0	0
ENST00000039989.9	1230	133	1187	96
ENST00000040584.6	6	2	6	2
ENST00000040663.8	428	65	412	40
ENST00000040738.10	1524	282	1473	206
ENST00000040877.2	757	164	723	122
ENST00000042381.9	669	132	656	112
ENST00000043402.8	127	14	124	12
ENST00000044462.12	1534	426	1504	282
ENST00000045083.6	0	0	0	0
ENST00000046087.7	0	0	0	0
ENST00000046640.9	328	18	314	15
ENST00000046794.10	0	0	0	0
ENST00000052754.10	374	31	370	23
ENST00000053243.6	0	0	0	0
ENST00000053468.4	392	43	675	41
ENST00000053469.9	0	0	0	0
ENST00000053867.8	1557	371	1537	299
ENST00000054650.8	106	5	125	7
ENST00000054666.11	403	44	394	32
ENST00000054950.4	71	48	253	90
ENST00000055077.8	1000	218	1007	164
ENST00000055335.11	25	4	24	4
ENST00000055682.12	0	0	0	0
ENST00000056217.10	13	5	63	14
ENST00000056233.4	48	5	114	7
ENST00000060969.6	492	34	471	26
ENST00000061240.7	1101	106	1071	77
ENST00000064571.3	0	0	0	0
ENST00000064724.8	23	0	26	0
ENST00000064780.7	88	19	83	16
ENST00000066544.8	719	79	1465	114
ENST00000072644.7	244	16	235	11
ENST00000072869.9	82	16	81	13
ENST00000075120.12	55	2	13	0
ENST00000075503.8	40	1	40	1
ENST00000078429.9	405	59	399	41
ENST00000080059.12	441	140	409	108
ENST00000081029.8	1129	135	1132	95
ENST00000083182.8	696	45	697	36
ENST00000084798.9	38	24	38	19
ENST00000085219.10	2	0	2	0
ENST00000086933.2	0	0	0	0
ENST00000155093.8	2	0	0	0
ENST00000155840.12	4	0	4	0
ENST00000155858.10	0	0	0	0
ENST00000155926.8	29	7	29	7
ENST00000156109.7	610	69	609	51
ENST00000156471.10	1851	248	1852	198
ENST00000156499.7	0	0	0	0
ENST00000156626.12	0	0	0	0
ENST00000157600.8	19	0	19	0
ENST00000157812.7	1312	183	1270	160
ENST00000158009.6	0	4	0	0
ENST00000158762.8	19	3	18	1
ENST00000158771.9	659	54	677	42
ENST00000159060.3	0	0	0	0
ENST00000159087.7	95	19	93	13
ENST00000159111.9	363	56	344	38
ENST00000160262.10	108	23	104	18
ENST00000160298.8	3	0	3	0
ENST00000160373.8	308	46	296	34
ENST00000160382.10	2	0	0	0
ENST00000160827.9	1413	440	1381	329
ENST00000161006.8	0	0	0	0
ENST00000161559.11	0	0	0	0
ENST00000161863.9	1019	127	989	91
ENST00000162044.14	524	61	495	44
ENST00000162330.10	686	196	686	170
ENST00000162391.8	169	10	163	7
ENST00000162749.7	980	275	964	222
ENST00000163416.7	805	91	799	79
ENST00000164024.5	525	206	503	155
ENST00000164133.7	31	11	29	11
ENST00000164139.4	2	0	2	0
ENST00000164227.10	212	49	205	43
ENST00000164305.10	266	27	256	21
ENST00000164640.8	11	5	11	5
ENST00000165524.1	0	0	0	0
ENST00000165698.9	14	0	14	0
ENST00000166139.9	628	140	593	111
ENST00000166244.8	0	0	0	0
ENST00000166345.8	1564	362	1568	276
ENST00000167106.9	4	1	3	1
ENST00000167586.7	12	1	4	0
ENST00000167588.4	0	0	0	0
ENST00000168148.8	0	0	0	0
ENST00000168216.11	968	199	961	162
ENST00000168712.3	0	0	0	0
ENST00000168977.6	0	0	0	0
ENST00000169298.8	8	1	8	1
ENST00000169551.11	554	62	530	42
ENST00000170150.4	0	0	0	0
ENST00000170168.9	165	57	160	51
ENST00000170447.12	672	77	631	54
ENST00000170564.7	332	40	327	25
ENST00000171757.3	0	0	0	0
ENST00000172229.8	3	0	3	0
ENST00000173229.7	215	3	211	3
ENST00000173527.6	454	46	432	37
ENST00000173898.12	0	0	0	0
ENST00000174618.5	239	41	233	38
ENST00000175091.5	1212	317	1203	228
ENST00000175756.10	151	17	141	12
ENST00000176183.6	0	0	0	0
ENST00000176195.4	1	4	1	4
ENST00000176763.10	335	50	328	44
ENST00000177694.2	0	0	0	0
ENST00000178640.10	261	33	260	27
ENST00000179259.6	588	28	18	0
ENST00000180166.6	0	0	0	0
ENST00000180173.10	0	0	0	0
ENST00000181383.10	0	0	0	0
ENST00000181839.10	750	142	722	111
ENST00000182290.9	0	0	0	0
ENST00000182527.4	777	63	770	51
ENST00000183605.10	0	2	0	2
ENST00000184183.8	0	0	0	0
ENST00000184266.3	481	105	728	90
ENST00000184956.11	775	96	761	72
ENST00000185150.9	672	82	666	64
ENST00000186436.10	958	75	945	59
ENST00000187397.8	1	0	1	0
ENST00000187762.7	27	7	25	7
ENST00000188312.6	617	40	616	29
ENST00000188790.9	696	56	674	40
ENST00000190165.3	0	0	0	0
ENST00000192314.7	6	3	5	3
ENST00000192788.6	423	60	419	44
ENST00000193322.8	423	27	412	20
ENST00000193391.8	0	0	0	0
ENST00000194130.7	0	0	0	0
ENST00000194152.4	4	0	3	0
ENST00000194155.7	30	0	29	0
ENST00000194214.9	553	32	532	22
ENST00000194530.8	58	12	165	16
ENST00000194900.8	276	20	264	14
ENST00000196061.5	1887	585	1856	467
ENST00000196371.10	2128	512	2107	396
ENST00000196489.4	132	6	89	3
ENST00000197268.13	220	12	216	7
ENST00000198536.7	0	0	0	0
ENST00000198767.11	545	97	1343	160
ENST00000198801.10	0	1	0	0
ENST00000199280.3	0	0	0	0
ENST00000199320.9	705	85	706	56
ENST00000199389.11	1376	350	1510	279
ENST00000199447.9	0	0	0	0
ENST00000199448.9	405	34	395	17
ENST00000199708.3	22	0	22	0
ENST00000199764.7	0	0	0	0
ENST00000199814.9	787	112	840	86
ENST00000199936.9	32	0	32	0
ENST00000200135.8	840	58	827	46
ENST00000200453.6	91	107	81	61
ENST00000200457.9	920	340	901	271
ENST00000200557.11	47	4	47	4
ENST00000200639.9	1594	136	1546	105
ENST00000200652.4	324	20	260	18
ENST00000200676.8	5	0	5	0
ENST00000200691.5	0	0	0	0
ENST00000201031.3	10	0	10	0
ENST00000201586.7	3	0	2	0
ENST00000201647.11	16	0	15	0
ENST00000201979.3	0	0	0	0
ENST00000202017.6	281	41	284	31
ENST00000202556.14	39	7	42	6
ENST00000202625.7	0	1	0	0
ENST00000202677.12	108	7	106	9
ENST00000202816.5	557	84	599	64
ENST00000202917.10	8	0	5	0
ENST00000202967.4	10	0	10	0
ENST00000203001.7	504	35	504	28
ENST00000203166.10	376	100	381	83
ENST00000203407.6	1759	701	1739	567
ENST00000203556.9	176	34	177	25
ENST00000203629.3	0	1	0	1
ENST00000203630.9	788	271	775	217
ENST00000203664.10	56	2	51	2
ENST00000204517.11	454	75	434	62
ENST00000204549.9	212	44	202	36
ENST00000204566.7	793	139	782	102
ENST00000204604.5	1	0	1	0
ENST00000204679.9	318	62	317	50
ENST00000204726.8	862	238	854	187
ENST00000204961.5	104	6	93	2
ENST00000205061.9	2487	320	2445	250
ENST00000205194.5	203	31	197	25
ENST00000205214.11	232	39	222	29
ENST00000205402.10	1602	260	1584	182
ENST00000205557.11	1	3	19	3
ENST00000205636.4	561	33	559	23
ENST00000205948.11	0	0	0	0
ENST00000206020.8	554	81	528	54
ENST00000206262.2	6	0	11	0
ENST00000206423.7	680	162	663	132
ENST00000206451.11	806	117	785	88
ENST00000206474.11	615	97	647	79
ENST00000206513.5	0	0	0	0
ENST00000206542.9	507	121	475	89
ENST00000206595.11	531	42	630	37
ENST00000206765.11	106	24	103	21
ENST00000207457.8	0	0	0	0
ENST00000207549.8	464	110	461	84
ENST00000207870.8	221	19	223	18
ENST00000209668.3	0	0	0	0
ENST00000209718.8	0	4	0	0
ENST00000209728.9	1564	314	1520	234
ENST00000209873.9	810	114	801	87
ENST00000209875.9	865	146	901	117
ENST00000209884.5	346	36	345	25
ENST00000209929.10	0	0	0	0
ENST00000210060.12	498	104	28	0
ENST00000210187.11	75	38	69	28
ENST00000210313.8	1487	165	1456	120
ENST00000210444.6	923	138	866	99
ENST00000210633.3	16	19	15	15
ENST00000211076.5	0	0	0	0
ENST00000211122.4	0	0	0	0
ENST00000211287.9	2	0	2	0
ENST00000211314.5	335	43	327	30
ENST00000211379.9	1832	319	1785	251
ENST00000211413.10	2	2	2	2
ENST00000211936.10	229	19	148	13
ENST00000211998.10	2822	904	2793	708
ENST00000212015.11	653	55	643	46
ENST00000212355.9	135	11	133	10
ENST00000214869.7	391	53	388	43
ENST00000215057.7	61	49	54	39
ENST00000215061.9	67	5	55	5
ENST00000215071.8	819	246	981	226
ENST00000215095.11	24	4	19	3
ENST00000215115.4	209	74	195	60
ENST00000215368.4	7	4	7	3
ENST00000215375.7	560	225	546	183
ENST00000215530.6	7	0	7	0
ENST00000215531.6	1	0	1	0
ENST00000215539.4	0	0	0	0
ENST00000215565.3	486	351	463	299
ENST00000215567.10	625	141	1056	155
ENST00000215570.8	473	153	470	133
ENST00000215574.9	374	125	358	99
ENST00000215582.8	536	110	505	85
ENST00000215631.9	295	51	290	42
ENST00000215637.8	0	0	0	0
ENST00000215659.13	482	221	405	129
ENST00000215727.10	0	0	0	0
ENST00000215730.12	422	39	396	29
ENST00000215742.9	190	96	186	75
ENST00000215743.8	44	7	46	4
ENST00000215754.8	772	799	750	662
ENST00000215770.6	7	0	6	0
ENST00000215781.3	0	0	0	0
ENST00000215790.12	115	11	112	10
ENST00000215793.13	1526	307	1536	249
ENST00000215794.8	1	0	1	0
ENST00000215812.9	0	0	0	0
ENST00000215829.8	760	235	734	177
ENST00000215832.11	1052	129	1007	98
ENST00000215838.8	2	0	2	0
ENST00000215855.7	0	0	0	0
ENST00000215882.10	754	198	770	150
ENST00000215885.4	9	0	9	0
ENST00000215886.6	0	0	0	0
ENST00000215904.7	66	16	62	15
ENST00000215906.6	13	0	13	0
ENST00000215909.10	971	606	944	472
ENST00000215912.10	32	2	34	2
ENST00000215917.11	335	39	316	22
ENST00000215941.9	223	23	222	17
ENST00000215957.10	347	85	339	66
ENST00000215980.10	459	62	429	45
ENST00000216014.9	524	31	496	20
ENST00000216024.7	21	2	21	1
ENST00000216027.8	335	22	329	18
ENST00000216034.6	402	150	519	145
ENST00000216036.9	0	0	0	0
ENST00000216038.6	1474	253	1445	187
ENST00000216039.9	240	77	221	49
ENST00000216044.10	612	74	606	61
ENST00000216068.9	84	4	73	2
ENST00000216071.4	0	0	0	0
ENST00000216075.11	1	0	1	0
ENST00000216085.12	127	45	110	41
ENST00000216099.13	0	0	0	0
ENST00000216101.7	0	0	1	0
ENST00000216106.6	521	134	497	86
ENST00000216115.3	4	0	4	0
ENST00000216117.9	500	50	498	40
ENST00000216121.12	744	66	738	50
ENST00000216122.9	1746	438	1723	356
ENST00000216124.10	239	45	221	36
ENST00000216127.5	8	0	7	0
ENST00000216129.7	1217	371	1222	290
ENST00000216133.10	5	0	6	0
ENST00000216139.10	0	0	0	0
ENST00000216144.4	1	1	1	1
ENST00000216146.9	849	1318	2434	2520
ENST00000216160.11	364	54	355	42
ENST00000216180.8	200	22	192	14
ENST00000216181.11	6489	4746	5650	3427
ENST00000216185.7	391	79	463	65
ENST00000216190.13	1826	527	1788	417
ENST00000216200.9	0	0	0	0
ENST00000216211.9	0	0	0	0
ENST00000216214.7	277	34	276	20
ENST00000216218.8	146	58	1951	593
ENST00000216223.10	1	0	2	0
ENST00000216225.9	635	122	608	97
ENST00000216237.10	751	134	718	98
ENST00000216241.14	5	1	5	1
ENST00000216252.4	332	63	294	21
ENST00000216254.9	1156	521	1463	344
ENST00000216259.8	466	80	453	66
ENST00000216264.13	524	156	520	126
ENST00000216267.12	426	103	407	85
ENST00000216268.6	379	86	358	72
ENST00000216271.10	139	44	134	36
ENST00000216274.10	1	0	0	0
ENST00000216277.12	1213	194	1024	105
ENST00000216281.13	1918	1893	5088	2379
ENST00000216286.10	29	16	27	5
ENST00000216294.5	610	57	603	47
ENST00000216297.7	1936	681	2851	675
ENST00000216330.7	867	187	928	131
ENST00000216336.3	0	0	0	0
ENST00000216338.9	0	0	0	0
ENST00000216341.9	0	0	0	0
ENST00000216367.10	445	18	424	15
ENST00000216373.10	327	53	313	39
ENST00000216392.8	2373	649	2217	472
ENST00000216410.8	434	46	621	50
ENST00000216416.9	688	101	666	80
ENST00000216420.12	190	10	188	8
ENST00000216442.12	719	79	723	68
ENST00000216446.9	189	8	189	5
ENST00000216452.9	89	15	182	21
ENST00000216455.9	1188	148	1221	103
ENST00000216465.10	255	32	245	20
ENST00000216468.8	287	21	277	14
ENST00000216471.4	63	13	59	12
ENST00000216479.8	1187	297	1122	217
ENST00000216484.6	751	41	730	26
ENST00000216487.12	49	10	46	9
ENST00000216489.8	310	26	300	20
ENST00000216492.10	0	0	0	0
ENST00000216500.9	679	81	657	62
ENST00000216513.5	268	13	252	9
ENST00000216540.5	0	1	0	1
ENST00000216554.8	1028	279	1175	254
ENST00000216629.11	94	9	62	6
ENST00000216639.8	794	52	797	41
ENST00000216714.8	1238	415	1213	316
ENST00000216727.8	155	39	186	42
ENST00000216733.8	0	0	0	0
ENST00000216756.11	473	83	461	62
ENST00000216780.9	509	81	473	63
ENST00000216797.10	432	37	398	29
ENST00000216802.10	335	112	831	117
ENST00000216807.12	340	15	340	13
ENST00000216832.9	1184	869	1137	669
ENST00000216862.8	23	2	21	2
ENST00000216877.10	382	69	362	56
ENST00000216879.8	435	73	493	64
ENST00000216962.9	699	107	628	87
ENST00000216968.5	350	37	334	24
ENST00000217026.5	951	750	935	552
ENST00000217043.4	1	0	1	0
ENST00000217073.7	8	63	8	46
ENST00000217086.9	42	36	40	28
ENST00000217109.9	1009	148	974	124
ENST00000217131.6	1067	469	993	342
ENST00000217133.2	3	0	0	0
ENST00000217159.6	143	22	139	15
ENST00000217169.8	2	8	2	5
ENST00000217173.7	103	7	99	6
ENST00000217182.6	1503	593	1444	509
ENST00000217188.1	0	0	0	0
ENST00000217233.8	238	59	211	41
ENST00000217244.9	154	25	1	2
ENST00000217246.8	11	6	10	1
ENST00000217260.9	0	0	0	0
ENST00000217270.3	0	0	0	0
ENST00000217289.8	441	26	434	23
ENST00000217320.8	0	0	0	0
ENST00000217381.3	235	25	230	18
ENST00000217386.2	0	0	0	0
ENST00000217402.3	419	143	653	139
ENST00000217407.3	0	0	0	0
ENST00000217420.2	0	0	0	0
ENST00000217423.3	0	0	0	0
ENST00000217426.7	1343	418	1600	349
ENST00000217428.7	0	0	0	0
ENST00000217446.7	547	66	689	68
ENST00000217455.9	277	28	272	16
ENST00000217456.3	1010	181	986	142
ENST00000217515.11	937	137	930	110
ENST00000217652.7	484	165	238	54
ENST00000217740.4	2	0	2	0
ENST00000217901.10	833	123	785	88
ENST00000217909.8	168	46	160	40
ENST00000217926.5	0	0	0	0
ENST00000217939.7	93	7	110	6
ENST00000217957.9	0	0	0	0
ENST00000217958.8	478	34	729	34
ENST00000217971.8	893	134	864	103
ENST00000217999.3	0	0	0	0
ENST00000218006.3	0	0	0	0
ENST00000218008.8	0	0	0	0
ENST00000218068.7	0	0	0	0
ENST00000218075.9	0	0	0	0
ENST00000218099.7	1	0	0	0
ENST00000218104.6	560	83	633	77
ENST00000218176.4	18	0	16	0
ENST00000218197.9	194	14	195	13
ENST00000218230.6	0	0	0	0
ENST00000218249.7	0	0	0	0
ENST00000218316.4	1	0	1	0
ENST00000218340.4	542	30	533	27
ENST00000218348.7	1682	356	1640	270
ENST00000218388.9	718	105	672	72
ENST00000218436.7	0	0	0	0
ENST00000218516.4	1237	234	1223	175
ENST00000218721.1	1	0	1	0
ENST00000218758.9	5	0	5	0
ENST00000218867.3	0	0	0	0
ENST00000219022.3	13	1	13	1
ENST00000219066.5	652	94	640	81
ENST00000219069.6	240	69	213	47
ENST00000219070.9	1201	234	1185	188
ENST00000219097.7	598	60	591	46
ENST00000219139.8	366	40	367	33
ENST00000219150.10	21	3	23	3
ENST00000219162.4	0	0	0	0
ENST00000219169.9	180	39	526	51
ENST00000219197.11	0	0	0	0
ENST00000219204.8	339	22	403	18
ENST00000219207.10	2	0	2	0
ENST00000219235.5	0	0	0	0
ENST00000219240.9	282	36	276	31
ENST00000219244.9	0	0	0	0
ENST00000219252.10	759	123	766	92
ENST00000219271.4	104	4	103	4
ENST00000219281.8	215	50	209	43
ENST00000219299.8	217	10	215	12
ENST00000219301.8	0	2	0	0
ENST00000219302.7	356	121	317	88
ENST00000219313.9	1136	353	1384	267
ENST00000219334.10	0	0	0	0
ENST00000219345.10	298	37	294	30
ENST00000219368.8	7	0	7	0
ENST00000219400.8	217	30	187	22
ENST00000219406.11	0	1	0	0
ENST00000219409.8	0	3	0	0
ENST00000219439.9	363	15	348	11
ENST00000219473.11	720	171	1207	203
ENST00000219478.11	95	19	80	17
ENST00000219479.7	303	290	285	241
ENST00000219481.10	276	21	288	18
ENST00000219548.9	633	261	636	103
ENST00000219596.5	1	0	1	0
ENST00000219599.8	0	0	0	0
ENST00000219611.7	144	124	142	104
ENST00000219660.6	0	1	0	0
ENST00000219689.11	104	22	99	18
ENST00000219746.14	6	0	6	0
ENST00000219782.10	846	485	796	388
ENST00000219789.11	473	110	453	89
ENST00000219837.12	510	118	580	97
ENST00000219905.11	1916	329	1864	241
ENST00000219919.9	0	0	0	0
ENST00000220003.13	473	83	474	70
ENST00000220058.9	304	35	293	31
ENST00000220062.9	1	0	0	0
ENST00000220166.10	63	2	55	1
ENST00000220325.9	797	78	693	51
ENST00000220420.10	0	0	0	0
ENST00000220429.12	668	35	641	30
ENST00000220478.8	0	0	0	0
ENST00000220496.9	291	37	332	23
ENST00000220507.5	56	3	53	3
ENST00000220509.10	554	121	538	100
ENST00000220514.8	428	39	415	16
ENST00000220531.9	367	53	359	32
ENST00000220562.9	200	46	198	39
ENST00000220592.10	599	80	564	66
ENST00000220597.4	29	4	29	4
ENST00000220616.9	1	0	0	0
ENST00000220659.11	257	25	251	18
ENST00000220669.10	434	46	467	32
ENST00000220751.5	305	47	296	37
ENST00000220763.10	253	17	247	8
ENST00000220764.7	681	78	673	64
ENST00000220772.8	0	0	0	0
ENST00000220809.9	66	8	66	4
ENST00000220812.3	0	0	0	0
ENST00000220822.12	489	24	475	17
ENST00000220849.10	1331	284	2053	341
ENST00000220853.8	662	61	648	38
ENST00000220876.12	0	0	0	0
ENST00000220913.10	339	52	346	38
ENST00000220940.2	0	0	0	0
ENST00000220959.8	1851	463	1841	360
ENST00000220966.10	285	32	281	29
ENST00000221086.8	355	25	356	22
ENST00000221114.8	514	72	565	60
ENST00000221130.11	1520	259	1506	217
ENST00000221132.8	274	11	233	7
ENST00000221138.9	551	130	613	103
ENST00000221166.10	0	0	0	0
ENST00000221200.9	86	10	806	59
ENST00000221233.9	499	69	444	60
ENST00000221265.8	761	179	751	137
ENST00000221283.10	332	36	225	14
ENST00000221315.10	77	19	49	8
ENST00000221399.8	0	0	0	0
ENST00000221403.7	8	1	6	2
ENST00000221418.9	1047	194	1042	157
ENST00000221419.9	1413	542	2409	637
ENST00000221431.11	94	11	90	10
ENST00000221444.1	0	0	0	0
ENST00000221455.8	312	145	306	123
ENST00000221459.7	16	6	14	6
ENST00000221462.9	167	68	170	56
ENST00000221476.4	1	0	1	0
ENST00000221480.6	16	2	14	2
ENST00000221485.8	0	0	0	0
ENST00000221486.6	1010	263	974	196
ENST00000221494.10	569	114	568	98
ENST00000221496.5	8	31	8	27
ENST00000221498.7	3	0	3	0
ENST00000221515.6	0	1	0	0
ENST00000221538.8	0	0	0	0
ENST00000221543.10	246	56	244	41
ENST00000221566.7	629	90	568	72
ENST00000221573.11	215	17	205	13
ENST00000221665.5	101	1	89	1
ENST00000221671.8	129	14	126	11
ENST00000221700.11	0	0	0	0
ENST00000221730.8	0	2	0	2
ENST00000221742.7	0	0	0	0
ENST00000221797.5	0	0	0	0
ENST00000221801.8	1105	571	1126	471
ENST00000221804.5	0	0	0	0
ENST00000221847.6	14	0	13	0
ENST00000221855.8	593	125	589	107
ENST00000221856.11	368	68	350	59
ENST00000221859.9	326	112	318	85
ENST00000221891.9	322	44	309	33
ENST00000221930.6	632	118	626	91
ENST00000221943.13	482	22	425	15
ENST00000221954.6	0	0	0	0
ENST00000221957.9	939	227	837	160
ENST00000221972.8	2	0	2	0
ENST00000221978.10	0	0	0	0
ENST00000221980.5	303	90	287	77
ENST00000221992.11	0	0	0	0
ENST00000221996.12	0	1	0	0
ENST00000222002.4	0	0	0	0
ENST00000222005.7	1038	503	1125	423
ENST00000222008.11	522	106	226	59
ENST00000222032.10	34	7	35	7
ENST00000222033.6	0	0	0	0
ENST00000222120.8	114	6	92	6
ENST00000222122.10	93	4	89	4
ENST00000222139.11	112	12	102	11
ENST00000222145.9	927	206	870	163
ENST00000222219.8	694	77	678	62
ENST00000222224.4	208	31	201	18
ENST00000222247.10	27	18	857	667
ENST00000222248.4	0	0	0	0
ENST00000222249.13	0	0	0	0
ENST00000222250.5	109	19	111	14
ENST00000222254.13	0	0	0	0
ENST00000222256.9	110	1	100	0
ENST00000222271.7	0	0	0	0
ENST00000222284.10	564	96	558	69
ENST00000222286.9	1	16	1	10
ENST00000222305.8	260	112	241	87
ENST00000222329.9	568	217	474	143
ENST00000222330.8	461	90	454	66
ENST00000222339.7	282	39	275	24
ENST00000222345.11	438	52	409	38
ENST00000222374.3	43	7	41	5
ENST00000222381.8	0	0	0	0
ENST00000222388.6	0	0	0	0
ENST00000222390.11	0	0	0	0
ENST00000222399.11	4109	959	3947	713
ENST00000222402.8	42	6	36	5
ENST00000222462.3	0	0	0	0
ENST00000222481.9	2	0	2	0
ENST00000222482.10	870	67	849	54
ENST00000222511.11	642	48	604	35
ENST00000222543.11	416	19	402	15
ENST00000222547.8	324	22	346	14
ENST00000222553.8	277	19	1373	87
ENST00000222567.6	422	30	421	23
ENST00000222573.5	309	31	313	18
ENST00000222574.9	858	78	849	61
ENST00000222584.8	317	6	310	3
ENST00000222644.9	971	109	957	85
ENST00000222673.6	2547	503	2384	380
ENST00000222674.2	0	0	0	0
ENST00000222693.5	626	111	617	91
ENST00000222718.7	0	0	0	0
ENST00000222725.10	93	4	88	3
ENST00000222726.4	3	0	3	0
ENST00000222728.3	1	0	1	0
ENST00000222747.8	175	13	170	6
ENST00000222792.11	0	0	0	0
ENST00000222800.7	235	30	224	23
ENST00000222803.10	542	51	534	39
ENST00000222812.8	59	12	51	6
ENST00000222823.9	116	39	113	31
ENST00000222982.8	0	4	0	0
ENST00000222990.8	390	60	368	44
ENST00000223023.5	547	38	526	30
ENST00000223026.9	0	0	0	0
ENST00000223029.8	1072	215	1025	69
ENST00000223061.6	1631	838	1596	679
ENST00000223073.6	1099	152	1075	115
ENST00000223095.5	1149	145	1126	111
ENST00000223114.9	0	0	0	0
ENST00000223127.8	1299	348	1280	278
ENST00000223129.8	472	97	607	83
ENST00000223136.5	553	150	527	115
ENST00000223145.10	322	20	297	14
ENST00000223208.10	447	18	412	15
ENST00000223210.5	7	3	6	3
ENST00000223273.7	392	36	386	29
ENST00000223293.10	2	0	2	0
ENST00000223321.9	0	0	0	0
ENST00000223324.3	518	120	575	88
ENST00000223357.8	1	0	1	0
ENST00000223364.7	1	0	1	0
ENST00000223368.7	310	52	297	32
ENST00000223369.3	626	156	644	129
ENST00000223398.11	247	91	235	69
ENST00000223459.10	37	24	30	15
ENST00000223500.9	692	172	1040	156
ENST00000223528.6	385	32	364	23
ENST00000223641.5	359	73	477	67
ENST00000223642.3	12	2	12	2
ENST00000223795.2	0	0	0	0
ENST00000223862.2	0	0	0	0
ENST00000223864.7	304	12	310	10
ENST00000224073.6	951	511	898	380
ENST00000224140.6	1467	305	1397	227
ENST00000224337.10	0	1	0	0
ENST00000224356.5	2	0	2	0
ENST00000224652.10	346	37	327	24
ENST00000224721.12	0	0	0	0
ENST00000224784.10	2430	1673	1748	761
ENST00000224862.7	109	27	102	22
ENST00000224949.9	1070	195	1039	154
ENST00000224950.8	134	10	133	8
ENST00000225171.7	306	20	307	16
ENST00000225174.8	755	194	727	150
ENST00000225235.5	106	11	97	8
ENST00000225275.4	0	0	0	0
ENST00000225276.10	5	0	3	0
ENST00000225296.8	927	175	896	127
ENST00000225298.12	894	184	1007	159
ENST00000225308.12	656	516	639	393
ENST00000225328.10	0	0	5	0
ENST00000225371.6	0	0	0	0
ENST00000225387.7	0	0	0	0
ENST00000225388.9	1389	168	1346	124
ENST00000225430.9	392	732	1530	1351
ENST00000225504.8	337	60	97	21
ENST00000225512.6	9	20	8	16
ENST00000225519.5	0	0	0	0
ENST00000225525.4	476	98	15	1
ENST00000225538.4	1	0	1	0
ENST00000225550.4	0	0	0	0
ENST00000225577.9	322	54	608	51
ENST00000225609.10	147	10	151	8
ENST00000225614.6	394	54	382	49
ENST00000225655.6	714	949	1209	1032
ENST00000225665.12	764	193	746	153
ENST00000225688.4	168	13	161	13
ENST00000225698.8	1337	613	1458	490
ENST00000225719.9	1898	180	1872	141
ENST00000225726.10	1515	347	1507	254
ENST00000225728.8	290	27	280	10
ENST00000225729.8	688	90	673	76
ENST00000225737.11	513	41	504	34
ENST00000225777.7	252	39	392	50
ENST00000225792.10	2785	1280	2656	880
ENST00000225831.4	144	2	117	2
ENST00000225842.4	0	0	0	0
ENST00000225844.7	0	0	0	0
ENST00000225899.3	1	0	0	0
ENST00000225916.10	648	199	621	159
ENST00000225927.7	485	69	451	47
ENST00000225941.6	2	0	2	0
ENST00000225964.10	6025	3749	5539	2738
ENST00000225969.9	621	102	578	65
ENST00000225972.8	1258	710	1259	582
ENST00000226004.8	400	38	389	34
ENST00000226021.5	0	0	0	0
ENST00000226067.10	4	0	3	0
ENST00000226091.3	1	0	1	0
ENST00000226105.11	265	58	251	50
ENST00000226193.6	0	0	0	0
ENST00000226207.6	0	0	0	0
ENST00000226218.9	11	0	11	0
ENST00000226225.7	442	86	408	70
ENST00000226230.8	504	53	513	43
ENST00000226247.2	3	0	3	0
ENST00000226279.8	0	0	0	0
ENST00000226284.7	0	0	0	0
ENST00000226299.8	663	51	932	47
ENST00000226317.10	0	0	0	0
ENST00000226319.11	740	99	727	78
ENST00000226355.5	0	0	0	0
ENST00000226382.4	0	0	0	0
ENST00000226413.5	0	0	0	0
ENST00000226432.9	0	0	0	0
ENST00000226444.4	33	0	33	0
ENST00000226460.5	0	0	0	0
ENST00000226524.4	0	0	0	0
ENST00000226574.9	672	52	646	39
ENST00000226725.11	100	46	121	38
ENST00000226730.5	0	0	0	0
ENST00000226760.5	557	70	497	51
ENST00000226796.7	393	55	407	37
ENST00000226798.9	273	38	736	92
ENST00000226951.11	0	0	0	0
ENST00000227155.9	535	69	509	63
ENST00000227266.10	1844	310	1758	244
ENST00000227322.8	474	65	600	57
ENST00000227348.9	0	0	0	0
ENST00000227349.7	16	0	16	0
ENST00000227451.4	41	8	38	4
ENST00000227471.7	305	32	456	46
ENST00000227474.8	402	31	377	26
ENST00000227507.3	471	74	400	54
ENST00000227520.10	672	139	720	128
ENST00000227524.9	1780	501	1786	398
ENST00000227525.8	743	122	730	106
ENST00000227618.8	395	192	387	37
ENST00000227638.8	397	46	394	31
ENST00000227667.8	0	0	0	0
ENST00000227752.8	0	0	0	0
ENST00000227756.5	13	0	13	0
ENST00000227868.9	838	100	803	75
ENST00000227880.8	2	0	2	0
ENST00000227918.3	0	0	0	0
ENST00000228027.12	60	2	59	2
ENST00000228136.9	515	202	901	270
ENST00000228251.9	788	403	1008	381
ENST00000228307.11	816	187	757	152
ENST00000228347.9	580	73	581	54
ENST00000228425.11	979	87	1057	78
ENST00000228434.7	0	0	0	0
ENST00000228437.10	273	30	268	22
ENST00000228438.2	6	0	6	0
ENST00000228476.8	0	0	0	0
ENST00000228495.11	784	84	730	61
ENST00000228506.8	592	105	574	78
ENST00000228510.8	249	23	248	20
ENST00000228515.6	180	38	176	25
ENST00000228534.6	2	0	2	0
ENST00000228567.7	0	0	0	0
ENST00000228606.9	17	7	15	5
ENST00000228641.4	0	0	0	0
ENST00000228644.4	0	0	0	0
ENST00000228682.7	16	7	16	5
ENST00000228705.7	232	24	231	16
ENST00000228740.7	1499	273	1492	209
ENST00000228741.8	175	63	170	54
ENST00000228799.7	195	25	214	20
ENST00000228811.8	36	2	0	0
ENST00000228820.9	0	0	0	0
ENST00000228825.12	348	78	1055	190
ENST00000228827.8	765	63	765	52
ENST00000228837.2	0	0	0	0
ENST00000228841.15	0	0	0	0
ENST00000228843.13	606	78	675	62
ENST00000228850.6	1	0	0	0
ENST00000228865.3	108	12	108	11
ENST00000228872.9	509	121	502	83
ENST00000228918.9	896	145	856	104
ENST00000228922.11	176	29	170	24
ENST00000228928.12	310	30	280	22
ENST00000228936.6	0	0	0	0
ENST00000228945.9	44	0	41	0
ENST00000229022.9	245	13	246	12
ENST00000229030.4	12	0	12	0
ENST00000229134.5	0	0	0	0
ENST00000229135.4	0	0	0	0
ENST00000229179.9	1969	358	1934	265
ENST00000229195.7	781	78	774	54
ENST00000229214.9	776	115	761	46
ENST00000229238.5	760	385	771	284
ENST00000229243.7	2	0	1	0
ENST00000229264.7	1	15	0	9
ENST00000229266.8	556	82	529	60
ENST00000229281.6	390	66	376	49
ENST00000229304.5	0	0	0	0
ENST00000229307.9	0	0	0	0
ENST00000229314.10	590	29	566	22
ENST00000229329.7	547	59	544	45
ENST00000229330.9	240	15	234	15
ENST00000229332.11	0	0	0	0
ENST00000229335.11	0	0	0	0
ENST00000229340.10	553	93	536	66
ENST00000229379.3	155	90	578	328
ENST00000229390.8	748	265	896	210
ENST00000229402.4	0	0	0	0
ENST00000229554.10	2	0	2	0
ENST00000229595.6	639	35	630	26
ENST00000229633.7	228	14	225	10
ENST00000229708.4	24	0	44	0
ENST00000229729.11	0	0	0	0
ENST00000229758.8	717	83	686	57
ENST00000229769.3	270	26	262	23
ENST00000229771.11	0	0	0	0
ENST00000229794.8	749	68	664	40
ENST00000229812.8	889	86	857	68
ENST00000229829.7	0	0	0	0
ENST00000229903.5	110	8	105	6
ENST00000229922.7	666	71	683	51
ENST00000229955.4	35	3	32	3
ENST00000230036.2	12	0	12	0
ENST00000230048.5	469	48	467	39
ENST00000230050.4	220	399	698	527
ENST00000230053.11	2	0	2	0
ENST00000230056.8	836	167	823	123
ENST00000230085.13	627	242	660	191
ENST00000230122.4	337	27	313	23
ENST00000230124.8	272	31	269	23
ENST00000230256.8	0	0	0	0
ENST00000230301.9	0	0	0	0
ENST00000230321.10	0	0	0	0
ENST00000230323.8	126	10	113	9
ENST00000230340.9	682	116	665	96
ENST00000230354.10	352	32	322	24
ENST00000230361.4	0	0	0	0
ENST00000230381.7	0	0	0	0
ENST00000230419.9	1016	150	997	128
ENST00000230431.11	470	196	456	173
ENST00000230449.9	903	100	905	70
ENST00000230461.11	1390	164	1344	120
ENST00000230538.12	4206	966	4037	736
ENST00000230582.8	9	0	8	0
ENST00000230588.9	0	0	0	0
ENST00000230640.10	1953	353	1927	274
ENST00000230658.12	143	22	134	14
ENST00000230671.7	0	0	0	0
ENST00000230771.9	613	105	591	75
ENST00000230792.7	355	18	335	16
ENST00000230882.9	0	0	0	0
ENST00000230895.11	378	67	365	48
ENST00000230990.7	62	0	61	0
ENST00000231004.5	1283	142	1250	114
ENST00000231009.3	0	0	0	0
ENST00000231021.9	0	0	0	0
ENST00000231061.9	60	1	58	1
ENST00000231121.3	0	0	0	0
ENST00000231130.3	3	0	2	0
ENST00000231134.8	0	0	0	0
ENST00000231136.3	0	0	0	0
ENST00000231137.6	11	0	7	0
ENST00000231173.6	27	2	20	0
ENST00000231198.12	434	32	408	24
ENST00000231228.3	0	0	0	0
ENST00000231238.10	970	214	980	155
ENST00000231368.10	1227	45	1220	41
ENST00000231420.11	0	0	0	0
ENST00000231449.7	0	0	0	0
ENST00000231454.6	0	0	0	0
ENST00000231461.10	19	0	17	0
ENST00000231484.3	0	0	0	0
ENST00000231498.8	3675	538	3575	395
ENST00000231512.5	561	50	664	45
ENST00000231524.14	494	29	485	22
ENST00000231572.8	2092	331	2118	243
ENST00000231656.13	0	0	0	0
ENST00000231706.6	0	0	0	0
ENST00000231721.7	8	0	8	0
ENST00000231749.8	10	2	11	0
ENST00000231751.9	22	3	20	2
ENST00000231790.8	1098	183	1080	133
ENST00000231887.8	151	8	145	6
ENST00000231948.8	604	52	575	38
ENST00000232003.5	0	0	0	0
ENST00000232217.6	1	0	1	0
ENST00000232375.8	37	16	36	12
ENST00000232424.4	236	7	226	5
ENST00000232461.8	0	0	0	0
ENST00000232496.5	140	20	135	15
ENST00000232501.8	297	14	286	10
ENST00000232564.8	1205	84	1135	68
ENST00000232603.10	1	0	1	0
ENST00000232607.7	969	133	951	103
ENST00000232744.13	59	9	57	9
ENST00000232766.6	399	41	392	32
ENST00000232888.7	466	139	456	111
ENST00000232892.12	0	2	0	2
ENST00000232905.4	377	36	356	31
ENST00000232974.11	104	47	93	32
ENST00000232975.8	245	31	223	24
ENST00000232978.13	464	213	454	170
ENST00000233027.10	364	60	344	46
ENST00000233047.8	119	2	105	3
ENST00000233055.9	389	35	26	2
ENST00000233057.9	1084	84	1053	67
ENST00000233078.9	949	397	918	318
ENST00000233099.6	490	59	484	44
ENST00000233121.7	347	41	314	34
ENST00000233143.6	311	355	407	405
ENST00000233146.7	1579	212	1579	159
ENST00000233154.9	102	24	92	15
ENST00000233156.9	953	50	931	39
ENST00000233190.11	2294	379	2277	283
ENST00000233202.11	1	0	1	0
ENST00000233242.5	0	0	0	0
ENST00000233331.12	0	0	6	1
ENST00000233336.7	293	42	294	34
ENST00000233379.9	59	8	14	3
ENST00000233468.5	645	130	702	106
ENST00000233535.9	31	0	30	0
ENST00000233557.7	1028	201	1018	154
ENST00000233575.7	938	231	924	182
ENST00000233596.8	71	6	72	5
ENST00000233615.7	39	21	1	0
ENST00000233623.11	237	39	225	36
ENST00000233627.14	522	118	489	100
ENST00000233630.11	200	11	221	11
ENST00000233638.8	0	0	0	0
ENST00000233668.9	83	6	94	5
ENST00000233710.4	75	2	77	1
ENST00000233735.2	0	0	0	0
ENST00000233741.9	660	40	653	30
ENST00000233809.9	1	0	1	0
ENST00000233813.5	115	3	112	3
ENST00000233826.4	0	0	0	0
ENST00000233838.9	924	63	911	48
ENST00000233840.3	1	0	1	0
ENST00000233893.10	11	14	384	109
ENST00000233948.4	6	0	6	0
ENST00000233954.6	0	0	0	0
ENST00000233969.3	4	0	3	0
ENST00000233997.4	3	0	3	0
ENST00000234038.11	1005	180	974	130
ENST00000234071.8	93	13	89	10
ENST00000234091.8	48	1	57	1
ENST00000234111.9	1611	818	1585	636
ENST00000234115.10	592	56	601	43
ENST00000234160.5	906	96	884	71
ENST00000234170.10	1547	332	1511	246
ENST00000234198.9	182	14	168	12
ENST00000234256.4	549	43	516	33
ENST00000234296.7	756	73	728	50
ENST00000234310.8	75	4	51	3
ENST00000234313.8	0	0	0	0
ENST00000234347.10	1	0	0	0
ENST00000234371.10	1	0	1	0
ENST00000234389.3	2	0	2	0
ENST00000234392.3	0	0	0	0
ENST00000234396.10	0	0	0	0
ENST00000234420.11	2148	388	2098	308
ENST00000234453.10	79	5	169	12
ENST00000234454.6	346	29	345	25
ENST00000234590.10	2837	3302	1340	962
ENST00000234677.7	1599	482	1570	392
ENST00000234701.7	0	0	0	0
ENST00000234739.8	225	39	217	34
ENST00000234798.4	0	0	0	0
ENST00000234816.7	22	0	23	0
ENST00000234827.6	226	15	226	12
ENST00000234831.10	1408	256	1355	186
ENST00000234875.9	42	19	299	254
ENST00000234961.7	1	0	1	0
ENST00000235090.10	858	115	859	101
ENST00000235307.7	58	6	61	5
ENST00000235310.7	415	63	417	49
ENST00000235332.6	284	49	272	40
ENST00000235345.6	374	5	373	5
ENST00000235347.4	0	0	0	0
ENST00000235349.6	0	0	0	0
ENST00000235372.11	218	58	204	48
ENST00000235382.7	393	34	366	26
ENST00000235521.4	434	29	430	22
ENST00000235532.9	123	7	119	7
ENST00000235628.1	0	0	0	0
ENST00000235835.7	478	115	272	33
ENST00000236137.10	432	46	424	39
ENST00000236147.6	3	0	2	0
ENST00000236192.12	131	16	124	10
ENST00000236273.9	711	83	703	65
ENST00000236342.12	417	26	403	20
ENST00000236671.7	193	36	216	35
ENST00000236709.4	0	0	0	0
ENST00000236826.8	0	0	0	0
ENST00000236850.4	3	0	3	0
ENST00000236877.11	1	0	0	0
ENST00000236914.7	2	0	2	0
ENST00000236925.8	1145	207	1123	158
ENST00000236937.13	0	0	0	0
ENST00000236959.14	1960	501	1946	377
ENST00000236979.2	0	0	0	0
ENST00000237172.12	23	3	21	3
ENST00000237201.2	0	0	0	0
ENST00000237264.9	291	33	317	28
ENST00000237275.9	0	0	0	0
ENST00000237281.5	1098	79	1067	69
ENST00000237283.9	132	21	120	9
ENST00000237316.3	0	0	0	0
ENST00000237353.15	0	0	0	0
ENST00000237380.12	276	20	293	20
ENST00000237455.5	316	32	314	20
ENST00000237530.11	2887	1106	2779	827
ENST00000237536.9	486	65	460	55
ENST00000237596.7	377	72	368	54
ENST00000237642.6	275	25	29	7
ENST00000237654.9	910	166	886	114
ENST00000237696.10	55	4	52	4
ENST00000237822.8	334	8	329	8
ENST00000237837.2	0	0	0	0
ENST00000237853.9	549	111	868	115
ENST00000238044.8	0	0	0	0
ENST00000238112.8	1304	188	1299	146
ENST00000238146.9	440	90	462	64
ENST00000238379.9	87	6	74	2
ENST00000238497.10	816	66	802	51
ENST00000238508.8	0	0	0	0
ENST00000238558.4	6	0	5	0
ENST00000238561.10	190	11	195	7
ENST00000238609.4	142	3	120	3
ENST00000238616.10	997	142	982	104
ENST00000238618.8	231	6	208	4
ENST00000238647.5	471	93	428	71
ENST00000238651.9	213	34	83	8
ENST00000238667.9	104	4	96	3
ENST00000238682.7	83	12	78	10
ENST00000238714.8	385	42	388	27
ENST00000238721.9	629	70	620	54
ENST00000238738.9	44	7	174	28
ENST00000238788.14	1013	161	998	121
ENST00000238789.10	317	16	303	12
ENST00000238823.13	921	171	907	132
ENST00000238831.9	498	20	487	17
ENST00000238855.11	411	50	393	37
ENST00000238875.10	110	11	107	8
ENST00000238892.4	361	18	362	10
ENST00000238936.8	66	12	61	9
ENST00000238983.9	0	0	0	0
ENST00000238994.6	498	32	497	25
ENST00000239007.11	182	29	183	23
ENST00000239032.4	0	0	0	0
ENST00000239144.5	1	0	0	0
ENST00000239151.5	0	3	0	3
ENST00000239165.9	201	33	128	24
ENST00000239174.7	0	0	0	0
ENST00000239223.4	754	143	688	116
ENST00000239231.7	369	50	485	57
ENST00000239243.7	30	0	8	0
ENST00000239316.4	216	9	194	8
ENST00000239347.3	0	0	0	0
ENST00000239367.7	926	119	224	36
ENST00000239374.8	0	0	0	0
ENST00000239440.9	272	56	265	47
ENST00000239444.4	0	0	0	0
ENST00000239446.6	6	0	3	0
ENST00000239449.6	55	3	50	2
ENST00000239450.4	7	0	4	0
ENST00000239451.7	0	0	0	0
ENST00000239461.11	81	0	73	0
ENST00000239462.9	1	0	0	0
ENST00000239587.10	0	0	0	0
ENST00000239666.8	298	39	427	30
ENST00000239690.9	904	50	879	37
ENST00000239830.9	857	147	836	105
ENST00000239878.9	243	26	325	27
ENST00000239882.7	568	26	560	17
ENST00000239891.4	641	77	647	62
ENST00000239906.10	215	65	211	57
ENST00000239926.9	0	2	0	2
ENST00000239938.5	52	6	53	6
ENST00000240055.8	352	61	437	47
ENST00000240079.11	307	37	359	26
ENST00000240093.8	6	0	6	0
ENST00000240100.7	16	5	16	3
ENST00000240123.11	486	145	476	120
ENST00000240139.9	270	24	257	19
ENST00000240185.8	183	46	388	105
ENST00000240189.2	0	0	0	0
ENST00000240285.10	920	89	901	67
ENST00000240306.5	9	0	9	0
ENST00000240316.5	459	54	592	51
ENST00000240328.4	5	0	5	0
ENST00000240335.1	0	0	0	0
ENST00000240364.7	7	1	7	0
ENST00000240423.9	1289	236	1285	179
ENST00000240488.8	342	27	365	17
ENST00000240499.8	3	0	3	0
ENST00000240587.5	1	0	1	0
ENST00000240615.2	0	0	0	0
ENST00000240617.10	33	2	30	2
ENST00000240618.11	0	0	0	0
ENST00000240619.2	0	3	0	3
ENST00000240651.14	180	15	611	22
ENST00000240652.8	0	0	0	0
ENST00000240687.2	0	0	0	0
ENST00000240691.4	0	0	0	0
ENST00000240727.10	0	0	0	0
ENST00000240851.9	1118	149	1157	102
ENST00000240922.8	780	105	787	81
ENST00000241014.6	76	27	153	29
ENST00000241051.8	388	39	385	29
ENST00000241052.5	1090	143	1054	98
ENST00000241071.11	4	4	3	3
ENST00000241125.4	0	0	0	0
ENST00000241256.3	0	0	0	0
ENST00000241261.7	0	0	0	0
ENST00000241305.4	0	0	0	0
ENST00000241337.9	3	0	0	0
ENST00000241356.5	0	0	0	0
ENST00000241393.4	1324	212	1259	158
ENST00000241416.12	264	2	254	2
ENST00000241436.8	700	48	692	37
ENST00000241453.12	0	0	0	0
ENST00000241463.5	36	8	34	3
ENST00000241502.9	812	110	805	88
ENST00000241651.5	0	0	0	0
ENST00000241704.8	3899	1049	3815	786
ENST00000241808.9	0	0	0	0
ENST00000241891.10	0	0	0	0
ENST00000242057.9	774	33	763	29
ENST00000242104.6	0	0	0	0
ENST00000242108.9	34	8	35	5
ENST00000242140.9	0	0	0	0
ENST00000242159.5	60	8	44	4
ENST00000242208.5	9	0	9	0
ENST00000242209.9	625	152	1468	261
ENST00000242248.10	97	15	91	12
ENST00000242249.8	0	0	0	0
ENST00000242257.14	271	63	1	1
ENST00000242261.6	119	11	96	5
ENST00000242310.4	1	3	0	1
ENST00000242315.3	0	1	0	0
ENST00000242317.9	0	0	0	0
ENST00000242375.8	0	0	0	0
ENST00000242462.5	0	0	0	0
ENST00000242465.4	774	127	721	91
ENST00000242480.4	6	0	6	0
ENST00000242505.11	61	9	77	11
ENST00000242576.7	717	87	771	69
ENST00000242591.10	1120	136	1116	95
ENST00000242592.9	94	10	93	5
ENST00000242719.4	88	50	100	41
ENST00000242728.5	11	0	9	0
ENST00000242729.6	15	0	13	0
ENST00000242776.9	1165	324	1073	258
ENST00000242783.11	482	298	450	247
ENST00000242784.5	410	171	400	144
ENST00000242786.6	1248	214	1121	154
ENST00000242804.9	7	0	3	0
ENST00000242819.5	0	0	0	0
ENST00000242827.11	354	46	623	63
ENST00000242839.10	26	0	26	0
ENST00000242848.8	1413	517	1357	399
ENST00000242994.4	0	0	0	0
ENST00000243045.10	483	87	464	68
ENST00000243050.5	419	57	395	41
ENST00000243052.8	0	0	0	0
ENST00000243056.5	67	15	65	13
ENST00000243077.8	3434	803	3309	625
ENST00000243103.4	8	2	7	2
ENST00000243108.5	19	6	17	5
ENST00000243167.9	2	0	2	0
ENST00000243189.12	76	111	71	90
ENST00000243253.8	1766	286	1786	210
ENST00000243298.3	1	0	1	0
ENST00000243300.14	0	0	0	0
ENST00000243314.5	0	0	0	0
ENST00000243326.9	2451	290	2387	218
ENST00000243344.8	523	68	522	47
ENST00000243346.10	594	61	586	46
ENST00000243347.5	260	14	247	11
ENST00000243349.13	0	0	0	0
ENST00000243389.8	206	28	191	24
ENST00000243440.2	75	31	72	27
ENST00000243457.4	5	0	5	0
ENST00000243498.10	1399	286	1371	170
ENST00000243501.10	21	9	66	5
ENST00000243563.8	692	81	645	56
ENST00000243578.8	62	8	59	7
ENST00000243644.9	83	3	50	3
ENST00000243662.11	39	0	44	0
ENST00000243673.7	0	0	0	0
ENST00000243706.8	435	48	433	36
ENST00000243776.11	793	216	737	172
ENST00000243786.3	4	0	4	0
ENST00000243878.9	198	31	196	24
ENST00000243903.6	326	19	320	15
ENST00000243911.2	0	0	0	0
ENST00000243918.10	128	14	135	11
ENST00000243924.4	43	0	41	0
ENST00000243938.9	6	0	7	0
ENST00000243964.7	0	0	0	0
ENST00000243997.8	212	75	423	100
ENST00000244007.7	823	242	802	182
ENST00000244020.5	196	46	509	69
ENST00000244040.4	360	42	345	35
ENST00000244043.5	1	0	1	0
ENST00000244050.3	380	20	337	13
ENST00000244051.3	439	26	432	20
ENST00000244061.6	560	41	560	31
ENST00000244096.7	0	0	0	0
ENST00000244137.12	663	84	742	72
ENST00000244174.10	0	0	0	0
ENST00000244204.11	423	66	453	53
ENST00000244217.6	223	18	221	10
ENST00000244221.9	25	0	25	0
ENST00000244227.8	374	51	412	42
ENST00000244230.7	798	150	914	121
ENST00000244241.5	0	0	0	0
ENST00000244289.9	11	7	11	5
ENST00000244296.6	13	0	1	0
ENST00000244314.6	0	0	0	0
ENST00000244333.4	25	0	24	0
ENST00000244336.10	0	0	0	0
ENST00000244360.6	1	0	1	0
ENST00000244496.6	617	133	571	97
ENST00000244513.10	0	0	0	0
ENST00000244519.7	142	15	55	1
ENST00000244520.10	445	119	643	112
ENST00000244527.10	0	0	0	0
ENST00000244534.7	263	0	209	0
ENST00000244537.6	2	0	0	0
ENST00000244565.8	0	0	0	0
ENST00000244571.5	358	78	345	53
ENST00000244573.5	294	0	271	0
ENST00000244576.8	6	3	3	3
ENST00000244623.1	0	1	0	1
ENST00000244669.2	0	0	0	0
ENST00000244728.10	1	0	1	0
ENST00000244745.4	395	65	322	54
ENST00000244751.7	13	0	12	0
ENST00000244763.9	1340	279	1294	186
ENST00000244766.7	0	0	0	0
ENST00000244769.8	59	3	55	3
ENST00000244869.3	1	0	2	0
ENST00000244926.4	0	0	0	0
ENST00000244930.6	0	0	0	0
ENST00000245046.6	756	88	763	62
ENST00000245105.8	71	14	69	12
ENST00000245157.10	568	72	565	56
ENST00000245185.6	94	37	25	3
ENST00000245206.10	1035	223	1286	174
ENST00000245255.7	0	0	0	0
ENST00000245304.5	146	49	121	23
ENST00000245312.5	0	0	0	0
ENST00000245407.8	519	44	418	21
ENST00000245414.9	186	7	182	7
ENST00000245441.9	631	177	612	131
ENST00000245451.9	93	7	89	6
ENST00000245457.6	30	7	30	7
ENST00000245479.3	179	18	130	6
ENST00000245539.11	895	164	892	125
ENST00000245543.6	115	18	110	16
ENST00000245544.9	1260	328	1228	242
ENST00000245552.7	403	75	375	58
ENST00000245564.8	45	4	551	49
ENST00000245615.6	730	108	716	89
ENST00000245620.13	0	0	0	0
ENST00000245680.7	799	40	780	28
ENST00000245787.9	221	15	209	11
ENST00000245796.11	4	2	4	1
ENST00000245810.1	1	0	0	0
ENST00000245812.8	289	65	283	55
ENST00000245816.11	530	112	492	90
ENST00000245817.5	150	20	145	17
ENST00000245838.13	1764	326	1730	234
ENST00000245903.4	96	19	91	18
ENST00000245907.11	587	73	575	49
ENST00000245908.11	76	6	73	2
ENST00000245932.11	724	167	715	128
ENST00000245934.12	1064	276	1053	224
ENST00000245957.10	4	0	3	0
ENST00000245960.9	1065	227	1060	184
ENST00000245983.6	0	0	0	0
ENST00000246006.5	0	0	0	0
ENST00000246012.2	0	0	0	0
ENST00000246024.7	409	45	395	35
ENST00000246069.12	710	445	1339	459
ENST00000246070.3	0	0	0	0
ENST00000246071.8	428	62	690	66
ENST00000246080.3	0	0	0	0
ENST00000246081.3	0	0	0	0
ENST00000246090.5	0	0	0	0
ENST00000246104.7	0	0	0	0
ENST00000246105.4	0	0	0	0
ENST00000246112.9	6	0	7	0
ENST00000246115.5	0	0	0	0
ENST00000246117.9	1057	209	1007	146
ENST00000246151.9	444	66	440	50
ENST00000246166.3	61	2	59	2
ENST00000246186.8	6	0	5	0
ENST00000246190.10	377	56	363	48
ENST00000246194.8	908	268	870	225
ENST00000246229.5	86	6	120	13
ENST00000246337.9	1009	249	951	183
ENST00000246515.2	0	0	0	0
ENST00000246529.4	53	7	47	6
ENST00000246532.6	63	7	0	0
ENST00000246535.4	295	14	292	13
ENST00000246548.9	1279	355	1772	354
ENST00000246551.9	1	0	1	0
ENST00000246553.3	0	0	0	0
ENST00000246635.8	1	1	0	0
ENST00000246646.4	0	1	0	0
ENST00000246657.2	14	20	13	17
ENST00000246662.9	4	1	4	1
ENST00000246672.4	124	27	118	21
ENST00000246747.9	218	47	210	37
ENST00000246792.4	279	30	262	27
ENST00000246794.10	3	1	2	0
ENST00000246801.8	0	0	0	0
ENST00000246802.10	481	304	676	301
ENST00000246841.3	5	3	5	2
ENST00000246868.7	655	112	1125	147
ENST00000246891.9	0	0	0	0
ENST00000246895.9	0	0	0	0
ENST00000246914.10	0	0	0	0
ENST00000246957.10	1895	589	1883	320
ENST00000247001.10	349	75	404	69
ENST00000247003.9	767	134	752	103
ENST00000247005.8	0	0	0	0
ENST00000247020.9	525	49	518	44
ENST00000247026.10	502	114	706	107
ENST00000247138.11	320	42	303	32
ENST00000247153.7	0	0	0	0
ENST00000247178.6	260	34	261	30
ENST00000247191.7	1530	183	1479	131
ENST00000247194.9	469	42	430	37
ENST00000247219.5	0	0	0	0
ENST00000247225.7	498	31	481	27
ENST00000247226.13	297	81	284	68
ENST00000247270.3	1	0	0	0
ENST00000247271.5	0	0	0	0
ENST00000247291.8	148	12	150	11
ENST00000247452.4	0	0	0	0
ENST00000247461.9	3778	1761	3683	1220
ENST00000247470.10	20	0	20	0
ENST00000247665.12	733	276	698	247
ENST00000247668.7	694	173	667	148
ENST00000247706.4	61	13	61	10
ENST00000247815.9	230	6	213	4
ENST00000247833.11	54	11	54	10
ENST00000247843.7	475	50	460	31
ENST00000247879.2	0	0	0	0
ENST00000247881.4	0	0	0	0
ENST00000247883.5	0	0	0	0
ENST00000247930.5	233	44	182	26
ENST00000247933.9	45	9	42	9
ENST00000247956.11	327	20	299	15
ENST00000247970.9	381	109	395	103
ENST00000247977.9	209	28	201	25
ENST00000247986.2	8	0	7	0
ENST00000248054.9	580	162	573	129
ENST00000248071.6	147	17	138	14
ENST00000248072.3	0	0	0	0
ENST00000248076.4	1	0	0	0
ENST00000248098.8	591	119	579	103
ENST00000248114.7	260	75	245	62
ENST00000248121.7	16	0	17	0
ENST00000248139.8	180	18	152	15
ENST00000248150.5	0	0	0	0
ENST00000248211.11	41	7	30	5
ENST00000248244.5	207	40	196	35
ENST00000248248.8	254	58	242	53
ENST00000248306.8	147	13	138	7
ENST00000248342.9	1007	402	1101	307
ENST00000248384.1	0	0	0	0
ENST00000248437.9	1521	585	786	208
ENST00000248444.10	0	0	0	0
ENST00000248450.8	1028	214	1005	164
ENST00000248553.7	882	1098	1265	1212
ENST00000248564.6	390	56	382	40
ENST00000248566.3	350	169	511	165
ENST00000248572.10	5	0	5	0
ENST00000248594.11	890	136	859	93
ENST00000248598.6	0	0	0	0
ENST00000248600.5	414	70	393	45
ENST00000248633.9	404	38	391	29
ENST00000248668.4	79	11	72	10
ENST00000248706.5	7	1	8	1
ENST00000248846.10	154	200	135	145
ENST00000248879.8	99	29	22	2
ENST00000248899.11	0	0	0	0
ENST00000248901.11	1	0	1	0
ENST00000248923.9	0	0	0	0
ENST00000248924.10	357	34	376	24
ENST00000248929.14	450	139	6	0
ENST00000248933.11	0	0	0	0
ENST00000248948.4	1	0	1	0
ENST00000248958.5	403	98	391	80
ENST00000248975.6	872	162	704	107
ENST00000249007.4	0	0	0	0
ENST00000249014.5	399	130	380	113
ENST00000249016.4	0	0	0	0
ENST00000249041.3	0	0	0	0
ENST00000249044.2	0	0	0	0
ENST00000249064.9	398	42	391	30
ENST00000249066.10	532	48	440	28
ENST00000249071.11	56	3	40	0
ENST00000249075.4	19	7	19	5
ENST00000249269.9	1339	201	1306	155
ENST00000249284.3	0	0	0	0
ENST00000249289.5	306	57	362	50
ENST00000249299.7	657	164	620	119
ENST00000249330.3	6	0	6	0
ENST00000249344.7	291	27	288	21
ENST00000249356.4	236	7	229	6
ENST00000249363.4	0	0	0	0
ENST00000249373.8	69	22	67	23
ENST00000249389.2	0	1	0	0
ENST00000249396.12	332	35	314	30
ENST00000249442.11	579	86	599	69
ENST00000249499.8	44	4	42	3
ENST00000249501.5	0	0	0	0
ENST00000249504.7	10	0	9	0
ENST00000249636.10	737	73	727	49
ENST00000249647.8	729	61	751	44
ENST00000249700.9	15	1	15	2
ENST00000249749.7	1	0	1	0
ENST00000249750.9	95	6	94	4
ENST00000249776.12	974	178	983	137
ENST00000249806.11	541	81	537	60
ENST00000249837.7	935	92	930	65
ENST00000249842.8	1	0	1	0
ENST00000249861.9	131	10	129	10
ENST00000249883.9	1365	295	1292	246
ENST00000249887.3	0	1	0	2
ENST00000249910.5	923	140	891	100
ENST00000249923.7	2589	310	2301	223
ENST00000250003.4	0	0	0	0
ENST00000250018.6	0	0	0	0
ENST00000250024.9	97	15	96	9
ENST00000250055.3	0	0	0	0
ENST00000250092.11	248	15	245	8
ENST00000250101.10	522	125	571	93
ENST00000250111.9	6	0	5	0
ENST00000250113.12	697	132	683	99
ENST00000250124.11	640	110	635	76
ENST00000250160.11	1	0	1	0
ENST00000250237.10	468	81	460	64
ENST00000250244.10	217	48	204	29
ENST00000250263.8	532	33	522	18
ENST00000250340.9	0	0	0	0
ENST00000250360.7	0	0	0	0
ENST00000250366.6	0	0	0	0
ENST00000250373.9	430	144	391	115
ENST00000250378.7	0	0	0	0
ENST00000250383.11	4	0	4	0
ENST00000250405.10	6	6	6	6
ENST00000250448.5	72	7	55	6
ENST00000250454.8	639	65	609	39
ENST00000250457.9	124	5	125	2
ENST00000250489.8	280	25	270	18
ENST00000250495.10	264	94	467	118
ENST00000250498.9	672	129	622	97
ENST00000250535.5	0	0	0	0
ENST00000250559.14	124	22	1001	110
ENST00000250617.7	3	0	3	0
ENST00000250693.2	0	0	0	0
ENST00000250699.2	1	1	0	1
ENST00000250784.13	0	0	0	0
ENST00000250823.5	0	0	0	0
ENST00000250825.4	0	0	0	0
ENST00000250831.5	0	0	0	0
ENST00000250894.8	35	101	31	78
ENST00000250896.7	335	45	314	45
ENST00000250916.6	146	13	132	11
ENST00000251020.9	54	14	57	11
ENST00000251038.10	1126	155	1101	110
ENST00000251047.6	2203	407	2122	301
ENST00000251089.8	249	22	250	18
ENST00000251108.10	86	23	83	16
ENST00000251127.11	136	10	130	9
ENST00000251143.9	1293	173	1283	130
ENST00000251166.9	0	0	4	0
ENST00000251170.12	0	0	0	0
ENST00000251203.14	21	0	19	0
ENST00000251241.9	777	106	1364	173
ENST00000251250.7	218	13	254	5
ENST00000251268.11	284	88	278	65
ENST00000251269.9	82	4	36	1
ENST00000251287.3	289	82	327	89
ENST00000251296.4	0	0	0	0
ENST00000251303.11	0	0	0	0
ENST00000251363.10	34	1	35	1
ENST00000251372.8	0	0	0	0
ENST00000251412.8	125	31	75	12
ENST00000251413.8	557	112	386	35
ENST00000251453.8	552	576	904	609
ENST00000251472.9	26	14	25	13
ENST00000251473.9	136	23	134	19
ENST00000251481.11	0	0	0	0
ENST00000251496.7	1861	316	2023	264
ENST00000251507.8	313	21	310	13
ENST00000251535.11	0	6	0	6
ENST00000251566.9	0	0	0	0
ENST00000251582.12	0	0	0	0
ENST00000251588.7	235	46	230	34
ENST00000251595.11	0	0	0	0
ENST00000251607.11	710	94	710	75
ENST00000251636.10	1105	155	1152	110
ENST00000251642.8	0	1	0	1
ENST00000251643.5	1	0	0	0
ENST00000251645.3	0	0	0	0
ENST00000251646.8	0	0	0	0
ENST00000251691.5	61	2	59	2
ENST00000251775.9	833	90	829	63
ENST00000251809.4	147	11	142	7
ENST00000251810.8	274	11	270	5
ENST00000251822.7	226	55	214	45
ENST00000251849.8	797	167	781	124
ENST00000251864.6	2	0	0	0
ENST00000251871.9	48	14	45	9
ENST00000251900.9	260	30	253	16
ENST00000251968.4	809	97	794	72
ENST00000252011.8	448	87	445	70
ENST00000252015.3	1431	212	1394	170
ENST00000252032.9	99	12	93	9
ENST00000252034.12	763	231	697	148
ENST00000252037.5	0	0	0	7
ENST00000252050.9	250	63	234	44
ENST00000252071.8	18	0	9	1
ENST00000252085.4	1	0	1	0
ENST00000252087.3	0	0	0	0
ENST00000252102.9	440	91	434	74
ENST00000252108.8	988	79	986	52
ENST00000252115.10	787	116	772	89
ENST00000252137.11	258	39	248	27
ENST00000252207.9	149	22	128	11
ENST00000252229.7	250	15	168	3
ENST00000252242.9	5	0	1	0
ENST00000252244.3	1	0	0	0
ENST00000252245.6	11	3	13	2
ENST00000252250.7	0	0	0	0
ENST00000252252.4	0	0	0	0
ENST00000252288.8	406	69	401	55
ENST00000252318.7	0	0	0	0
ENST00000252321.5	0	0	0	0
ENST00000252338.5	0	0	0	0
ENST00000252445.7	231	44	222	36
ENST00000252456.7	590	147	497	93
ENST00000252483.10	459	63	462	52
ENST00000252486.9	93	5	90	5
ENST00000252505.4	1	0	0	0
ENST00000252506.11	0	0	0	0
ENST00000252512.14	1568	279	1554	206
ENST00000252530.9	76	10	78	20
ENST00000252542.9	870	184	812	149
ENST00000252575.11	2	0	2	0
ENST00000252590.9	0	0	0	0
ENST00000252593.7	921	354	909	285
ENST00000252595.12	30	8	29	8
ENST00000252597.8	0	0	0	0
ENST00000252599.9	1397	529	1339	394
ENST00000252602.1	210	15	215	15
ENST00000252603.7	436	106	431	93
ENST00000252622.15	403	106	387	81
ENST00000252655.1	112	7	105	6
ENST00000252674.9	728	209	719	170
ENST00000252677.4	0	0	0	0
ENST00000252699.7	2721	3069	2455	2124
ENST00000252711.7	964	79	929	53
ENST00000252723.3	0	0	0	0
ENST00000252729.6	0	0	0	0
ENST00000252744.6	593	63	582	46
ENST00000252797.6	73	48	44	15
ENST00000252804.9	4719	2392	4471	1836
ENST00000252809.3	236	23	203	13
ENST00000252818.5	438	104	417	85
ENST00000252825.9	0	2	0	2
ENST00000252826.10	75	14	73	13
ENST00000252835.5	0	0	0	0
ENST00000252840.11	177	18	90	10
ENST00000252891.8	491	90	460	74
ENST00000252934.10	2113	575	2070	436
ENST00000252939.9	0	1	0	0
ENST00000252951.3	0	0	0	0
ENST00000252971.11	1	2	1	2
ENST00000252979.6	67	28	46	22
ENST00000252984.11	192	9	188	6
ENST00000252992.8	497	81	478	69
ENST00000252996.8	262	62	265	56
ENST00000252997.3	0	0	0	0
ENST00000252998.2	0	0	0	0
ENST00000252999.7	1495	568	1393	466
ENST00000253008.3	0	0	0	0
ENST00000253023.8	308	120	678	152
ENST00000253024.10	2495	785	2476	626
ENST00000253031.6	406	64	395	45
ENST00000253039.9	914	262	208	19
ENST00000253047.7	227	79	228	69
ENST00000253048.10	580	93	548	74
ENST00000253055.8	9	40	7	33
ENST00000253063.4	188	28	182	22
ENST00000253079.11	5	2	5	2
ENST00000253083.9	224	59	217	41
ENST00000253107.12	39	16	50	13
ENST00000253108.9	1081	304	1071	238
ENST00000253109.4	3	0	3	0
ENST00000253110.16	69	33	65	31
ENST00000253115.7	303	20	186	12
ENST00000253122.10	311	81	519	104
ENST00000253144.13	321	37	196	23
ENST00000253188.8	1	0	0	0
ENST00000253193.9	55	133	55	117
ENST00000253237.10	724	197	701	160
ENST00000253247.9	1286	149	1701	137
ENST00000253251.12	1460	218	1431	168
ENST00000253255.7	0	0	0	0
ENST00000253262.9	0	0	0	0
ENST00000253270.13	82	11	80	11
ENST00000253329.3	838	89	903	72
ENST00000253354.2	0	0	0	0
ENST00000253362.6	1	0	1	0
ENST00000253381.3	0	0	0	0
ENST00000253401.10	88	28	88	19
ENST00000253407.4	150	35	119	17
ENST00000253410.3	0	0	0	0
ENST00000253413.10	473	57	808	82
ENST00000253457.8	474	81	443	66
ENST00000253458.12	474	135	450	111
ENST00000253462.8	459	89	608	79
ENST00000253490.5	0	0	0	0
ENST00000253496.3	89	1	83	1
ENST00000253577.9	1075	132	1074	104
ENST00000253669.10	336	31	318	24
ENST00000253673.6	1	0	0	0
ENST00000253686.7	484	89	461	66
ENST00000253693.7	606	55	607	42
ENST00000253697.8	0	1	0	1
ENST00000253699.7	298	100	283	78
ENST00000253719.7	0	0	0	0
ENST00000253754.8	0	0	0	0
ENST00000253778.13	638	74	619	64
ENST00000253794.7	603	114	591	98
ENST00000253796.10	14	0	13	0
ENST00000253799.8	0	0	0	0
ENST00000253801.7	0	0	0	0
ENST00000253807.2	0	0	0	0
ENST00000253812.8	1	0	1	0
ENST00000253814.6	860	129	889	96
ENST00000253861.5	1386	201	1396	153
ENST00000253925.11	1330	372	1300	279
ENST00000253928.13	435	133	413	90
ENST00000253968.11	3	4	3	2
ENST00000254029.8	659	49	642	41
ENST00000254037.6	308	60	367	49
ENST00000254051.11	1003	107	970	90
ENST00000254066.10	431	47	344	28
ENST00000254072.7	0	0	0	0
ENST00000254079.9	1	1	1	0
ENST00000254090.9	1	0	1	0
ENST00000254101.4	160	5	149	3
ENST00000254108.12	2294	1163	2201	908
ENST00000254166.4	0	1	0	1
ENST00000254181.8	0	0	0	0
ENST00000254190.4	404	69	396	54
ENST00000254193.11	228	54	1018	156
ENST00000254227.4	0	0	0	0
ENST00000254250.7	245	8	233	7
ENST00000254260.8	138	5	269	9
ENST00000254286.9	862	104	864	73
ENST00000254301.14	777	127	749	98
ENST00000254321.10	124	14	41	4
ENST00000254322.3	640	180	785	191
ENST00000254323.6	243	76	237	57
ENST00000254325.9	238	14	204	11
ENST00000254337.10	408	57	400	47
ENST00000254436.8	275	38	262	25
ENST00000254442.7	360	22	360	17
ENST00000254480.10	2545	524	2508	404
ENST00000254488.7	0	0	0	0
ENST00000254508.7	595	119	597	99
ENST00000254521.7	82	9	243	12
ENST00000254528.4	25	2	25	2
ENST00000254579.11	8	40	6	24
ENST00000254584.6	658	108	648	84
ENST00000254605.11	422	51	409	42
ENST00000254616.11	0	0	0	0
ENST00000254624.10	1163	90	1146	70
ENST00000254627.4	0	0	0	0
ENST00000254630.12	985	119	1110	102
ENST00000254654.8	404	83	387	74
ENST00000254657.8	145	9	139	7
ENST00000254661.5	271	38	278	35
ENST00000254691.10	134	16	130	11
ENST00000254718.8	1863	434	1784	335
ENST00000254719.10	2316	570	2291	422
ENST00000254722.9	1	5	0	2
ENST00000254730.11	324	30	310	18
ENST00000254759.8	453	46	422	36
ENST00000254765.4	44	21	41	20
ENST00000254770.2	426	34	423	29
ENST00000254799.11	1272	260	1243	194
ENST00000254803.4	803	101	778	90
ENST00000254810.8	365	120	107	18
ENST00000254816.6	671	55	642	44
ENST00000254821.10	1132	266	1088	189
ENST00000254846.9	133	43	133	33
ENST00000254850.11	0	0	0	0
ENST00000254854.5	0	0	0	0
ENST00000254878.8	254	25	278	22
ENST00000254898.7	597	102	565	73
ENST00000254900.9	1063	296	1048	231
ENST00000254928.10	806	96	767	77
ENST00000254940.10	464	63	517	54
ENST00000254942.8	596	49	586	36
ENST00000254950.13	539	123	541	98
ENST00000254958.10	625	46	586	32
ENST00000254963.7	1	0	1	0
ENST00000254976.7	188	16	181	12
ENST00000254998.3	224	17	250	20
ENST00000255006.11	509	39	502	26
ENST00000255008.4	0	0	0	0
ENST00000255030.9	0	0	0	0
ENST00000255039.6	2	0	2	0
ENST00000255040.3	0	0	0	0
ENST00000255078.8	332	88	322	62
ENST00000255082.8	1	0	0	0
ENST00000255087.10	141	13	131	10
ENST00000255108.8	359	101	354	85
ENST00000255152.3	69	1	64	1
ENST00000255174.3	648	93	611	64
ENST00000255189.8	0	0	0	0
ENST00000255192.8	0	0	0	0
ENST00000255194.11	1929	239	1900	179
ENST00000255198.3	70	12	69	10
ENST00000255224.8	59	4	59	4
ENST00000255226.11	0	0	0	0
ENST00000255262.4	0	0	0	0
ENST00000255266.10	2	0	1	0
ENST00000255304.9	369	85	360	57
ENST00000255305.10	901	66	884	53
ENST00000255324.10	0	0	0	0
ENST00000255380.8	31	1	31	1
ENST00000255381.2	0	1	0	0
ENST00000255390.10	819	107	801	92
ENST00000255409.8	2	0	1	0
ENST00000255416.9	0	0	0	0
ENST00000255476.3	161	4	155	4
ENST00000255499.3	0	0	0	0
ENST00000255531.8	0	0	0	0
ENST00000255559.7	146	6	138	7
ENST00000255608.9	363	129	354	102
ENST00000255613.8	91	37	83	28
ENST00000255631.9	677	102	659	85
ENST00000255641.13	242	133	237	112
ENST00000255681.7	459	145	440	126
ENST00000255688.8	4	2	3	1
ENST00000255695.2	0	0	0	0
ENST00000255759.11	537	62	506	41
ENST00000255764.4	681	72	662	58
ENST00000255784.5	314	19	308	15
ENST00000255858.12	6	0	5	0
ENST00000255882.11	849	124	1035	148
ENST00000255977.7	251	62	448	61
ENST00000256001.13	83	11	117	14
ENST00000256010.7	0	0	0	0
ENST00000256015.5	409	53	403	45
ENST00000256079.9	1354	212	1327	156
ENST00000256103.3	0	0	0	0
ENST00000256104.5	6	0	6	0
ENST00000256108.10	385	9	428	7
ENST00000256151.8	451	101	640	103
ENST00000256178.8	0	0	0	0
ENST00000256190.12	632	126	631	101
ENST00000256196.9	107	16	375	24
ENST00000256255.11	1251	286	1176	210
ENST00000256257.2	66	0	58	0
ENST00000256261.9	0	0	0	0
ENST00000256319.7	423	46	411	39
ENST00000256343.8	0	0	0	0
ENST00000256362.5	0	0	0	0
ENST00000256366.6	86	5	97	3
ENST00000256367.3	5	0	5	0
ENST00000256379.9	722	54	731	42
ENST00000256383.10	1388	263	1366	214
ENST00000256398.13	618	50	614	46
ENST00000256404.8	0	0	0	0
ENST00000256412.8	0	0	0	0
ENST00000256429.8	710	213	689	153
ENST00000256433.6	0	0	0	0
ENST00000256441.5	235	22	440	19
ENST00000256442.10	2418	627	2350	485
ENST00000256443.8	514	89	917	87
ENST00000256447.5	0	1	0	0
ENST00000256458.5	139	8	137	5
ENST00000256460.8	294	48	276	34
ENST00000256474.3	328	56	262	41
ENST00000256495.4	684	131	664	104
ENST00000256497.9	410	58	400	49
ENST00000256509.7	22	1	22	1
ENST00000256538.9	345	8	351	7
ENST00000256544.8	128	24	335	43
ENST00000256545.9	1023	238	984	183
ENST00000256552.11	0	0	0	0
ENST00000256592.3	0	0	0	0
ENST00000256593.8	5	1	0	0
ENST00000256637.8	295	16	293	11
ENST00000256646.7	3837	489	3636	357
ENST00000256649.9	189	29	183	21
ENST00000256682.9	251	84	214	51
ENST00000256689.10	2523	383	2392	265
ENST00000256720.6	350	60	345	45
ENST00000256722.9	0	0	0	0
ENST00000256737.8	0	0	0	0
ENST00000256759.8	73	6	68	5
ENST00000256785.5	0	0	0	0
ENST00000256797.9	0	0	0	0
ENST00000256854.10	1904	581	1872	451
ENST00000256857.7	0	0	0	0
ENST00000256897.9	939	128	943	101
ENST00000256906.5	0	0	0	0
ENST00000256925.11	320	135	315	103
ENST00000256951.10	179	12	181	9
ENST00000256953.6	167	15	162	13
ENST00000256958.3	0	1	0	0
ENST00000256969.7	0	0	0	0
ENST00000256996.9	1035	177	1025	160
ENST00000256997.9	732	86	715	61
ENST00000256999.7	6	0	19	0
ENST00000257013.9	276	105	53	31
ENST00000257017.5	2	4	2	2
ENST00000257068.2	0	0	0	0
ENST00000257075.9	1533	207	1465	148
ENST00000257118.5	356	38	335	30
ENST00000257177.9	820	150	810	123
ENST00000257181.10	572	84	736	95
ENST00000257189.5	0	0	0	0
ENST00000257192.5	0	0	0	0
ENST00000257198.6	2	0	2	0
ENST00000257209.8	123	34	123	27
ENST00000257215.10	114	16	113	13
ENST00000257245.9	330	37	323	30
ENST00000257247.11	146	45	129	38
ENST00000257248.3	0	0	0	0
ENST00000257264.4	0	0	0	0
ENST00000257287.5	338	32	333	25
ENST00000257290.10	0	0	0	0
ENST00000257336.6	7	1	6	1
ENST00000257347.9	815	192	784	139
ENST00000257359.7	595	205	571	164
ENST00000257408.5	0	1	0	1
ENST00000257430.9	842	179	813	126
ENST00000257527.9	386	43	383	37
ENST00000257536.12	84	7	82	4
ENST00000257548.10	210	30	209	21
ENST00000257549.9	2	4	2	0
ENST00000257552.7	0	0	0	0
ENST00000257555.11	0	1	0	0
ENST00000257570.9	32	3	30	3
ENST00000257572.5	0	0	0	0
ENST00000257575.8	139	1	138	5
ENST00000257600.3	0	0	0	0
ENST00000257604.9	789	122	773	103
ENST00000257626.12	0	0	0	0
ENST00000257627.4	0	0	0	0
ENST00000257663.4	281	26	252	23
ENST00000257694.13	633	45	630	35
ENST00000257696.5	80	2	78	2
ENST00000257700.7	969	73	955	59
ENST00000257749.9	32	3	30	3
ENST00000257770.8	152	4	150	2
ENST00000257776.5	56	0	52	0
ENST00000257787.6	472	33	481	26
ENST00000257789.4	1090	87	1215	66
ENST00000257829.8	1583	287	1557	228
ENST00000257831.7	0	0	0	0
ENST00000257832.7	0	0	0	0
ENST00000257836.4	14	0	14	0
ENST00000257860.9	1	1	2	0
ENST00000257861.7	1	0	0	0
ENST00000257863.9	0	0	0	0
ENST00000257867.5	0	0	0	0
ENST00000257868.10	128	53	124	47
ENST00000257894.2	2	1	1	1
ENST00000257895.10	15	5	2	2
ENST00000257901.7	3	2	2	0
ENST00000257904.11	1135	470	1107	248
ENST00000257905.13	0	0	0	0
ENST00000257909.8	487	159	435	101
ENST00000257910.8	370	21	365	18
ENST00000257915.10	584	73	573	57
ENST00000257934.9	740	186	720	138
ENST00000257940.7	87	3	87	1
ENST00000257951.3	0	2	0	0
ENST00000257963.9	230	14	213	12
ENST00000257974.3	1	0	0	0
ENST00000257981.7	6	7	5	7
ENST00000258034.3	0	0	0	0
ENST00000258042.1	1	1	1	0
ENST00000258052.8	167	19	158	13
ENST00000258080.7	507	73	499	39
ENST00000258083.3	127	20	177	18
ENST00000258091.10	2321	919	2610	762
ENST00000258098.6	160	35	160	29
ENST00000258105.8	389	106	377	81
ENST00000258106.11	0	0	0	0
ENST00000258111.5	18	5	18	5
ENST00000258145.8	1512	113	1486	90
ENST00000258168.7	0	0	0	0
ENST00000258169.9	374	64	354	46
ENST00000258173.11	70	6	147	10
ENST00000258198.7	886	121	871	96
ENST00000258200.8	49	10	46	9
ENST00000258201.9	638	131	624	107
ENST00000258214.3	150	28	141	25
ENST00000258229.14	33	29	32	23
ENST00000258243.7	806	59	774	43
ENST00000258281.6	243	47	271	41
ENST00000258301.6	443	65	432	62
ENST00000258317.6	31	0	31	0
ENST00000258341.5	4062	1125	3911	833
ENST00000258381.10	392	51	375	34
ENST00000258383.4	772	52	758	42
ENST00000258385.8	1	0	0	0
ENST00000258399.8	491	53	472	35
ENST00000258400.4	0	4	0	2
ENST00000258411.8	0	0	0	0
ENST00000258415.9	6	0	6	0
ENST00000258416.8	644	231	722	189
ENST00000258418.10	747	48	751	34
ENST00000258424.3	646	239	647	194
ENST00000258428.8	380	91	352	62
ENST00000258436.10	81	10	78	8
ENST00000258439.8	241	14	240	11
ENST00000258443.7	0	0	0	0
ENST00000258455.8	865	83	848	62
ENST00000258456.3	0	0	0	0
ENST00000258457.7	351	25	346	18
ENST00000258459.11	25	2	6	0
ENST00000258484.11	335	38	332	27
ENST00000258494.14	320	22	322	15
ENST00000258499.8	0	0	0	0
ENST00000258526.9	2	0	2	0
ENST00000258530.8	447	34	453	28
ENST00000258534.13	297	9	288	7
ENST00000258538.7	245	12	242	8
ENST00000258613.5	40	11	43	9
ENST00000258648.7	654	130	640	92
ENST00000258662.3	338	32	412	30
ENST00000258729.8	726	108	1242	121
ENST00000258739.9	1212	246	1069	167
ENST00000258742.10	534	71	518	48
ENST00000258770.8	1182	241	1143	184
ENST00000258772.9	1287	325	1293	243
ENST00000258774.10	498	47	491	39
ENST00000258787.12	1	6	1	4
ENST00000258796.12	726	195	722	165
ENST00000258821.8	326	20	311	17
ENST00000258829.6	13	1	11	1
ENST00000258873.9	0	0	0	0
ENST00000258874.4	65	0	53	0
ENST00000258884.5	138	15	123	12
ENST00000258886.13	1411	142	1391	100
ENST00000258888.5	1	0	1	0
ENST00000258930.8	9	1	10	1
ENST00000258947.7	1080	135	1065	99
ENST00000258955.7	243	50	223	42
ENST00000258962.5	326	54	27	6
ENST00000258969.4	0	0	0	0
ENST00000258975.7	616	88	599	72
ENST00000259006.8	59	6	58	6
ENST00000259008.7	1280	138	1221	101
ENST00000259021.9	662	44	896	45
ENST00000259030.3	0	0	0	0
ENST00000259037.8	997	176	957	139
ENST00000259053.6	4	0	8	0
ENST00000259056.5	2	0	2	0
ENST00000259075.6	405	30	400	25
ENST00000259089.9	0	0	0	0
ENST00000259154.9	1098	187	1080	133
ENST00000259205.5	0	0	0	0
ENST00000259211.7	0	0	0	0
ENST00000259216.6	0	0	0	0
ENST00000259229.7	206	11	205	10
ENST00000259239.8	499	120	481	94
ENST00000259241.7	43	21	162	52
ENST00000259253.11	2270	330	2248	247
ENST00000259254.9	0	0	0	0
ENST00000259324.5	943	140	868	108
ENST00000259339.7	522	77	517	65
ENST00000259351.10	17	6	18	5
ENST00000259357.3	0	0	0	0
ENST00000259362.1	0	0	0	0
ENST00000259365.9	217	14	208	12
ENST00000259392.8	75	2	70	0
ENST00000259396.8	0	0	0	0
ENST00000259400.11	202	17	193	14
ENST00000259407.6	4	0	4	0
ENST00000259455.4	0	0	0	0
ENST00000259456.7	0	0	0	0
ENST00000259457.8	1417	325	1425	259
ENST00000259466.1	0	0	0	0
ENST00000259467.9	700	70	697	56
ENST00000259470.6	258	22	203	13
ENST00000259512.9	768	70	773	63
ENST00000259526.4	359	20	350	15
ENST00000259569.6	936	143	986	109
ENST00000259605.11	140	12	135	9
ENST00000259607.7	0	0	0	0
ENST00000259608.8	0	0	0	0
ENST00000259631.5	0	0	0	0
ENST00000259632.12	649	94	633	69
ENST00000259633.9	0	0	0	0
ENST00000259667.6	355	79	17	1
ENST00000259711.11	914	238	899	201
ENST00000259727.5	16	4	16	0
ENST00000259746.13	449	37	442	26
ENST00000259750.9	0	1	0	0
ENST00000259782.9	0	0	0	0
ENST00000259803.8	0	0	0	0
ENST00000259808.9	392	24	377	21
ENST00000259818.8	10	0	5	0
ENST00000259845.5	0	0	0	0
ENST00000259870.4	0	0	0	0
ENST00000259873.5	658	92	641	62
ENST00000259874.6	186	43	185	32
ENST00000259881.10	5	0	5	0
ENST00000259883.3	283	46	260	29
ENST00000259895.9	413	62	413	47
ENST00000259915.13	1	0	1	0
ENST00000259938.7	0	0	0	0
ENST00000259939.4	18	0	18	0
ENST00000259951.12	59	24	26	0
ENST00000259953.8	544	37	525	30
ENST00000259963.4	163	18	216	22
ENST00000259983.7	3	0	4	0
ENST00000259989.7	0	0	0	0
ENST00000260010.6	2	0	1	0
ENST00000260045.8	47	30	524	104
ENST00000260102.9	767	64	780	61
ENST00000260113.7	0	0	0	0
ENST00000260116.5	5	0	5	0
ENST00000260118.7	984	98	974	79
ENST00000260126.9	73	5	72	4
ENST00000260128.8	5	7	5	4
ENST00000260129.6	793	77	752	61
ENST00000260187.7	78	2	75	2
ENST00000260191.7	0	0	0	0
ENST00000260197.12	285	33	277	24
ENST00000260210.5	251	23	245	20
ENST00000260227.5	6	0	6	0
ENST00000260228.3	0	0	0	0
ENST00000260229.5	0	0	0	0
ENST00000260247.10	495	68	472	46
ENST00000260257.9	34	2	33	2
ENST00000260270.3	181	20	352	23
ENST00000260276.8	103	2	102	3
ENST00000260302.8	6	0	5	0
ENST00000260315.8	0	0	0	0
ENST00000260323.15	0	0	0	0
ENST00000260327.9	770	57	832	47
ENST00000260356.6	4768	735	4556	563
ENST00000260361.9	484	52	487	33
ENST00000260363.9	2026	513	1887	337
ENST00000260372.8	460	32	431	22
ENST00000260379.11	253	443	835	839
ENST00000260382.9	290	28	287	23
ENST00000260385.10	647	134	651	106
ENST00000260386.7	15	7	15	6
ENST00000260403.7	273	19	271	18
ENST00000260408.8	1897	195	1879	144
ENST00000260442.3	0	0	0	0
ENST00000260443.9	314	57	794	85
ENST00000260447.6	125	14	119	4
ENST00000260453.4	357	41	344	32
ENST00000260502.11	473	71	468	52
ENST00000260505.13	392	65	384	51
ENST00000260508.9	594	33	573	26
ENST00000260526.11	1334	182	1295	134
ENST00000260570.8	593	99	574	72
ENST00000260585.12	836	26	810	14
ENST00000260599.10	20	1	20	1
ENST00000260600.9	562	155	507	96
ENST00000260641.9	817	250	2045	306
ENST00000260643.7	420	94	412	74
ENST00000260649.11	0	14	0	0
ENST00000260653.5	0	0	0	0
ENST00000260665.12	3469	666	3443	481
ENST00000260682.8	0	0	0	0
ENST00000260702.4	20	2	21	1
ENST00000260723.6	9	0	10	0
ENST00000260731.5	2281	314	2266	239
ENST00000260743.10	0	1	0	1
ENST00000260746.6	519	66	509	53
ENST00000260753.8	2039	369	1985	273
ENST00000260762.10	515	28	511	24
ENST00000260803.9	702	66	679	52
ENST00000260810.10	1555	376	1475	279
ENST00000260818.11	1447	258	1453	191
ENST00000260843.5	1	0	1	0
ENST00000260947.9	573	48	555	33
ENST00000260950.5	0	0	0	0
ENST00000260952.9	562	150	432	85
ENST00000260953.10	518	50	551	32
ENST00000260970.8	816	212	908	154
ENST00000260983.8	81	13	77	10
ENST00000260988.5	0	0	0	0
ENST00000261015.5	882	148	1046	118
ENST00000261023.8	3533	555	3489	424
ENST00000261024.7	14	3	14	3
ENST00000261037.7	1333	238	1269	189
ENST00000261038.6	465	33	460	29
ENST00000261047.8	0	0	0	0
ENST00000261058.3	0	0	0	0
ENST00000261070.6	97	30	249	37
ENST00000261167.7	732	239	1238	248
ENST00000261168.8	1071	62	1044	43
ENST00000261169.10	1	0	1	0
ENST00000261170.5	0	0	0	0
ENST00000261172.8	0	0	0	0
ENST00000261177.10	0	0	0	0
ENST00000261180.9	58	6	58	4
ENST00000261183.8	1061	117	1036	101
ENST00000261191.12	1518	383	1512	283
ENST00000261192.12	1874	261	1847	207
ENST00000261195.3	0	0	0	0
ENST00000261200.8	0	0	0	0
ENST00000261205.9	0	0	0	0
ENST00000261208.8	0	0	0	0
ENST00000261211.8	361	26	361	20
ENST00000261226.9	15	0	14	0
ENST00000261233.9	60	2	57	1
ENST00000261234.11	251	23	234	18
ENST00000261245.9	593	43	586	34
ENST00000261249.7	653	40	629	29
ENST00000261250.8	488	40	478	28
ENST00000261254.8	0	0	0	0
ENST00000261263.5	543	54	546	43
ENST00000261267.7	0	0	0	0
ENST00000261275.4	0	0	0	0
ENST00000261292.9	24	0	25	0
ENST00000261296.7	276	18	265	12
ENST00000261303.13	3	0	1759	147
ENST00000261304.7	41	2	42	1
ENST00000261308.10	737	157	716	114
ENST00000261313.3	528	221	858	213
ENST00000261318.5	61	27	69	24
ENST00000261326.6	1008	166	973	118
ENST00000261336.7	3	1	3	1
ENST00000261349.9	783	121	750	100
ENST00000261366.10	2052	404	1975	293
ENST00000261368.13	1	0	1	0
ENST00000261369.9	145	12	148	8
ENST00000261374.4	0	0	0	0
ENST00000261377.10	244	30	234	19
ENST00000261381.7	9	0	8	0
ENST00000261383.3	2	4	2	4
ENST00000261396.6	1570	144	1507	115
ENST00000261401.7	1809	336	1769	263
ENST00000261402.6	288	22	282	22
ENST00000261405.9	1	1	0	1
ENST00000261407.9	770	90	745	25
ENST00000261413.9	1398	195	1377	138
ENST00000261416.12	1613	321	1568	231
ENST00000261425.7	622	190	685	160
ENST00000261427.10	781	106	785	75
ENST00000261435.11	265	45	260	31
ENST00000261438.10	213	23	216	15
ENST00000261439.9	257	104	255	76
ENST00000261441.9	260	31	244	25
ENST00000261448.5	1	1	1	0
ENST00000261455.8	306	30	308	25
ENST00000261458.8	108	3	109	3
ENST00000261461.7	352	44	340	33
ENST00000261464.10	523	68	502	56
ENST00000261475.9	382	35	382	30
ENST00000261479.9	466	91	53	12
ENST00000261483.4	1159	63	1168	50
ENST00000261488.10	228	38	207	30
ENST00000261489.6	753	147	668	107
ENST00000261497.9	1652	207	1539	159
ENST00000261499.10	420	34	400	25
ENST00000261503.9	1275	421	1266	312
ENST00000261507.11	902	37	924	28
ENST00000261520.9	586	99	694	79
ENST00000261530.12	401	40	401	27
ENST00000261531.12	1057	199	1281	179
ENST00000261534.8	394	67	382	50
ENST00000261537.6	686	87	690	58
ENST00000261556.11	195	19	194	13
ENST00000261558.8	359	22	351	15
ENST00000261560.10	80	2	24	1
ENST00000261584.9	441	69	425	55
ENST00000261588.9	318	59	308	42
ENST00000261590.13	2738	311	2692	245
ENST00000261592.9	0	0	0	0
ENST00000261593.8	219	4	303	3
ENST00000261596.8	371	55	352	45
ENST00000261597.9	1171	168	1137	131
ENST00000261600.11	692	123	680	85
ENST00000261601.8	1554	181	1534	122
ENST00000261609.13	880	226	1640	332
ENST00000261622.5	2420	1482	2904	1418
ENST00000261623.8	640	171	550	126
ENST00000261636.13	548	50	556	41
ENST00000261637.5	1839	220	1798	172
ENST00000261643.8	289	47	305	34
ENST00000261646.10	1429	530	1400	437
ENST00000261647.10	487	31	474	26
ENST00000261652.7	0	0	0	0
ENST00000261653.10	263	49	231	36
ENST00000261658.7	922	167	889	126
ENST00000261667.8	1087	76	1018	54
ENST00000261674.8	435	113	419	82
ENST00000261681.9	1043	148	1024	118
ENST00000261692.7	286	88	310	72
ENST00000261693.11	1695	443	1627	336
ENST00000261700.8	1171	250	1452	225
ENST00000261707.7	0	0	0	0
ENST00000261708.9	1226	279	1306	216
ENST00000261712.8	1567	264	1568	196
ENST00000261714.11	1089	173	1086	128
ENST00000261716.7	932	80	897	60
ENST00000261721.9	932	152	917	126
ENST00000261726.11	0	0	0	0
ENST00000261731.4	0	0	0	0
ENST00000261733.7	638	112	626	88
ENST00000261735.4	707	208	897	207
ENST00000261739.9	534	75	516	62
ENST00000261745.9	873	125	855	92
ENST00000261751.8	2	0	2	0
ENST00000261758.6	881	150	856	100
ENST00000261769.10	13	0	13	0
ENST00000261772.13	2038	427	1971	310
ENST00000261776.10	601	124	588	98
ENST00000261778.2	611	67	606	51
ENST00000261783.4	38	3	39	0
ENST00000261789.9	0	0	0	0
ENST00000261796.4	0	0	0	0
ENST00000261797.7	602	254	546	198
ENST00000261798.10	1085	220	728	114
ENST00000261799.9	769	151	710	120
ENST00000261800.5	1	0	0	0
ENST00000261811.6	181	8	197	7
ENST00000261813.9	293	70	517	55
ENST00000261819.8	1424	294	1389	218
ENST00000261822.5	68	3	66	3
ENST00000261835.8	0	0	0	0
ENST00000261839.12	47	4	46	4
ENST00000261842.10	496	34	490	24
ENST00000261844.11	241	36	234	22
ENST00000261845.7	208	42	564	71
ENST00000261854.10	1040	81	1328	60
ENST00000261858.7	722	65	697	45
ENST00000261861.10	36	5	37	4
ENST00000261866.12	1087	119	1065	87
ENST00000261867.5	82	1	74	1
ENST00000261868.10	702	313	1019	280
ENST00000261875.10	1450	186	1417	143
ENST00000261879.10	185	4	180	4
ENST00000261880.10	866	113	849	82
ENST00000261881.9	575	43	707	33
ENST00000261883.6	0	5	0	5
ENST00000261884.8	605	88	596	80
ENST00000261888.10	157	6	159	6
ENST00000261890.7	931	139	953	108
ENST00000261891.7	47	10	48	6
ENST00000261892.11	17	3	17	3
ENST00000261893.9	666	48	644	32
ENST00000261900.8	675	62	639	49
ENST00000261917.4	0	0	0	0
ENST00000261918.9	85	5	87	5
ENST00000261921.8	330	26	315	22
ENST00000261937.11	1	0	1	0
ENST00000261942.7	904	122	996	101
ENST00000261965.8	1023	93	1032	73
ENST00000261973.12	1477	667	1440	528
ENST00000261978.9	309	64	296	51
ENST00000261980.3	0	0	0	0
ENST00000261994.9	0	0	0	0
ENST00000262018.8	14	0	11	0
ENST00000262027.10	1828	409	1818	318
ENST00000262030.8	3037	1534	3035	1147
ENST00000262031.10	89	6	297	12
ENST00000262033.11	294	110	1236	216
ENST00000262039.9	802	86	793	65
ENST00000262041.6	0	0	0	0
ENST00000262043.8	1493	264	1466	199
ENST00000262053.8	717	54	659	30
ENST00000262055.9	417	83	392	73
ENST00000262056.13	288	276	2505	1313
ENST00000262061.7	1049	240	1080	186
ENST00000262065.8	7	2	7	2
ENST00000262067.5	153	6	145	6
ENST00000262077.3	1449	214	1417	163
ENST00000262093.11	682	49	657	33
ENST00000262094.10	79	0	79	0
ENST00000262096.13	113	5	119	5
ENST00000262101.10	1	0	1	0
ENST00000262103.8	0	0	0	0
ENST00000262105.6	2908	703	2828	547
ENST00000262109.8	285	28	262	21
ENST00000262113.9	1	0	2	0
ENST00000262120.10	561	37	548	32
ENST00000262126.9	218	71	209	56
ENST00000262127.7	394	30	380	23
ENST00000262133.11	629	124	619	101
ENST00000262134.10	590	23	573	16
ENST00000262138.4	81	24	75	19
ENST00000262139.10	211	8	196	8
ENST00000262144.11	422	93	427	72
ENST00000262146.9	464	57	452	43
ENST00000262150.7	8	0	6	0
ENST00000262158.7	74	22	69	20
ENST00000262178.7	28	11	24	6
ENST00000262186.10	4	0	3	0
ENST00000262187.10	239	97	964	158
ENST00000262188.12	279	63	275	52
ENST00000262189.11	434	81	509	69
ENST00000262193.7	1316	265	1301	210
ENST00000262198.9	712	56	699	37
ENST00000262207.9	826	80	817	60
ENST00000262209.5	11	7	10	2
ENST00000262210.9	286	79	284	61
ENST00000262213.7	1687	272	1562	197
ENST00000262215.8	956	119	933	81
ENST00000262219.10	0	0	0	0
ENST00000262225.8	1012	193	964	138
ENST00000262233.11	203	5	198	5
ENST00000262238.10	949	204	872	167
ENST00000262241.7	469	26	453	20
ENST00000262244.6	143	4	132	3
ENST00000262259.7	103	19	68	13
ENST00000262262.5	26	4	25	3
ENST00000262265.10	579	125	547	88
ENST00000262283.5	0	0	0	0
ENST00000262288.8	1044	139	1045	106
ENST00000262290.9	0	0	0	0
ENST00000262291.9	1337	230	1315	179
ENST00000262293.9	1018	179	1011	136
ENST00000262294.12	835	136	814	114
ENST00000262301.16	13	0	12	0
ENST00000262302.14	473	152	429	112
ENST00000262304.9	71	207	207	488
ENST00000262305.9	103	72	100	65
ENST00000262315.14	289	150	280	121
ENST00000262316.10	147	56	150	55
ENST00000262319.11	639	216	607	180
ENST00000262320.8	289	144	272	111
ENST00000262340.6	9	1	9	0
ENST00000262345.5	0	3	0	0
ENST00000262348.9	1415	176	1370	126
ENST00000262352.8	40	0	38	1
ENST00000262365.8	1	1	0	0
ENST00000262366.7	195	84	179	71
ENST00000262367.10	1230	191	1169	141
ENST00000262370.12	690	107	661	68
ENST00000262375.11	912	182	870	132
ENST00000262376.11	574	197	555	154
ENST00000262384.4	495	54	482	43
ENST00000262394.7	784	130	753	93
ENST00000262395.10	356	193	368	166
ENST00000262406.10	2	0	0	0
ENST00000262407.6	15	1	14	1
ENST00000262415.8	1534	258	1524	202
ENST00000262418.12	0	0	0	0
ENST00000262424.10	989	65	971	45
ENST00000262426.6	221	36	169	31
ENST00000262428.5	655	351	717	302
ENST00000262429.8	0	0	0	0
ENST00000262430.6	114	9	111	8
ENST00000262432.13	181	28	15	1
ENST00000262435.14	297	60	318	51
ENST00000262441.10	473	57	466	45
ENST00000262442.9	0	0	0	0
ENST00000262450.8	4	0	4	0
ENST00000262455.7	1023	109	1081	74
ENST00000262457.7	229	21	228	16
ENST00000262460.5	433	19	423	14
ENST00000262461.7	1115	63	1103	45
ENST00000262462.9	5	0	5	0
ENST00000262482.11	556	207	554	164
ENST00000262483.13	60	12	60	11
ENST00000262487.5	1	0	1	0
ENST00000262498.8	503	51	510	42
ENST00000262506.8	823	58	822	41
ENST00000262507.11	513	105	504	67
ENST00000262510.10	284	71	266	51
ENST00000262518.9	29	7	35	5
ENST00000262519.14	330	225	310	174
ENST00000262525.6	314	22	251	13
ENST00000262545.7	67	2	62	2
ENST00000262547.9	11	1	11	0
ENST00000262554.7	935	104	1112	95
ENST00000262577.6	321	36	295	28
ENST00000262584.7	1273	1996	1765	1956
ENST00000262593.10	4	0	4	0
ENST00000262608.12	0	0	0	0
ENST00000262613.10	608	160	571	119
ENST00000262622.4	10	0	10	0
ENST00000262623.4	0	0	0	0
ENST00000262626.6	0	0	0	0
ENST00000262629.9	0	0	0	0
ENST00000262631.11	55	13	56	10
ENST00000262633.9	815	197	811	173
ENST00000262643.8	352	41	345	36
ENST00000262644.9	747	75	734	61
ENST00000262646.12	696	101	709	72
ENST00000262648.8	520	36	621	26
ENST00000262662.5	431	190	437	145
ENST00000262710.5	1744	587	1640	431
ENST00000262713.7	715	92	675	67
ENST00000262715.10	250	69	231	46
ENST00000262717.9	0	0	0	0
ENST00000262719.10	220	23	222	21
ENST00000262726.12	3	3	2	1
ENST00000262738.8	487	192	441	132
ENST00000262741.10	29	1	29	1
ENST00000262746.5	1378	903	1680	598
ENST00000262752.5	0	0	0	0
ENST00000262753.9	1	0	1	0
ENST00000262764.11	352	72	348	57
ENST00000262768.11	1105	433	1064	354
ENST00000262776.8	2051	831	1975	678
ENST00000262794.10	12	5	12	2
ENST00000262803.10	1032	220	1019	181
ENST00000262809.9	177	24	172	18
ENST00000262811.10	191	25	169	15
ENST00000262812.9	928	298	895	229
ENST00000262815.13	362	43	346	35
ENST00000262820.7	1459	152	1150	105
ENST00000262839.2	0	0	0	0
ENST00000262844.10	293	29	301	22
ENST00000262848.6	62	10	34	4
ENST00000262865.9	0	0	0	0
ENST00000262866.9	0	0	0	0
ENST00000262873.12	0	1	0	1
ENST00000262879.11	1044	107	1017	88
ENST00000262887.10	459	90	440	75
ENST00000262891.9	154	66	155	53
ENST00000262894.11	60	11	21	1
ENST00000262895.7	0	0	0	0
ENST00000262903.9	125	6	117	5
ENST00000262919.10	798	69	773	54
ENST00000262932.5	302	49	281	37
ENST00000262940.12	1	0	0	0
ENST00000262942.10	80	19	123	23
ENST00000262947.8	639	121	561	91
ENST00000262948.10	587	373	282	125
ENST00000262958.4	0	0	0	0
ENST00000262960.13	686	141	677	125
ENST00000262961.9	0	0	0	0
ENST00000262962.12	397	60	377	46
ENST00000262965.12	490	218	502	176
ENST00000262970.9	0	0	0	0
ENST00000262971.3	428	46	400	34
ENST00000262982.3	3593	748	3536	529
ENST00000262990.9	518	73	505	54
ENST00000262995.8	133	3	133	2
ENST00000262999.4	0	0	0	0
ENST00000263025.9	527	84	512	67
ENST00000263026.10	805	112	762	85
ENST00000263035.9	327	26	314	21
ENST00000263038.9	347	29	338	20
ENST00000263045.8	0	0	0	0
ENST00000263054.10	0	0	0	0
ENST00000263056.6	138	15	131	10
ENST00000263063.8	874	54	858	44
ENST00000263066.10	30	0	22	0
ENST00000263071.9	0	0	0	0
ENST00000263073.11	454	92	436	68
ENST00000263080.3	0	0	0	0
ENST00000263083.11	463	91	451	73
ENST00000263087.9	221	96	188	77
ENST00000263088.11	548	93	535	67
ENST00000263092.11	673	79	662	58
ENST00000263093.7	116	35	114	29
ENST00000263094.11	513	177	490	122
ENST00000263095.10	156	15	94	3
ENST00000263097.9	1084	409	1390	384
ENST00000263100.8	15	1	12	1
ENST00000263102.7	813	114	805	86
ENST00000263116.6	46	0	43	0
ENST00000263125.10	1	0	1	0
ENST00000263150.9	158	23	157	12
ENST00000263160.4	0	0	0	0
ENST00000263168.4	837	136	1366	128
ENST00000263174.9	513	76	488	58
ENST00000263181.7	1222	177	1215	136
ENST00000263182.8	0	1	0	1
ENST00000263187.4	0	0	0	0
ENST00000263196.12	421	77	406	66
ENST00000263201.7	793	115	778	89
ENST00000263202.15	727	139	835	132
ENST00000263205.11	562	110	565	93
ENST00000263207.8	50	12	49	6
ENST00000263208.5	495	154	491	116
ENST00000263212.10	237	57	226	43
ENST00000263228.4	755	165	730	116
ENST00000263233.8	10	0	10	0
ENST00000263238.7	1948	522	2235	414
ENST00000263239.7	960	222	1464	192
ENST00000263245.10	795	85	756	59
ENST00000263246.8	1024	249	944	199
ENST00000263253.9	1215	165	1169	121
ENST00000263256.7	387	44	379	34
ENST00000263257.6	0	0	0	0
ENST00000263265.11	4	4	4	3
ENST00000263266.3	0	0	0	0
ENST00000263268.11	36	2	33	2
ENST00000263269.3	17	0	16	0
ENST00000263270.11	609	205	660	185
ENST00000263274.12	942	259	927	216
ENST00000263275.5	118	10	104	8
ENST00000263277.8	1746	399	1524	322
ENST00000263278.9	7	2	7	1
ENST00000263280.11	712	261	705	210
ENST00000263285.11	0	0	0	0
ENST00000263314.3	0	0	0	0
ENST00000263317.9	1	0	2	0
ENST00000263321.6	0	0	0	0
ENST00000263326.7	0	0	0	0
ENST00000263331.10	1010	120	986	100
ENST00000263334.9	1	0	1	0
ENST00000263339.4	1	0	1	0
ENST00000263341.7	2	0	2	0
ENST00000263346.13	921	314	920	266
ENST00000263354.8	842	168	839	140
ENST00000263360.11	561	79	626	57
ENST00000263368.9	654	144	639	115
ENST00000263370.3	200	28	198	22
ENST00000263372.5	8	1	8	1
ENST00000263377.6	916	116	857	94
ENST00000263379.4	324	53	323	43
ENST00000263382.8	601	133	594	105
ENST00000263383.8	818	165	818	134
ENST00000263384.12	294	72	354	73
ENST00000263388.7	1608	256	1499	207
ENST00000263390.8	62	8	63	7
ENST00000263401.10	744	121	733	90
ENST00000263408.5	0	0	0	0
ENST00000263413.7	0	0	0	0
ENST00000263431.4	0	0	0	0
ENST00000263433.8	186	175	182	149
ENST00000263440.6	423	11	419	9
ENST00000263461.11	948	146	944	107
ENST00000263464.9	11	6	8	3
ENST00000263468.13	135	22	132	20
ENST00000263519.4	0	0	0	0
ENST00000263549.8	229	23	222	14
ENST00000263556.3	1397	146	1376	113
ENST00000263559.11	921	102	1090	72
ENST00000263563.7	123	18	120	17
ENST00000263576.11	0	0	0	0
ENST00000263577.11	204	24	195	22
ENST00000263578.10	416	67	415	58
ENST00000263579.5	435	59	405	41
ENST00000263593.8	301	18	301	15
ENST00000263598.6	0	0	1	0
ENST00000263610.7	0	0	0	0
ENST00000263620.8	66	2	60	2
ENST00000263629.9	610	168	617	124
ENST00000263630.13	1319	331	1308	264
ENST00000263634.8	586	44	574	35
ENST00000263635.8	919	150	872	101
ENST00000263636.5	0	0	0	0
ENST00000263645.10	1061	184	1050	143
ENST00000263650.12	284	59	276	51
ENST00000263655.4	54	2	51	2
ENST00000263657.7	549	54	534	48
ENST00000263663.10	513	49	478	28
ENST00000263665.6	0	0	0	0
ENST00000263666.9	6	4	7	4
ENST00000263672.11	82	66	1010	152
ENST00000263674.4	271	182	257	142
ENST00000263681.7	792	71	779	46
ENST00000263686.11	0	0	0	0
ENST00000263688.4	378	55	372	41
ENST00000263694.9	902	133	1154	106
ENST00000263697.6	452	186	1123	268
ENST00000263702.11	368	37	343	24
ENST00000263707.6	0	0	0	0
ENST00000263708.7	123	39	121	23
ENST00000263726.4	7	0	6	0
ENST00000263733.5	454	63	466	55
ENST00000263734.5	840	232	813	190
ENST00000263735.9	16	0	18	0
ENST00000263736.5	437	52	421	43
ENST00000263753.8	541	34	522	20
ENST00000263754.5	155	27	149	22
ENST00000263773.10	882	380	850	271
ENST00000263774.9	998	345	990	269
ENST00000263776.9	51	14	50	6
ENST00000263780.9	651	45	622	31
ENST00000263791.10	1315	309	1297	230
ENST00000263795.11	998	107	974	78
ENST00000263798.8	421	123	541	104
ENST00000263800.11	0	0	0	0
ENST00000263801.7	1955	311	1895	219
ENST00000263847.6	1091	115	1051	89
ENST00000263849.9	315	7	304	6
ENST00000263851.9	6	0	6	0
ENST00000263856.9	32	13	28	11
ENST00000263857.11	1094	178	1053	144
ENST00000263863.9	0	0	0	0
ENST00000263864.10	94	11	64	3
ENST00000263867.9	702	143	665	104
ENST00000263881.8	471	39	468	32
ENST00000263897.10	419	89	402	69
ENST00000263904.5	499	20	489	14
ENST00000263915.8	60	6	61	4
ENST00000263918.9	602	50	637	43
ENST00000263921.8	141	16	137	10
ENST00000263923.5	3	0	3	0
ENST00000263925.8	9	0	9	0
ENST00000263932.7	10	3	9	2
ENST00000263955.9	469	25	456	16
ENST00000263956.8	1164	131	1151	100
ENST00000263960.6	425	28	477	25
ENST00000263966.8	1194	140	1167	106
ENST00000263967.4	488	74	558	61
ENST00000263974.4	344	36	347	36
ENST00000263980.8	241	19	236	12
ENST00000263985.11	576	46	557	42
ENST00000263991.9	649	147	636	108
ENST00000263997.11	290	83	277	43
ENST00000264001.9	167	24	179	19
ENST00000264005.10	0	11	0	11
ENST00000264012.9	27	6	24	6
ENST00000264020.6	88	11	86	11
ENST00000264025.8	106	7	101	4
ENST00000264027.9	859	76	855	63
ENST00000264028.5	1597	255	1573	195
ENST00000264029.9	0	0	0	0
ENST00000264031.3	0	0	0	0
ENST00000264033.6	366	30	352	18
ENST00000264036.6	1846	522	1760	423
ENST00000264039.7	1535	390	1446	295
ENST00000264042.8	455	22	437	14
ENST00000264047.3	0	0	0	0
ENST00000264057.6	1319	441	1281	358
ENST00000264059.8	81	5	72	3
ENST00000264065.12	1588	280	1524	205
ENST00000264071.7	18	4	8	0
ENST00000264079.11	380	42	362	31
ENST00000264080.11	469	86	453	73
ENST00000264093.9	510	62	467	45
ENST00000264094.8	42	6	39	3
ENST00000264107.11	326	39	324	30
ENST00000264108.5	1480	259	1423	169
ENST00000264110.7	494	28	471	23
ENST00000264144.5	4	0	3	0
ENST00000264151.10	323	14	314	10
ENST00000264156.3	2306	476	2290	365
ENST00000264157.10	338	32	324	25
ENST00000264159.11	345	14	337	11
ENST00000264161.9	1205	145	1225	128
ENST00000264162.7	1	0	1	0
ENST00000264167.10	1815	307	1823	230
ENST00000264170.9	1673	267	1668	199
ENST00000264183.9	853	163	829	122
ENST00000264187.7	786	97	753	75
ENST00000264192.8	1	0	0	0
ENST00000264198.5	492	61	483	52
ENST00000264202.8	1482	481	1469	349
ENST00000264218.7	394	15	360	13
ENST00000264220.6	580	47	1014	63
ENST00000264228.9	205	12	214	11
ENST00000264229.11	147	27	140	19
ENST00000264230.5	474	76	467	66
ENST00000264231.7	0	0	0	0
ENST00000264233.6	260	66	249	49
ENST00000264234.8	3	0	3	0
ENST00000264235.13	699	58	724	44
ENST00000264245.9	69	10	67	6
ENST00000264246.8	0	0	0	0
ENST00000264249.8	162	14	152	12
ENST00000264254.11	157	37	552	73
ENST00000264255.8	425	55	765	56
ENST00000264257.7	12	1	12	1
ENST00000264258.8	235	317	873	518
ENST00000264260.6	3	0	0	0
ENST00000264265.4	128	7	130	5
ENST00000264276.11	352	41	343	32
ENST00000264279.10	1513	521	1589	408
ENST00000264313.11	399	24	381	17
ENST00000264316.9	0	0	0	0
ENST00000264318.4	0	0	0	0
ENST00000264335.13	806	732	1805	781
ENST00000264344.10	421	48	411	42
ENST00000264346.12	71	11	70	8
ENST00000264350.8	154	13	147	7
ENST00000264360.7	1	0	1	0
ENST00000264363.7	2	0	2	0
ENST00000264376.5	0	0	0	0
ENST00000264377.8	173	37	170	30
ENST00000264380.9	437	82	424	61
ENST00000264381.8	3	0	3	0
ENST00000264382.8	60	2	60	1
ENST00000264389.7	999	117	995	91
ENST00000264399.5	55	2	56	2
ENST00000264409.5	120	8	117	5
ENST00000264414.9	1544	294	1527	224
ENST00000264424.12	4	1	3	0
ENST00000264428.9	117	6	114	3
ENST00000264433.11	106	19	103	14
ENST00000264434.6	77	13	72	10
ENST00000264436.9	49	9	46	7
ENST00000264444.7	107	5	102	3
ENST00000264449.14	14	0	13	0
ENST00000264451.12	800	107	756	71
ENST00000264454.8	417	32	339	28
ENST00000264463.8	0	0	0	0
ENST00000264474.4	12	0	12	0
ENST00000264485.11	50	7	48	6
ENST00000264499.9	469	23	459	20
ENST00000264501.8	608	160	592	114
ENST00000264515.11	769	53	757	45
ENST00000264538.4	428	64	438	53
ENST00000264552.14	121	51	761	663
ENST00000264553.6	1	0	1	0
ENST00000264554.10	0	0	0	0
ENST00000264555.10	440	131	411	111
ENST00000264563.7	205	41	191	32
ENST00000264595.7	442	27	439	21
ENST00000264596.4	652	51	566	34
ENST00000264601.8	4	0	4	0
ENST00000264605.8	10	0	9	0
ENST00000264607.9	277	60	265	50
ENST00000264613.11	0	0	0	0
ENST00000264634.8	1501	265	1295	161
ENST00000264638.9	857	134	833	109
ENST00000264639.9	1510	361	1484	287
ENST00000264645.12	997	246	992	184
ENST00000264651.3	0	0	0	0
ENST00000264657.9	2014	364	1958	294
ENST00000264658.11	301	27	300	19
ENST00000264661.4	1	0	1	0
ENST00000264663.9	1651	394	1615	297
ENST00000264664.5	2	3	2	2
ENST00000264669.10	837	62	795	45
ENST00000264670.11	2732	942	2654	706
ENST00000264689.11	367	35	365	25
ENST00000264690.11	0	0	0	0
ENST00000264703.4	1	0	0	0
ENST00000264705.9	1830	368	1809	292
ENST00000264709.7	407	41	407	38
ENST00000264710.5	762	76	759	56
ENST00000264711.7	14	0	15	0
ENST00000264712.8	78	32	76	24
ENST00000264716.9	416	84	393	69
ENST00000264717.7	0	0	0	0
ENST00000264734.2	1	0	1	0
ENST00000264735.4	16	10	15	7
ENST00000264741.10	1	0	1	0
ENST00000264771.9	172	29	169	16
ENST00000264773.7	5	1	5	1
ENST00000264784.8	19	0	17	0
ENST00000264805.9	129	8	126	5
ENST00000264808.7	84	7	80	9
ENST00000264819.6	199	32	189	24
ENST00000264824.5	1	0	1	0
ENST00000264827.9	195	57	188	54
ENST00000264828.4	87	14	84	11
ENST00000264832.8	356	37	350	28
ENST00000264833.8	202	16	188	13
ENST00000264834.6	3	0	1	0
ENST00000264848.9	109	9	106	6
ENST00000264852.8	0	0	0	0
ENST00000264864.8	397	43	374	38
ENST00000264866.9	389	28	385	20
ENST00000264867.7	179	32	176	23
ENST00000264870.8	1	0	0	0
ENST00000264883.8	881	81	840	61
ENST00000264888.6	0	0	0	0
ENST00000264893.10	1270	173	1189	118
ENST00000264896.8	1288	157	1309	126
ENST00000264908.11	1148	185	1114	150
ENST00000264914.10	509	44	469	35
ENST00000264917.10	16	0	4	0
ENST00000264926.7	700	56	682	40
ENST00000264930.10	203	22	179	15
ENST00000264932.11	489	237	233	40
ENST00000264933.9	1001	443	36	17
ENST00000264935.6	467	96	448	78
ENST00000264938.8	0	20	0	13
ENST00000264952.2	0	4	0	3
ENST00000264954.5	608	110	595	86
ENST00000264956.11	98	50	87	37
ENST00000264963.8	498	28	479	24
ENST00000264968.7	0	0	0	0
ENST00000264972.9	0	1	0	0
ENST00000264990.11	329	56	15	0
ENST00000264992.7	155	25	154	14
ENST00000264993.7	622	111	638	97
ENST00000264995.8	1002	368	1549	340
ENST00000265000.9	1254	140	1247	106
ENST00000265007.11	0	0	1	0
ENST00000265012.4	73	4	73	3
ENST00000265016.9	5	7	5	5
ENST00000265018.4	4	1	3	0
ENST00000265022.8	0	0	0	0
ENST00000265026.8	17	4	17	4
ENST00000265029.8	0	0	0	0
ENST00000265036.10	547	100	538	72
ENST00000265038.9	282	24	275	18
ENST00000265044.6	928	221	1076	182
ENST00000265056.12	2131	573	2055	409
ENST00000265062.8	1080	188	1032	143
ENST00000265069.13	1930	489	1898	350
ENST00000265070.7	1095	258	1074	214
ENST00000265071.3	597	43	566	30
ENST00000265073.9	574	275	1019	272
ENST00000265074.13	1968	488	1888	377
ENST00000265080.9	17	3	17	1
ENST00000265081.7	756	73	735	47
ENST00000265085.10	138	11	122	7
ENST00000265087.8	943	219	912	178
ENST00000265097.9	30	4	947	124
ENST00000265104.4	152	20	147	14
ENST00000265107.9	1164	207	1283	176
ENST00000265112.7	3721	1922	3562	1368
ENST00000265113.9	24	0	21	0
ENST00000265132.8	56	0	56	0
ENST00000265136.12	1036	259	1040	210
ENST00000265138.4	516	68	498	50
ENST00000265140.10	1467	220	1460	170
ENST00000265148.9	2073	414	1978	284
ENST00000265154.6	0	0	0	0
ENST00000265162.10	0	0	0	0
ENST00000265164.7	259	23	249	21
ENST00000265165.6	0	0	0	0
ENST00000265171.10	55	5	50	5
ENST00000265174.5	1283	214	1228	171
ENST00000265175.5	768	97	753	71
ENST00000265191.4	0	0	0	0
ENST00000265195.9	593	84	578	57
ENST00000265224.9	2	0	2	0
ENST00000265239.11	135	19	134	10
ENST00000265245.10	1159	236	1101	181
ENST00000265260.8	416	125	749	115
ENST00000265271.7	134	16	144	16
ENST00000265293.8	417	203	400	158
ENST00000265295.9	1833	454	1735	322
ENST00000265299.6	137	8	4	0
ENST00000265310.6	0	0	0	0
ENST00000265316.9	1117	215	1100	170
ENST00000265322.8	212	8	207	5
ENST00000265334.9	65	8	57	4
ENST00000265339.7	575	76	522	53
ENST00000265340.12	561	339	464	251
ENST00000265342.12	175	25	174	21
ENST00000265343.10	1400	153	1375	111
ENST00000265348.9	383	97	346	63
ENST00000265350.9	308	37	299	32
ENST00000265351.12	1541	225	1511	162
ENST00000265354.6	391	143	377	106
ENST00000265361.8	2171	339	2038	250
ENST00000265362.9	426	19	413	14
ENST00000265371.8	896	85	880	67
ENST00000265379.10	0	0	0	0
ENST00000265381.7	2	0	2	0
ENST00000265382.8	35	2	32	1
ENST00000265388.9	1428	229	1448	175
ENST00000265395.7	923	129	931	105
ENST00000265403.12	0	0	0	0
ENST00000265404.7	0	0	0	0
ENST00000265421.9	252	21	249	15
ENST00000265431.7	0	0	0	0
ENST00000265433.8	1001	88	959	66
ENST00000265440.12	0	0	0	0
ENST00000265441.8	0	0	0	0
ENST00000265462.9	882	407	876	315
ENST00000265465.8	44	28	54	33
ENST00000265471.10	210	47	378	90
ENST00000265512.11	0	1	0	0
ENST00000265560.9	595	94	577	73
ENST00000265562.5	616	134	598	102
ENST00000265563.13	908	102	881	72
ENST00000265564.8	662	153	642	99
ENST00000265565.10	807	180	783	139
ENST00000265593.9	155	27	151	19
ENST00000265594.9	466	99	456	77
ENST00000265598.8	4	0	4	0
ENST00000265602.11	557	102	541	74
ENST00000265605.7	2	0	2	0
ENST00000265616.10	325	28	311	19
ENST00000265627.10	0	0	0	0
ENST00000265631.10	1378	185	1340	146
ENST00000265634.4	0	0	0	0
ENST00000265641.10	1684	191	1612	163
ENST00000265643.4	381	95	363	82
ENST00000265651.8	691	41	692	36
ENST00000265686.8	431	75	410	50
ENST00000265689.9	523	44	522	32
ENST00000265707.10	0	0	0	0
ENST00000265708.9	0	0	0	0
ENST00000265713.8	611	78	591	51
ENST00000265717.5	61	1	58	1
ENST00000265720.8	35	7	35	7
ENST00000265727.11	187	32	184	27
ENST00000265728.6	348	64	749	85
ENST00000265729.7	916	215	1025	173
ENST00000265732.10	285	27	345	22
ENST00000265742.8	572	170	568	123
ENST00000265748.7	2603	753	2502	562
ENST00000265758.7	978	302	967	266
ENST00000265769.9	1	0	0	0
ENST00000265770.11	0	0	0	0
ENST00000265806.11	234	108	221	71
ENST00000265807.8	789	116	759	85
ENST00000265825.6	0	0	0	0
ENST00000265827.8	422	15	407	14
ENST00000265838.9	1039	142	1030	112
ENST00000265840.12	0	0	0	0
ENST00000265843.9	65	10	63	7
ENST00000265846.10	9	1	9	2
ENST00000265849.12	346	56	792	105
ENST00000265857.8	444	72	438	64
ENST00000265866.11	1154	436	1081	308
ENST00000265872.11	1694	492	1660	376
ENST00000265896.10	985	132	963	107
ENST00000265909.8	339	88	375	62
ENST00000265922.8	0	0	0	0
ENST00000265960.8	871	263	864	201
ENST00000265963.9	508	61	598	51
ENST00000265965.10	142	24	127	19
ENST00000265969.8	0	0	0	0
ENST00000265970.11	1150	100	1117	72
ENST00000265981.7	158	40	191	28
ENST00000265983.8	0	0	0	0
ENST00000265986.11	1303	172	1289	128
ENST00000265990.11	711	172	706	132
ENST00000266000.10	608	258	458	165
ENST00000266014.10	679	75	669	58
ENST00000266022.9	727	205	692	162
ENST00000266025.4	409	62	400	48
ENST00000266031.8	91	4	90	4
ENST00000266037.10	43	0	43	0
ENST00000266041.9	1	0	0	0
ENST00000266058.9	0	3	0	0
ENST00000266066.4	0	0	0	0
ENST00000266068.5	307	39	270	30
ENST00000266069.5	558	69	556	61
ENST00000266070.8	1060	356	1028	284
ENST00000266077.5	436	191	410	159
ENST00000266079.5	2102	696	2048	563
ENST00000266085.6	540	39	513	25
ENST00000266086.5	0	0	0	0
ENST00000266087.12	887	122	864	90
ENST00000266088.9	0	0	0	0
ENST00000266126.10	495	50	487	37
ENST00000266182.10	0	0	0	0
ENST00000266254.12	110	11	109	12
ENST00000266263.10	251	46	242	41
ENST00000266269.10	322	59	299	47
ENST00000266304.9	93	12	88	9
ENST00000266383.10	6	0	6	0
ENST00000266395.3	0	0	0	0
ENST00000266397.7	0	0	0	0
ENST00000266458.10	331	51	454	53
ENST00000266483.7	252	6	53	0
ENST00000266503.9	61	22	61	12
ENST00000266509.6	3	1	1	1
ENST00000266517.9	582	40	576	28
ENST00000266529.8	441	95	511	74
ENST00000266534.8	85	3	83	2
ENST00000266542.9	275	55	252	35
ENST00000266544.10	166	30	279	38
ENST00000266546.11	275	80	269	68
ENST00000266556.8	80	6	77	4
ENST00000266557.3	0	3	0	3
ENST00000266560.8	2	3	0	3
ENST00000266579.9	3	0	2	0
ENST00000266581.4	672	120	657	93
ENST00000266594.4	2	1	1	0
ENST00000266604.7	46	7	106	20
ENST00000266643.6	36	6	32	0
ENST00000266646.3	39	3	39	2
ENST00000266659.8	1090	128	1074	84
ENST00000266671.9	63	5	60	5
ENST00000266673.10	477	34	472	26
ENST00000266674.10	152	9	149	9
ENST00000266679.8	1244	245	1204	192
ENST00000266682.10	642	22	621	15
ENST00000266712.11	1415	68	1387	53
ENST00000266718.5	619	30	601	22
ENST00000266719.3	0	0	0	0
ENST00000266732.8	1776	280	1691	208
ENST00000266735.9	307	102	479	125
ENST00000266736.7	17	0	17	0
ENST00000266742.9	877	66	866	52
ENST00000266744.4	0	0	0	0
ENST00000266771.10	488	19	462	20
ENST00000266943.11	14	1	14	1
ENST00000266970.9	1180	190	1114	140
ENST00000266980.8	0	0	0	0
ENST00000266987.7	257	54	256	35
ENST00000267017.3	0	0	0	0
ENST00000267068.5	855	120	824	85
ENST00000267082.10	0	0	0	0
ENST00000267101.8	6	4	7	2
ENST00000267102.12	82	15	79	12
ENST00000267103.10	664	126	634	92
ENST00000267116.8	1147	166	1105	129
ENST00000267119.6	0	0	0	0
ENST00000267163.5	1556	143	1556	119
ENST00000267199.9	88	12	89	11
ENST00000267202.7	293	53	287	42
ENST00000267205.7	242	53	228	18
ENST00000267229.11	1190	177	1164	138
ENST00000267260.5	0	0	0	0
ENST00000267273.6	0	0	0	0
ENST00000267291.7	0	0	0	0
ENST00000267294.4	61	4	51	2
ENST00000267328.5	586	60	577	53
ENST00000267339.6	421	72	394	51
ENST00000267377.3	248	11	227	9
ENST00000267396.9	1	0	1	0
ENST00000267406.11	2	3	2	2
ENST00000267415.12	352	84	336	69
ENST00000267425.8	654	151	619	108
ENST00000267426.5	0	0	0	0
ENST00000267430.10	387	46	380	37
ENST00000267436.9	345	19	335	12
ENST00000267460.9	252	16	253	12
ENST00000267485.7	6	1	6	0
ENST00000267488.8	379	24	371	14
ENST00000267549.5	0	0	0	0
ENST00000267584.9	11	3	8	2
ENST00000267615.11	237	39	241	32
ENST00000267622.8	832	113	866	94
ENST00000267750.9	606	122	604	96
ENST00000267807.11	102	11	70	5
ENST00000267812.4	876	246	867	186
ENST00000267814.14	193	54	934	130
ENST00000267838.7	135	11	130	7
ENST00000267842.10	164	16	161	13
ENST00000267843.9	0	2	0	0
ENST00000267845.8	0	0	0	0
ENST00000267853.10	3	0	3	0
ENST00000267859.8	778	96	765	73
ENST00000267868.8	541	47	553	31
ENST00000267884.11	621	304	791	268
ENST00000267889.5	55	2	54	2
ENST00000267935.13	519	55	697	114
ENST00000267938.9	255	52	244	40
ENST00000267953.4	0	0	0	0
ENST00000267970.9	1286	228	1259	170
ENST00000267978.10	123	115	124	79
ENST00000267984.4	16	24	16	20
ENST00000268042.7	64	11	59	10
ENST00000268053.11	2	0	2	0
ENST00000268057.9	508	46	482	33
ENST00000268058.8	384	68	362	63
ENST00000268070.9	0	0	0	0
ENST00000268097.10	945	256	923	189
ENST00000268099.13	596	57	584	43
ENST00000268122.9	0	0	0	0
ENST00000268125.10	0	0	0	0
ENST00000268130.12	3	0	3	0
ENST00000268148.12	0	0	0	0
ENST00000268150.13	286	24	258	21
ENST00000268154.9	126	19	119	17
ENST00000268164.8	0	0	0	0
ENST00000268182.10	1654	1295	1613	982
ENST00000268184.11	864	186	840	141
ENST00000268206.12	445	67	566	54
ENST00000268220.12	726	258	953	209
ENST00000268231.13	0	0	0	0
ENST00000268261.9	613	82	648	71
ENST00000268281.9	18	7	17	2
ENST00000268296.9	0	0	0	0
ENST00000268379.9	1722	374	1702	280
ENST00000268383.7	840	167	819	122
ENST00000268389.6	0	0	0	0
ENST00000268459.6	0	0	0	0
ENST00000268482.8	966	317	940	241
ENST00000268483.8	244	7	235	7
ENST00000268485.7	1	0	1	0
ENST00000268533.9	4	0	4	0
ENST00000268595.3	0	0	0	0
ENST00000268603.9	327	14	312	13
ENST00000268605.11	438	89	397	69
ENST00000268638.10	0	0	0	0
ENST00000268655.5	116	12	111	6
ENST00000268661.8	1	0	0	0
ENST00000268668.11	790	299	771	213
ENST00000268679.9	0	0	0	0
ENST00000268695.10	481	51	485	43
ENST00000268699.9	202	50	192	42
ENST00000268711.4	126	8	125	4
ENST00000268712.8	1349	464	1390	360
ENST00000268717.10	1430	258	1381	196
ENST00000268719.9	136	12	135	8
ENST00000268766.11	41	15	41	11
ENST00000268797.12	99	16	93	13
ENST00000268802.10	559	145	843	157
ENST00000268835.7	550	65	519	54
ENST00000268896.10	166	14	159	9
ENST00000268919.6	0	0	0	0
ENST00000268933.8	1	0	0	0
ENST00000268989.8	190	266	172	195
ENST00000269025.9	21	2	22	1
ENST00000269033.7	220	37	208	29
ENST00000269051.9	5	2	6	2
ENST00000269053.8	0	0	0	0
ENST00000269081.8	1	0	9	0
ENST00000269097.8	856	112	842	93
ENST00000269122.8	6405	1484	6300	1118
ENST00000269127.5	0	0	0	0
ENST00000269141.8	2565	416	2491	322
ENST00000269142.10	148	16	161	13
ENST00000269143.8	1073	305	1248	228
ENST00000269159.8	605	220	571	206
ENST00000269187.10	1714	295	1641	203
ENST00000269195.5	2188	545	2079	390
ENST00000269197.12	0	0	0	0
ENST00000269202.11	0	0	0	0
ENST00000269205.7	0	0	0	0
ENST00000269209.7	144	10	124	8
ENST00000269214.10	169	36	166	30
ENST00000269216.9	174	10	171	9
ENST00000269221.8	360	36	359	20
ENST00000269228.10	1872	186	1811	129
ENST00000269260.7	337	73	311	49
ENST00000269298.10	267	34	248	28
ENST00000269299.8	4	0	4	0
ENST00000269305.8	1071	108	1054	78
ENST00000269321.12	1020	494	1004	392
ENST00000269346.9	241	16	239	14
ENST00000269373.11	546	80	537	66
ENST00000269383.8	339	61	315	52
ENST00000269385.9	289	48	284	38
ENST00000269389.8	154	7	158	4
ENST00000269391.11	5	4	4	4
ENST00000269392.8	320	81	301	60
ENST00000269394.4	0	0	0	0
ENST00000269397.9	513	117	462	100
ENST00000269439.12	15	4	15	3
ENST00000269445.10	563	48	557	38
ENST00000269466.8	82	2	80	2
ENST00000269499.10	293	50	266	36
ENST00000269503.9	0	0	0	0
ENST00000269571.9	905	219	864	177
ENST00000269576.6	157	11	138	8
ENST00000269582.3	0	0	0	0
ENST00000269586.12	0	0	0	0
ENST00000269593.5	1163	901	1122	727
ENST00000269601.10	451	164	472	140
ENST00000269701.7	479	92	481	74
ENST00000269703.8	0	0	0	0
ENST00000269740.9	307	37	275	30
ENST00000269829.5	219	37	168	20
ENST00000269834.1	0	0	0	0
ENST00000269856.5	182	51	316	56
ENST00000269878.8	0	0	0	0
ENST00000269881.8	0	0	0	0
ENST00000269886.7	779	216	808	195
ENST00000269919.11	41	3	41	3
ENST00000269945.8	0	0	0	0
ENST00000269967.4	330	55	319	40
ENST00000269973.10	78	15	41	7
ENST00000269980.7	24	7	24	5
ENST00000270001.12	63	9	38	5
ENST00000270061.12	125	53	208	54
ENST00000270066.11	324	50	312	44
ENST00000270077.8	1	2	0	0
ENST00000270112.7	13	0	12	0
ENST00000270115.8	6	1	5	1
ENST00000270139.8	667	81	639	58
ENST00000270142.11	964	338	986	260
ENST00000270162.8	3	0	1	0
ENST00000270172.7	1	0	1	0
ENST00000270176.10	863	303	848	243
ENST00000270223.7	181	25	174	19
ENST00000270225.12	1106	353	1326	312
ENST00000270233.12	289	75	279	61
ENST00000270235.9	0	0	0	0
ENST00000270257.9	142	10	151	8
ENST00000270310.7	0	0	0	0
ENST00000270349.12	0	0	0	0
ENST00000270357.10	118	64	120	55
ENST00000270458.2	0	0	0	0
ENST00000270460.11	633	305	551	241
ENST00000270502.7	197	47	187	42
ENST00000270517.12	262	83	252	75
ENST00000270538.8	686	179	649	131
ENST00000270560.4	15	0	13	0
ENST00000270570.8	296	8	287	6
ENST00000270583.10	326	146	321	112
ENST00000270586.8	967	356	955	265
ENST00000270590.4	0	0	0	0
ENST00000270593.2	0	0	0	0
ENST00000270625.7	722	795	1092	791
ENST00000270631.2	0	0	0	0
ENST00000270642.8	0	0	0	0
ENST00000270645.8	272	39	253	29
ENST00000270649.11	176	19	115	5
ENST00000270708.12	359	34	344	29
ENST00000270722.10	0	0	0	0
ENST00000270747.8	132	12	121	11
ENST00000270776.13	1518	473	1980	445
ENST00000270792.10	387	79	397	68
ENST00000270800.2	6	2	6	2
ENST00000270815.5	195	21	190	15
ENST00000270824.1	64	20	60	14
ENST00000270861.10	465	74	456	62
ENST00000270879.8	0	0	0	0
ENST00000271002.14	509	41	470	28
ENST00000271064.12	368	56	360	40
ENST00000271227.11	26	1	25	1
ENST00000271277.11	859	114	812	87
ENST00000271308.9	1138	194	1133	139
ENST00000271331.4	0	0	0	0
ENST00000271332.4	114	37	111	19
ENST00000271373.9	327	42	319	33
ENST00000271375.7	503	10	502	8
ENST00000271417.8	0	0	0	0
ENST00000271452.8	928	104	873	73
ENST00000271526.9	726	188	700	133
ENST00000271532.2	0	0	0	0
ENST00000271588.9	79	2	78	1
ENST00000271620.8	377	46	379	37
ENST00000271628.9	789	173	1187	193
ENST00000271636.12	8	13	8	11
ENST00000271638.3	654	171	825	153
ENST00000271640.9	944	155	922	115
ENST00000271643.8	31	4	29	4
ENST00000271651.8	0	0	0	0
ENST00000271688.10	1329	367	1299	263
ENST00000271690.12	224	88	566	140
ENST00000271715.7	904	130	881	100
ENST00000271732.8	489	36	499	30
ENST00000271764.7	528	125	523	105
ENST00000271835.3	0	0	0	0
ENST00000271843.9	426	128	209	40
ENST00000271857.6	134	14	132	14
ENST00000271889.8	156	30	156	27
ENST00000271915.9	1	1	1	0
ENST00000271971.7	1	0	1	0
ENST00000272065.10	554	151	686	133
ENST00000272091.8	531	34	529	28
ENST00000272133.4	0	0	0	0
ENST00000272134.5	0	0	0	0
ENST00000272139.5	266	69	246	52
ENST00000272164.6	10	0	9	0
ENST00000272190.9	0	0	0	0
ENST00000272217.7	356	24	337	15
ENST00000272223.3	6	0	5	0
ENST00000272224.5	0	0	0	0
ENST00000272227.8	2209	862	2128	531
ENST00000272233.6	869	513	775	349
ENST00000272252.10	307	34	307	27
ENST00000272286.4	0	0	0	0
ENST00000272317.10	35	63	147	92
ENST00000272321.12	102	8	100	4
ENST00000272324.10	0	0	0	0
ENST00000272342.6	349	49	332	35
ENST00000272348.7	45	45	527	206
ENST00000272367.7	0	0	0	0
ENST00000272369.14	386	25	375	19
ENST00000272371.7	1	0	1	0
ENST00000272395.3	0	0	0	0
ENST00000272418.7	844	179	965	141
ENST00000272424.11	516	54	504	34
ENST00000272425.4	0	0	0	0
ENST00000272427.11	616	59	609	43
ENST00000272430.10	127	30	123	19
ENST00000272433.7	82	16	81	7
ENST00000272438.9	49	4	49	5
ENST00000272444.7	544	41	536	28
ENST00000272452.7	0	0	0	0
ENST00000272462.3	1	0	29	0
ENST00000272519.10	385	41	382	37
ENST00000272520.4	0	0	0	0
ENST00000272542.8	850	125	840	93
ENST00000272638.14	1024	192	1005	147
ENST00000272641.4	54	6	48	2
ENST00000272645.9	284	14	318	13
ENST00000272647.10	271	40	266	32
ENST00000272732.11	390	54	390	37
ENST00000272748.9	606	34	595	23
ENST00000272771.10	12	0	13	0
ENST00000272793.10	868	82	835	68
ENST00000272845.10	0	0	0	0
ENST00000272847.6	10	0	7	0
ENST00000272852.4	0	0	0	0
ENST00000272895.12	0	1	0	0
ENST00000272902.10	576	55	560	37
ENST00000272928.4	1511	326	1412	246
ENST00000272937.10	16	4	16	4
ENST00000273047.9	452	41	531	32
ENST00000273062.6	236	56	215	45
ENST00000273064.10	651	42	629	28
ENST00000273067.5	0	0	0	0
ENST00000273077.9	261	39	314	36
ENST00000273130.9	950	122	1002	96
ENST00000273139.13	331	19	167	7
ENST00000273153.10	254	61	241	50
ENST00000273173.4	0	0	0	0
ENST00000273179.10	170	31	164	14
ENST00000273183.7	253	45	255	33
ENST00000273221.8	262	48	245	37
ENST00000273258.4	885	128	872	105
ENST00000273261.7	464	81	441	60
ENST00000273283.7	0	1	0	0
ENST00000273286.6	0	0	0	0
ENST00000273308.9	686	222	663	171
ENST00000273317.5	373	56	339	35
ENST00000273320.7	39	7	25	0
ENST00000273347.10	369	69	357	60
ENST00000273352.8	0	0	0	0
ENST00000273353.4	1	1	1	1
ENST00000273359.8	468	38	455	27
ENST00000273371.9	0	0	0	0
ENST00000273375.8	334	28	333	21
ENST00000273390.9	0	0	0	0
ENST00000273398.8	1757	157	1733	120
ENST00000273480.4	203	75	292	74
ENST00000273550.12	124	619	1117	2911
ENST00000273588.9	0	0	0	0
ENST00000273590.3	136	3	130	2
ENST00000273596.8	302	62	295	50
ENST00000273598.8	20	2	30	3
ENST00000273610.4	1	9	1	9
ENST00000273666.10	59	3	57	3
ENST00000273668.7	45	5	42	4
ENST00000273695.4	0	0	0	0
ENST00000273739.9	72	8	69	8
ENST00000273814.8	42	17	40	14
ENST00000273853.11	238	20	351	18
ENST00000273854.7	1470	138	1384	93
ENST00000273857.9	1	0	1	0
ENST00000273859.8	487	88	469	60
ENST00000273861.5	56	3	54	2
ENST00000273905.7	0	0	0	0
ENST00000273920.8	517	38	559	34
ENST00000273936.6	0	0	0	0
ENST00000273951.13	0	0	0	0
ENST00000273962.7	277	17	281	13
ENST00000273963.10	306	43	304	29
ENST00000273968.5	236	27	120	10
ENST00000273986.10	348	18	446	20
ENST00000273990.6	6	0	6	0
ENST00000274000.10	255	12	252	10
ENST00000274008.5	882	33	871	27
ENST00000274024.4	2	0	2	0
ENST00000274031.7	536	60	537	41
ENST00000274054.3	646	36	611	30
ENST00000274063.5	0	0	0	0
ENST00000274065.9	6	0	1738	1305
ENST00000274093.8	3	0	2	0
ENST00000274137.10	778	641	782	527
ENST00000274140.10	3320	1030	3230	783
ENST00000274181.7	140	29	130	20
ENST00000274192.7	262	67	332	50
ENST00000274217.4	727	92	726	69
ENST00000274242.10	426	1107	879	1368
ENST00000274255.11	1405	194	1385	146
ENST00000274276.8	1904	137	1859	99
ENST00000274278.8	0	0	0	0
ENST00000274289.8	1143	192	1122	141
ENST00000274306.7	0	0	0	0
ENST00000274311.3	859	182	817	140
ENST00000274341.9	6	0	6	0
ENST00000274353.10	0	0	0	0
ENST00000274361.3	3	0	2	0
ENST00000274364.11	40	10	39	9
ENST00000274368.9	0	0	0	0
ENST00000274382.9	0	0	0	0
ENST00000274400.9	21	4	0	1
ENST00000274432.13	1	0	1	0
ENST00000274457.5	417	17	403	12
ENST00000274458.9	408	24	413	17
ENST00000274487.9	0	0	0	0
ENST00000274496.10	800	59	779	40
ENST00000274498.9	51	10	48	8
ENST00000274507.6	0	1	0	1
ENST00000274520.2	0	0	0	0
ENST00000274532.7	0	0	0	0
ENST00000274545.10	0	0	0	0
ENST00000274547.6	1	0	1	0
ENST00000274565.5	2	0	2	0
ENST00000274569.9	138	10	134	9
ENST00000274576.9	0	0	0	0
ENST00000274599.9	105	43	62	27
ENST00000274605.6	74	33	70	26
ENST00000274606.8	352	106	631	154
ENST00000274625.6	5	0	5	0
ENST00000274629.9	4	0	4	0
ENST00000274643.9	0	0	0	0
ENST00000274673.8	0	0	0	0
ENST00000274695.8	613	12	582	12
ENST00000274710.4	0	0	0	0
ENST00000274711.7	0	0	0	0
ENST00000274712.8	896	276	888	206
ENST00000274721.8	0	0	0	0
ENST00000274764.5	9	0	7	0
ENST00000274766.2	0	0	0	0
ENST00000274773.12	248	39	233	29
ENST00000274787.3	283	71	255	41
ENST00000274793.12	0	0	0	0
ENST00000274811.9	139	49	132	39
ENST00000274813.4	748	75	750	54
ENST00000274849.3	266	41	276	35
ENST00000274897.9	3	0	3	0
ENST00000274901.8	15	2	14	1
ENST00000274938.8	62	10	58	8
ENST00000274963.13	6	0	7	0
ENST00000274979.12	21	0	14	0
ENST00000275015.9	92	13	89	11
ENST00000275016.3	50	2	48	2
ENST00000275034.5	1619	264	1586	194
ENST00000275053.8	906	36	890	27
ENST00000275072.5	302	23	297	18
ENST00000275159.10	61	10	60	7
ENST00000275162.10	0	0	0	0
ENST00000275169.4	0	0	0	0
ENST00000275198.1	0	0	0	0
ENST00000275200.1	0	0	0	0
ENST00000275216.2	0	0	0	0
ENST00000275227.9	356	19	344	15
ENST00000275230.6	199	11	192	11
ENST00000275233.12	435	46	428	36
ENST00000275300.3	773	97	766	84
ENST00000275358.8	42	24	36	16
ENST00000275364.8	280	82	272	72
ENST00000275418.13	1293	225	1287	163
ENST00000275428.9	203	29	118	16
ENST00000275461.3	0	0	0	0
ENST00000275493.7	1971	215	1839	159
ENST00000275517.8	553	103	537	80
ENST00000275521.10	1231	337	1188	274
ENST00000275525.8	14	0	14	0
ENST00000275560.4	27	13	26	10
ENST00000275603.9	1743	794	2515	738
ENST00000275732.5	146	171	150	145
ENST00000275766.2	328	5	318	6
ENST00000275767.3	2	0	1	0
ENST00000275815.4	0	0	0	0
ENST00000275820.4	467	66	446	41
ENST00000275954.4	327	36	380	33
ENST00000276054.9	8	1	6	1
ENST00000276055.4	30	1	29	1
ENST00000276072.7	499	97	119	22
ENST00000276079.13	1108	626	2197	905
ENST00000276101.7	0	0	0	0
ENST00000276127.9	2	2	2	1
ENST00000276173.5	0	0	0	0
ENST00000276185.8	1	0	1	0
ENST00000276198.6	8	0	8	0
ENST00000276201.7	785	175	747	139
ENST00000276202.8	388	73	490	60
ENST00000276211.10	3	0	2	0
ENST00000276218.4	0	0	0	0
ENST00000276241.10	4	0	5	0
ENST00000276282.7	100	43	93	35
ENST00000276297.9	5	1	5	1
ENST00000276390.7	961	90	982	74
ENST00000276410.7	0	0	0	0
ENST00000276414.4	0	0	0	0
ENST00000276416.11	249	35	247	26
ENST00000276420.9	1	0	0	0
ENST00000276431.9	695	79	605	55
ENST00000276440.12	744	95	713	75
ENST00000276449.9	0	0	0	0
ENST00000276480.11	3	0	3	0
ENST00000276500.4	68	3	65	3
ENST00000276520.12	460	40	474	26
ENST00000276533.4	569	58	569	43
ENST00000276569.8	501	30	556	26
ENST00000276570.10	0	0	0	0
ENST00000276571.5	0	0	0	0
ENST00000276585.9	409	58	210	37
ENST00000276590.5	436	29	438	24
ENST00000276594.3	0	0	0	0
ENST00000276603.10	155	22	661	55
ENST00000276616.3	0	0	0	0
ENST00000276654.9	637	49	626	43
ENST00000276659.10	0	0	0	0
ENST00000276689.8	661	335	809	286
ENST00000276692.11	372	54	711	54
ENST00000276704.6	61	14	56	10
ENST00000276708.9	4	3	2	2
ENST00000276816.8	144	17	96	13
ENST00000276826.5	87	16	82	15
ENST00000276893.10	655	190	747	162
ENST00000276914.7	299	9	334	8
ENST00000276925.7	161	31	112	18
ENST00000276927.3	0	0	0	0
ENST00000276943.2	0	0	0	0
ENST00000277010.9	949	510	858	404
ENST00000277165.11	1677	389	1657	310
ENST00000277216.3	0	0	0	0
ENST00000277225.10	411	60	404	46
ENST00000277309.3	0	0	0	0
ENST00000277458.5	475	60	454	41
ENST00000277517.2	0	2	0	0
ENST00000277526.7	0	0	0	0
ENST00000277540.7	355	45	347	34
ENST00000277554.4	531	125	476	103
ENST00000277570.10	115	1	110	1
ENST00000277632.8	379	29	377	22
ENST00000277746.11	80	4	271	20
ENST00000277865.5	461	105	105	12
ENST00000277874.10	0	0	1	0
ENST00000277900.12	523	57	514	44
ENST00000277942.7	0	0	0	0
ENST00000278025.9	188	13	182	11
ENST00000278060.10	6	0	2	0
ENST00000278070.7	898	164	872	130
ENST00000278071.6	866	170	837	138
ENST00000278100.11	1006	246	983	175
ENST00000278174.9	241	25	362	33
ENST00000278193.7	910	62	900	48
ENST00000278198.2	0	0	0	0
ENST00000278200.5	170	12	273	10
ENST00000278222.7	0	0	0	0
ENST00000278243.9	181	28	175	18
ENST00000278282.3	0	0	0	0
ENST00000278302.9	17	2	17	2
ENST00000278314.5	27	0	23	0
ENST00000278319.10	0	0	0	0
ENST00000278379.9	1	0	1	0
ENST00000278407.9	2	1	2	0
ENST00000278409.1	0	0	0	0
ENST00000278412.7	2421	989	2336	737
ENST00000278422.9	308	72	743	102
ENST00000278426.8	28	0	27	0
ENST00000278460.12	663	90	646	71
ENST00000278483.8	229	42	452	50
ENST00000278505.5	256	17	272	17
ENST00000278550.12	0	0	0	0
ENST00000278601.6	0	0	0	0
ENST00000278612.9	484	25	471	17
ENST00000278616.8	754	122	743	96
ENST00000278618.9	652	75	651	51
ENST00000278671.10	383	94	376	74
ENST00000278742.6	1	0	1	0
ENST00000278780.7	0	0	0	0
ENST00000278823.7	1403	212	1363	165
ENST00000278826.11	495	19	474	14
ENST00000278829.7	763	157	729	117
ENST00000278833.3	57	11	57	7
ENST00000278836.9	40	5	41	2
ENST00000278840.9	1146	144	1102	104
ENST00000278853.9	1	0	1	0
ENST00000278855.7	0	0	0	0
ENST00000278865.8	0	0	0	0
ENST00000278886.11	73	81	69	65
ENST00000278888.8	0	0	0	0
ENST00000278903.11	352	135	443	120
ENST00000278927.10	6	0	7	0
ENST00000278935.8	343	95	325	76
ENST00000278937.7	11	0	11	0
ENST00000278947.6	0	0	0	0
ENST00000278949.9	36	0	37	0
ENST00000278980.10	28	6	36	5
ENST00000279022.7	1036	540	756	231
ENST00000279024.9	1	0	1	0
ENST00000279027.9	8	0	7	0
ENST00000279028.3	0	0	0	0
ENST00000279036.12	1120	287	1052	215
ENST00000279058.4	0	0	0	0
ENST00000279068.11	568	135	520	100
ENST00000279101.9	66	6	59	5
ENST00000279146.8	766	159	762	121
ENST00000279147.9	180	21	166	13
ENST00000279168.7	0	0	0	0
ENST00000279178.4	0	0	0	0
ENST00000279206.8	213	54	191	32
ENST00000279242.7	505	97	496	78
ENST00000279249.3	220	18	0	0
ENST00000279263.13	14	0	15	0
ENST00000279281.8	893	333	948	272
ENST00000279387.12	973	210	932	161
ENST00000279392.8	700	170	684	140
ENST00000279394.7	386	130	377	97
ENST00000279441.9	0	0	0	0
ENST00000279477.11	0	0	0	0
ENST00000279488.8	13	0	12	0
ENST00000279575.7	0	0	0	0
ENST00000279783.4	0	0	0	0
ENST00000279791.1	0	0	0	0
ENST00000279804.2	0	0	0	0
ENST00000279839.8	751	152	740	110
ENST00000279873.12	925	61	899	52
ENST00000279907.12	576	77	564	61
ENST00000280020.10	103	7	123	7
ENST00000280057.6	105	8	102	8
ENST00000280097.5	263	9	259	7
ENST00000280098.9	202	19	210	18
ENST00000280154.12	1783	257	1757	180
ENST00000280155.4	124	7	99	2
ENST00000280187.11	5	0	4	0
ENST00000280191.7	27	0	27	0
ENST00000280258.6	1120	197	1083	150
ENST00000280325.6	12	0	12	0
ENST00000280326.9	3108	2966	3990	2444
ENST00000280333.9	1480	259	1419	190
ENST00000280346.11	953	116	947	94
ENST00000280350.8	43	3	43	3
ENST00000280357.12	488	36	482	27
ENST00000280358.5	0	0	0	0
ENST00000280362.8	319	23	310	16
ENST00000280377.10	1328	211	1288	156
ENST00000280481.9	1	0	1	0
ENST00000280527.7	2318	359	2244	266
ENST00000280551.11	1378	167	1360	126
ENST00000280557.11	349	71	646	77
ENST00000280571.9	141	23	131	15
ENST00000280605.5	0	0	0	0
ENST00000280606.6	10	18	10	10
ENST00000280612.9	1788	121	1725	80
ENST00000280614.4	400	24	391	19
ENST00000280665.11	319	36	321	34
ENST00000280684.3	0	0	0	0
ENST00000280696.9	42	8	38	8
ENST00000280700.10	568	68	563	52
ENST00000280701.8	314	29	301	23
ENST00000280706.3	3	0	0	0
ENST00000280734.3	5	0	5	0
ENST00000280758.10	0	0	0	0
ENST00000280800.5	895	56	877	46
ENST00000280871.9	374	29	376	27
ENST00000280886.12	257	47	240	33
ENST00000280904.11	295	17	280	13
ENST00000280979.9	18	4	16	3
ENST00000280987.8	445	99	536	95
ENST00000281017.8	301	27	291	24
ENST00000281030.2	0	0	0	0
ENST00000281031.5	68	5	110	11
ENST00000281038.10	473	50	441	34
ENST00000281043.4	0	0	0	0
ENST00000281047.4	0	0	0	0
ENST00000281081.12	238	16	246	13
ENST00000281087.6	3	0	3	0
ENST00000281092.9	752	48	766	34
ENST00000281141.9	1338	302	1329	224
ENST00000281142.10	505	61	478	36
ENST00000281146.9	115	13	109	10
ENST00000281154.6	0	0	0	0
ENST00000281156.5	0	0	0	0
ENST00000281182.9	227	42	223	27
ENST00000281187.10	282	28	264	21
ENST00000281243.10	482	59	453	51
ENST00000281273.8	530	36	522	29
ENST00000281282.5	151	13	143	10
ENST00000281321.3	0	0	0	0
ENST00000281382.11	167	0	289	3
ENST00000281405.9	699	77	690	61
ENST00000281419.8	490	54	465	44
ENST00000281437.6	0	0	0	0
ENST00000281441.8	1	0	1	0
ENST00000281453.10	642	63	677	45
ENST00000281456.11	429	54	410	42
ENST00000281471.11	153	22	146	17
ENST00000281513.10	795	107	773	74
ENST00000281523.8	0	0	0	0
ENST00000281543.6	323	24	320	20
ENST00000281589.4	7	16	0	0
ENST00000281623.8	505	50	490	39
ENST00000281631.10	406	73	438	55
ENST00000281701.11	664	130	655	90
ENST00000281722.8	0	0	0	0
ENST00000281741.9	273	11	266	12
ENST00000281772.14	196	24	192	17
ENST00000281806.7	0	0	0	0
ENST00000281821.7	153	9	152	8
ENST00000281828.8	1390	270	1418	197
ENST00000281830.3	3	0	3	0
ENST00000281834.4	2	0	1	0
ENST00000281882.8	0	0	0	0
ENST00000281923.4	540	34	535	27
ENST00000281924.6	0	0	0	0
ENST00000281928.8	833	226	815	182
ENST00000281938.7	393	79	389	63
ENST00000281950.8	412	45	396	38
ENST00000281961.3	0	0	0	0
ENST00000282003.7	639	47	624	33
ENST00000282018.4	0	0	0	0
ENST00000282020.9	0	0	0	0
ENST00000282026.2	0	0	0	0
ENST00000282032.4	507	57	594	32
ENST00000282041.11	610	50	602	38
ENST00000282058.11	363	51	628	53
ENST00000282074.7	504	34	493	24
ENST00000282077.8	246	8	237	6
ENST00000282096.9	628	117	607	90
ENST00000282111.4	56	8	54	7
ENST00000282141.4	1	0	1	0
ENST00000282146.5	0	0	0	0
ENST00000282185.8	121	13	127	8
ENST00000282226.5	30	0	29	0
ENST00000282251.9	353	48	344	31
ENST00000282272.15	216	18	215	10
ENST00000282276.8	326	24	311	19
ENST00000282282.4	32	2	17	2
ENST00000282292.9	0	0	1	0
ENST00000282296.10	1	0	1	0
ENST00000282308.4	0	0	0	0
ENST00000282326.6	0	0	0	0
ENST00000282344.11	129	13	259	16
ENST00000282356.9	174	9	167	9
ENST00000282369.7	113	11	110	10
ENST00000282382.8	0	0	0	0
ENST00000282388.4	165	20	159	15
ENST00000282397.9	0	0	0	0
ENST00000282406.9	83	5	77	5
ENST00000282412.9	50	3	48	5
ENST00000282441.10	836	94	945	84
ENST00000282466.3	3909	694	3733	484
ENST00000282486.10	821	57	797	44
ENST00000282507.8	0	0	0	0
ENST00000282516.13	2703	532	2642	413
ENST00000282538.9	1	0	1	0
ENST00000282541.10	379	24	377	22
ENST00000282561.4	637	85	964	93
ENST00000282570.4	139	22	54	2
ENST00000282572.5	56	12	52	11
ENST00000282574.8	687	62	650	44
ENST00000282587.9	775	35	766	26
ENST00000282588.7	2622	333	2585	238
ENST00000282605.8	477	113	452	92
ENST00000282611.8	2	2	2	1
ENST00000282633.10	174	52	18	0
ENST00000282670.7	0	0	0	0
ENST00000282701.3	0	0	0	0
ENST00000282728.10	128	4	129	3
ENST00000282753.6	21	0	19	0
ENST00000282841.9	367	55	362	39
ENST00000282849.10	0	0	0	0
ENST00000282869.11	0	0	0	0
ENST00000282878.6	18	3	17	3
ENST00000282892.4	378	25	442	24
ENST00000282903.10	2873	600	2825	436
ENST00000282908.10	317	41	308	29
ENST00000282924.9	0	1	0	0
ENST00000282928.5	4	0	3	0
ENST00000283006.7	683	53	676	35
ENST00000283025.7	0	0	0	0
ENST00000283027.10	419	64	426	45
ENST00000283033.9	477	131	481	106
ENST00000283109.8	826	58	815	47
ENST00000283122.7	472	40	468	35
ENST00000283131.4	2591	502	2447	354
ENST00000283141.11	0	0	0	0
ENST00000283147.7	451	115	401	85
ENST00000283195.11	1238	362	937	235
ENST00000283206.9	320	24	313	15
ENST00000283225.2	0	0	0	0
ENST00000283228.7	22	0	21	0
ENST00000283233.10	3	3	4	3
ENST00000283243.13	352	44	337	29
ENST00000283249.7	41	8	40	6
ENST00000283254.12	212	41	156	21
ENST00000283268.8	0	0	0	0
ENST00000283290.10	769	132	782	94
ENST00000283296.12	0	0	0	0
ENST00000283303.3	0	0	0	0
ENST00000283351.9	773	56	753	41
ENST00000283357.10	0	0	0	0
ENST00000283415.4	1328	303	1279	251
ENST00000283441.12	0	6	0	2
ENST00000283474.12	168	13	128	6
ENST00000283547.2	0	0	0	0
ENST00000283550.8	0	0	0	0
ENST00000283629.8	626	128	617	86
ENST00000283632.5	536	37	656	37
ENST00000283646.5	301	25	323	18
ENST00000283713.10	1	0	1	0
ENST00000283752.10	0	0	0	0
ENST00000283871.10	1	0	1	0
ENST00000283875.6	579	29	573	25
ENST00000283882.4	548	98	525	65
ENST00000283905.8	22	0	22	0
ENST00000283916.11	0	0	0	0
ENST00000283921.5	182	21	136	14
ENST00000283928.10	228	10	222	7
ENST00000283946.8	69	2	87	1
ENST00000284027.5	184	11	184	9
ENST00000284031.13	593	47	602	41
ENST00000284061.8	186	29	179	20
ENST00000284073.7	547	85	534	60
ENST00000284110.2	0	0	0	0
ENST00000284116.9	28	1	28	1
ENST00000284136.10	495	32	493	25
ENST00000284142.7	0	0	0	0
ENST00000284154.9	0	0	0	0
ENST00000284202.9	398	46	433	35
ENST00000284240.10	88	0	86	0
ENST00000284245.9	19	4	18	4
ENST00000284262.3	30	56	30	41
ENST00000284268.8	1183	459	1163	365
ENST00000284273.6	48	4	48	3
ENST00000284274.5	885	85	866	76
ENST00000284288.3	0	0	0	0
ENST00000284292.11	50	2	49	2
ENST00000284311.5	0	0	0	0
ENST00000284320.6	1170	111	1150	87
ENST00000284376.7	454	141	458	118
ENST00000284382.8	0	0	0	0
ENST00000284425.7	0	0	0	0
ENST00000284440.9	3	0	4	0
ENST00000284476.7	638	93	615	71
ENST00000284483.12	64	15	64	8
ENST00000284486.9	3	0	2	0
ENST00000284503.7	78	6	84	4
ENST00000284509.11	2	1	2	1
ENST00000284523.2	0	0	0	0
ENST00000284551.11	250	42	229	36
ENST00000284601.4	1	0	1	0
ENST00000284617.7	163	8	159	6
ENST00000284629.7	19	0	18	0
ENST00000284637.14	365	60	360	54
ENST00000284669.2	3	0	3	0
ENST00000284674.2	0	0	0	0
ENST00000284690.4	648	93	639	84
ENST00000284694.11	8	0	8	0
ENST00000284719.8	445	77	1157	119
ENST00000284727.8	779	220	812	159
ENST00000284771.7	236	15	228	11
ENST00000284818.7	3	0	2	0
ENST00000284856.4	6	1	0	0
ENST00000284878.12	357	15	574	14
ENST00000284881.9	253	17	249	13
ENST00000284885.8	0	0	0	0
ENST00000284951.9	0	0	0	0
ENST00000284957.9	409	16	11	2
ENST00000284984.8	1185	133	1132	95
ENST00000284987.6	88	5	84	4
ENST00000284995.11	300	37	305	25
ENST00000285013.11	14	1	10	0
ENST00000285018.5	0	0	0	0
ENST00000285021.12	610	125	588	87
ENST00000285039.12	10	0	10	0
ENST00000285046.10	0	0	0	0
ENST00000285071.9	230	26	182	18
ENST00000285093.15	733	108	793	106
ENST00000285106.10	373	90	363	74
ENST00000285116.8	409	54	387	26
ENST00000285199.12	85	19	83	19
ENST00000285208.9	68	6	56	5
ENST00000285238.13	1453	446	1406	328
ENST00000285243.7	451	86	439	68
ENST00000285279.10	35	10	283	40
ENST00000285298.9	0	0	0	0
ENST00000285311.8	0	0	0	0
ENST00000285379.10	68	5	65	4
ENST00000285381.3	0	0	0	0
ENST00000285393.4	0	0	0	0
ENST00000285398.7	802	139	801	120
ENST00000285402.4	0	0	0	0
ENST00000285407.11	836	76	811	60
ENST00000285419.8	140	16	138	12
ENST00000285420.8	464	61	446	41
ENST00000285518.11	669	94	686	73
ENST00000285599.8	344	73	334	60
ENST00000285605.8	205	16	197	14
ENST00000285667.4	1088	110	1056	86
ENST00000285689.8	74	4	72	3
ENST00000285697.9	230	14	223	8
ENST00000285735.6	765	234	707	178
ENST00000285737.9	1178	93	1164	73
ENST00000285805.3	0	0	0	0
ENST00000285814.9	564	110	927	97
ENST00000285848.9	963	177	945	132
ENST00000285871.5	4	5	3	4
ENST00000285873.8	1594	182	1517	129
ENST00000285879.5	0	0	0	0
ENST00000285900.10	0	4	0	0
ENST00000285928.2	5	1	5	1
ENST00000285930.9	942	491	1452	501
ENST00000285947.5	108	12	109	4
ENST00000285968.11	3154	518	3130	397
ENST00000285979.11	0	0	0	0
ENST00000286031.10	672	66	659	51
ENST00000286049.3	1	0	1	0
ENST00000286063.11	0	0	0	0
ENST00000286070.10	337	32	329	21
ENST00000286096.9	49	7	48	6
ENST00000286186.11	28	1	24	0
ENST00000286201.2	108	10	68	7
ENST00000286234.6	146	17	143	16
ENST00000286298.5	1082	58	1034	37
ENST00000286301.7	11	0	11	0
ENST00000286307.6	170	4	168	2
ENST00000286317.6	389	29	372	18
ENST00000286349.4	0	0	0	0
ENST00000286353.9	256	18	256	14
ENST00000286355.10	1	0	1	0
ENST00000286364.9	210	41	206	27
ENST00000286371.8	999	175	1357	152
ENST00000286398.11	2370	360	2342	259
ENST00000286428.7	820	108	810	83
ENST00000286448.12	0	0	596	39
ENST00000286479.4	3	0	1	0
ENST00000286548.9	171	21	355	24
ENST00000286574.9	1	0	1	0
ENST00000286614.11	0	0	0	0
ENST00000286627.10	86	25	87	18
ENST00000286639.8	0	0	0	0
ENST00000286648.10	607	55	598	37
ENST00000286657.10	282	8	263	7
ENST00000286688.6	89	2	94	2
ENST00000286692.8	407	41	401	31
ENST00000286713.7	1433	238	1421	186
ENST00000286719.12	0	0	0	0
ENST00000286732.5	0	0	0	0
ENST00000286733.9	328	40	313	27
ENST00000286744.10	204	14	192	12
ENST00000286758.4	0	0	0	0
ENST00000286760.5	152	9	194	11
ENST00000286788.9	1819	645	2707	627
ENST00000286794.5	0	0	0	0
ENST00000286808.5	0	0	0	0
ENST00000286827.7	0	0	0	0
ENST00000286835.12	581	71	569	55
ENST00000286918.9	21	14	20	15
ENST00000286955.5	0	0	0	0
ENST00000287008.7	2	1	2	0
ENST00000287020.7	0	0	0	0
ENST00000287022.10	461	234	813	281
ENST00000287025.4	452	35	449	24
ENST00000287042.5	0	0	0	0
ENST00000287078.7	265	46	258	41
ENST00000287097.6	2121	125	2070	100
ENST00000287139.8	0	3	0	2
ENST00000287143.2	0	0	0	0
ENST00000287152.12	0	0	0	0
ENST00000287156.9	41	5	43	2
ENST00000287169.8	417	77	398	63
ENST00000287202.10	0	0	0	0
ENST00000287218.9	274	39	285	33
ENST00000287239.10	386	106	368	78
ENST00000287275.6	0	0	0	0
ENST00000287322.5	342	4	458	10
ENST00000287380.6	533	29	526	24
ENST00000287387.7	198	12	197	9
ENST00000287394.10	1906	370	1851	280
ENST00000287437.8	589	42	591	31
ENST00000287461.8	57	24	47	17
ENST00000287482.6	578	40	585	31
ENST00000287490.5	0	0	0	0
ENST00000287538.10	0	0	0	0
ENST00000287585.8	0	0	0	0
ENST00000287590.6	7	0	7	0
ENST00000287598.11	1898	407	1813	277
ENST00000287600.9	227	6	218	7
ENST00000287641.4	3	0	3	0
ENST00000287652.8	267	98	258	75
ENST00000287667.12	227	86	16	1
ENST00000287675.10	301	30	297	26
ENST00000287706.8	169	50	202	30
ENST00000287713.7	4	0	3	0
ENST00000287721.13	0	0	0	0
ENST00000287727.7	222	39	253	39
ENST00000287748.8	0	0	0	0
ENST00000287777.5	0	0	0	0
ENST00000287814.5	93	4	92	3
ENST00000287820.10	165	16	154	12
ENST00000287842.7	291	20	272	13
ENST00000287844.7	0	1	5	9
ENST00000287859.11	658	49	661	38
ENST00000287878.9	186	38	181	26
ENST00000287907.3	0	0	0	0
ENST00000287913.10	0	5	0	5
ENST00000287916.8	406	19	394	19
ENST00000287934.4	193	32	140	21
ENST00000287936.9	1902	198	1884	160
ENST00000287957.5	256	18	248	9
ENST00000287996.8	451	45	500	21
ENST00000288014.7	141	14	135	12
ENST00000288022.2	216	19	111	10
ENST00000288025.4	0	3	0	2
ENST00000288050.9	150	30	386	44
ENST00000288071.11	300	48	148	15
ENST00000288078.11	137	35	133	23
ENST00000288087.12	222	22	214	17
ENST00000288135.6	10	0	10	0
ENST00000288139.11	1	0	1	0
ENST00000288167.8	17	0	16	0
ENST00000288177.10	9	1	8	0
ENST00000288207.7	1221	223	1341	180
ENST00000288221.11	0	0	0	0
ENST00000288228.10	49	14	47	9
ENST00000288235.9	949	134	924	105
ENST00000288266.8	955	79	953	51
ENST00000288368.5	0	0	0	0
ENST00000288462.4	8	6	8	4
ENST00000288502.9	159	14	160	13
ENST00000288532.11	458	48	447	29
ENST00000288607.3	244	60	247	47
ENST00000288616.7	0	0	0	0
ENST00000288670.14	554	113	526	78
ENST00000288699.11	0	0	0	0
ENST00000288710.7	0	0	0	0
ENST00000288723.8	168	24	173	15
ENST00000288840.10	102	15	98	15
ENST00000288861.5	0	0	0	0
ENST00000288912.9	241	15	233	14
ENST00000288937.7	603	117	592	99
ENST00000288943.5	171	12	145	10
ENST00000288985.12	183	27	176	20
ENST00000289004.8	1208	415	1185	316
ENST00000289013.11	4	1	4	1
ENST00000289081.8	477	56	475	45
ENST00000289104.8	119	23	107	18
ENST00000289119.7	518	20	515	16
ENST00000289166.6	211	10	203	8
ENST00000289228.7	274	36	239	28
ENST00000289248.6	18	0	18	0
ENST00000289269.7	87	5	78	5
ENST00000289272.3	0	0	0	0
ENST00000289316.2	480	13	121	3
ENST00000289359.6	395	46	383	35
ENST00000289361.11	57	11	37	6
ENST00000289371.11	2062	653	1977	470
ENST00000289373.5	17	0	0	0
ENST00000289382.8	668	46	648	36
ENST00000289388.4	0	0	0	0
ENST00000289416.10	4	9	3	0
ENST00000289429.6	0	0	0	0
ENST00000289448.2	0	0	0	0
ENST00000289473.10	0	0	1	0
ENST00000289488.7	26	1	25	1
ENST00000289528.10	165	11	166	9
ENST00000289575.10	0	0	0	0
ENST00000289672.6	0	0	0	0
ENST00000289707.10	0	0	0	0
ENST00000289746.3	2	0	2	0
ENST00000289753.2	7	0	7	0
ENST00000289779.7	0	0	0	0
ENST00000289788.4	0	0	0	0
ENST00000289805.10	69	0	67	0
ENST00000289815.12	0	1	0	0
ENST00000289902.2	0	0	0	0
ENST00000289921.8	168	25	161	19
ENST00000289957.3	0	0	0	0
ENST00000289968.11	1705	325	1674	248
ENST00000289989.10	6	0	6	0
ENST00000290015.7	0	0	0	0
ENST00000290039.6	639	52	632	39
ENST00000290079.9	189	42	211	32
ENST00000290122.8	0	0	0	0
ENST00000290130.4	290	31	294	22
ENST00000290155.8	180	24	204	19
ENST00000290158.9	4000	1594	3986	1235
ENST00000290167.11	2	0	2	0
ENST00000290200.7	481	30	8	0
ENST00000290209.9	220	13	213	11
ENST00000290216.14	396	72	390	59
ENST00000290219.10	268	59	256	46
ENST00000290231.11	710	109	693	89
ENST00000290246.11	609	45	620	30
ENST00000290271.7	3	0	3	0
ENST00000290291.10	600	235	561	197
ENST00000290294.5	0	0	0	0
ENST00000290295.8	32	5	32	3
ENST00000290299.7	1095	379	1063	286
ENST00000290310.3	0	0	0	0
ENST00000290330.7	790	389	815	282
ENST00000290341.8	785	101	741	85
ENST00000290349.11	971	293	854	211
ENST00000290354.6	138	18	120	13
ENST00000290363.6	3	1	3	1
ENST00000290374.5	0	0	0	0
ENST00000290378.6	1168	259	676	98
ENST00000290390.9	0	2	0	0
ENST00000290399.11	132	24	128	18
ENST00000290417.6	0	0	0	0
ENST00000290418.4	68	21	62	14
ENST00000290429.11	464	72	436	56
ENST00000290438.3	0	0	0	0
ENST00000290472.4	0	0	0	0
ENST00000290510.10	798	215	781	184
ENST00000290524.8	534	228	517	169
ENST00000290541.7	1373	760	1326	592
ENST00000290551.5	55	2	52	2
ENST00000290552.8	0	1	0	0
ENST00000290567.14	0	0	0	0
ENST00000290573.7	408	88	672	63
ENST00000290583.9	0	0	0	0
ENST00000290607.12	40	56	36	50
ENST00000290649.10	805	99	786	72
ENST00000290650.9	938	119	937	96
ENST00000290691.9	0	5	0	1
ENST00000290705.12	0	0	0	0
ENST00000290722.1	0	0	0	0
ENST00000290759.9	41	2	37	0
ENST00000290765.8	20	3	329	19
ENST00000290776.13	382	41	373	29
ENST00000290810.8	1405	145	1415	110
ENST00000290855.11	7	0	6	0
ENST00000290866.10	0	0	0	0
ENST00000290868.7	0	0	0	0
ENST00000290881.11	26	15	35	21
ENST00000290913.8	185	30	182	17
ENST00000290943.10	53	33	16	4
ENST00000290949.8	873	89	857	73
ENST00000290953.3	0	0	0	0
ENST00000290974.7	22	6	22	4
ENST00000291009.4	0	0	0	0
ENST00000291041.6	86	44	83	39
ENST00000291182.9	62	12	49	4
ENST00000291232.4	1	0	1	0
ENST00000291294.7	0	0	0	0
ENST00000291295.14	718	190	647	144
ENST00000291386.4	586	188	561	138
ENST00000291416.10	203	33	193	24
ENST00000291439.7	640	59	567	38
ENST00000291442.3	267	85	256	63
ENST00000291458.9	239	30	515	28
ENST00000291481.8	0	0	0	0
ENST00000291495.5	0	0	0	0
ENST00000291526.5	0	0	0	0
ENST00000291527.3	0	0	0	0
ENST00000291535.11	0	0	0	0
ENST00000291536.8	0	0	0	0
ENST00000291547.10	269	15	254	15
ENST00000291552.8	0	0	0	0
ENST00000291554.6	0	0	0	0
ENST00000291560.7	37	14	76	12
ENST00000291565.9	1219	369	1197	300
ENST00000291568.7	352	140	358	128
ENST00000291572.13	378	56	378	44
ENST00000291574.9	408	76	457	74
ENST00000291576.12	25	3	0	0
ENST00000291577.11	8	0	0	0
ENST00000291582.6	0	0	0	0
ENST00000291592.6	29	5	29	2
ENST00000291670.9	0	0	0	0
ENST00000291672.6	107	11	104	10
ENST00000291688.6	1106	320	1082	240
ENST00000291691.12	15	20	12	16
ENST00000291700.9	0	0	0	0
ENST00000291707.8	0	0	0	0
ENST00000291715.5	23	0	17	0
ENST00000291744.11	0	0	0	0
ENST00000291759.5	0	0	0	0
ENST00000291823.3	0	0	0	0
ENST00000291825.11	2	2	1	1
ENST00000291842.10	600	102	565	79
ENST00000291860.1	0	0	2	0
ENST00000291890.9	0	0	0	0
ENST00000291900.7	806	115	791	92
ENST00000291906.5	484	300	478	230
ENST00000291934.4	25	9	24	5
ENST00000292035.10	145	12	659	42
ENST00000292079.7	0	0	0	0
ENST00000292090.8	311	34	296	24
ENST00000292114.8	330	42	325	34
ENST00000292125.6	0	2	0	0
ENST00000292140.9	48	11	48	6
ENST00000292147.7	260	19	259	18
ENST00000292169.6	3	1	2	1
ENST00000292174.5	1	0	1	0
ENST00000292211.5	785	221	740	170
ENST00000292246.8	889	104	918	82
ENST00000292291.10	0	3	0	2
ENST00000292303.4	0	0	0	0
ENST00000292330.3	260	64	245	54
ENST00000292363.10	387	108	431	100
ENST00000292377.4	11	0	10	0
ENST00000292401.9	1	0	1	0
ENST00000292408.9	186	35	151	25
ENST00000292427.10	0	0	0	0
ENST00000292430.10	830	263	784	214
ENST00000292431.5	700	134	656	100
ENST00000292432.10	0	0	0	0
ENST00000292450.9	147	20	110	13
ENST00000292476.10	372	75	335	49
ENST00000292478.9	0	0	0	0
ENST00000292510.6	548	106	516	76
ENST00000292513.4	1	0	1	0
ENST00000292524.6	286	45	271	36
ENST00000292530.11	74	23	66	10
ENST00000292539.8	78	74	76	63
ENST00000292562.12	190	53	133	32
ENST00000292566.4	205	25	200	22
ENST00000292574.4	0	0	0	0
ENST00000292577.11	0	0	69	34
ENST00000292586.11	70	44	64	6
ENST00000292591.12	834	612	803	480
ENST00000292596.15	0	0	0	0
ENST00000292599.4	465	72	443	52
ENST00000292609.8	0	0	0	0
ENST00000292614.9	56	17	45	13
ENST00000292616.10	495	91	476	70
ENST00000292641.4	0	0	0	0
ENST00000292672.7	0	0	0	0
ENST00000292778.11	278	44	253	36
ENST00000292779.4	0	0	0	0
ENST00000292782.9	594	42	816	44
ENST00000292823.6	654	91	433	50
ENST00000292841.10	28	7	6	0
ENST00000292852.9	54	19	48	10
ENST00000292853.9	3	0	3	0
ENST00000292894.2	40	3	40	3
ENST00000292896.3	2	0	2	0
ENST00000292907.8	0	0	0	0
ENST00000293190.10	0	0	0	0
ENST00000293195.10	306	43	302	32
ENST00000293230.10	4	0	4	0
ENST00000293255.3	0	0	0	0
ENST00000293261.8	81	11	78	10
ENST00000293303.5	0	0	0	0
ENST00000293328.8	772	162	604	78
ENST00000293330.1	1	0	0	0
ENST00000293350.9	461	75	436	63
ENST00000293373.11	0	0	0	0
ENST00000293379.9	2539	621	2484	493
ENST00000293404.8	41	1	38	1
ENST00000293405.7	0	0	0	0
ENST00000293414.6	0	10	0	3
ENST00000293441.5	0	0	0	0
ENST00000293443.12	81	7	80	5
ENST00000293471.11	53	4	27	4
ENST00000293502.2	0	0	0	0
ENST00000293549.4	0	0	0	0
ENST00000293599.7	0	0	0	0
ENST00000293636.2	0	0	0	0
ENST00000293662.9	0	0	0	0
ENST00000293670.3	3	0	1	0
ENST00000293683.9	156	48	144	36
ENST00000293695.8	13	3	14	2
ENST00000293725.10	5	0	2	0
ENST00000293745.7	1	6	1	0
ENST00000293756.5	0	0	0	0
ENST00000293760.10	403	77	395	65
ENST00000293761.8	0	0	0	0
ENST00000293771.10	77	14	70	13
ENST00000293777.6	288	35	285	28
ENST00000293778.12	92	4	91	2
ENST00000293805.10	1	0	1	0
ENST00000293825.11	2	0	2	0
ENST00000293826.4	0	0	0	0
ENST00000293829.9	19	7	18	5
ENST00000293831.13	720	637	2484	1262
ENST00000293845.8	2	0	1	0
ENST00000293851.9	1	0	1	0
ENST00000293860.6	312	33	325	23
ENST00000293861.8	202	122	202	84
ENST00000293872.12	520	148	497	129
ENST00000293883.9	226	65	223	56
ENST00000293894.4	0	0	0	0
ENST00000293897.5	0	0	0	0
ENST00000293971.10	233	73	227	65
ENST00000293973.2	43	4	42	3
ENST00000294008.4	170	69	167	61
ENST00000294016.8	886	186	856	151
ENST00000294064.9	254	10	249	8
ENST00000294072.9	379	44	368	38
ENST00000294117.6	0	0	0	0
ENST00000294168.8	329	79	331	69
ENST00000294179.8	582	113	573	78
ENST00000294189.11	62	64	899	362
ENST00000294244.9	262	99	259	78
ENST00000294258.8	355	69	347	58
ENST00000294288.5	0	0	0	0
ENST00000294304.12	1474	671	1310	525
ENST00000294309.8	197	26	191	18
ENST00000294312.4	0	0	0	0
ENST00000294338.7	1	0	1	0
ENST00000294339.3	0	0	0	0
ENST00000294353.7	541	16	532	16
ENST00000294360.5	363	37	355	36
ENST00000294383.7	1340	225	1337	164
ENST00000294413.13	1	0	0	0
ENST00000294435.8	0	0	0	0
ENST00000294454.6	0	0	0	0
ENST00000294484.7	1	0	1	0
ENST00000294485.6	0	0	0	0
ENST00000294489.10	0	0	0	0
ENST00000294507.4	0	0	0	0
ENST00000294517.11	70	11	67	5
ENST00000294543.10	291	43	271	35
ENST00000294600.7	0	0	0	0
ENST00000294613.9	372	18	367	17
ENST00000294618.12	287	82	273	68
ENST00000294635.4	0	0	0	0
ENST00000294664.11	13	0	12	0
ENST00000294671.3	0	0	0	0
ENST00000294702.6	2	0	2	0
ENST00000294724.8	1065	115	1045	77
ENST00000294725.13	36	0	38	0
ENST00000294728.7	0	0	0	0
ENST00000294753.8	267	87	250	67
ENST00000294785.10	1625	261	1604	211
ENST00000294794.7	61	10	58	8
ENST00000294811.2	127	8	122	6
ENST00000294818.2	0	0	0	0
ENST00000294829.5	0	0	0	0
ENST00000294854.13	0	0	0	0
ENST00000294889.6	12	0	13	0
ENST00000294952.13	323	41	323	29
ENST00000294954.12	2	0	1	0
ENST00000294964.6	119	93	112	78
ENST00000294973.11	0	0	0	0
ENST00000295006.6	1955	616	1833	451
ENST00000295025.12	315	5	306	4
ENST00000295030.6	479	26	462	17
ENST00000295049.9	0	0	0	0
ENST00000295050.12	367	31	353	23
ENST00000295055.12	0	0	0	0
ENST00000295057.4	0	0	0	0
ENST00000295065.9	135	12	675	38
ENST00000295079.6	384	54	377	44
ENST00000295082.3	0	2	0	2
ENST00000295083.8	103	5	100	4
ENST00000295087.13	105	29	164	26
ENST00000295092.3	0	0	0	0
ENST00000295095.11	0	0	0	0
ENST00000295101.3	4	0	4	0
ENST00000295108.3	0	0	0	0
ENST00000295113.5	4	2	5	2
ENST00000295119.9	449	32	503	24
ENST00000295121.11	422	50	6	2
ENST00000295124.9	628	40	611	27
ENST00000295131.3	11	0	10	0
ENST00000295148.9	386	35	376	23
ENST00000295150.8	0	0	0	0
ENST00000295171.10	5	1	1	0
ENST00000295190.9	286	14	293	13
ENST00000295201.5	0	0	17	1
ENST00000295206.7	31	5	28	5
ENST00000295208.7	49	12	32	8
ENST00000295213.9	0	0	0	0
ENST00000295226.1	0	0	0	0
ENST00000295228.4	12	0	10	0
ENST00000295240.8	5	0	7	0
ENST00000295256.10	0	0	0	0
ENST00000295266.6	2	0	0	0
ENST00000295268.4	0	0	0	0
ENST00000295269.5	0	0	0	0
ENST00000295304.5	397	15	393	10
ENST00000295314.9	0	0	0	0
ENST00000295317.4	439	20	421	18
ENST00000295321.9	1511	324	1431	241
ENST00000295379.2	0	0	0	0
ENST00000295400.11	1	0	1	0
ENST00000295408.9	22	3	21	0
ENST00000295414.7	126	19	179	15
ENST00000295417.4	49	3	37	0
ENST00000295448.8	512	16	496	13
ENST00000295452.5	0	0	0	0
ENST00000295453.8	14	1	2	0
ENST00000295454.8	2	0	2	0
ENST00000295461.10	5	0	6	0
ENST00000295463.4	2	0	1	0
ENST00000295488.8	222	40	203	33
ENST00000295491.9	293	53	531	41
ENST00000295522.4	80	4	80	3
ENST00000295542.6	7	9	6	8
ENST00000295550.9	13	0	12	0
ENST00000295569.12	0	0	0	0
ENST00000295588.9	274	19	272	13
ENST00000295589.4	7	1	8	0
ENST00000295598.10	3438	1183	3095	864
ENST00000295622.6	0	0	0	0
ENST00000295628.4	751	47	738	40
ENST00000295633.8	2223	1145	2194	845
ENST00000295640.9	1123	157	1077	115
ENST00000295645.9	0	0	0	0
ENST00000295666.6	1359	392	1317	283
ENST00000295682.5	545	184	652	161
ENST00000295683.3	0	0	0	0
ENST00000295685.14	1367	475	1380	370
ENST00000295688.8	3197	1824	3144	1330
ENST00000295694.9	26	6	26	4
ENST00000295702.9	1061	424	1026	330
ENST00000295704.7	426	53	416	42
ENST00000295709.8	260	53	250	36
ENST00000295718.7	575	132	558	111
ENST00000295727.2	0	0	0	0
ENST00000295728.7	1	0	1	0
ENST00000295731.7	0	0	0	0
ENST00000295746.13	1130	155	1130	114
ENST00000295754.10	422	58	416	43
ENST00000295755.6	0	0	0	0
ENST00000295756.11	0	0	0	0
ENST00000295757.8	56	0	54	0
ENST00000295759.12	119	23	118	17
ENST00000295766.9	251	145	98	15
ENST00000295770.4	3133	622	3102	461
ENST00000295777.9	395	12	401	12
ENST00000295797.5	747	73	1278	118
ENST00000295802.9	642	79	733	65
ENST00000295809.11	538	73	470	49
ENST00000295822.7	131	7	162	5
ENST00000295824.14	2	0	2	0
ENST00000295830.13	418	75	448	61
ENST00000295834.8	0	0	0	0
ENST00000295851.10	469	91	446	63
ENST00000295872.8	0	0	0	0
ENST00000295878.8	15	13	16	9
ENST00000295886.4	4	2	3	2
ENST00000295887.6	53	2	54	1
ENST00000295888.8	421	77	404	58
ENST00000295890.8	242	14	234	10
ENST00000295897.9	0	0	0	0
ENST00000295898.8	0	0	0	0
ENST00000295899.10	872	184	853	115
ENST00000295901.8	1267	211	1243	160
ENST00000295902.11	6	0	6	0
ENST00000295910.11	0	0	0	0
ENST00000295926.8	409	84	389	68
ENST00000295927.4	34	2	31	2
ENST00000295958.10	165	9	160	6
ENST00000295962.8	194	13	193	7
ENST00000295971.12	121	5	110	3
ENST00000295981.7	254	76	223	52
ENST00000295987.13	1	0	1	0
ENST00000295992.8	638	57	624	38
ENST00000296003.9	472	98	466	75
ENST00000296015.9	632	115	638	88
ENST00000296026.4	3	0	0	0
ENST00000296027.5	0	0	0	0
ENST00000296028.4	0	0	0	0
ENST00000296029.4	0	0	0	0
ENST00000296043.7	89	15	89	15
ENST00000296046.4	193	5	162	4
ENST00000296048.10	394	46	588	44
ENST00000296051.7	837	100	825	77
ENST00000296059.7	0	0	0	0
ENST00000296088.12	298	33	283	23
ENST00000296091.8	0	0	0	0
ENST00000296096.6	0	0	0	0
ENST00000296099.2	0	0	0	0
ENST00000296102.8	362	40	326	30
ENST00000296121.6	54	9	388	43
ENST00000296125.9	0	0	0	0
ENST00000296129.6	216	13	203	11
ENST00000296130.5	2	0	2	0
ENST00000296135.11	553	55	554	34
ENST00000296137.7	316	48	302	37
ENST00000296140.4	0	0	0	0
ENST00000296142.4	1	0	1	0
ENST00000296145.6	0	0	0	0
ENST00000296149.9	452	88	425	74
ENST00000296161.9	485	24	464	17
ENST00000296181.9	649	165	629	134
ENST00000296215.8	361	36	354	30
ENST00000296218.8	1	0	1	0
ENST00000296220.6	518	30	514	25
ENST00000296233.4	2	4	2	3
ENST00000296238.4	13	2	11	2
ENST00000296252.9	9	0	9	0
ENST00000296255.8	2516	828	2418	580
ENST00000296257.10	495	131	482	99
ENST00000296271.4	0	0	0	0
ENST00000296292.8	778	76	774	51
ENST00000296315.7	86	18	81	13
ENST00000296318.12	8	2	7	1
ENST00000296326.8	0	0	0	0
ENST00000296327.10	0	0	0	0
ENST00000296328.9	798	52	789	42
ENST00000296343.10	172	19	171	16
ENST00000296350.10	186	33	170	20
ENST00000296358.4	0	0	0	0
ENST00000296370.4	3	0	2	0
ENST00000296387.6	0	0	0	0
ENST00000296388.10	1424	180	1391	137
ENST00000296411.11	856	125	844	90
ENST00000296412.13	593	204	1642	302
ENST00000296417.6	456	268	907	330
ENST00000296420.9	0	0	0	0
ENST00000296422.12	1	0	1	0
ENST00000296424.9	213	15	404	24
ENST00000296435.2	0	0	0	0
ENST00000296438.9	0	0	0	0
ENST00000296444.6	318	52	360	47
ENST00000296452.5	7	0	8	0
ENST00000296456.10	1437	277	1402	213
ENST00000296464.9	1198	77	1163	45
ENST00000296468.8	224	12	221	12
ENST00000296474.8	18	6	17	5
ENST00000296484.7	496	53	483	51
ENST00000296486.8	6	2	6	1
ENST00000296490.8	546	72	917	70
ENST00000296498.3	174	61	169	47
ENST00000296499.6	11	0	9	0
ENST00000296503.10	1056	365	1025	273
ENST00000296504.4	230	23	358	25
ENST00000296506.8	0	0	0	0
ENST00000296509.11	461	65	862	60
ENST00000296511.10	2287	1025	2286	734
ENST00000296513.7	1	0	0	0
ENST00000296518.11	4	0	4	0
ENST00000296522.11	50	2	47	1
ENST00000296525.7	2	2	3	2
ENST00000296526.12	1	0	1	0
ENST00000296529.11	107	0	103	0
ENST00000296530.12	18	4	18	3
ENST00000296533.3	59	0	58	0
ENST00000296543.10	1870	230	1832	158
ENST00000296545.11	137	18	124	14
ENST00000296555.11	36	17	36	11
ENST00000296564.9	2195	763	2113	582
ENST00000296575.8	169	6	166	6
ENST00000296577.9	768	114	1641	150
ENST00000296581.11	255	24	276	20
ENST00000296582.8	555	63	551	50
ENST00000296585.10	162	4	162	2
ENST00000296589.9	0	1	0	1
ENST00000296591.10	2383	578	2284	434
ENST00000296595.10	278	36	346	26
ENST00000296597.10	242	61	754	123
ENST00000296600.5	0	0	0	0
ENST00000296603.5	641	58	633	46
ENST00000296632.8	388	29	373	20
ENST00000296641.5	128	3	125	2
ENST00000296657.7	96	11	89	9
ENST00000296658.4	1216	160	1195	119
ENST00000296662.9	29	2	30	2
ENST00000296666.13	1010	92	1003	76
ENST00000296674.13	425	442	1161	684
ENST00000296677.5	75	0	73	0
ENST00000296679.9	853	145	852	103
ENST00000296682.4	0	0	0	0
ENST00000296684.10	747	132	686	75
ENST00000296694.5	0	0	0	0
ENST00000296695.9	0	0	0	0
ENST00000296702.9	1481	306	1380	206
ENST00000296721.9	142	11	141	8
ENST00000296733.5	0	0	0	0
ENST00000296736.4	81	13	76	11
ENST00000296739.6	0	0	0	0
ENST00000296741.7	0	0	0	0
ENST00000296755.12	5035	543	4903	424
ENST00000296776.6	0	0	0	0
ENST00000296777.5	0	0	0	0
ENST00000296785.8	105	6	101	6
ENST00000296786.8	917	61	913	46
ENST00000296792.9	722	84	715	60
ENST00000296795.8	159	1	158	1
ENST00000296824.4	736	133	796	131
ENST00000296839.5	177	23	135	16
ENST00000296849.10	6	3	6	3
ENST00000296859.10	11	1	9	1
ENST00000296861.2	320	51	310	44
ENST00000296870.3	0	0	0	0
ENST00000296871.4	0	0	0	0
ENST00000296877.3	1	0	1	0
ENST00000296921.6	160	19	134	9
ENST00000296930.9	177	187	107	154
ENST00000296933.10	707	72	821	61
ENST00000296946.6	0	0	0	0
ENST00000296953.6	46	5	45	5
ENST00000297001.7	0	0	0	0
ENST00000297012.5	3	0	2	0
ENST00000297029.10	27	0	27	0
ENST00000297056.11	767	102	749	82
ENST00000297071.9	838	164	845	114
ENST00000297107.11	620	110	609	83
ENST00000297109.11	131	29	119	26
ENST00000297130.4	1	1	1	0
ENST00000297135.7	881	94	881	79
ENST00000297142.4	0	0	0	0
ENST00000297145.9	173	12	174	11
ENST00000297146.7	0	0	0	0
ENST00000297151.9	1063	205	1009	148
ENST00000297156.4	564	70	542	51
ENST00000297157.8	139	14	252	16
ENST00000297164.8	41	16	40	7
ENST00000297185.9	2277	852	3142	825
ENST00000297203.3	0	0	0	0
ENST00000297205.7	29	3	14	0
ENST00000297258.11	2	2	705	128
ENST00000297261.7	0	0	0	0
ENST00000297265.5	121	7	118	5
ENST00000297267.14	874	155	813	118
ENST00000297268.11	4	0	3	0
ENST00000297273.9	187	38	188	28
ENST00000297283.4	2	0	1	0
ENST00000297290.4	204	82	280	92
ENST00000297293.6	577	74	567	53
ENST00000297307.6	1	0	0	0
ENST00000297316.5	22	4	19	4
ENST00000297323.12	1	2	1	0
ENST00000297324.5	0	0	0	0
ENST00000297325.9	4	0	4	0
ENST00000297338.7	1806	480	2159	375
ENST00000297347.7	157	17	152	11
ENST00000297350.9	460	34	446	27
ENST00000297354.7	5	2	4	1
ENST00000297373.6	2	0	2	0
ENST00000297375.4	0	0	0	0
ENST00000297405.10	2	0	2	0
ENST00000297423.9	396	84	389	68
ENST00000297431.9	799	46	783	27
ENST00000297435.3	0	0	0	0
ENST00000297436.3	0	0	0	0
ENST00000297439.4	0	0	0	0
ENST00000297440.11	1004	149	990	113
ENST00000297459.4	24	4	23	3
ENST00000297477.10	104	7	97	4
ENST00000297488.10	34	4	34	3
ENST00000297494.8	0	0	0	0
ENST00000297508.8	114	46	103	41
ENST00000297524.8	0	0	0	0
ENST00000297532.11	164	88	157	76
ENST00000297534.7	78	25	90	29
ENST00000297537.4	0	0	0	0
ENST00000297540.5	896	122	979	102
ENST00000297565.8	62	6	50	3
ENST00000297578.9	84	19	80	15
ENST00000297581.2	0	0	0	0
ENST00000297591.10	1607	252	1546	172
ENST00000297596.3	57	4	55	2
ENST00000297613.4	304	44	297	29
ENST00000297623.7	0	0	0	0
ENST00000297625.8	230	25	224	23
ENST00000297632.7	308	25	299	21
ENST00000297661.9	747	121	719	100
ENST00000297668.10	62	14	21	0
ENST00000297679.10	65	5	60	3
ENST00000297689.4	456	50	444	39
ENST00000297737.11	0	0	0	0
ENST00000297770.10	0	0	0	0
ENST00000297784.10	0	0	0	0
ENST00000297785.8	1	0	0	0
ENST00000297788.9	34	8	33	8
ENST00000297814.7	6	3	27	3
ENST00000297819.4	0	0	0	0
ENST00000297848.8	21	6	21	4
ENST00000297857.3	550	99	534	65
ENST00000297873.9	77	7	77	6
ENST00000297904.4	0	0	0	0
ENST00000297913.3	0	0	0	0
ENST00000297933.11	1899	232	1854	174
ENST00000297988.6	1	0	1	0
ENST00000297990.9	1132	244	1126	196
ENST00000297991.6	645	62	621	50
ENST00000297994.4	172	26	174	19
ENST00000298048.7	1605	312	1510	230
ENST00000298050.7	3	0	3	0
ENST00000298068.9	243	33	237	21
ENST00000298097.7	396	42	379	31
ENST00000298119.8	2	0	2	0
ENST00000298125.7	61	0	66	0
ENST00000298130.5	238	44	252	31
ENST00000298139.7	585	93	566	72
ENST00000298159.11	666	94	638	71
ENST00000298181.6	0	0	0	0
ENST00000298198.5	705	45	681	37
ENST00000298223.11	0	0	0	0
ENST00000298229.7	1123	555	1079	465
ENST00000298231.5	0	0	0	0
ENST00000298248.12	35	1	36	1
ENST00000298251.5	0	0	0	0
ENST00000298281.8	560	102	537	66
ENST00000298282.14	1	0	1	0
ENST00000298283.5	6	1	0	0
ENST00000298288.11	576	57	532	42
ENST00000298289.7	189	66	403	70
ENST00000298292.12	438	34	419	26
ENST00000298295.4	1	0	1	0
ENST00000298299.4	238	26	187	24
ENST00000298307.10	628	68	619	40
ENST00000298310.10	1154	196	1158	128
ENST00000298316.7	468	101	489	86
ENST00000298317.9	274	54	279	42
ENST00000298351.5	253	35	221	21
ENST00000298352.4	0	0	0	0
ENST00000298355.7	21	4	20	2
ENST00000298375.12	2	0	2	0
ENST00000298386.7	1	0	1	0
ENST00000298396.7	0	0	0	0
ENST00000298428.14	201	15	192	5
ENST00000298440.5	0	0	0	0
ENST00000298492.6	434	43	426	35
ENST00000298510.4	764	172	993	146
ENST00000298527.10	0	0	0	0
ENST00000298532.2	381	108	375	88
ENST00000298537.11	418	258	529	238
ENST00000298542.8	0	0	0	0
ENST00000298545.4	4	0	4	0
ENST00000298552.9	492	84	485	61
ENST00000298556.8	1007	113	1014	89
ENST00000298569.9	123	48	172	61
ENST00000298573.9	360	64	352	48
ENST00000298585.3	450	91	447	81
ENST00000298596.11	5	0	4	0
ENST00000298630.8	230	52	215	42
ENST00000298681.5	1	0	1	0
ENST00000298690.5	0	0	0	0
ENST00000298694.9	503	136	491	114
ENST00000298699.7	0	0	0	0
ENST00000298705.6	9	1	9	1
ENST00000298717.9	761	161	747	109
ENST00000298738.3	0	0	0	0
ENST00000298743.9	404	104	385	88
ENST00000298746.5	470	50	442	38
ENST00000298767.10	1248	185	1216	137
ENST00000298786.4	133	31	523	96
ENST00000298815.13	457	51	627	42
ENST00000298832.14	432	93	423	75
ENST00000298854.7	0	0	0	0
ENST00000298875.9	1650	171	1618	138
ENST00000298876.8	0	2	0	1
ENST00000298892.9	63	45	56	31
ENST00000298910.12	0	0	0	0
ENST00000298912.9	26	0	26	0
ENST00000298943.4	0	0	0	0
ENST00000298966.7	66	6	65	3
ENST00000298999.7	221	18	207	15
ENST00000299001.11	18	3	16	1
ENST00000299022.10	1	0	0	0
ENST00000299045.8	127	12	125	8
ENST00000299084.9	221	12	206	7
ENST00000299088.11	74	18	70	12
ENST00000299106.9	0	0	0	0
ENST00000299138.12	1541	274	1958	243
ENST00000299140.8	0	0	0	0
ENST00000299155.10	4	0	4	0
ENST00000299157.5	961	64	909	49
ENST00000299162.10	0	0	0	0
ENST00000299163.7	403	26	388	19
ENST00000299164.3	344	39	330	23
ENST00000299166.9	62	34	173	39
ENST00000299174.10	0	0	0	0
ENST00000299178.4	0	0	0	0
ENST00000299191.4	0	0	0	0
ENST00000299192.8	550	67	523	53
ENST00000299213.10	138	29	124	21
ENST00000299237.2	63	9	57	9
ENST00000299238.7	434	85	420	73
ENST00000299275.10	1338	261	1304	195
ENST00000299290.5	0	0	0	0
ENST00000299295.7	1	0	1	0
ENST00000299299.4	223	12	222	11
ENST00000299300.11	2429	605	2411	450
ENST00000299308.7	0	0	0	0
ENST00000299314.12	633	95	626	75
ENST00000299320.10	15	0	15	0
ENST00000299335.8	549	90	687	78
ENST00000299338.11	22	4	19	4
ENST00000299339.3	0	0	0	0
ENST00000299340.9	0	0	0	0
ENST00000299353.6	0	0	0	0
ENST00000299367.10	1	0	1	0
ENST00000299402.10	463	55	450	44
ENST00000299413.7	636	226	625	180
ENST00000299415.3	0	0	0	0
ENST00000299424.9	461	147	450	108
ENST00000299427.12	729	50	719	47
ENST00000299432.7	4	2	4	1
ENST00000299440.5	0	0	0	0
ENST00000299441.5	2	0	2	0
ENST00000299443.5	0	0	0	0
ENST00000299454.4	0	0	0	0
ENST00000299459.2	0	0	0	0
ENST00000299481.5	0	0	0	0
ENST00000299492.9	15	3	14	2
ENST00000299505.7	196	34	198	31
ENST00000299506.3	268	57	266	49
ENST00000299518.7	853	78	835	54
ENST00000299529.7	0	0	0	0
ENST00000299563.5	468	30	448	22
ENST00000299565.9	726	54	705	41
ENST00000299575.5	155	68	223	73
ENST00000299578.9	8	0	7	0
ENST00000299601.10	1213	145	1226	118
ENST00000299608.7	1021	95	1009	67
ENST00000299610.5	539	52	519	43
ENST00000299626.10	1358	190	1309	130
ENST00000299633.7	235	44	225	34
ENST00000299638.8	130	23	319	55
ENST00000299642.10	0	0	0	0
ENST00000299663.8	0	0	0	0
ENST00000299665.3	0	0	0	0
ENST00000299687.9	402	40	394	31
ENST00000299697.11	102	13	99	13
ENST00000299698.12	0	0	0	0
ENST00000299705.10	655	123	602	88
ENST00000299709.7	0	0	0	0
ENST00000299721.3	0	0	0	0
ENST00000299727.5	0	0	0	0
ENST00000299736.5	209	42	192	24
ENST00000299752.9	0	0	0	0
ENST00000299766.5	0	0	0	0
ENST00000299767.10	3533	2630	4951	2115
ENST00000299798.16	23	11	23	10
ENST00000299824.6	0	0	0	0
ENST00000299847.7	2	0	1	0
ENST00000299853.10	566	125	556	108
ENST00000299855.10	0	0	0	0
ENST00000299866.13	11	0	11	0
ENST00000299871.9	101	24	65	13
ENST00000299882.11	5	0	4	0
ENST00000299886.9	678	81	655	51
ENST00000299957.11	447	76	618	70
ENST00000299977.9	295	20	268	16
ENST00000299980.8	1264	101	1260	66
ENST00000300006.9	168	35	168	31
ENST00000300026.4	1411	757	1350	280
ENST00000300030.8	402	124	435	88
ENST00000300035.9	89	22	124	19
ENST00000300036.6	1	8	0	0
ENST00000300055.10	0	0	0	0
ENST00000300056.8	126	11	123	10
ENST00000300057.4	27	5	24	5
ENST00000300060.7	633	82	596	61
ENST00000300061.3	0	0	0	0
ENST00000300069.5	53	6	58	2
ENST00000300086.5	526	73	544	66
ENST00000300087.7	552	50	558	37
ENST00000300093.9	1506	526	1612	440
ENST00000300098.3	0	0	0	0
ENST00000300101.3	66	13	66	10
ENST00000300105.6	0	0	0	0
ENST00000300107.7	971	167	962	117
ENST00000300113.3	0	0	0	0
ENST00000300127.2	0	0	0	0
ENST00000300128.9	684	44	674	31
ENST00000300131.8	237	23	238	17
ENST00000300134.8	837	186	821	152
ENST00000300145.4	140	4	135	3
ENST00000300146.10	412	72	536	60
ENST00000300151.5	612	99	572	65
ENST00000300175.8	52	3	54	0
ENST00000300176.9	170	14	166	13
ENST00000300179.7	3	8	3	6
ENST00000300181.7	164	59	159	48
ENST00000300182.8	0	0	0	0
ENST00000300184.8	0	0	0	0
ENST00000300190.7	0	0	0	0
ENST00000300209.13	41	0	41	1
ENST00000300213.9	520	46	504	30
ENST00000300226.7	0	0	0	0
ENST00000300249.10	755	42	733	34
ENST00000300255.7	213	42	233	34
ENST00000300258.8	0	0	0	0
ENST00000300283.10	3	0	0	0
ENST00000300289.10	857	436	2688	789
ENST00000300291.10	888	150	903	128
ENST00000300303.7	0	0	0	0
ENST00000300305.7	107	12	97	5
ENST00000300403.11	2234	800	2174	621
ENST00000300413.10	328	98	740	151
ENST00000300433.7	19	0	16	0
ENST00000300441.8	261	42	260	36
ENST00000300452.8	392	102	356	54
ENST00000300456.5	706	70	686	55
ENST00000300504.7	0	0	0	0
ENST00000300527.9	671	145	634	117
ENST00000300557.3	0	0	0	0
ENST00000300571.7	157	8	150	6
ENST00000300574.3	523	98	486	73
ENST00000300575.6	0	0	0	0
ENST00000300576.5	0	0	0	0
ENST00000300584.7	334	33	341	24
ENST00000300605.11	376	49	308	41
ENST00000300619.12	18	2	1	0
ENST00000300648.7	2594	596	2566	480
ENST00000300650.9	377	39	372	39
ENST00000300651.11	1191	192	1171	147
ENST00000300658.9	102	0	99	0
ENST00000300688.8	303	130	246	47
ENST00000300692.8	0	0	0	0
ENST00000300737.8	401	47	397	41
ENST00000300738.10	3014	779	2980	559
ENST00000300747.10	122	12	119	11
ENST00000300773.3	2	0	1	0
ENST00000300778.4	0	0	0	0
ENST00000300784.8	173	17	185	17
ENST00000300811.8	345	34	327	31
ENST00000300850.5	182	101	175	80
ENST00000300853.8	583	88	515	48
ENST00000300862.7	2	0	2	0
ENST00000300870.15	237	15	135	3
ENST00000300873.4	0	0	0	0
ENST00000300896.9	609	145	529	72
ENST00000300900.9	0	0	0	0
ENST00000300935.8	875	77	815	57
ENST00000300952.6	423	54	394	49
ENST00000300954.9	2	0	2	0
ENST00000300961.10	0	0	0	0
ENST00000300976.9	326	40	313	33
ENST00000301011.9	756	200	736	149
ENST00000301012.8	254	35	247	31
ENST00000301015.14	1170	480	1077	368
ENST00000301019.9	549	97	495	85
ENST00000301021.7	437	50	400	28
ENST00000301037.11	3	6	0	3
ENST00000301039.6	4	0	4	0
ENST00000301046.6	0	0	0	0
ENST00000301050.7	100	30	96	18
ENST00000301057.8	204	62	198	49
ENST00000301061.9	121	23	121	18
ENST00000301067.11	731	266	707	213
ENST00000301068.11	7	0	7	0
ENST00000301072.11	503	579	145	153
ENST00000301141.10	0	0	0	0
ENST00000301146.8	0	0	0	0
ENST00000301149.8	1	3	1	1
ENST00000301159.14	138	15	3	2
ENST00000301178.9	1972	510	1921	375
ENST00000301180.10	1222	165	1163	117
ENST00000301200.3	1	11	1	6
ENST00000301202.7	0	0	0	0
ENST00000301215.8	166	42	154	35
ENST00000301242.9	0	0	0	0
ENST00000301244.12	16	0	16	0
ENST00000301246.10	217	52	211	15
ENST00000301258.5	11	0	11	0
ENST00000301263.5	1	0	1	0
ENST00000301272.6	0	0	0	0
ENST00000301280.10	1030	391	1000	312
ENST00000301281.11	511	207	498	157
ENST00000301286.4	25	9	12	0
ENST00000301295.11	1	0	1	0
ENST00000301305.8	173	25	158	21
ENST00000301310.8	0	0	0	0
ENST00000301318.8	0	0	0	0
ENST00000301327.5	370	107	354	92
ENST00000301329.10	862	129	869	104
ENST00000301335.10	462	49	442	45
ENST00000301336.7	41	12	41	10
ENST00000301364.10	1840	579	1886	372
ENST00000301365.8	2	2	2	2
ENST00000301391.8	119	15	115	11
ENST00000301396.8	1127	326	1086	253
ENST00000301399.11	0	0	0	0
ENST00000301407.7	0	0	0	0
ENST00000301408.7	0	0	0	0
ENST00000301420.3	1	0	1	0
ENST00000301452.5	1	0	0	0
ENST00000301454.9	74	95	72	75
ENST00000301455.7	15	5	15	2
ENST00000301457.3	0	0	0	0
ENST00000301458.10	661	213	459	88
ENST00000301459.5	47	12	48	9
ENST00000301463.9	456	82	460	67
ENST00000301464.4	305	43	302	40
ENST00000301466.8	0	0	0	0
ENST00000301480.5	1	0	0	0
ENST00000301488.8	302	58	349	48
ENST00000301522.3	763	247	1010	285
ENST00000301532.3	0	0	0	0
ENST00000301547.10	16	0	2	0
ENST00000301585.10	547	132	542	98
ENST00000301587.9	574	273	1019	302
ENST00000301599.7	0	0	0	0
ENST00000301607.8	70	54	56	47
ENST00000301608.8	811	42	798	31
ENST00000301634.12	989	372	950	291
ENST00000301645.4	0	0	0	0
ENST00000301653.9	14	4	8	2
ENST00000301656.4	0	0	0	0
ENST00000301659.9	0	0	0	0
ENST00000301671.12	194	25	192	23
ENST00000301686.13	601	122	522	99
ENST00000301691.3	0	0	0	0
ENST00000301727.9	392	78	382	64
ENST00000301729.9	727	198	713	151
ENST00000301732.10	0	0	0	0
ENST00000301738.9	313	37	351	30
ENST00000301740.13	3654	1812	3498	1368
ENST00000301744.7	122	16	115	14
ENST00000301761.7	481	33	465	21
ENST00000301764.12	3589	842	3569	658
ENST00000301765.10	107	13	104	8
ENST00000301785.7	83	3	118	12
ENST00000301788.12	708	189	680	162
ENST00000301790.4	0	0	0	0
ENST00000301821.11	126	151	1636	1427
ENST00000301825.8	0	0	0	0
ENST00000301831.9	178	11	154	4
ENST00000301838.5	486	108	478	92
ENST00000301843.13	1970	690	1870	515
ENST00000301873.10	748	336	706	271
ENST00000301886.3	0	0	0	0
ENST00000301887.9	0	0	0	0
ENST00000301891.9	0	0	0	0
ENST00000301896.6	0	0	0	0
ENST00000301904.4	1287	387	1241	305
ENST00000301905.9	1058	139	967	93
ENST00000301908.8	0	0	0	0
ENST00000301919.9	302	47	296	36
ENST00000301935.9	810	468	820	410
ENST00000301944.3	0	0	0	0
ENST00000301964.6	895	494	878	405
ENST00000301981.8	123	15	125	9
ENST00000301998.5	248	23	244	18
ENST00000302005.3	190	6	143	5
ENST00000302006.4	0	0	0	0
ENST00000302017.4	2	3	2	2
ENST00000302035.11	0	0	0	0
ENST00000302057.6	0	0	0	0
ENST00000302060.10	347	49	341	30
ENST00000302068.8	2	0	2	0
ENST00000302085.9	340	24	323	21
ENST00000302097.3	1	0	1	0
ENST00000302101.6	0	0	0	0
ENST00000302103.6	0	0	0	0
ENST00000302118.5	582	60	539	45
ENST00000302124.7	0	0	0	0
ENST00000302125.9	0	0	0	0
ENST00000302165.5	372	59	352	53
ENST00000302176.8	424	69	407	50
ENST00000302177.3	0	0	0	0
ENST00000302188.8	58	0	59	0
ENST00000302190.9	1038	252	1023	203
ENST00000302236.10	77	3	75	3
ENST00000302243.12	64	6	53	5
ENST00000302247.3	0	0	0	0
ENST00000302250.7	0	1	0	0
ENST00000302259.5	0	0	0	0
ENST00000302262.8	592	135	576	108
ENST00000302270.1	0	0	0	0
ENST00000302271.11	2172	717	2531	602
ENST00000302277.7	67	19	67	13
ENST00000302279.8	441	69	317	37
ENST00000302291.8	1060	201	995	141
ENST00000302312.9	0	0	0	0
ENST00000302313.10	928	69	912	48
ENST00000302326.5	405	33	387	24
ENST00000302327.4	258	37	257	30
ENST00000302334.3	1	0	0	0
ENST00000302345.6	434	72	423	57
ENST00000302362.11	363	82	412	69
ENST00000302386.10	621	176	829	163
ENST00000302392.5	116	19	112	15
ENST00000302418.5	2983	561	2945	402
ENST00000302422.4	183	38	229	28
ENST00000302450.11	881	71	861	48
ENST00000302451.9	0	0	0	0
ENST00000302472.4	79	9	78	8
ENST00000302490.12	0	0	0	0
ENST00000302495.5	1	0	0	0
ENST00000302503.8	1317	296	1361	219
ENST00000302506.8	549	86	540	68
ENST00000302514.4	0	0	0	0
ENST00000302516.10	2515	604	2465	455
ENST00000302517.8	448	94	428	85
ENST00000302536.3	0	1	0	0
ENST00000302538.9	651	127	630	102
ENST00000302541.11	0	0	0	0
ENST00000302548.5	0	0	0	0
ENST00000302550.16	226	21	330	22
ENST00000302555.10	0	0	0	0
ENST00000302558.8	2	1	0	0
ENST00000302584.5	0	0	0	0
ENST00000302586.8	0	0	0	0
ENST00000302592.7	0	0	0	0
ENST00000302609.8	15	0	11	0
ENST00000302622.3	0	0	0	0
ENST00000302625.6	0	0	0	0
ENST00000302628.9	2	0	2	0
ENST00000302631.8	805	150	773	113
ENST00000302632.4	0	0	0	0
ENST00000302641.8	0	0	0	0
ENST00000302649.4	0	0	0	0
ENST00000302681.2	0	0	0	0
ENST00000302692.7	47	2	253	19
ENST00000302708.9	368	51	352	40
ENST00000302746.11	1292	235	1282	190
ENST00000302754.6	705	205	660	172
ENST00000302759.11	1392	244	1371	196
ENST00000302763.12	3204	1128	3538	927
ENST00000302764.9	413	72	408	57
ENST00000302783.9	4	0	4	0
ENST00000302787.3	820	136	886	111
ENST00000302797.4	0	0	0	0
ENST00000302804.12	5	2	3	0
ENST00000302805.7	0	0	13	2
ENST00000302819.10	0	0	0	0
ENST00000302824.7	21	2	20	2
ENST00000302850.10	147	16	137	12
ENST00000302851.8	190	35	110	5
ENST00000302874.9	289	23	278	16
ENST00000302904.8	1230	511	1203	403
ENST00000302909.4	50	2	41	2
ENST00000302917.1	0	0	0	0
ENST00000302926.7	259	60	232	48
ENST00000302937.8	453	59	441	40
ENST00000302938.4	0	0	0	0
ENST00000302945.3	0	0	0	0
ENST00000302955.11	55	35	50	27
ENST00000302964.4	0	0	0	0
ENST00000302979.5	387	60	361	44
ENST00000302987.8	0	0	0	0
ENST00000303004.5	664	118	616	100
ENST00000303037.13	0	0	0	0
ENST00000303045.11	0	0	0	0
ENST00000303059.3	0	0	0	0
ENST00000303068.13	27	0	27	0
ENST00000303071.10	663	96	708	75
ENST00000303077.7	192	36	153	27
ENST00000303088.9	441	99	418	73
ENST00000303115.8	1182	93	1149	71
ENST00000303127.12	1280	397	1282	327
ENST00000303142.11	47	6	28	0
ENST00000303145.11	215	49	193	37
ENST00000303151.5	391	97	380	77
ENST00000303177.8	0	0	0	0
ENST00000303204.9	176	91	741	330
ENST00000303210.9	1200	473	1041	374
ENST00000303212.2	1	0	1	0
ENST00000303221.10	206	9	463	17
ENST00000303225.11	0	0	0	0
ENST00000303227.11	0	0	0	0
ENST00000303230.6	0	0	0	0
ENST00000303236.9	351	46	339	34
ENST00000303251.11	274	35	269	25
ENST00000303254.4	0	0	0	0
ENST00000303305.11	497	135	1841	271
ENST00000303324.4	0	0	0	0
ENST00000303329.9	16	4	16	1
ENST00000303334.9	15	2	11	2
ENST00000303372.7	298	25	296	23
ENST00000303375.10	1959	690	1918	568
ENST00000303383.8	1350	181	1352	125
ENST00000303391.11	187	48	185	37
ENST00000303395.8	25	14	15	7
ENST00000303400.9	751	143	713	110
ENST00000303407.12	604	96	557	74
ENST00000303415.7	0	0	0	0
ENST00000303434.8	460	193	449	160
ENST00000303436.11	918	191	1141	194
ENST00000303460.5	386	53	356	48
ENST00000303538.13	2025	289	2005	230
ENST00000303545.4	475	54	456	42
ENST00000303562.9	188	22	183	15
ENST00000303575.9	785	167	1012	142
ENST00000303577.7	1386	451	1385	393
ENST00000303592.3	0	0	0	0
ENST00000303596.3	358	43	343	36
ENST00000303635.12	369	40	317	30
ENST00000303657.10	83	31	72	27
ENST00000303694.6	238	15	229	14
ENST00000303698.7	470	68	524	58
ENST00000303714.8	1909	342	1850	266
ENST00000303721.12	95	21	92	14
ENST00000303728.5	0	0	0	0
ENST00000303731.9	608	212	589	161
ENST00000303746.10	36	7	34	7
ENST00000303749.7	146	5	146	3
ENST00000303766.11	0	0	0	0
ENST00000303775.10	112	10	125	7
ENST00000303786.5	0	0	0	0
ENST00000303790.2	0	0	0	0
ENST00000303795.9	18	1	16	1
ENST00000303804.5	0	0	0	0
ENST00000303809.7	77	5	73	5
ENST00000303887.10	2457	1175	2410	944
ENST00000303892.9	6	0	6	0
ENST00000303904.8	1340	427	1324	328
ENST00000303910.4	666	0	386	0
ENST00000303915.10	258	42	181	19
ENST00000303921.3	182	19	177	14
ENST00000303924.5	30	6	30	4
ENST00000303927.4	381	37	335	31
ENST00000303941.4	0	0	0	0
ENST00000303965.9	59	5	60	2
ENST00000303991.5	342	29	322	21
ENST00000304030.2	0	0	0	0
ENST00000304031.8	365	54	346	37
ENST00000304043.10	769	268	766	202
ENST00000304056.9	625	105	607	80
ENST00000304060.10	113	9	25	0
ENST00000304061.8	375	58	356	45
ENST00000304062.11	10	0	8	0
ENST00000304084.13	0	0	0	0
ENST00000304129.9	5	1	5	1
ENST00000304141.5	20	2	19	2
ENST00000304177.10	251	33	249	17
ENST00000304189.6	69	12	63	12
ENST00000304191.4	30	0	1	0
ENST00000304195.8	0	0	0	0
ENST00000304218.6	1201	1	969	1
ENST00000304222.2	279	11	270	7
ENST00000304244.5	0	0	0	0
ENST00000304270.5	0	0	0	0
ENST00000304271.11	473	150	436	85
ENST00000304283.9	206	69	198	51
ENST00000304298.4	0	0	0	0
ENST00000304301.10	294	36	290	33
ENST00000304312.5	384	188	371	143
ENST00000304330.9	759	124	737	92
ENST00000304337.3	6	0	6	0
ENST00000304338.8	0	0	0	0
ENST00000304355.9	0	0	0	0
ENST00000304361.9	0	0	0	0
ENST00000304363.9	687	83	666	67
ENST00000304372.6	1	0	0	0
ENST00000304374.4	0	0	0	0
ENST00000304381.10	188	18	183	16
ENST00000304385.8	13	0	14	0
ENST00000304400.11	1828	339	1793	254
ENST00000304402.6	0	1	0	0
ENST00000304411.3	0	0	0	0
ENST00000304414.12	823	194	1076	178
ENST00000304430.10	227	63	212	13
ENST00000304434.11	1290	142	1253	108
ENST00000304460.11	0	0	0	0
ENST00000304477.3	0	0	0	0
ENST00000304478.9	470	55	468	44
ENST00000304494.9	621	506	456	254
ENST00000304501.2	3	2	2	2
ENST00000304502.5	0	0	0	0
ENST00000304506.7	0	0	0	0
ENST00000304511.7	490	55	497	41
ENST00000304519.10	0	0	0	0
ENST00000304523.10	1	0	1	0
ENST00000304526.2	0	0	0	0
ENST00000304527.8	401	92	385	73
ENST00000304546.6	646	152	652	144
ENST00000304568.4	2	0	2	0
ENST00000304611.13	315	56	310	42
ENST00000304613.8	10	0	9	0
ENST00000304620.5	0	0	0	0
ENST00000304623.13	0	0	0	0
ENST00000304625.3	0	0	0	0
ENST00000304636.9	3325	986	3200	713
ENST00000304639.3	0	0	0	0
ENST00000304646.2	3	2	1	1
ENST00000304658.9	1525	507	1656	441
ENST00000304661.6	693	31	649	22
ENST00000304672.6	0	0	0	0
ENST00000304677.3	0	0	0	0
ENST00000304685.8	142	25	141	14
ENST00000304698.10	361	22	354	17
ENST00000304710.5	0	0	0	0
ENST00000304720.3	0	0	0	0
ENST00000304725.3	0	0	0	0
ENST00000304735.4	1040	189	964	159
ENST00000304743.7	620	103	604	87
ENST00000304749.6	0	0	0	0
ENST00000304760.3	0	0	0	0
ENST00000304771.7	0	0	0	0
ENST00000304786.11	80	10	488	89
ENST00000304788.4	121	0	134	0
ENST00000304790.3	0	0	0	0
ENST00000304800.14	400	42	385	32
ENST00000304801.6	8	1	0	0
ENST00000304820.4	0	0	0	0
ENST00000304842.6	625	55	605	37
ENST00000304858.7	2875	723	2812	522
ENST00000304863.6	256	46	875	118
ENST00000304874.14	475	86	475	66
ENST00000304880.2	0	0	0	0
ENST00000304883.3	0	0	0	0
ENST00000304895.9	725	109	777	90
ENST00000304916.4	6	0	6	0
ENST00000304920.3	3	0	3	0
ENST00000304936.4	0	0	0	0
ENST00000304952.11	136	23	110	17
ENST00000304954.3	0	0	0	0
ENST00000304979.8	484	83	589	74
ENST00000304987.4	863	72	844	63
ENST00000305031.5	413	39	387	30
ENST00000305046.13	0	0	0	0
ENST00000305089.8	0	0	0	0
ENST00000305097.6	7	4	7	4
ENST00000305105.3	539	149	537	121
ENST00000305107.7	0	0	0	0
ENST00000305123.5	266	53	250	42
ENST00000305124.11	8	0	10	0
ENST00000305135.10	647	126	634	104
ENST00000305139.11	3	0	3	0
ENST00000305141.5	0	0	0	0
ENST00000305188.13	660	49	653	39
ENST00000305202.8	2	0	2	0
ENST00000305208.10	0	0	0	0
ENST00000305218.9	1859	720	2455	635
ENST00000305231.12	0	0	0	0
ENST00000305233.6	85	28	83	22
ENST00000305242.10	33	5	41	7
ENST00000305249.10	12	0	12	0
ENST00000305264.8	638	204	628	150
ENST00000305286.7	0	0	2	2
ENST00000305344.7	0	0	0	0
ENST00000305352.7	114	16	107	14
ENST00000305354.5	0	0	0	0
ENST00000305363.9	0	0	0	0
ENST00000305364.9	214	19	196	16
ENST00000305366.8	1406	694	1351	506
ENST00000305386.4	586	120	575	103
ENST00000305409.3	266	26	258	24
ENST00000305428.8	5	3	4	2
ENST00000305444.2	0	0	0	0
ENST00000305447.4	0	0	0	0
ENST00000305454.8	7	0	0	0
ENST00000305456.2	0	0	0	0
ENST00000305476.10	247	27	236	23
ENST00000305479.3	0	0	0	0
ENST00000305494.6	416	32	409	25
ENST00000305510.4	305	58	272	28
ENST00000305513.12	279	68	264	37
ENST00000305531.3	1	0	1	0
ENST00000305533.10	466	102	492	88
ENST00000305536.11	314	75	524	86
ENST00000305544.9	1206	296	1189	235
ENST00000305560.11	508	47	490	32
ENST00000305579.7	7	2	6	1
ENST00000305596.8	573	155	644	134
ENST00000305620.3	0	0	0	0
ENST00000305626.6	162	17	159	6
ENST00000305631.7	0	0	0	0
ENST00000305632.11	721	62	715	57
ENST00000305641.7	414	66	400	46
ENST00000305738.10	0	0	0	0
ENST00000305748.7	2	0	0	0
ENST00000305768.10	231	24	217	19
ENST00000305783.13	312	15	395	12
ENST00000305784.7	749	165	705	119
ENST00000305786.7	200	69	736	136
ENST00000305798.8	62	6	58	5
ENST00000305815.10	0	0	0	0
ENST00000305817.3	0	0	0	0
ENST00000305850.9	622	95	629	73
ENST00000305866.10	711	40	705	29
ENST00000305869.4	0	0	0	0
ENST00000305877.13	474	154	510	132
ENST00000305883.6	175	15	161	7
ENST00000305885.3	1023	256	1274	232
ENST00000305899.4	0	0	0	0
ENST00000305901.7	0	0	0	0
ENST00000305904.11	5	0	5	0
ENST00000305921.8	543	37	527	32
ENST00000305943.8	489	132	470	109
ENST00000305949.6	498	45	487	36
ENST00000305963.2	395	6	383	3
ENST00000305988.5	132	5	116	4
ENST00000305997.8	463	22	458	17
ENST00000306006.10	139	13	102	9
ENST00000306010.8	195	7	196	6
ENST00000306011.6	0	0	0	0
ENST00000306014.9	987	329	963	257
ENST00000306024.4	268	140	582	148
ENST00000306042.9	22	4	21	3
ENST00000306051.3	0	0	0	0
ENST00000306052.12	636	147	598	114
ENST00000306061.10	84	22	8	0
ENST00000306065.9	514	110	497	80
ENST00000306071.7	39	3	38	3
ENST00000306072.10	28	4	25	2
ENST00000306077.5	993	147	969	104
ENST00000306078.2	77	0	74	0
ENST00000306084.6	0	3	0	3
ENST00000306085.11	297	67	287	50
ENST00000306087.3	0	0	0	0
ENST00000306100.10	0	0	0	0
ENST00000306103.3	185	26	181	23
ENST00000306108.10	523	31	498	22
ENST00000306121.8	748	156	831	122
ENST00000306125.12	1478	596	1501	472
ENST00000306149.12	123	12	119	9
ENST00000306151.9	0	0	0	0
ENST00000306156.8	87	7	81	6
ENST00000306177.9	390	78	376	58
ENST00000306185.8	758	107	733	83
ENST00000306193.8	372	32	334	25
ENST00000306200.7	263	32	442	38
ENST00000306238.3	0	0	0	0
ENST00000306243.7	408	70	384	56
ENST00000306268.8	2	0	2	0
ENST00000306270.12	753	82	726	69
ENST00000306271.5	0	0	0	0
ENST00000306279.4	64	0	60	0
ENST00000306306.8	513	81	507	66
ENST00000306312.8	0	0	0	0
ENST00000306315.9	8	1	8	1
ENST00000306317.7	3	0	3	0
ENST00000306318.5	24	4	24	3
ENST00000306324.4	0	4	0	3
ENST00000306329.15	319	118	289	88
ENST00000306336.6	123	11	114	10
ENST00000306357.9	373	29	332	23
ENST00000306368.9	493	71	566	66
ENST00000306376.10	31	1	29	0
ENST00000306384.5	2	0	2	0
ENST00000306385.10	1135	256	1077	196
ENST00000306390.7	1	0	1	0
ENST00000306406.5	35	0	33	0
ENST00000306422.4	0	0	0	0
ENST00000306434.8	1214	327	1443	261
ENST00000306442.5	698	62	664	49
ENST00000306448.4	4	1	4	1
ENST00000306467.10	374	66	367	60
ENST00000306480.11	295	31	288	24
ENST00000306482.2	0	0	0	0
ENST00000306494.10	0	0	0	0
ENST00000306503.5	282	18	423	17
ENST00000306507.6	0	0	0	0
ENST00000306511.5	1	0	0	0
ENST00000306534.8	0	0	0	0
ENST00000306549.6	0	0	0	0
ENST00000306560.1	12	0	12	0
ENST00000306562.8	79	12	78	10
ENST00000306585.9	421	67	0	0
ENST00000306593.1	0	0	0	0
ENST00000306601.9	128	114	114	85
ENST00000306602.3	0	0	0	0
ENST00000306621.8	0	0	0	0
ENST00000306627.8	613	90	494	59
ENST00000306658.8	0	0	0	0
ENST00000306666.9	35	1	33	1
ENST00000306675.5	29	4	27	4
ENST00000306688.8	203	85	207	72
ENST00000306721.8	697	119	680	90
ENST00000306730.8	271	55	262	39
ENST00000306735.10	330	63	317	41
ENST00000306739.9	372	78	352	67
ENST00000306749.4	4242	1141	4204	948
ENST00000306773.5	861	193	760	138
ENST00000306796.10	463	316	454	254
ENST00000306801.8	907	152	888	120
ENST00000306842.2	0	0	0	0
ENST00000306851.9	25	6	23	3
ENST00000306858.8	55	5	52	4
ENST00000306862.7	659	66	637	53
ENST00000306869.7	486	73	471	61
ENST00000306897.9	271	53	227	40
ENST00000306901.9	3	0	4	0
ENST00000306904.7	0	0	0	0
ENST00000306908.10	93	6	67	4
ENST00000306910.9	184	18	148	12
ENST00000306917.5	543	101	523	78
ENST00000306928.6	0	0	0	0
ENST00000306954.5	185	14	187	13
ENST00000306960.4	1	0	1	0
ENST00000306984.8	380	26	378	22
ENST00000306999.7	476	32	460	24
ENST00000307002.3	0	0	0	0
ENST00000307003.3	0	0	0	0
ENST00000307017.9	435	50	423	38
ENST00000307033.2	0	0	0	0
ENST00000307050.5	10	2	15	5
ENST00000307063.9	332	32	334	20
ENST00000307068.5	0	0	0	0
ENST00000307078.10	41	7	16	0
ENST00000307098.5	0	0	0	0
ENST00000307102.10	547	92	762	78
ENST00000307126.10	291	86	278	65
ENST00000307128.6	0	0	0	0
ENST00000307138.10	63	12	435	46
ENST00000307142.9	149	18	144	14
ENST00000307144.6	0	0	0	0
ENST00000307145.4	177	10	159	6
ENST00000307149.10	641	59	636	48
ENST00000307161.5	0	0	0	0
ENST00000307169.4	1	0	1	0
ENST00000307180.4	37	2	37	2
ENST00000307194.6	0	0	0	0
ENST00000307201.5	102	32	96	20
ENST00000307221.5	0	1	0	1
ENST00000307227.9	531	88	1138	124
ENST00000307259.9	492	25	484	17
ENST00000307271.4	0	0	0	0
ENST00000307275.7	100	28	97	20
ENST00000307305.12	1015	107	1003	81
ENST00000307340.8	1	0	0	0
ENST00000307355.11	91	8	12	0
ENST00000307358.7	821	189	774	145
ENST00000307360.6	1	1	1	1
ENST00000307363.10	1435	234	1377	180
ENST00000307365.4	981	382	954	308
ENST00000307366.8	343	47	308	37
ENST00000307367.2	146	6	137	5
ENST00000307378.10	0	0	0	0
ENST00000307393.2	0	0	0	0
ENST00000307395.4	0	0	0	0
ENST00000307407.8	4	0	5	0
ENST00000307422.9	673	158	648	128
ENST00000307428.7	2	0	2	0
ENST00000307439.10	7	2	7	2
ENST00000307450.11	28	11	27	6
ENST00000307465.9	5	0	3	0
ENST00000307471.8	131	1	128	0
ENST00000307493.8	0	0	0	0
ENST00000307503.4	0	0	0	0
ENST00000307518.9	9	0	9	0
ENST00000307522.5	0	0	0	0
ENST00000307526.4	17	0	17	0
ENST00000307552.3	0	0	0	0
ENST00000307564.8	32	8	31	6
ENST00000307584.6	0	0	0	0
ENST00000307588.8	4	0	4	0
ENST00000307599.5	0	0	0	0
ENST00000307602.9	756	49	757	32
ENST00000307624.8	0	0	0	0
ENST00000307630.5	1224	450	1026	292
ENST00000307637.5	0	0	0	0
ENST00000307641.9	335	43	340	38
ENST00000307650.9	110	40	121	26
ENST00000307659.6	263	89	256	74
ENST00000307662.5	324	116	316	94
ENST00000307671.12	208	19	196	15
ENST00000307712.11	2222	354	2151	258
ENST00000307720.4	793	124	778	92
ENST00000307729.12	309	84	301	60
ENST00000307741.11	1044	323	1049	253
ENST00000307746.9	0	0	0	0
ENST00000307750.5	303	40	275	28
ENST00000307751.9	0	0	0	0
ENST00000307765.10	5	0	3	0
ENST00000307767.13	83	11	24	3
ENST00000307771.7	70	22	168	19
ENST00000307786.8	0	0	0	0
ENST00000307808.10	746	37	726	29
ENST00000307832.2	0	0	0	0
ENST00000307851.9	0	0	0	0
ENST00000307877.7	1360	233	1376	159
ENST00000307885.4	467	114	419	74
ENST00000307886.8	0	1	0	1
ENST00000307892.13	618	113	622	90
ENST00000307897.10	1181	135	1169	107
ENST00000307921.7	309	26	287	21
ENST00000307959.9	0	0	0	0
ENST00000307961.11	755	988	2911	2618
ENST00000307980.7	137	41	132	30
ENST00000307998.11	116	22	109	16
ENST00000308020.6	424	61	417	40
ENST00000308022.7	66	45	64	41
ENST00000308025.8	1269	505	1550	444
ENST00000308027.7	61	4	56	3
ENST00000308031.10	0	0	0	0
ENST00000308059.11	0	0	0	0
ENST00000308062.7	0	0	0	0
ENST00000308064.7	0	0	0	0
ENST00000308074.4	5	0	5	0
ENST00000308086.3	54	2	51	0
ENST00000308100.5	0	0	0	0
ENST00000308105.5	0	0	0	0
ENST00000308110.9	400	148	397	117
ENST00000308127.9	197	22	187	19
ENST00000308128.9	0	0	0	0
ENST00000308132.10	3	5	3	5
ENST00000308153.9	437	60	671	115
ENST00000308158.10	161	16	150	15
ENST00000308159.10	1733	283	1681	234
ENST00000308167.10	386	59	378	41
ENST00000308177.5	51	0	49	0
ENST00000308191.11	410	49	395	40
ENST00000308192.13	0	0	0	0
ENST00000308197.9	128	11	130	8
ENST00000308208.10	0	0	0	0
ENST00000308227.2	0	0	0	0
ENST00000308234.11	152	16	147	15
ENST00000308249.4	13	0	12	0
ENST00000308251.5	1	0	1	0
ENST00000308271.14	2104	448	2088	327
ENST00000308275.8	732	124	728	103
ENST00000308278.13	330	16	319	12
ENST00000308284.10	10	3	8	3
ENST00000308287.2	1	0	0	0
ENST00000308302.4	0	0	0	0
ENST00000308304.2	0	0	0	0
ENST00000308317.10	303	11	407	10
ENST00000308330.3	602	47	601	39
ENST00000308342.7	0	0	0	0
ENST00000308354.11	133	21	110	22
ENST00000308360.8	950	159	924	129
ENST00000308366.9	0	0	0	0
ENST00000308394.9	366	18	402	13
ENST00000308406.9	274	79	258	62
ENST00000308418.10	355	165	345	133
ENST00000308423.7	0	0	1	0
ENST00000308448.11	737	74	960	66
ENST00000308482.14	296	76	295	51
ENST00000308488.10	1263	187	1215	134
ENST00000308497.9	283	42	268	30
ENST00000308508.5	388	39	507	37
ENST00000308511.8	1181	312	1176	239
ENST00000308521.10	0	2	0	0
ENST00000308527.6	218	39	207	27
ENST00000308580.12	1365	146	1335	103
ENST00000308595.10	457	139	434	115
ENST00000308611.8	0	0	0	0
ENST00000308618.4	0	0	0	0
ENST00000308624.10	0	0	0	0
ENST00000308641.6	0	0	0	0
ENST00000308659.12	61	2	56	0
ENST00000308660.6	11	0	10	0
ENST00000308666.4	0	0	0	0
ENST00000308677.9	984	169	791	110
ENST00000308683.3	1145	378	1132	278
ENST00000308696.11	2669	529	2653	420
ENST00000308700.6	0	0	0	0
ENST00000308721.9	0	0	0	0
ENST00000308724.9	269	45	270	28
ENST00000308731.8	0	0	0	0
ENST00000308736.7	576	94	561	63
ENST00000308742.9	210	4	59	0
ENST00000308748.10	360	64	345	47
ENST00000308796.11	0	0	0	0
ENST00000308807.12	310	26	307	21
ENST00000308824.11	323	72	317	59
ENST00000308831.7	450	75	441	58
ENST00000308860.11	52	35	50	28
ENST00000308868.5	0	0	0	0
ENST00000308873.10	142	42	132	34
ENST00000308906.6	6	11	6	10
ENST00000308910.9	0	2	0	1
ENST00000308911.8	1	0	0	0
ENST00000308919.12	0	0	0	0
ENST00000308961.5	556	188	530	163
ENST00000308963.4	34	0	32	0
ENST00000308973.9	0	0	0	0
ENST00000308979.7	27	0	23	0
ENST00000308982.12	959	219	929	162
ENST00000308987.6	13	11	518	78
ENST00000309017.7	0	0	0	0
ENST00000309033.5	329	16	350	12
ENST00000309042.12	782	44	784	37
ENST00000309048.8	81	14	84	12
ENST00000309060.7	214	40	212	37
ENST00000309061.12	479	119	473	100
ENST00000309083.8	691	1168	671	899
ENST00000309100.8	180	129	169	101
ENST00000309106.3	0	0	0	0
ENST00000309117.11	428	32	412	25
ENST00000309137.13	380	135	685	144
ENST00000309154.2	0	0	0	0
ENST00000309156.9	7	1	7	1
ENST00000309166.8	169	4	164	3
ENST00000309170.8	0	0	0	0
ENST00000309180.6	0	0	0	0
ENST00000309212.10	32	8	30	6
ENST00000309235.6	73	1	66	1
ENST00000309241.10	145	17	137	12
ENST00000309244.9	883	272	508	131
ENST00000309263.7	2	0	2	0
ENST00000309276.10	7	4	7	4
ENST00000309285.3	0	0	0	0
ENST00000309295.9	1006	373	969	292
ENST00000309311.7	4305	5201	4056	3892
ENST00000309315.9	394	106	367	80
ENST00000309318.8	91	66	523	256
ENST00000309324.8	234	39	270	35
ENST00000309328.8	521	105	487	82
ENST00000309352.4	647	168	631	130
ENST00000309377.9	503	63	515	52
ENST00000309383.6	29	23	25	13
ENST00000309384.2	0	0	0	0
ENST00000309395.7	343	3	331	2
ENST00000309415.8	2	4	2	3
ENST00000309428.10	653	38	646	32
ENST00000309446.11	185	19	204	16
ENST00000309447.6	0	0	0	0
ENST00000309451.7	114	58	19	2
ENST00000309469.9	128	22	127	15
ENST00000309522.8	806	128	813	99
ENST00000309539.8	182	2	179	1
ENST00000309546.8	1	29	1	22
ENST00000309558.8	376	66	357	49
ENST00000309562.3	0	0	0	0
ENST00000309575.5	4	14	4	11
ENST00000309594.5	255	72	247	64
ENST00000309623.1	0	0	0	0
ENST00000309657.8	428	51	409	36
ENST00000309660.10	285	55	550	51
ENST00000309664.10	0	0	0	0
ENST00000309668.3	0	0	0	0
ENST00000309675.2	0	0	0	0
ENST00000309680.4	0	0	0	0
ENST00000309683.11	96	16	29	4
ENST00000309731.12	6	0	5	0
ENST00000309733.6	166	14	158	10
ENST00000309739.6	3	0	3	0
ENST00000309755.9	3	3	2	1
ENST00000309758.6	1	0	7	0
ENST00000309765.4	0	0	0	0
ENST00000309777.10	87	4	83	1
ENST00000309784.9	40	1	49	1
ENST00000309794.16	551	109	551	94
ENST00000309822.7	353	25	340	16
ENST00000309851.10	540	93	215	36
ENST00000309859.8	846	128	839	92
ENST00000309863.11	817	116	824	91
ENST00000309880.6	6	0	5	0
ENST00000309889.3	0	0	0	0
ENST00000309894.6	0	0	0	0
ENST00000309922.7	818	90	794	66
ENST00000309926.4	0	0	0	0
ENST00000309931.3	4	2	5	1
ENST00000309934.4	440	18	432	11
ENST00000309950.8	20	5	15	1
ENST00000309951.8	1775	183	1724	160
ENST00000309955.8	253	24	245	22
ENST00000309957.2	280	38	261	25
ENST00000309958.7	0	0	0	0
ENST00000309971.9	1052	172	1041	129
ENST00000309979.11	5	4	2	1
ENST00000309982.10	2	0	2	0
ENST00000309983.5	256	25	400	23
ENST00000309988.9	0	0	0	0
ENST00000309993.3	346	28	339	20
ENST00000310015.11	857	95	995	81
ENST00000310018.7	97	12	92	11
ENST00000310045.8	1330	179	1294	147
ENST00000310053.10	1546	177	1534	130
ENST00000310054.9	98	7	93	7
ENST00000310074.8	164	29	160	24
ENST00000310078.12	934	82	932	58
ENST00000310085.6	32	4	33	3
ENST00000310109.5	28	1	26	1
ENST00000310118.9	2141	972	3070	947
ENST00000310123.8	0	0	0	0
ENST00000310125.5	0	0	0	0
ENST00000310127.10	130	15	127	11
ENST00000310128.8	1	0	1	0
ENST00000310137.5	667	55	668	44
ENST00000310144.11	1858	795	1844	616
ENST00000310160.7	4	0	4	0
ENST00000310164.3	0	0	0	0
ENST00000310169.3	97	3	95	2
ENST00000310193.4	0	0	0	0
ENST00000310227.3	0	0	0	0
ENST00000310232.11	0	0	0	0
ENST00000310248.3	0	0	0	0
ENST00000310256.7	473	19	470	13
ENST00000310300.11	221	48	218	34
ENST00000310301.9	916	104	895	80
ENST00000310325.10	226	36	211	19
ENST00000310331.3	0	0	0	0
ENST00000310343.13	263	52	260	38
ENST00000310346.8	0	0	0	0
ENST00000310357.8	0	0	0	0
ENST00000310373.7	0	0	0	0
ENST00000310380.11	346	44	343	33
ENST00000310389.6	75	11	66	11
ENST00000310392.5	190	14	180	10
ENST00000310396.10	13	1	12	1
ENST00000310397.13	4	5	4	2
ENST00000310398.7	0	0	0	0
ENST00000310418.8	416	148	397	106
ENST00000310421.5	750	55	720	42
ENST00000310430.11	828	58	822	47
ENST00000310442.5	226	19	208	20
ENST00000310447.10	634	63	638	51
ENST00000310454.10	1005	121	1191	101
ENST00000310455.4	121	1	118	1
ENST00000310463.10	3	8	1	0
ENST00000310496.9	165	52	154	37
ENST00000310512.4	446	131	431	112
ENST00000310521.6	0	0	0	0
ENST00000310528.8	822	131	1185	145
ENST00000310544.8	4	2	3	2
ENST00000310546.3	0	0	0	0
ENST00000310571.8	624	93	628	76
ENST00000310574.8	482	63	477	52
ENST00000310581.10	1	8	0	4
ENST00000310597.6	252	37	242	30
ENST00000310613.8	2	0	2	0
ENST00000310614.12	608	65	689	45
ENST00000310624.7	295	62	361	59
ENST00000310638.9	0	0	0	0
ENST00000310673.4	0	0	0	0
ENST00000310677.8	0	0	0	0
ENST00000310682.6	213	27	201	19
ENST00000310754.5	56	2	49	0
ENST00000310758.8	54	1	54	1
ENST00000310775.12	1927	340	1919	250
ENST00000310778.5	0	0	0	0
ENST00000310786.10	847	111	827	94
ENST00000310791.4	0	1	0	0
ENST00000310803.10	16	0	15	0
ENST00000310806.9	1028	169	1012	130
ENST00000310823.8	1195	112	1182	92
ENST00000310826.10	389	28	374	19
ENST00000310833.12	1	0	1	0
ENST00000310836.11	644	34	627	24
ENST00000310842.8	2	3	2	0
ENST00000310850.9	112	11	121	11
ENST00000310864.11	181	46	238	39
ENST00000310914.10	0	0	0	0
ENST00000310924.7	188	144	183	126
ENST00000310926.11	123	7	118	5
ENST00000310942.9	361	73	325	54
ENST00000310954.7	0	0	0	0
ENST00000310961.9	2	0	2	0
ENST00000310981.6	77	5	75	0
ENST00000310991.8	4	0	2	0
ENST00000310999.11	482	170	557	139
ENST00000311008.16	841	173	788	150
ENST00000311015.7	83	6	31	2
ENST00000311027.9	778	188	750	144
ENST00000311034.7	0	9	0	9
ENST00000311044.8	1	0	0	0
ENST00000311048.11	48	7	12	0
ENST00000311083.10	597	212	967	207
ENST00000311085.8	641	83	626	65
ENST00000311086.9	273	85	160	29
ENST00000311104.2	0	0	0	0
ENST00000311106.8	253	8	244	5
ENST00000311111.11	413	550	619	431
ENST00000311117.8	496	160	495	123
ENST00000311124.9	545	44	533	37
ENST00000311127.9	1791	247	1671	171
ENST00000311128.10	370	33	361	23
ENST00000311131.6	23	4	21	4
ENST00000311141.6	202	38	185	28
ENST00000311148.9	7	0	0	0
ENST00000311151.9	907	52	813	39
ENST00000311160.14	1723	379	1680	276
ENST00000311170.5	0	0	0	0
ENST00000311177.7	61	10	35	6
ENST00000311180.9	666	48	638	38
ENST00000311181.5	435	39	407	31
ENST00000311208.13	1562	1945	1507	1136
ENST00000311227.6	272	89	264	66
ENST00000311234.9	338	53	549	53
ENST00000311268.8	2	2	2	1
ENST00000311277.9	1	0	1	0
ENST00000311303.7	0	0	0	0
ENST00000311308.6	0	0	0	0
ENST00000311320.9	331	59	318	45
ENST00000311330.4	203	36	199	27
ENST00000311331.12	85	3	52	0
ENST00000311351.9	370	39	345	28
ENST00000311352.2	2	0	0	0
ENST00000311364.8	42	3	62	2
ENST00000311378.5	0	0	0	0
ENST00000311403.4	198	47	191	42
ENST00000311413.5	249	82	235	65
ENST00000311417.7	218	5	213	5
ENST00000311437.11	88	0	57	0
ENST00000311445.7	22	3	21	2
ENST00000311450.9	1	0	1	0
ENST00000311459.12	250	5	235	5
ENST00000311469.9	655	81	629	65
ENST00000311481.11	568	124	814	115
ENST00000311502.12	746	531	761	446
ENST00000311506.10	203	30	29	6
ENST00000311528.9	240	346	1143	1246
ENST00000311549.10	9	3	696	100
ENST00000311550.10	2	0	2	0
ENST00000311565.4	77	8	67	7
ENST00000311575.6	3	0	3	0
ENST00000311601.6	740	63	731	48
ENST00000311604.8	0	0	33	0
ENST00000311620.7	0	0	0	0
ENST00000311623.9	0	0	0	0
ENST00000311630.7	252	54	251	41
ENST00000311635.12	133	25	128	22
ENST00000311638.7	172	5	165	3
ENST00000311659.5	0	0	0	0
ENST00000311669.12	733	128	727	106
ENST00000311672.10	152	110	40	9
ENST00000311737.12	0	0	0	0
ENST00000311745.9	0	0	0	0
ENST00000311755.6	0	0	0	0
ENST00000311764.3	197	44	185	40
ENST00000311765.4	214	12	206	11
ENST00000311772.10	598	108	620	82
ENST00000311787.6	0	0	0	0
ENST00000311798.5	0	0	0	0
ENST00000311806.8	1054	139	1042	103
ENST00000311812.7	0	0	0	0
ENST00000311813.10	14	0	14	0
ENST00000311832.5	332	18	330	15
ENST00000311852.11	78	13	72	11
ENST00000311856.9	0	0	0	0
ENST00000311862.10	6	0	6	0
ENST00000311890.13	259	12	233	8
ENST00000311893.13	347	70	339	59
ENST00000311895.8	654	39	641	26
ENST00000311907.10	0	0	0	0
ENST00000311912.5	0	0	0	0
ENST00000311916.8	359	56	354	46
ENST00000311922.4	213	22	207	16
ENST00000311923.1	0	0	0	0
ENST00000311925.7	0	0	0	0
ENST00000311936.8	434	24	525	20
ENST00000311946.7	16	0	15	0
ENST00000311955.4	0	0	0	0
ENST00000311956.9	1023	103	965	73
ENST00000311966.9	0	5	0	1
ENST00000312006.5	0	0	0	0
ENST00000312015.6	0	0	0	0
ENST00000312053.9	8	0	8	0
ENST00000312090.10	597	111	550	80
ENST00000312106.6	33	3	35	3
ENST00000312134.3	0	0	0	0
ENST00000312150.5	0	0	0	0
ENST00000312165.5	0	0	0	0
ENST00000312184.6	440	26	439	22
ENST00000312196.10	310	42	391	36
ENST00000312216.12	371	39	365	31
ENST00000312251.8	391	73	375	59
ENST00000312280.9	884	156	855	114
ENST00000312292.6	0	0	0	0
ENST00000312295.5	0	0	0	0
ENST00000312298.1	0	0	0	0
ENST00000312345.4	0	0	0	0
ENST00000312349.5	0	0	0	0
ENST00000312358.12	255	155	247	129
ENST00000312371.8	3	5	2	5
ENST00000312397.10	1157	427	1146	344
ENST00000312403.10	0	0	0	0
ENST00000312419.8	28	0	22	0
ENST00000312423.4	57	14	55	12
ENST00000312428.11	30	0	29	0
ENST00000312431.10	1080	723	1039	526
ENST00000312438.8	88	31	89	26
ENST00000312457.2	0	0	0	0
ENST00000312465.11	0	0	0	0
ENST00000312475.5	593	93	96	21
ENST00000312492.2	10	0	9	0
ENST00000312499.6	128	20	123	15
ENST00000312504.10	0	0	0	0
ENST00000312511.4	0	0	0	0
ENST00000312515.7	621	266	615	216
ENST00000312521.9	361	12	341	5
ENST00000312541.10	162	31	100	16
ENST00000312561.9	285	47	276	35
ENST00000312562.7	158	15	171	17
ENST00000312579.4	415	205	401	169
ENST00000312584.4	394	28	327	13
ENST00000312600.4	0	0	0	0
ENST00000312629.10	348	142	339	108
ENST00000312637.5	160	13	155	10
ENST00000312648.8	0	0	0	0
ENST00000312655.9	48	0	49	0
ENST00000312693.4	0	0	0	0
ENST00000312719.9	0	0	0	0
ENST00000312777.9	295	69	281	53
ENST00000312814.11	590	50	580	33
ENST00000312828.4	0	0	0	0
ENST00000312838.9	79	16	77	15
ENST00000312849.4	6	6	6	5
ENST00000312891.3	0	0	0	0
ENST00000312916.12	75	37	79	28
ENST00000312938.5	672	77	660	58
ENST00000312942.2	3	3	3	3
ENST00000312960.4	212	54	206	45
ENST00000312988.9	0	1	0	0
ENST00000312994.9	293	27	282	23
ENST00000313005.10	313	40	303	33
ENST00000313010.8	1281	149	1307	117
ENST00000313028.12	87	19	81	13
ENST00000313050.11	1781	331	1721	262
ENST00000313056.10	302	48	304	44
ENST00000313071.7	0	0	0	0
ENST00000313093.6	347	124	326	102
ENST00000313117.11	1237	433	1192	319
ENST00000313135.3	0	0	0	0
ENST00000313143.9	605	180	567	143
ENST00000313146.10	437	89	436	66
ENST00000313164.10	0	0	0	0
ENST00000313182.6	667	60	665	47
ENST00000313213.5	10	0	7	0
ENST00000313221.8	63	5	59	4
ENST00000313236.10	93	5	89	6
ENST00000313243.6	0	1	0	1
ENST00000313244.14	700	255	691	182
ENST00000313250.10	122	19	51	4
ENST00000313253.1	0	0	0	0
ENST00000313264.6	0	0	0	0
ENST00000313269.5	1009	185	968	142
ENST00000313288.9	1329	392	1272	312
ENST00000313324.9	0	0	0	0
ENST00000313334.13	9	3	562	32
ENST00000313341.4	0	0	0	0
ENST00000313349.3	243	11	234	10
ENST00000313367.7	402	78	394	63
ENST00000313368.8	1136	243	1075	178
ENST00000313375.8	5	1	4	1
ENST00000313401.4	13	3	13	3
ENST00000313421.11	0	0	0	0
ENST00000313447.1	0	0	0	0
ENST00000313468.10	827	283	808	216
ENST00000313472.3	0	0	0	0
ENST00000313486.12	685	166	682	124
ENST00000313511.8	1639	915	1828	761
ENST00000313525.4	114	43	119	31
ENST00000313543.5	0	0	0	0
ENST00000313546.8	192	17	188	11
ENST00000313552.11	182	26	175	19
ENST00000313578.4	6	1	6	1
ENST00000313582.6	293	35	282	31
ENST00000313599.7	15	1	13	1
ENST00000313601.11	1159	424	947	292
ENST00000313608.13	795	166	786	132
ENST00000313640.11	9	0	11	0
ENST00000313654.13	469	118	449	90
ENST00000313655.5	670	81	634	64
ENST00000313667.8	689	180	672	134
ENST00000313669.12	2	0	2	0
ENST00000313683.15	10	0	9	0
ENST00000313698.9	155	35	150	27
ENST00000313708.11	193	6	179	4
ENST00000313732.9	251	53	223	38
ENST00000313733.9	538	98	546	88
ENST00000313735.11	0	0	0	0
ENST00000313766.6	18	2	18	1
ENST00000313777.9	129	28	126	20
ENST00000313833.5	90	31	88	24
ENST00000313835.14	0	0	0	0
ENST00000313838.12	12	2	9	1
ENST00000313843.8	395	104	393	83
ENST00000313871.9	0	0	222	57
ENST00000313961.10	11	0	10	0
ENST00000313965.4	0	0	0	0
ENST00000314011.9	165	14	121	12
ENST00000314028.10	788	265	646	174
ENST00000314032.9	1	5	0	2
ENST00000314067.10	321	39	326	29
ENST00000314073.9	138	18	132	18
ENST00000314099.10	0	0	0	0
ENST00000314103.6	702	100	734	74
ENST00000314128.9	575	73	576	54
ENST00000314133.4	213	82	252	85
ENST00000314134.4	318	62	301	49
ENST00000314138.11	167	271	908	930
ENST00000314144.10	11	0	10	0
ENST00000314163.12	4	0	0	0
ENST00000314167.9	813	163	791	144
ENST00000314191.7	7485	1606	7381	1241
ENST00000314222.5	287	84	275	73
ENST00000314228.9	3	1	3	1
ENST00000314250.11	445	78	444	57
ENST00000314251.8	0	1	0	0
ENST00000314254.3	0	0	0	0
ENST00000314256.12	421	112	417	77
ENST00000314265.3	0	0	0	0
ENST00000314328.14	116	26	0	1
ENST00000314332.5	502	5	181	1
ENST00000314340.10	400	29	391	26
ENST00000314355.7	371	83	547	87
ENST00000314357.4	0	0	0	0
ENST00000314358.10	1550	261	1487	206
ENST00000314391.3	0	0	0	0
ENST00000314392.12	278	36	262	27
ENST00000314393.6	112	7	107	6
ENST00000314400.10	550	66	533	48
ENST00000314412.7	0	0	0	0
ENST00000314423.12	1291	243	1267	185
ENST00000314425.9	1093	154	1065	124
ENST00000314471.10	454	57	431	47
ENST00000314499.11	0	0	0	0
ENST00000314520.6	56	6	49	4
ENST00000314527.9	441	30	429	25
ENST00000314529.10	49	3	41	1
ENST00000314531.5	113	13	81	10
ENST00000314537.10	0	0	0	0
ENST00000314565.9	142	9	141	4
ENST00000314567.8	100	4	100	3
ENST00000314583.8	6	0	3	0
ENST00000314586.11	0	4	0	3
ENST00000314606.9	1029	339	1038	267
ENST00000314607.11	939	216	880	169
ENST00000314616.11	1957	692	1926	531
ENST00000314622.9	370	19	367	13
ENST00000314636.2	92	7	21	0
ENST00000314641.10	230	4	219	3
ENST00000314644.2	0	0	0	0
ENST00000314666.11	1683	255	1650	194
ENST00000314669.10	0	0	0	0
ENST00000314673.8	992	118	773	89
ENST00000314721.4	0	0	0	0
ENST00000314742.13	167	27	168	20
ENST00000314744.6	0	0	0	0
ENST00000314759.6	559	40	534	31
ENST00000314761.9	1424	257	1403	201
ENST00000314787.8	152	25	173	17
ENST00000314797.10	2383	470	2317	368
ENST00000314845.7	491	60	478	51
ENST00000314852.2	466	120	446	105
ENST00000314888.10	5653	2085	5545	1616
ENST00000314890.3	4	4	4	4
ENST00000314891.11	345	66	341	56
ENST00000314915.6	356	51	342	42
ENST00000314933.6	0	0	0	0
ENST00000314940.7	938	417	914	356
ENST00000314980.5	0	0	0	0
ENST00000314994.5	50	4	49	4
ENST00000315005.8	176	43	165	34
ENST00000315033.5	0	0	0	0
ENST00000315050.11	417	138	423	115
ENST00000315073.10	149	91	146	73
ENST00000315082.9	568	191	531	153
ENST00000315087.11	0	0	0	0
ENST00000315099.3	0	0	0	0
ENST00000315144.14	632	108	617	90
ENST00000315150.10	5	0	13	0
ENST00000315170.13	0	0	0	0
ENST00000315184.9	0	0	0	0
ENST00000315190.4	2	0	2	0
ENST00000315212.4	0	0	0	0
ENST00000315238.3	0	0	0	0
ENST00000315249.11	62	4	60	4
ENST00000315251.11	14	2	14	2
ENST00000315274.7	0	0	0	0
ENST00000315285.8	379	15	379	14
ENST00000315286.13	500	62	470	47
ENST00000315322.10	436	66	431	50
ENST00000315323.5	787	172	531	106
ENST00000315330.8	0	0	0	0
ENST00000315366.8	227	39	214	34
ENST00000315367.4	214	19	211	15
ENST00000315368.7	553	70	535	55
ENST00000315392.9	0	0	0	0
ENST00000315396.7	2	0	1	0
ENST00000315409.2	0	0	0	0
ENST00000315423.12	200	59	234	47
ENST00000315436.7	218	108	212	91
ENST00000315453.4	0	0	0	0
ENST00000315467.9	0	0	1	0
ENST00000315475.7	2	0	0	0
ENST00000315480.9	198	35	191	29
ENST00000315489.4	0	0	0	0
ENST00000315491.12	19	6	3	0
ENST00000315519.3	0	0	0	0
ENST00000315520.10	0	0	0	0
ENST00000315543.4	0	0	0	0
ENST00000315567.13	508	62	502	42
ENST00000315571.6	289	13	267	10
ENST00000315576.8	75	5	45	3
ENST00000315579.10	3078	908	3158	704
ENST00000315580.9	513	321	462	222
ENST00000315596.15	1307	180	1278	148
ENST00000315599.12	0	0	0	0
ENST00000315608.7	0	0	0	0
ENST00000315616.12	383	46	372	42
ENST00000315678.10	0	0	0	0
ENST00000315683.1	0	0	0	0
ENST00000315691.8	448	28	432	25
ENST00000315711.12	0	0	0	0
ENST00000315732.3	169	19	166	16
ENST00000315757.9	3591	1256	3445	962
ENST00000315758.10	1520	635	1457	494
ENST00000315765.10	0	0	0	0
ENST00000315781.9	442	70	421	50
ENST00000315792.5	379	65	356	50
ENST00000315796.5	195	14	187	12
ENST00000315869.8	453	73	424	59
ENST00000315870.10	449	41	418	30
ENST00000315872.11	3095	554	3025	412
ENST00000315906.10	0	0	0	0
ENST00000315915.4	0	0	0	0
ENST00000315927.8	131	9	126	8
ENST00000315930.11	0	0	0	0
ENST00000315938.4	0	0	0	0
ENST00000315939.11	2826	544	2688	407
ENST00000315948.11	313	11	303	10
ENST00000315962.9	0	0	0	0
ENST00000315970.12	1621	502	1564	375
ENST00000315987.6	29	4	26	2
ENST00000316024.9	527	119	508	92
ENST00000316048.2	0	2	0	2
ENST00000316052.6	555	73	547	61
ENST00000316059.7	61	23	63	25
ENST00000316073.3	0	0	0	0
ENST00000316077.14	883	160	880	115
ENST00000316081.11	0	0	0	0
ENST00000316084.10	622	561	1516	847
ENST00000316097.13	415	67	406	62
ENST00000316105.7	4	0	0	0
ENST00000316144.6	0	0	0	0
ENST00000316149.8	439	37	468	30
ENST00000316157.8	795	70	776	54
ENST00000316161.6	0	0	0	0
ENST00000316169.2	0	0	0	0
ENST00000316193.13	0	0	0	0
ENST00000316218.12	635	113	595	72
ENST00000316249.3	0	0	0	0
ENST00000316273.11	557	96	544	78
ENST00000316292.13	56	180	4037	4971
ENST00000316300.10	0	0	0	0
ENST00000316308.9	200	44	182	33
ENST00000316316.10	140	11	135	9
ENST00000316333.9	0	0	0	0
ENST00000316334.5	229	15	225	11
ENST00000316341.8	671	133	583	105
ENST00000316355.10	340	43	333	30
ENST00000316364.9	407	27	398	25
ENST00000316368.2	0	0	0	0
ENST00000316375.3	0	0	0	0
ENST00000316386.11	0	0	0	0
ENST00000316398.5	0	0	0	0
ENST00000316401.11	0	0	0	0
ENST00000316403.15	2988	1994	2899	1513
ENST00000316407.9	61	8	60	6
ENST00000316412.9	0	0	0	0
ENST00000316418.9	265	53	252	42
ENST00000316423.11	1317	100	1320	75
ENST00000316428.10	1	0	1	0
ENST00000316433.9	4	3	3	1
ENST00000316436.4	0	0	0	0
ENST00000316448.10	3063	3011	2951	2219
ENST00000316461.9	454	59	406	53
ENST00000316470.9	1	0	1	0
ENST00000316491.13	81	10	51	3
ENST00000316495.8	45	13	47	12
ENST00000316509.11	222	32	195	16
ENST00000316519.11	443	95	463	82
ENST00000316529.3	0	0	0	0
ENST00000316534.8	149	3	146	3
ENST00000316549.11	71	5	73	4
ENST00000316554.5	1	0	1	0
ENST00000316562.8	526	66	498	45
ENST00000316586.9	434	191	422	138
ENST00000316594.6	1060	196	859	121
ENST00000316610.7	253	16	246	14
ENST00000316623.10	5532	1084	5322	826
ENST00000316634.6	308	49	281	34
ENST00000316637.7	3	0	3	0
ENST00000316649.9	2	3	2	1
ENST00000316660.7	142	10	139	9
ENST00000316694.8	849	179	1023	161
ENST00000316715.9	84	7	82	4
ENST00000316731.12	28	1	1	0
ENST00000316738.12	218	7	219	4
ENST00000316752.11	130	4	130	2
ENST00000316754.8	0	0	0	0
ENST00000316757.4	159	54	150	43
ENST00000316770.2	0	0	0	0
ENST00000316788.12	302	74	490	77
ENST00000316793.7	3	2	2	2
ENST00000316824.4	169	16	166	14
ENST00000316836.5	552	75	536	62
ENST00000316843.9	654	90	639	69
ENST00000316851.11	0	0	0	0
ENST00000316881.9	835	78	808	65
ENST00000316891.10	606	68	577	53
ENST00000316902.12	23	0	21	0
ENST00000316937.8	111	30	112	25
ENST00000316939.3	754	369	709	303
ENST00000316948.8	43	7	36	7
ENST00000316950.11	1	1	0	0
ENST00000316963.8	177	14	529	29
ENST00000316981.8	30	6	29	4
ENST00000316997.8	0	0	0	0
ENST00000317011.8	0	0	0	0
ENST00000317012.5	2	0	1	0
ENST00000317025.13	462	64	526	54
ENST00000317037.2	0	0	0	0
ENST00000317040.12	467	49	451	38
ENST00000317058.8	262	45	281	33
ENST00000317060.3	15	1	14	1
ENST00000317089.10	1111	195	1096	154
ENST00000317091.10	58	33	58	28
ENST00000317096.9	80	27	109	22
ENST00000317103.5	0	0	0	0
ENST00000317121.6	0	0	0	0
ENST00000317135.13	0	0	0	0
ENST00000317147.10	2926	646	2881	474
ENST00000317173.9	98	4	101	3
ENST00000317178.10	210	12	124	6
ENST00000317204.11	169	11	164	10
ENST00000317216.3	0	0	0	0
ENST00000317243.10	58	7	43	3
ENST00000317271.2	0	7	0	1
ENST00000317276.9	406	59	387	43
ENST00000317306.8	0	0	0	0
ENST00000317310.5	0	0	0	0
ENST00000317338.17	0	1	0	0
ENST00000317357.10	9	2	9	2
ENST00000317370.13	14	2	12	2
ENST00000317376.8	0	0	0	0
ENST00000317391.8	0	0	0	0
ENST00000317398.10	33	8	30	7
ENST00000317449.5	0	0	0	0
ENST00000317459.11	207	26	204	17
ENST00000317479.8	245	75	243	63
ENST00000317502.11	509	90	26	1
ENST00000317506.8	273	14	264	12
ENST00000317508.11	6	0	6	0
ENST00000317534.6	435	145	28	6
ENST00000317543.12	0	0	0	0
ENST00000317551.12	614	56	587	37
ENST00000317568.10	225	11	297	15
ENST00000317571.8	904	47	911	34
ENST00000317578.7	210	46	192	39
ENST00000317582.10	652	116	595	73
ENST00000317593.9	0	0	0	0
ENST00000317605.6	0	0	0	0
ENST00000317615.11	600	31	576	25
ENST00000317620.14	6	0	6	0
ENST00000317633.13	0	0	0	0
ENST00000317635.6	305	80	297	69
ENST00000317643.10	0	0	0	0
ENST00000317647.11	31	2	29	1
ENST00000317658.5	0	0	0	0
ENST00000317676.2	0	0	0	0
ENST00000317683.4	31	61	29	49
ENST00000317702.10	1477	569	718	234
ENST00000317716.14	5	3	5	2
ENST00000317735.6	0	0	1	0
ENST00000317746.2	0	0	0	0
ENST00000317749.9	0	0	0	0
ENST00000317775.11	0	0	0	0
ENST00000317799.10	1091	160	1207	135
ENST00000317802.9	0	0	0	0
ENST00000317811.6	128	41	123	36
ENST00000317814.8	38	0	36	0
ENST00000317834.4	0	0	0	0
ENST00000317861.1	0	0	0	0
ENST00000317868.9	381	35	382	22
ENST00000317869.7	4	0	0	0
ENST00000317881.9	891	352	1458	299
ENST00000317897.5	481	38	445	31
ENST00000317905.10	223	54	220	43
ENST00000317907.9	681	31	686	25
ENST00000317931.11	0	0	0	0
ENST00000317943.6	205	25	200	24
ENST00000317951.5	0	0	0	0
ENST00000317961.8	0	0	0	0
ENST00000317965.3	0	0	0	0
ENST00000317987.6	0	0	0	0
ENST00000317991.9	453	101	425	94
ENST00000317995.5	1	0	1	0
ENST00000318003.11	419	69	417	58
ENST00000318006.9	803	80	779	55
ENST00000318008.11	930	276	890	211
ENST00000318010.12	181	17	173	13
ENST00000318024.8	291	78	290	57
ENST00000318037.3	465	63	458	42
ENST00000318059.8	0	0	0	0
ENST00000318063.10	0	0	0	0
ENST00000318066.7	227	48	593	57
ENST00000318080.7	318	27	301	23
ENST00000318109.12	49	6	45	4
ENST00000318121.8	1734	250	1695	191
ENST00000318124.3	0	0	0	0
ENST00000318129.6	308	31	299	27
ENST00000318130.13	768	67	735	49
ENST00000318157.3	0	0	0	0
ENST00000318158.11	965	255	907	184
ENST00000318160.5	260	16	238	12
ENST00000318184.9	0	0	0	0
ENST00000318203.9	0	0	0	0
ENST00000318217.10	39	0	37	0
ENST00000318222.4	0	0	0	0
ENST00000318225.3	0	0	0	0
ENST00000318238.9	102	15	92	9
ENST00000318244.4	0	0	0	0
ENST00000318247.7	0	4	0	3
ENST00000318249.9	16	5	8	1
ENST00000318312.12	17	7	16	6
ENST00000318315.5	205	14	161	16
ENST00000318329.6	0	0	0	0
ENST00000318348.9	165	14	233	26
ENST00000318351.2	0	0	0	0
ENST00000318357.9	4	4	4	4
ENST00000318364.12	378	74	345	57
ENST00000318388.11	453	117	976	133
ENST00000318407.5	96	2	92	1
ENST00000318410.12	1180	168	1164	125
ENST00000318430.10	0	0	0	0
ENST00000318438.7	0	0	0	0
ENST00000318442.6	0	0	0	0
ENST00000318443.10	445	66	266	30
ENST00000318445.11	732	104	729	80
ENST00000318471.5	191	14	188	12
ENST00000318507.7	0	0	0	0
ENST00000318522.10	1154	154	1129	99
ENST00000318528.8	1	0	1	0
ENST00000318579.9	12	0	10	0
ENST00000318584.10	112	25	106	23
ENST00000318596.8	44	14	44	12
ENST00000318602.12	5	1	5	1
ENST00000318607.10	1000	1122	401	207
ENST00000318627.4	39	4	38	4
ENST00000318631.8	12	0	8	0
ENST00000318636.8	13	0	106	11
ENST00000318663.5	37	1	34	1
ENST00000318673.6	0	0	0	0
ENST00000318683.7	0	0	0	0
ENST00000318698.6	16	2	17	2
ENST00000318709.9	554	34	547	27
ENST00000318753.13	42	14	40	12
ENST00000318782.9	267	51	257	46
ENST00000318833.4	17	1	12	1
ENST00000318881.11	0	0	0	0
ENST00000318887.8	369	28	380	19
ENST00000318911.5	1204	463	1143	333
ENST00000318948.7	706	61	674	47
ENST00000318950.11	1030	146	1000	108
ENST00000318962.9	46	6	44	4
ENST00000318967.7	1394	261	1370	194
ENST00000318974.14	0	0	0	0
ENST00000318978.6	116	26	113	23
ENST00000319004.6	1439	253	1333	192
ENST00000319006.8	1382	356	1378	279
ENST00000319017.5	358	26	376	22
ENST00000319023.7	623	156	590	115
ENST00000319070.3	0	0	0	0
ENST00000319074.6	370	74	376	65
ENST00000319080.12	229	62	220	52
ENST00000319098.7	1	0	1	0
ENST00000319119.4	89	32	87	26
ENST00000319121.4	798	16	780	12
ENST00000319172.10	355	32	340	25
ENST00000319190.11	550	187	538	155
ENST00000319211.5	335	21	322	16
ENST00000319212.9	508	101	509	76
ENST00000319231.9	0	0	0	0
ENST00000319234.5	10	0	9	0
ENST00000319264.4	136	5	130	4
ENST00000319273.10	0	0	0	0
ENST00000319283.7	371	35	366	28
ENST00000319285.5	480	80	464	72
ENST00000319286.6	8	0	5	0
ENST00000319296.10	75	30	63	15
ENST00000319327.6	0	14	0	13
ENST00000319331.4	67	3	63	2
ENST00000319332.10	1823	364	1752	270
ENST00000319340.7	7	0	5	6
ENST00000319349.10	8	0	5	0
ENST00000319357.6	924	128	876	81
ENST00000319359.8	102	5	104	1
ENST00000319363.11	294	32	285	26
ENST00000319374.4	0	0	0	0
ENST00000319380.12	874	186	854	158
ENST00000319394.8	169	20	166	15
ENST00000319397.6	370	25	331	18
ENST00000319410.9	1862	560	1929	437
ENST00000319416.7	0	0	0	0
ENST00000319420.4	0	0	0	0
ENST00000319441.6	0	0	0	0
ENST00000319481.8	841	127	823	86
ENST00000319518.13	123	57	120	45
ENST00000319540.9	242	14	241	11
ENST00000319550.9	550	53	784	48
ENST00000319555.8	68	2	65	2
ENST00000319560.7	0	0	0	0
ENST00000319562.11	1209	359	1189	259
ENST00000319580.13	63	17	62	14
ENST00000319595.5	0	0	0	0
ENST00000319653.14	83	3	80	2
ENST00000319669.4	0	0	0	0
ENST00000319675.5	0	0	0	0
ENST00000319694.3	0	0	0	0
ENST00000319715.10	814	291	790	234
ENST00000319720.11	0	0	0	0
ENST00000319725.10	1115	286	1103	226
ENST00000319760.8	0	0	0	0
ENST00000319778.11	228	35	218	26
ENST00000319813.3	0	0	0	0
ENST00000319856.5	0	0	0	0
ENST00000319863.13	152	17	142	16
ENST00000319908.7	1109	236	1134	199
ENST00000319933.7	290	26	287	22
ENST00000319942.8	1093	245	1062	181
ENST00000319974.6	223	15	217	10
ENST00000319977.8	282	30	270	26
ENST00000319988.1	0	0	0	0
ENST00000320002.3	0	0	0	0
ENST00000320005.5	0	0	0	0
ENST00000320027.10	2209	410	2156	314
ENST00000320031.13	1623	372	1608	315
ENST00000320033.5	188	10	176	8
ENST00000320048.1	0	0	0	0
ENST00000320065.1	0	0	0	0
ENST00000320078.12	1	0	0	0
ENST00000320081.10	454	49	447	32
ENST00000320095.12	366	232	341	183
ENST00000320129.7	1	0	0	0
ENST00000320152.11	172	1	169	1
ENST00000320159.2	126	17	118	12
ENST00000320172.11	625	64	607	52
ENST00000320185.6	0	0	0	0
ENST00000320201.8	37	22	37	11
ENST00000320203.8	214	19	216	16
ENST00000320211.10	507	56	504	44
ENST00000320230.9	326	64	322	53
ENST00000320241.5	62	7	49	5
ENST00000320248.4	2	0	1	0
ENST00000320254.5	1	1	0	0
ENST00000320256.5	0	0	0	0
ENST00000320270.4	532	105	494	77
ENST00000320285.9	152	17	149	13
ENST00000320301.10	0	0	0	0
ENST00000320316.8	597	155	590	120
ENST00000320330.8	173	61	0	0
ENST00000320334.5	108	4	104	3
ENST00000320393.9	443	28	443	26
ENST00000320394.10	105	2	112	2
ENST00000320431.8	0	15	0	0
ENST00000320442.9	0	12	0	0
ENST00000320476.7	1067	480	1008	385
ENST00000320477.10	0	0	0	0
ENST00000320493.9	18	2	4	0
ENST00000320516.5	3	3	3	2
ENST00000320521.9	0	0	0	0
ENST00000320531.3	3	0	3	0
ENST00000320542.4	1	0	1	0
ENST00000320560.13	1158	152	1131	115
ENST00000320567.6	0	0	0	0
ENST00000320574.10	1016	311	989	233
ENST00000320578.3	0	0	0	0
ENST00000320580.9	1063	154	1035	119
ENST00000320585.11	380	56	1245	137
ENST00000320610.13	144	46	141	36
ENST00000320623.10	1855	637	1810	476
ENST00000320631.8	778	116	630	76
ENST00000320634.8	0	0	0	0
ENST00000320640.11	927	82	917	65
ENST00000320672.8	350	33	324	19
ENST00000320676.11	249	102	201	36
ENST00000320701.8	0	0	0	0
ENST00000320704.3	0	0	0	0
ENST00000320717.8	1602	170	1526	126
ENST00000320743.7	575	54	554	44
ENST00000320756.7	396	53	418	46
ENST00000320767.4	0	0	0	0
ENST00000320776.5	166	15	162	12
ENST00000320785.10	821	808	804	673
ENST00000320805.8	428	122	416	88
ENST00000320816.11	1855	357	1799	264
ENST00000320848.7	237	53	147	24
ENST00000320857.7	767	207	773	161
ENST00000320865.3	128	12	123	8
ENST00000320868.9	0	0	0	0
ENST00000320876.11	1442	178	1393	127
ENST00000320892.11	0	0	0	0
ENST00000320895.10	1803	871	1772	702
ENST00000320901.3	0	0	0	0
ENST00000320912.8	498	342	252	186
ENST00000320934.8	196	39	299	40
ENST00000320954.11	1298	424	1143	308
ENST00000320955.8	1	7	1	5
ENST00000320985.14	695	98	656	70
ENST00000321027.8	290	40	282	26
ENST00000321030.9	1128	420	1101	332
ENST00000321037.5	1	0	1	0
ENST00000321039.4	0	0	0	0
ENST00000321105.10	678	150	669	122
ENST00000321110.2	0	0	0	0
ENST00000321149.7	221	9	203	8
ENST00000321169.10	710	68	724	55
ENST00000321196.8	325	25	316	22
ENST00000321250.13	426	31	416	24
ENST00000321252.2	0	0	0	0
ENST00000321253.7	1	0	0	0
ENST00000321255.1	0	0	0	0
ENST00000321256.10	669	75	637	63
ENST00000321264.9	126	39	118	31
ENST00000321265.10	741	331	1289	386
ENST00000321276.8	1	0	1	0
ENST00000321297.10	17	15	18	12
ENST00000321301.7	274	122	216	80
ENST00000321322.6	0	0	0	0
ENST00000321331.11	79	10	312	29
ENST00000321337.12	769	291	756	233
ENST00000321339.3	0	0	0	0
ENST00000321341.11	768	66	889	51
ENST00000321348.9	529	50	505	40
ENST00000321356.9	495	131	449	88
ENST00000321358.12	146	142	1683	1191
ENST00000321394.12	1469	588	2630	636
ENST00000321407.3	335	64	318	45
ENST00000321424.7	0	0	0	0
ENST00000321429.8	1	0	0	0
ENST00000321437.9	281	6	270	6
ENST00000321442.10	1204	184	1177	145
ENST00000321510.7	0	0	0	0
ENST00000321522.2	0	0	0	0
ENST00000321535.5	0	0	0	0
ENST00000321545.5	140	0	81	0
ENST00000321556.5	652	153	640	128
ENST00000321560.4	148	11	35	2
ENST00000321562.9	1406	338	1360	264
ENST00000321582.9	33	7	32	6
ENST00000321596.6	2	4	8	5
ENST00000321600.1	0	0	0	0
ENST00000321612.8	1	0	1	0
ENST00000321613.7	45	0	43	0
ENST00000321617.8	247	28	242	24
ENST00000321660.2	0	0	0	0
ENST00000321662.11	30	1	28	0
ENST00000321685.7	112	3	110	4
ENST00000321702.2	1	0	1	0
ENST00000321725.10	0	0	0	0
ENST00000321731.8	0	0	0	0
ENST00000321753.8	217	36	207	25
ENST00000321757.11	1000	134	982	96
ENST00000321760.11	0	0	0	0
ENST00000321762.3	0	0	0	0
ENST00000321764.4	154	6	144	5
ENST00000321765.10	1894	403	1851	312
ENST00000321801.11	0	0	0	0
ENST00000321826.5	0	0	0	0
ENST00000321867.6	408	112	393	94
ENST00000321870.3	0	0	0	0
ENST00000321871.10	0	0	0	0
ENST00000321878.10	371	76	357	54
ENST00000321895.7	366	68	356	59
ENST00000321897.9	156	52	162	50
ENST00000321919.14	1055	182	1086	150
ENST00000321945.12	170	6	238	7
ENST00000321949.13	231	62	246	56
ENST00000321990.5	652	118	629	87
ENST00000321998.10	361	19	351	13
ENST00000322002.5	0	0	0	0
ENST00000322019.14	0	1	0	0
ENST00000322028.5	444	278	372	189
ENST00000322030.13	375	434	447	309
ENST00000322048.12	212	33	212	25
ENST00000322054.10	11	0	9	0
ENST00000322066.4	0	0	0	0
ENST00000322088.11	1724	462	1677	387
ENST00000322090.8	827	114	814	97
ENST00000322101.4	0	0	0	0
ENST00000322107.1	0	0	0	0
ENST00000322122.8	0	0	0	0
ENST00000322128.5	0	0	0	0
ENST00000322139.4	17	0	13	0
ENST00000322157.9	1100	218	1889	266
ENST00000322166.10	1048	312	18	0
ENST00000322177.6	170	31	160	25
ENST00000322203.7	269	347	1370	840
ENST00000322209.4	0	0	0	0
ENST00000322213.9	2119	671	2105	521
ENST00000322217.6	39	22	37	19
ENST00000322241.6	3	0	3	0
ENST00000322244.10	1390	87	1382	71
ENST00000322246.4	0	0	0	0
ENST00000322247.7	467	30	454	18
ENST00000322301.4	0	0	0	0
ENST00000322310.10	301	160	305	140
ENST00000322313.9	1002	187	989	146
ENST00000322329.5	1	0	1	0
ENST00000322342.4	313	32	305	26
ENST00000322344.8	283	104	276	93
ENST00000322347.11	602	120	789	137
ENST00000322348.5	0	0	0	0
ENST00000322349.13	706	72	711	49
ENST00000322350.10	6	0	6	0
ENST00000322357.9	314	67	281	51
ENST00000322396.7	389	29	381	24
ENST00000322428.10	495	242	485	152
ENST00000322434.8	71	8	45	2
ENST00000322444.7	181	16	170	7
ENST00000322487.11	22	1	7	0
ENST00000322507.13	6545	1142	6388	865
ENST00000322527.4	0	0	0	0
ENST00000322535.11	2587	1028	2559	805
ENST00000322536.8	481	94	701	77
ENST00000322563.8	25	0	25	0
ENST00000322564.9	0	0	0	0
ENST00000322569.9	15	0	12	0
ENST00000322583.5	0	0	0	0
ENST00000322602.9	813	29	783	21
ENST00000322608.2	0	0	0	0
ENST00000322611.4	1121	1001	1072	733
ENST00000322623.10	1385	331	1360	267
ENST00000322630.3	1	3	1	2
ENST00000322635.7	411	46	326	37
ENST00000322641.5	0	0	0	0
ENST00000322652.10	855	122	1122	119
ENST00000322653.6	0	0	0	0
ENST00000322716.8	622	81	589	53
ENST00000322723.9	3534	2571	3510	1765
ENST00000322734.2	0	0	0	0
ENST00000322753.7	46	26	45	23
ENST00000322764.10	1415	466	1378	375
ENST00000322810.8	2823	2780	2582	2099
ENST00000322861.12	3	0	4	0
ENST00000322886.12	889	93	871	72
ENST00000322893.12	153	21	146	16
ENST00000322897.11	489	35	479	22
ENST00000322912.9	3	0	3	0
ENST00000322927.3	235	33	226	27
ENST00000322937.10	0	0	0	0
ENST00000322940.11	184	15	206	9
ENST00000322941.3	2	0	2	0
ENST00000322953.9	7	0	7	0
ENST00000322954.11	505	123	487	86
ENST00000322957.7	0	0	0	0
ENST00000322989.8	218	225	983	373
ENST00000323013.7	401	88	740	143
ENST00000323019.9	128	10	121	10
ENST00000323030.6	0	0	0	0
ENST00000323037.5	162	13	174	11
ENST00000323040.5	0	0	0	0
ENST00000323061.7	159	13	143	7
ENST00000323084.9	0	0	0	0
ENST00000323110.2	0	0	0	0
ENST00000323115.9	0	0	0	0
ENST00000323116.10	747	87	747	61
ENST00000323169.10	2	0	1	0
ENST00000323180.10	245	40	226	30
ENST00000323206.2	191	27	162	22
ENST00000323249.8	70	23	69	21
ENST00000323274.15	1130	273	1146	156
ENST00000323301.8	581	61	568	46
ENST00000323303.9	44	23	39	16
ENST00000323319.6	0	2	0	0
ENST00000323322.10	0	0	0	0
ENST00000323345.11	179	240	1811	1721
ENST00000323346.10	1	0	1	0
ENST00000323348.10	313	86	309	64
ENST00000323372.9	0	0	0	0
ENST00000323374.8	917	498	878	412
ENST00000323404.2	0	0	0	0
ENST00000323443.6	6	6	14	6
ENST00000323456.9	643	74	630	56
ENST00000323460.10	654	76	639	54
ENST00000323468.10	880	55	875	41
ENST00000323469.5	111	3	103	1
ENST00000323482.9	9	3	8	3
ENST00000323523.8	398	18	392	16
ENST00000323534.5	223	53	192	29
ENST00000323544.5	261	42	253	31
ENST00000323557.11	434	105	421	87
ENST00000323563.8	435	34	452	23
ENST00000323570.8	466	13	462	12
ENST00000323571.9	262	36	250	34
ENST00000323588.9	146	32	141	24
ENST00000323646.9	160	9	148	5
ENST00000323662.9	0	2	0	2
ENST00000323666.10	1557	409	1580	327
ENST00000323675.4	0	0	0	0
ENST00000323684.4	0	0	0	0
ENST00000323699.9	1280	138	1225	97
ENST00000323701.11	920	141	910	94
ENST00000323703.11	48	13	49	12
ENST00000323760.11	565	66	551	51
ENST00000323770.8	0	0	0	0
ENST00000323777.8	0	0	0	0
ENST00000323786.10	1017	166	997	130
ENST00000323798.8	631	95	608	80
ENST00000323819.7	0	0	0	0
ENST00000323830.4	0	0	0	0
ENST00000323848.14	1010	139	1583	139
ENST00000323853.10	3932	1111	4050	896
ENST00000323865.5	0	0	0	0
ENST00000323906.9	0	2	0	0
ENST00000323927.3	958	248	935	212
ENST00000323929.8	848	98	1024	94
ENST00000323944.9	63	1	63	1
ENST00000323959.9	900	121	872	93
ENST00000323963.10	676	336	979	323
ENST00000323997.10	538	104	463	76
ENST00000324000.4	0	0	0	0
ENST00000324015.7	4	0	4	0
ENST00000324041.5	0	0	0	0
ENST00000324048.9	466	83	450	67
ENST00000324052.10	581	106	648	86
ENST00000324068.2	17	2	15	2
ENST00000324071.10	1	0	1	0
ENST00000324093.8	869	337	831	268
ENST00000324096.9	396	59	385	50
ENST00000324103.11	0	0	0	0
ENST00000324106.9	0	0	0	0
ENST00000324109.9	718	103	702	72
ENST00000324189.5	16	5	16	4
ENST00000324194.12	534	40	518	36
ENST00000324198.11	60	13	61	10
ENST00000324225.9	252	28	248	20
ENST00000324238.7	329	25	402	22
ENST00000324262.9	756	80	721	56
ENST00000324266.10	612	74	594	56
ENST00000324288.13	0	0	0	0
ENST00000324290.5	0	0	0	0
ENST00000324300.10	250	1	222	1
ENST00000324306.11	388	58	327	39
ENST00000324324.12	3	4	3	4
ENST00000324331.10	395	45	386	41
ENST00000324341.2	0	0	0	0
ENST00000324344.9	125	6	139	5
ENST00000324348.8	30	4	31	4
ENST00000324366.13	1438	300	1443	224
ENST00000324379.10	610	71	621	53
ENST00000324382.6	1	0	1	0
ENST00000324417.6	0	0	0	0
ENST00000324432.9	105	11	202	21
ENST00000324436.5	4	1	0	0
ENST00000324439.9	380	23	384	19
ENST00000324444.9	1	0	0	0
ENST00000324447.7	0	0	0	0
ENST00000324453.13	99	16	94	13
ENST00000324460.7	2386	1269	3778	1394
ENST00000324464.8	230	43	229	36
ENST00000324472.9	20	3	47	0
ENST00000324557.9	75	0	77	0
ENST00000324559.9	0	0	0	0
ENST00000324602.11	0	0	0	0
ENST00000324607.8	111	12	111	9
ENST00000324616.9	0	0	0	0
ENST00000324642.4	0	0	0	0
ENST00000324675.3	0	0	0	0
ENST00000324679.5	219	29	320	41
ENST00000324685.10	1384	455	1352	357
ENST00000324695.9	0	0	0	0
ENST00000324727.8	0	0	0	0
ENST00000324768.6	50	1	48	0
ENST00000324771.12	367	67	354	55
ENST00000324774.9	275	55	262	32
ENST00000324787.10	172	16	205	13
ENST00000324803.6	0	4	0	0
ENST00000324817.6	1301	160	1269	113
ENST00000324849.9	243	13	386	10
ENST00000324852.9	0	0	0	0
ENST00000324856.13	702	115	680	93
ENST00000324862.7	719	210	872	185
ENST00000324868.13	771	80	766	60
ENST00000324871.12	251	27	325	21
ENST00000324873.8	270	119	261	94
ENST00000324894.13	240	29	232	23
ENST00000324907.14	11	0	11	0
ENST00000324913.9	202	32	199	25
ENST00000324932.12	2722	447	2687	346
ENST00000324941.5	0	0	0	0
ENST00000324978.8	0	0	0	0
ENST00000325017.3	0	0	0	0
ENST00000325089.7	547	94	531	70
ENST00000325102.12	162	16	170	13
ENST00000325106.8	0	0	0	0
ENST00000325110.11	1622	188	1640	156
ENST00000325113.9	0	0	0	0
ENST00000325123.5	101	21	101	17
ENST00000325134.9	67	31	42	23
ENST00000325144.5	212	48	202	41
ENST00000325157.7	0	0	0	0
ENST00000325167.9	204	25	196	18
ENST00000325192.8	8	6	8	4
ENST00000325212.11	686	176	677	119
ENST00000325222.9	1106	222	1164	176
ENST00000325239.11	0	0	0	0
ENST00000325250.2	0	0	0	0
ENST00000325278.6	30	2	29	1
ENST00000325285.8	586	397	570	319
ENST00000325301.7	368	90	356	72
ENST00000325303.8	38	4	35	0
ENST00000325307.12	168	79	729	132
ENST00000325318.10	49	10	51	9
ENST00000325321.8	0	0	0	0
ENST00000325324.10	1296	99	1287	78
ENST00000325327.4	1142	478	1072	351
ENST00000325351.5	31	5	30	4
ENST00000325366.14	1170	119	1097	86
ENST00000325385.11	348	32	366	27
ENST00000325404.3	0	0	0	0
ENST00000325411.9	3	0	2	0
ENST00000325418.5	562	34	540	19
ENST00000325421.7	157	23	142	18
ENST00000325438.12	124	81	115	66
ENST00000325455.10	0	0	0	0
ENST00000325495.9	2808	1082	2603	744
ENST00000325509.4	1	0	1	0
ENST00000325542.10	832	134	842	103
ENST00000325551.9	1415	231	1417	189
ENST00000325558.11	0	0	0	0
ENST00000325599.13	742	55	857	56
ENST00000325602.6	0	0	0	0
ENST00000325631.10	111	0	106	0
ENST00000325636.8	18	2	13	2
ENST00000325643.6	0	0	0	0
ENST00000325656.6	5	0	4	0
ENST00000325680.12	1095	204	1076	161
ENST00000325719.4	0	0	0	0
ENST00000325722.8	700	116	671	89
ENST00000325748.9	384	44	382	42
ENST00000325752.8	349	27	329	21
ENST00000325795.7	415	12	412	10
ENST00000325805.13	1001	129	981	97
ENST00000325812.7	0	0	0	0
ENST00000325844.9	559	145	532	116
ENST00000325870.3	124	5	115	3
ENST00000325875.7	553	56	538	37
ENST00000325881.9	11	3	8	0
ENST00000325885.6	0	0	0	0
ENST00000325926.4	10	4	10	3
ENST00000325935.10	2	0	2	0
ENST00000325954.9	354	204	354	150
ENST00000325962.7	0	0	0	0
ENST00000325974.9	38	2	1	0
ENST00000325980.10	0	0	0	0
ENST00000325995.7	24	4	24	2
ENST00000326000.2	0	0	0	0
ENST00000326003.7	0	0	0	0
ENST00000326005.10	403	38	367	27
ENST00000326010.10	0	0	0	0
ENST00000326016.10	20	1	19	1
ENST00000326043.5	14	1	12	1
ENST00000326047.9	1238	192	1213	151
ENST00000326053.10	0	0	0	0
ENST00000326080.10	10	0	7	0
ENST00000326085.7	2	4	1	1
ENST00000326132.11	109	6	187	6
ENST00000326139.7	0	0	0	0
ENST00000326152.6	15	0	13	0
ENST00000326153.9	0	0	337	94
ENST00000326172.9	126	15	117	11
ENST00000326181.11	750	270	736	210
ENST00000326183.3	0	0	0	0
ENST00000326194.10	209	22	193	19
ENST00000326195.13	1464	561	1436	438
ENST00000326197.11	141	52	135	45
ENST00000326232.14	262	19	257	15
ENST00000326233.7	0	0	0	0
ENST00000326245.4	0	0	0	0
ENST00000326258.1	0	0	0	0
ENST00000326266.13	522	168	521	137
ENST00000326274.6	0	0	0	0
ENST00000326279.11	0	0	0	0
ENST00000326282.5	47	1	46	1
ENST00000326291.11	726	70	733	53
ENST00000326294.4	0	0	0	0
ENST00000326303.4	63	8	77	5
ENST00000326306.5	0	0	0	0
ENST00000326317.11	275	39	263	28
ENST00000326321.7	0	0	0	0
ENST00000326361.7	572	63	556	48
ENST00000326397.10	64	11	420	45
ENST00000326402.9	731	82	706	64
ENST00000326427.11	512	89	502	71
ENST00000326441.15	0	0	0	0
ENST00000326446.10	477	34	494	19
ENST00000326448.12	79	16	77	10
ENST00000326474.4	69	2	66	2
ENST00000326495.10	130	38	126	31
ENST00000326499.11	0	0	0	0
ENST00000326505.4	27	3	27	3
ENST00000326524.7	0	0	0	0
ENST00000326577.9	561	199	541	171
ENST00000326581.9	0	0	0	0
ENST00000326621.10	0	0	0	0
ENST00000326637.8	0	0	0	0
ENST00000326648.4	589	116	573	82
ENST00000326652.9	0	0	0	0
ENST00000326665.10	0	0	0	0
ENST00000326669.6	3	0	1	0
ENST00000326674.10	586	160	570	133
ENST00000326695.10	9	0	9	0
ENST00000326724.9	2	0	2	0
ENST00000326737.3	99	9	96	8
ENST00000326739.9	2211	905	2147	674
ENST00000326756.4	0	0	0	0
ENST00000326764.9	311	245	297	200
ENST00000326771.2	0	0	0	0
ENST00000326783.4	0	0	0	0
ENST00000326793.11	1013	64	999	54
ENST00000326828.6	0	3	0	3
ENST00000326840.11	541	58	548	45
ENST00000326842.3	0	0	0	0
ENST00000326855.2	0	0	0	0
ENST00000326866.5	2	0	2	0
ENST00000326873.12	16	0	15	0
ENST00000326902.7	0	0	0	0
ENST00000326925.11	706	234	668	204
ENST00000326974.9	798	275	768	209
ENST00000327031.9	1911	647	1905	541
ENST00000327040.13	240	32	235	22
ENST00000327042.5	0	1	0	1
ENST00000327044.7	1143	471	1775	530
ENST00000327047.5	0	0	0	0
ENST00000327064.9	923	159	911	131
ENST00000327097.4	0	0	0	0
ENST00000327111.8	298	57	244	41
ENST00000327134.7	1064	93	1517	85
ENST00000327141.9	482	326	468	246
ENST00000327157.4	0	0	0	0
ENST00000327158.5	394	46	384	31
ENST00000327214.5	375	46	393	43
ENST00000327216.4	0	0	0	0
ENST00000327220.10	0	0	0	0
ENST00000327228.5	0	0	0	0
ENST00000327237.7	593	109	596	91
ENST00000327245.10	4	0	4	0
ENST00000327247.9	544	153	1168	218
ENST00000327259.5	38	3	36	3
ENST00000327268.8	74	1	128	1
ENST00000327271.10	0	1	0	0
ENST00000327300.12	1709	556	1657	434
ENST00000327304.10	687	117	697	92
ENST00000327305.11	6	0	6	0
ENST00000327325.10	0	0	0	0
ENST00000327335.4	0	0	0	0
ENST00000327337.6	1	0	1	0
ENST00000327347.10	245	80	665	128
ENST00000327365.8	5	0	4	0
ENST00000327367.9	689	114	638	100
ENST00000327374.9	176	31	178	24
ENST00000327381.7	0	0	0	0
ENST00000327407.2	0	0	0	0
ENST00000327419.7	0	0	0	0
ENST00000327423.11	637	66	620	52
ENST00000327428.10	147	49	294	54
ENST00000327435.11	539	102	516	81
ENST00000327441.11	282	21	280	13
ENST00000327442.6	2	0	2	0
ENST00000327443.9	1054	65	1050	56
ENST00000327451.11	1	2	1	1
ENST00000327470.6	193	4	186	4
ENST00000327475.11	1	1	0	0
ENST00000327490.8	96	14	70	10
ENST00000327492.4	285	46	283	38
ENST00000327495.10	1	0	0	0
ENST00000327532.7	133	32	129	28
ENST00000327535.6	11	1	10	0
ENST00000327554.3	0	0	0	0
ENST00000327581.4	0	0	0	0
ENST00000327582.5	0	1	10	3
ENST00000327606.4	0	0	0	0
ENST00000327619.10	3	0	3	0
ENST00000327628.10	101	53	98	48
ENST00000327668.11	215	13	133	9
ENST00000327669.5	3	0	3	0
ENST00000327671.10	114	9	111	7
ENST00000327673.4	0	0	0	0
ENST00000327674.8	0	0	0	0
ENST00000327678.10	3	1	12	2
ENST00000327680.6	920	86	866	60
ENST00000327681.10	162	26	154	19
ENST00000327697.11	521	163	542	110
ENST00000327705.14	0	1	0	0
ENST00000327720.6	0	0	0	0
ENST00000327726.11	334	21	321	18
ENST00000327741.9	53	11	38	10
ENST00000327757.10	10	3	9	2
ENST00000327772.7	650	97	664	78
ENST00000327773.7	385	230	377	181
ENST00000327787.13	282	106	267	88
ENST00000327809.5	0	0	0	0
ENST00000327827.12	669	58	643	44
ENST00000327835.7	70	1	70	1
ENST00000327839.3	0	0	0	0
ENST00000327857.7	0	0	0	0
ENST00000327858.11	2321	842	2178	659
ENST00000327876.5	0	0	0	0
ENST00000327877.10	262	19	261	17
ENST00000327892.13	1194	836	2129	913
ENST00000327906.8	22	2	22	1
ENST00000327928.4	0	0	0	0
ENST00000327930.2	0	0	0	0
ENST00000327939.4	4	0	4	0
ENST00000327946.12	1	0	1	0
ENST00000327968.7	0	0	0	0
ENST00000327987.9	0	0	0	0
ENST00000328024.11	621	83	579	66
ENST00000328041.11	1	0	1	0
ENST00000328046.8	385	21	387	18
ENST00000328051.3	0	0	0	0
ENST00000328078.3	5	4	0	0
ENST00000328085.10	0	0	0	0
ENST00000328086.12	248	27	216	18
ENST00000328089.11	291	25	281	22
ENST00000328111.6	158	14	152	16
ENST00000328114.11	0	0	0	0
ENST00000328119.10	0	0	0	0
ENST00000328178.13	5	2	1	0
ENST00000328188.1	0	0	0	0
ENST00000328194.8	702	254	683	190
ENST00000328195.8	385	37	365	24
ENST00000328199.6	0	0	0	0
ENST00000328205.9	515	32	499	22
ENST00000328207.6	0	0	0	0
ENST00000328221.5	78	1	64	0
ENST00000328224.7	0	0	0	0
ENST00000328248.7	0	1	0	0
ENST00000328252.4	604	70	607	53
ENST00000328257.13	1187	135	1187	103
ENST00000328278.4	0	0	0	0
ENST00000328299.4	0	0	0	0
ENST00000328313.10	0	0	0	0
ENST00000328314.3	0	0	0	0
ENST00000328333.12	1456	1623	1410	1289
ENST00000328345.8	30	5	20	4
ENST00000328379.5	244	53	240	46
ENST00000328381.10	180	13	166	10
ENST00000328404.8	2	0	1	0
ENST00000328405.7	0	0	0	0
ENST00000328434.8	353	82	331	74
ENST00000328435.2	0	0	0	0
ENST00000328444.5	0	0	0	0
ENST00000328459.11	161	35	158	30
ENST00000328540.7	2	5	1	4
ENST00000328546.5	0	0	0	0
ENST00000328550.6	33	5	15	3
ENST00000328557.5	0	0	0	0
ENST00000328559.11	4	0	5	0
ENST00000328599.4	225	30	212	22
ENST00000328600.3	2	0	2	0
ENST00000328619.10	0	0	0	0
ENST00000328631.10	711	77	646	65
ENST00000328649.11	563	137	547	108
ENST00000328654.10	99	7	77	5
ENST00000328655.8	0	0	0	0
ENST00000328663.8	506	116	553	76
ENST00000328664.9	0	1	0	0
ENST00000328666.11	157	34	154	30
ENST00000328668.8	74	5	68	5
ENST00000328697.11	966	472	921	349
ENST00000328698.2	0	0	0	0
ENST00000328703.12	494	221	635	192
ENST00000328709.8	197	20	192	18
ENST00000328739.6	0	0	0	0
ENST00000328741.6	5	0	5	0
ENST00000328747.12	98	18	18	3
ENST00000328771.9	425	108	423	95
ENST00000328782.3	0	0	0	0
ENST00000328794.10	0	1	0	0
ENST00000328795.5	0	0	0	0
ENST00000328801.6	0	0	0	0
ENST00000328823.13	1	0	1	0
ENST00000328827.9	875	152	838	112
ENST00000328828.5	0	1	0	0
ENST00000328834.9	892	81	877	66
ENST00000328848.6	394	140	412	106
ENST00000328850.8	10	0	10	0
ENST00000328853.9	0	0	0	0
ENST00000328867.9	15	1	13	0
ENST00000328879.9	216	24	208	15
ENST00000328880.6	0	0	0	0
ENST00000328882.6	0	0	0	0
ENST00000328886.5	0	0	0	0
ENST00000328890.2	0	0	0	0
ENST00000328895.9	0	0	0	0
ENST00000328902.9	0	0	0	0
ENST00000328913.7	6	5	6	3
ENST00000328914.5	595	35	545	26
ENST00000328923.8	1564	326	1534	272
ENST00000328933.10	157	23	137	21
ENST00000328939.8	0	0	0	0
ENST00000328945.7	24	5	17	2
ENST00000328957.13	0	0	0	0
ENST00000328963.10	1	0	1	0
ENST00000328965.9	59	9	54	5
ENST00000329003.4	10	1	11	0
ENST00000329021.10	0	0	0	0
ENST00000329066.9	1	0	1	0
ENST00000329078.8	2	1	0	1
ENST00000329082.11	2	0	2	0
ENST00000329106.2	0	0	0	0
ENST00000329117.10	0	1	0	1
ENST00000329122.2	0	0	0	0
ENST00000329125.6	0	4	0	2
ENST00000329138.9	913	251	908	206
ENST00000329146.9	640	205	609	173
ENST00000329152.7	12	8	11	8
ENST00000329153.10	16	8	16	6
ENST00000329196.7	0	0	0	0
ENST00000329198.5	44	5	32	4
ENST00000329203.5	0	0	0	0
ENST00000329214.13	251	81	272	72
ENST00000329236.8	882	235	872	187
ENST00000329245.9	462	139	453	120
ENST00000329251.5	239	270	18	17
ENST00000329271.8	277	19	343	16
ENST00000329276.10	1186	350	1208	260
ENST00000329285.13	35	1	24	1
ENST00000329286.7	402	36	386	30
ENST00000329291.6	86	6	81	5
ENST00000329293.4	21	1	19	1
ENST00000329309.4	1	0	0	0
ENST00000329312.5	0	0	0	0
ENST00000329319.7	267	29	253	18
ENST00000329321.4	12	4	12	0
ENST00000329322.5	0	0	0	0
ENST00000329357.6	0	0	0	0
ENST00000329363.8	40	3	33	2
ENST00000329399.7	687	102	777	79
ENST00000329402.4	0	0	0	0
ENST00000329406.5	32	11	34	0
ENST00000329410.4	0	0	0	0
ENST00000329421.8	448	124	437	113
ENST00000329434.2	0	0	0	0
ENST00000329446.5	0	0	0	0
ENST00000329447.5	0	0	0	0
ENST00000329451.8	5	4	5	4
ENST00000329454.2	0	0	0	0
ENST00000329468.5	0	0	0	0
ENST00000329474.7	515	73	499	54
ENST00000329476.4	0	0	0	0
ENST00000329478.4	70	11	62	9
ENST00000329492.6	98	3	88	2
ENST00000329493.5	0	14	0	11
ENST00000329516.7	0	0	0	0
ENST00000329517.11	123	14	125	8
ENST00000329548.5	501	47	481	37
ENST00000329553.3	3	0	3	0
ENST00000329559.8	211	66	348	71
ENST00000329565.6	65	13	62	11
ENST00000329582.9	14	7	13	3
ENST00000329597.12	2	0	2	0
ENST00000329608.11	622	58	596	48
ENST00000329615.4	12	0	7	0
ENST00000329621.6	0	0	0	0
ENST00000329630.10	32	3	20	1
ENST00000329665.5	90	2	69	2
ENST00000329687.8	524	155	498	114
ENST00000329697.10	0	0	0	0
ENST00000329713.5	155	54	136	48
ENST00000329715.2	0	0	0	0
ENST00000329722.8	1	0	1	0
ENST00000329734.4	129	29	109	25
ENST00000329753.5	0	0	0	0
ENST00000329758.5	0	0	0	0
ENST00000329759.6	108	60	99	56
ENST00000329773.3	0	0	0	0
ENST00000329797.8	0	0	0	0
ENST00000329798.5	0	0	0	0
ENST00000329800.7	5	12	5	7
ENST00000329805.6	0	0	0	0
ENST00000329841.10	397	46	383	35
ENST00000329862.6	0	0	0	0
ENST00000329875.13	745	136	626	79
ENST00000329903.4	0	0	0	0
ENST00000329905.6	0	0	0	0
ENST00000329913.4	0	0	0	0
ENST00000329956.11	0	0	0	0
ENST00000329957.7	104	15	92	8
ENST00000329962.11	76	153	71	128
ENST00000329967.11	587	178	558	150
ENST00000329970.8	229	104	500	112
ENST00000329992.12	120	34	115	23
ENST00000330020.4	0	0	0	0
ENST00000330029.6	363	107	305	85
ENST00000330055.7	1	2	1	2
ENST00000330062.8	828	130	801	95
ENST00000330070.5	0	0	0	0
ENST00000330106.5	2	0	3	0
ENST00000330120.5	0	0	0	0
ENST00000330133.5	378	108	367	95
ENST00000330137.12	285	44	525	51
ENST00000330143.8	43	18	31	7
ENST00000330149.10	197	8	190	6
ENST00000330173.5	1	0	0	0
ENST00000330175.8	3	3	3	2
ENST00000330181.9	0	0	0	0
ENST00000330194.2	18	0	17	0
ENST00000330212.7	28	6	27	4
ENST00000330233.11	0	0	2	5
ENST00000330236.7	270	26	211	21
ENST00000330255.9	4	0	4	0
ENST00000330261.5	1	3	0	2
ENST00000330263.5	632	132	908	127
ENST00000330271.6	25	1	25	1
ENST00000330288.6	94	11	77	5
ENST00000330295.10	347	19	337	13
ENST00000330330.9	0	0	0	0
ENST00000330333.11	1066	227	1060	184
ENST00000330342.8	490	57	462	38
ENST00000330368.3	101	8	96	6
ENST00000330374.6	233	10	302	8
ENST00000330377.3	0	0	0	0
ENST00000330387.11	1337	85	1278	60
ENST00000330388.2	11	0	11	0
ENST00000330394.3	40	3	36	2
ENST00000330398.9	314	127	76	19
ENST00000330423.8	13	11	1	2
ENST00000330430.10	3	0	3	0
ENST00000330432.12	0	0	0	0
ENST00000330436.4	0	0	0	0
ENST00000330452.8	441	57	410	40
ENST00000330475.9	70	8	65	7
ENST00000330494.12	1864	1270	1675	920
ENST00000330498.4	1	28	1	0
ENST00000330501.12	159	13	128	9
ENST00000330503.12	754	256	740	204
ENST00000330523.9	0	0	0	0
ENST00000330537.10	103	18	0	0
ENST00000330553.6	1	0	0	0
ENST00000330560.8	991	132	964	104
ENST00000330574.2	592	60	531	51
ENST00000330579.6	455	74	450	56
ENST00000330590.4	0	0	0	0
ENST00000330597.5	0	0	0	0
ENST00000330619.13	1	0	0	0
ENST00000330636.8	291	33	258	22
ENST00000330651.11	123	110	110	84
ENST00000330676.8	73	9	71	4
ENST00000330682.3	0	0	0	1
ENST00000330684.4	0	0	0	0
ENST00000330688.9	4	0	4	0
ENST00000330689.6	90	8	85	7
ENST00000330701.7	0	0	0	0
ENST00000330710.9	5	2	5	2
ENST00000330714.8	14	0	14	0
ENST00000330720.7	983	76	923	51
ENST00000330722.7	1	0	0	0
ENST00000330753.6	122	26	113	23
ENST00000330793.2	1	0	1	0
ENST00000330798.3	0	0	0	0
ENST00000330817.11	438	83	425	71
ENST00000330828.3	52	2	50	2
ENST00000330843.9	384	29	380	23
ENST00000330862.4	0	0	0	0
ENST00000330871.3	233	39	222	29
ENST00000330877.6	155	35	143	27
ENST00000330884.9	33	6	32	6
ENST00000330889.8	152	33	153	24
ENST00000330891.10	0	0	0	0
ENST00000330899.5	1911	1079	2434	839
ENST00000330912.6	0	0	0	0
ENST00000330915.7	1	0	1	0
ENST00000330927.5	2	0	1	0
ENST00000330938.8	652	241	646	202
ENST00000330943.9	0	0	0	0
ENST00000330949.3	0	0	0	0
ENST00000330953.6	0	0	0	0
ENST00000330964.10	451	50	533	40
ENST00000330978.3	50	1	49	3
ENST00000331035.10	0	0	1	3
ENST00000331056.10	3	3	3	2
ENST00000331070.8	0	0	0	0
ENST00000331075.10	64	5	62	4
ENST00000331079.11	976	89	984	70
ENST00000331090.11	0	0	0	0
ENST00000331105.7	0	0	0	0
ENST00000331113.9	0	0	0	0
ENST00000331128.6	594	0	388	0
ENST00000331134.11	1364	265	1316	210
ENST00000331161.9	1	0	1	0
ENST00000331162.8	0	0	0	0
ENST00000331163.11	3	4	3	3
ENST00000331173.6	876	135	761	97
ENST00000331200.8	772	172	860	137
ENST00000331203.7	35	0	33	0
ENST00000331220.6	0	0	0	0
ENST00000331222.6	37	6	37	4
ENST00000331238.7	2	0	2	0
ENST00000331239.8	151	9	154	6
ENST00000331251.3	0	0	0	0
ENST00000331256.10	1	0	1	0
ENST00000331264.8	0	1	0	0
ENST00000331272.9	65	20	74	14
ENST00000331289.4	0	0	0	0
ENST00000331299.6	59	0	61	0
ENST00000331302.12	25	5	26	3
ENST00000331314.11	303	24	295	22
ENST00000331320.12	699	239	627	152
ENST00000331327.5	234	20	169	12
ENST00000331334.5	252	43	321	38
ENST00000331335.9	0	0	0	0
ENST00000331340.8	0	0	0	0
ENST00000331351.6	0	0	0	0
ENST00000331366.10	882	73	867	51
ENST00000331373.10	471	9	462	7
ENST00000331380.4	336	1	128	0
ENST00000331410.10	111	27	73	20
ENST00000331426.6	113	5	113	4
ENST00000331427.9	0	0	0	0
ENST00000331428.5	3	1	2	1
ENST00000331433.5	0	0	0	0
ENST00000331434.7	782	216	739	162
ENST00000331437.4	0	0	0	0
ENST00000331442.5	1145	0	882	0
ENST00000331444.12	0	0	1	0
ENST00000331456.7	374	54	373	42
ENST00000331457.9	677	137	1028	136
ENST00000331462.6	1	0	1	0
ENST00000331469.6	0	0	0	0
ENST00000331479.4	279	35	267	32
ENST00000331483.9	2691	1835	2624	1425
ENST00000331491.2	78	0	6	0
ENST00000331493.7	49	8	46	4
ENST00000331495.8	581	155	549	124
ENST00000331536.8	235	18	229	12
ENST00000331552.12	188	7	183	4
ENST00000331555.10	0	0	0	0
ENST00000331563.7	364	56	338	42
ENST00000331565.5	0	0	0	0
ENST00000331569.6	296	18	286	16
ENST00000331573.8	1005	237	977	185
ENST00000331581.10	536	22	529	23
ENST00000331593.6	3	0	0	0
ENST00000331595.9	1262	319	1189	230
ENST00000331597.9	1058	135	1025	102
ENST00000331628.8	0	0	0	0
ENST00000331664.6	1	0	0	0
ENST00000331683.10	442	27	438	23
ENST00000331710.10	779	81	754	62
ENST00000331723.1	0	0	0	0
ENST00000331738.12	832	125	785	89
ENST00000331758.8	92	25	92	19
ENST00000331768.10	663	81	652	61
ENST00000331772.9	93	2	90	2
ENST00000331780.5	0	6	0	2
ENST00000331782.8	582	165	535	127
ENST00000331803.8	258	41	235	33
ENST00000331817.6	2298	2294	1625	1250
ENST00000331825.11	254	1132	602	1512
ENST00000331830.7	0	0	0	0
ENST00000331835.10	831	161	836	119
ENST00000331849.8	0	0	4	0
ENST00000331858.5	2	0	2	0
ENST00000331860.7	0	0	0	0
ENST00000331872.11	827	219	1176	205
ENST00000331890.6	277	63	267	50
ENST00000331898.11	0	0	0	0
ENST00000331923.9	497	89	493	67
ENST00000331968.11	19	4	18	3
ENST00000331982.6	0	0	0	0
ENST00000332007.7	0	0	0	0
ENST00000332070.7	858	63	827	49
ENST00000332118.11	1023	172	995	142
ENST00000332142.10	0	0	0	0
ENST00000332145.3	10	0	10	0
ENST00000332149.10	0	0	0	0
ENST00000332175.12	976	214	954	167
ENST00000332180.10	1459	116	1445	95
ENST00000332211.10	168	17	1600	238
ENST00000332235.8	1	1	1	1
ENST00000332238.5	0	0	0	0
ENST00000332249.4	0	0	0	0
ENST00000332271.9	44	2	43	2
ENST00000332272.9	0	0	0	0
ENST00000332281.6	0	0	0	0
ENST00000332290.3	170	27	159	16
ENST00000332296.7	0	0	0	0
ENST00000332303.6	368	48	335	37
ENST00000332312.4	0	0	0	0
ENST00000332314.3	0	0	0	0
ENST00000332323.10	1	0	0	0
ENST00000332349.5	328	34	318	30
ENST00000332372.6	0	0	0	0
ENST00000332374.5	0	0	0	0
ENST00000332375.4	1	2	1	1
ENST00000332378.6	0	0	0	0
ENST00000332395.7	343	41	316	30
ENST00000332397.6	0	0	0	0
ENST00000332408.9	0	0	0	0
ENST00000332411.2	1	0	0	0
ENST00000332431.5	1	0	1	0
ENST00000332432.9	0	0	0	0
ENST00000332435.10	348	24	339	17
ENST00000332438.4	10	2	8	1
ENST00000332439.5	232	26	215	19
ENST00000332499.4	638	250	621	221
ENST00000332503.6	30	2	19	0
ENST00000332509.8	50	24	47	23
ENST00000332512.8	270	39	246	20
ENST00000332517.4	0	0	0	0
ENST00000332539.5	1	0	0	0
ENST00000332549.8	1	0	0	0
ENST00000332556.5	1924	561	1834	457
ENST00000332567.5	0	0	0	0
ENST00000332582.5	8	14	7	11
ENST00000332585.11	336	63	320	47
ENST00000332598.7	1008	419	950	319
ENST00000332624.8	365	95	353	66
ENST00000332629.7	229	25	219	22
ENST00000332644.6	0	0	0	0
ENST00000332663.3	0	0	0	0
ENST00000332687.11	728	62	1128	64
ENST00000332690.1	0	0	0	0
ENST00000332700.6	8	0	8	0
ENST00000332707.10	1057	328	2190	402
ENST00000332715.6	0	0	0	0
ENST00000332780.4	138	26	134	23
ENST00000332782.7	0	0	0	0
ENST00000332783.12	183	8	174	5
ENST00000332793.11	0	0	0	0
ENST00000332810.4	300	56	275	47
ENST00000332822.6	82	9	81	8
ENST00000332826.7	1	1	2	0
ENST00000332830.9	389	134	386	99
ENST00000332831.4	0	0	0	0
ENST00000332836.7	0	0	0	0
ENST00000332843.3	0	0	0	0
ENST00000332853.9	0	0	0	0
ENST00000332854.10	127	20	69	9
ENST00000332857.7	0	0	0	0
ENST00000332859.11	362	83	342	68
ENST00000332884.11	106	12	105	8
ENST00000332912.3	0	0	0	0
ENST00000332947.6	4	1	4	1
ENST00000332955.7	0	0	0	0
ENST00000332958.3	0	0	0	0
ENST00000332981.10	105	15	98	12
ENST00000332995.11	0	0	0	0
ENST00000333003.10	260	21	256	16
ENST00000333017.6	1	0	1	0
ENST00000333026.4	0	0	0	0
ENST00000333039.3	20	7	18	5
ENST00000333050.7	277	28	272	22
ENST00000333055.8	368	80	349	63
ENST00000333059.5	114	35	107	31
ENST00000333119.7	594	200	575	144
ENST00000333127.4	0	0	0	0
ENST00000333129.4	140	16	138	11
ENST00000333130.3	661	69	641	60
ENST00000333137.11	564	135	547	115
ENST00000333141.7	0	0	0	0
ENST00000333149.7	0	0	0	0
ENST00000333151.5	130	0	38	0
ENST00000333167.13	460	103	449	70
ENST00000333172.11	0	0	0	0
ENST00000333188.10	2807	527	2790	415
ENST00000333190.5	0	0	0	0
ENST00000333201.13	0	0	0	0
ENST00000333213.11	286	94	271	72
ENST00000333219.9	220	27	201	26
ENST00000333229.6	612	107	618	85
ENST00000333244.6	1183	435	696	209
ENST00000333254.4	0	0	0	0
ENST00000333274.11	453	10	435	8
ENST00000333279.3	0	0	0	0
ENST00000333305.5	0	0	0	0
ENST00000333323.6	14	0	14	0
ENST00000333337.3	0	0	0	0
ENST00000333360.12	0	0	0	0
ENST00000333371.8	7	0	10	0
ENST00000333383.8	4	5	4	0
ENST00000333385.10	0	0	0	0
ENST00000333396.11	492	39	470	29
ENST00000333407.11	0	0	0	0
ENST00000333421.6	287	19	278	14
ENST00000333430.6	182	8	176	8
ENST00000333437.5	5	0	5	0
ENST00000333449.9	528	119	523	84
ENST00000333461.6	173	52	172	34
ENST00000333467.4	167	17	57	1
ENST00000333479.12	1237	268	1224	206
ENST00000333480.3	1	2	1	1
ENST00000333486.4	18	0	17	0
ENST00000333493.9	0	0	0	0
ENST00000333503.8	462	98	442	89
ENST00000333511.9	1438	891	1323	646
ENST00000333527.6	0	0	0	0
ENST00000333535.9	7	0	5	0
ENST00000333538.10	0	0	0	0
ENST00000333590.5	210	17	232	14
ENST00000333598.7	0	0	0	0
ENST00000333602.13	94	51	95	48
ENST00000333610.4	187	9	177	9
ENST00000333611.8	180	60	186	45
ENST00000333625.3	0	0	0	0
ENST00000333628.4	145	32	90	10
ENST00000333634.8	0	0	0	0
ENST00000333640.11	24	10	23	8
ENST00000333651.11	604	330	594	259
ENST00000333676.8	10	5	41	24
ENST00000333677.7	9	0	8	0
ENST00000333725.10	1226	151	1201	109
ENST00000333751.6	82	22	82	15
ENST00000333762.6	676	150	648	129
ENST00000333796.3	0	0	0	0
ENST00000333813.4	0	0	0	0
ENST00000333843.8	0	0	0	0
ENST00000333850.4	0	0	0	0
ENST00000333861.5	15	0	15	0
ENST00000333868.10	219	43	201	26
ENST00000333870.8	0	0	0	0
ENST00000333881.3	0	0	0	0
ENST00000333891.14	167	19	161	18
ENST00000333892.3	0	0	0	0
ENST00000333911.8	0	0	0	0
ENST00000333916.8	492	56	487	42
ENST00000333924.6	163	8	154	6
ENST00000333926.6	293	41	430	38
ENST00000333933.3	13	0	0	0
ENST00000333942.10	581	63	666	55
ENST00000333972.11	27	16	27	11
ENST00000333976.6	0	0	0	0
ENST00000333987.12	0	0	0	0
ENST00000333995.7	0	0	0	0
ENST00000333999.5	0	0	0	0
ENST00000334000.7	0	0	0	0
ENST00000334011.10	0	0	0	0
ENST00000334018.11	3	1	3	1
ENST00000334025.3	0	0	0	0
ENST00000334036.9	0	0	0	0
ENST00000334046.5	0	0	0	0
ENST00000334047.12	385	42	380	33
ENST00000334055.5	0	0	0	0
ENST00000334056.10	0	3	0	0
ENST00000334058.3	0	0	0	0
ENST00000334062.8	798	156	768	110
ENST00000334063.6	0	0	0	0
ENST00000334067.4	0	0	0	0
ENST00000334068.3	0	0	0	0
ENST00000334077.6	1	0	1	0
ENST00000334082.11	320	32	318	25
ENST00000334109.3	0	0	0	0
ENST00000334121.11	918	279	911	218
ENST00000334122.5	0	0	0	0
ENST00000334126.11	704	105	689	75
ENST00000334133.9	154	14	159	15
ENST00000334134.4	0	0	0	0
ENST00000334151.3	0	0	0	0
ENST00000334160.5	0	0	0	0
ENST00000334163.4	840	95	816	74
ENST00000334166.9	91	14	91	9
ENST00000334176.4	4	0	4	0
ENST00000334179.5	0	0	0	0
ENST00000334181.5	174	6	115	3
ENST00000334186.9	77	13	73	12
ENST00000334194.4	0	0	0	0
ENST00000334197.11	0	0	0	0
ENST00000334202.5	0	0	0	0
ENST00000334205.9	506	248	494	206
ENST00000334213.10	42	2	0	0
ENST00000334220.9	740	142	1088	140
ENST00000334221.5	14	0	10	0
ENST00000334241.9	95	6	72	2
ENST00000334256.9	1020	127	1407	122
ENST00000334258.9	6	0	6	0
ENST00000334266.1	0	0	0	0
ENST00000334268.9	1	0	1	0
ENST00000334269.3	0	0	0	0
ENST00000334270.3	598	135	556	92
ENST00000334274.9	591	70	567	50
ENST00000334287.3	0	0	0	0
ENST00000334289.7	0	0	0	0
ENST00000334295.9	889	156	875	116
ENST00000334304.10	497	136	584	124
ENST00000334306.4	0	2	0	1
ENST00000334310.10	710	81	661	65
ENST00000334318.10	897	48	860	39
ENST00000334325.2	1	0	1	0
ENST00000334344.11	1020	54	1013	37
ENST00000334346.3	0	0	0	0
ENST00000334348.7	56	11	88	6
ENST00000334350.7	6	0	2	0
ENST00000334371.3	0	0	0	0
ENST00000334379.11	529	35	577	27
ENST00000334384.5	0	0	0	0
ENST00000334391.5	0	0	0	0
ENST00000334398.8	345	16	398	17
ENST00000334409.10	0	0	0	0
ENST00000334414.10	67	16	64	13
ENST00000334418.6	113	26	112	20
ENST00000334438.1	0	0	0	0
ENST00000334444.11	501	104	489	87
ENST00000334463.4	382	47	372	34
ENST00000334464.7	685	82	675	63
ENST00000334493.11	2	0	2	0
ENST00000334512.10	714	110	653	77
ENST00000334513.6	32	10	30	7
ENST00000334527.11	558	78	552	69
ENST00000334529.10	0	0	0	0
ENST00000334534.10	83	1	84	1
ENST00000334546.6	81	7	81	7
ENST00000334549.1	0	0	0	0
ENST00000334554.11	209	100	216	91
ENST00000334567.9	0	0	0	0
ENST00000334568.8	0	0	0	0
ENST00000334571.7	427	24	411	21
ENST00000334574.12	0	0	0	0
ENST00000334575.6	0	0	0	0
ENST00000334586.10	0	24	0	13
ENST00000334598.11	251	35	247	28
ENST00000334600.7	0	0	0	0
ENST00000334634.9	36	8	34	7
ENST00000334635.10	492	38	467	26
ENST00000334636.9	52	15	51	11
ENST00000334651.11	0	0	275	31
ENST00000334660.10	532	29	688	36
ENST00000334661.4	74	7	65	4
ENST00000334662.2	0	0	0	0
ENST00000334664.3	0	0	0	0
ENST00000334670.9	0	0	0	0
ENST00000334678.8	363	140	350	116
ENST00000334679.3	15	0	15	0
ENST00000334680.3	0	0	0	0
ENST00000334690.11	683	97	680	76
ENST00000334696.10	73	6	73	3
ENST00000334705.12	462	28	833	39
ENST00000334708.4	0	0	0	0
ENST00000334726.3	0	0	0	0
ENST00000334731.7	168	6	193	5
ENST00000334743.9	589	105	844	87
ENST00000334746.10	355	41	381	39
ENST00000334773.6	0	0	0	0
ENST00000334785.11	610	258	594	193
ENST00000334793.6	12	0	9	0
ENST00000334801.7	586	169	557	139
ENST00000334805.10	80	21	77	17
ENST00000334810.5	0	0	0	0
ENST00000334815.5	352	38	341	30
ENST00000334828.6	3	0	131	30
ENST00000334849.2	0	0	0	0
ENST00000334857.3	0	0	0	0
ENST00000334879.1	0	0	0	0
ENST00000334889.4	0	0	0	0
ENST00000334897.4	0	0	0	0
ENST00000334928.11	0	0	0	0
ENST00000334933.8	76	23	377	73
ENST00000334955.13	708	104	674	68
ENST00000334956.15	1098	203	1107	149
ENST00000334982.9	471	69	463	49
ENST00000334983.10	49	4	48	4
ENST00000334994.6	0	0	0	0
ENST00000335012.3	0	0	0	0
ENST00000335016.9	382	18	411	11
ENST00000335017.1	0	0	0	0
ENST00000335021.2	0	0	0	0
ENST00000335025.12	531	75	529	47
ENST00000335040.1	0	0	0	0
ENST00000335044.6	128	16	110	15
ENST00000335071.4	0	0	0	0
ENST00000335080.6	33	1	25	0
ENST00000335093.5	0	0	0	0
ENST00000335099.8	26	7	24	6
ENST00000335117.9	0	0	0	0
ENST00000335119.4	24	0	21	0
ENST00000335123.4	0	0	0	0
ENST00000335125.11	98	4	32	1
ENST00000335137.4	0	0	0	0
ENST00000335154.10	149	16	139	9
ENST00000335174.6	52	5	50	1
ENST00000335181.10	2849	3153	3781	2861
ENST00000335183.11	579	57	557	45
ENST00000335185.9	0	2	0	0
ENST00000335186.3	0	0	0	0
ENST00000335209.12	320	35	317	26
ENST00000335211.9	64	407	56	239
ENST00000335230.7	0	0	0	0
ENST00000335238.4	0	0	0	0
ENST00000335244.9	2	0	1	0
ENST00000335251.11	133	11	131	7
ENST00000335255.10	417	119	400	89
ENST00000335263.9	251	33	236	22
ENST00000335272.10	895	99	906	74
ENST00000335281.8	31	0	30	0
ENST00000335282.5	0	0	0	0
ENST00000335288.5	0	0	0	0
ENST00000335290.10	346	25	334	19
ENST00000335302.5	0	0	0	0
ENST00000335304.6	0	0	0	0
ENST00000335325.9	171	44	163	38
ENST00000335327.6	4	5	4	4
ENST00000335350.10	8	0	8	0
ENST00000335351.8	94	99	90	74
ENST00000335385.3	0	0	0	0
ENST00000335390.6	84	4	67	2
ENST00000335397.3	0	0	0	0
ENST00000335420.10	589	23	582	16
ENST00000335426.8	0	0	0	0
ENST00000335449.11	0	0	0	0
ENST00000335464.10	373	47	361	39
ENST00000335472.12	139	8	145	7
ENST00000335473.12	0	0	0	0
ENST00000335479.2	0	0	0	0
ENST00000335504.9	0	0	0	0
ENST00000335508.11	3408	1133	3320	779
ENST00000335509.10	464	71	469	61
ENST00000335510.7	0	0	0	0
ENST00000335512.8	0	0	0	0
ENST00000335514.10	674	440	659	364
ENST00000335515.10	0	0	0	0
ENST00000335523.7	0	0	0	0
ENST00000335524.7	0	0	0	0
ENST00000335542.13	0	2	0	2
ENST00000335552.4	0	0	0	0
ENST00000335565.5	0	0	0	0
ENST00000335568.10	0	0	0	0
ENST00000335605.1	0	0	0	0
ENST00000335613.10	2	0	1	0
ENST00000335621.10	0	0	0	0
ENST00000335624.4	61	5	57	3
ENST00000335626.8	678	133	653	116
ENST00000335633.1	0	0	0	0
ENST00000335658.6	0	0	0	0
ENST00000335666.4	0	0	0	0
ENST00000335674.1	0	0	0	0
ENST00000335678.7	0	0	0	0
ENST00000335681.10	140	45	137	30
ENST00000335694.4	0	0	0	0
ENST00000335725.9	411	44	399	36
ENST00000335749.4	60	4	60	4
ENST00000335754.8	797	72	769	59
ENST00000335756.9	203	21	197	19
ENST00000335757.10	1210	222	1147	136
ENST00000335765.9	168	26	164	25
ENST00000335783.4	394	51	384	34
ENST00000335790.8	324	70	308	57
ENST00000335791.10	206	63	197	55
ENST00000335793.4	314	51	296	40
ENST00000335815.7	76	16	53	13
ENST00000335847.9	0	0	0	0
ENST00000335866.7	485	57	481	42
ENST00000335867.4	158	38	150	31
ENST00000335870.7	121	40	113	20
ENST00000335875.9	2	0	2	0
ENST00000335877.11	638	72	556	40
ENST00000335953.9	0	0	0	0
ENST00000335968.8	131	14	127	11
ENST00000335972.11	3237	1017	3164	775
ENST00000335987.8	0	0	0	0
ENST00000335999.7	399	55	387	44
ENST00000336023.9	294	854	92	184
ENST00000336032.4	646	60	630	48
ENST00000336075.6	370	57	167	15
ENST00000336077.11	0	0	0	0
ENST00000336078.8	300	124	572	125
ENST00000336079.8	3	0	1	0
ENST00000336083.7	447	37	154	8
ENST00000336095.10	237	2	245	2
ENST00000336119.7	0	0	0	0
ENST00000336123.5	0	0	0	0
ENST00000336125.6	0	0	0	0
ENST00000336126.6	286	20	267	12
ENST00000336128.12	191	29	107	13
ENST00000336133.8	555	150	916	154
ENST00000336138.4	225	39	214	34
ENST00000336148.10	513	54	504	45
ENST00000336156.9	724	249	713	217
ENST00000336164.9	5	0	5	0
ENST00000336174.12	406	27	55	0
ENST00000336180.7	424	161	402	131
ENST00000336219.4	500	86	519	66
ENST00000336232.7	0	0	0	0
ENST00000336233.10	856	66	798	53
ENST00000336257.7	0	0	0	0
ENST00000336273.8	1525	344	1485	264
ENST00000336278.8	547	26	537	20
ENST00000336283.7	504	100	482	76
ENST00000336292.11	749	194	705	146
ENST00000336294.10	401	38	393	27
ENST00000336307.6	101	23	96	19
ENST00000336308.10	357	92	353	75
ENST00000336314.9	1664	415	1629	307
ENST00000336334.8	0	0	0	0
ENST00000336338.10	0	1	0	0
ENST00000336349.6	541	35	533	29
ENST00000336356.4	0	0	0	0
ENST00000336374.4	0	0	0	0
ENST00000336395.6	70	67	69	45
ENST00000336418.9	19	0	12	0
ENST00000336425.10	5	0	4	0
ENST00000336430.11	974	103	951	76
ENST00000336431.10	212	30	212	25
ENST00000336440.3	461	70	437	53
ENST00000336498.8	346	39	330	31
ENST00000336505.11	274	13	286	13
ENST00000336557.9	0	27	0	0
ENST00000336564.5	97	9	91	7
ENST00000336576.9	167	45	162	31
ENST00000336577.9	1	5	1	3
ENST00000336592.11	2021	191	1955	144
ENST00000336596.7	109	5	105	5
ENST00000336600.6	67	7	51	5
ENST00000336604.8	0	0	0	0
ENST00000336614.9	45	6	23	3
ENST00000336615.9	608	75	591	61
ENST00000336640.10	107	22	104	16
ENST00000336643.10	511	30	497	24
ENST00000336655.7	40	0	36	0
ENST00000336665.9	356	127	326	71
ENST00000336689.8	476	74	471	60
ENST00000336714.8	846	93	814	64
ENST00000336735.9	1329	87	1309	72
ENST00000336737.8	430	99	423	84
ENST00000336751.11	0	0	0	0
ENST00000336767.6	1551	442	1645	348
ENST00000336783.8	1145	262	1322	221
ENST00000336803.1	0	0	0	0
ENST00000336811.10	49	2	51	2
ENST00000336812.5	2219	538	2203	411
ENST00000336832.6	0	0	1	1
ENST00000336854.8	397	105	392	85
ENST00000336866.7	3	0	2	0
ENST00000336868.8	749	188	753	161
ENST00000336898.8	82	13	80	8
ENST00000336906.6	0	0	0	0
ENST00000336915.11	0	0	0	0
ENST00000336926.11	254	53	248	34
ENST00000336930.11	192	7	191	6
ENST00000336934.10	231	48	219	39
ENST00000336976.10	68	33	22	3
ENST00000336985.11	49	24	47	19
ENST00000336990.8	56	5	50	4
ENST00000337002.9	1287	278	1238	194
ENST00000337014.10	90	26	85	16
ENST00000337107.11	0	0	0	0
ENST00000337109.9	372	16	570	22
ENST00000337120.9	218	115	208	86
ENST00000337130.9	1348	194	1337	146
ENST00000337132.10	468	74	466	59
ENST00000337137.9	365	46	342	38
ENST00000337138.9	2880	515	2848	367
ENST00000337147.11	2115	904	1992	662
ENST00000337179.9	24	3	0	0
ENST00000337190.7	424	142	425	121
ENST00000337195.9	310	113	628	134
ENST00000337198.10	599	106	592	77
ENST00000337225.5	2	0	2	0
ENST00000337227.9	214	9	211	9
ENST00000337231.5	251	69	240	58
ENST00000337233.8	49	0	53	0
ENST00000337288.9	768	138	762	113
ENST00000337304.2	198	345	628	631
ENST00000337318.8	98	30	94	24
ENST00000337331.10	72	21	6	1
ENST00000337334.7	0	1	0	0
ENST00000337338.9	999	132	879	104
ENST00000337343.8	242	11	228	10
ENST00000337344.9	1015	165	991	121
ENST00000337352.10	11	1	11	1
ENST00000337386.10	442	92	537	82
ENST00000337392.10	1318	177	1285	130
ENST00000337401.8	100	15	66	4
ENST00000337414.9	1	0	1	0
ENST00000337425.10	0	0	0	0
ENST00000337428.8	0	0	0	0
ENST00000337432.9	686	43	656	32
ENST00000337435.9	217	23	199	11
ENST00000337488.11	332	86	329	61
ENST00000337491.7	269	33	264	27
ENST00000337502.5	0	0	0	0
ENST00000337508.9	0	2	0	1
ENST00000337514.11	132	7	129	6
ENST00000337530.10	84	4	81	4
ENST00000337532.9	218	7	217	6
ENST00000337537.8	578	48	744	35
ENST00000337573.10	248	41	245	33
ENST00000337604.6	105	7	95	5
ENST00000337619.11	622	135	612	116
ENST00000337620.8	467	185	1325	278
ENST00000337653.7	0	0	0	0
ENST00000337659.11	975	192	1192	177
ENST00000337664.9	115	11	114	9
ENST00000337682.9	147	4	721	26
ENST00000337685.6	0	0	0	0
ENST00000337702.5	560	38	557	28
ENST00000337743.9	89	6	92	6
ENST00000337768.10	487	74	469	54
ENST00000337774.9	3	0	2	0
ENST00000337777.7	83	5	82	2
ENST00000337827.8	23	0	22	0
ENST00000337843.7	205	22	186	12
ENST00000337851.8	0	0	0	0
ENST00000337859.11	1392	311	1365	235
ENST00000337872.9	39	3	37	3
ENST00000337881.11	0	0	0	0
ENST00000337907.7	347	87	359	66
ENST00000337908.5	0	0	0	0
ENST00000337910.10	484	95	471	70
ENST00000337929.8	4	0	4	0
ENST00000337938.7	0	0	0	0
ENST00000337963.9	217	8	176	5
ENST00000337975.6	105	4	101	3
ENST00000337979.9	227	23	218	16
ENST00000337995.4	100	7	52	4
ENST00000338005.7	3	12	2	2
ENST00000338010.9	84	26	80	20
ENST00000338033.9	33	40	32	27
ENST00000338034.9	1189	208	1171	158
ENST00000338037.11	375	46	361	37
ENST00000338040.6	0	0	0	0
ENST00000338045.7	357	56	212	19
ENST00000338086.9	1228	152	1202	111
ENST00000338087.10	1	0	1	0
ENST00000338099.9	217	28	205	15
ENST00000338121.10	160	18	159	16
ENST00000338128.13	26	5	30	5
ENST00000338134.8	247	36	242	28
ENST00000338146.7	173	21	163	19
ENST00000338148.8	0	0	0	0
ENST00000338154.11	429	44	418	33
ENST00000338165.8	427	82	393	54
ENST00000338179.6	1202	142	1179	101
ENST00000338193.11	606	38	642	27
ENST00000338205.9	2088	539	2046	409
ENST00000338206.6	0	0	0	0
ENST00000338222.6	939	35	814	27
ENST00000338270.1	0	0	0	0
ENST00000338272.9	157	4	151	4
ENST00000338302.7	1	1	1	1
ENST00000338305.7	0	0	0	0
ENST00000338315.5	0	0	0	0
ENST00000338316.9	0	0	0	0
ENST00000338333.5	0	0	0	0
ENST00000338343.8	141	85	139	69
ENST00000338352.3	0	0	0	0
ENST00000338354.9	58	33	28	10
ENST00000338356.7	939	52	908	41
ENST00000338366.6	446	55	436	36
ENST00000338370.7	713	342	713	289
ENST00000338372.7	0	0	0	0
ENST00000338379.6	5	0	3	0
ENST00000338380.2	534	65	526	48
ENST00000338399.9	453	213	748	199
ENST00000338415.8	3	0	3	0
ENST00000338432.11	93	32	87	27
ENST00000338437.7	0	0	0	0
ENST00000338448.10	249	79	240	67
ENST00000338482.5	0	0	0	0
ENST00000338487.5	0	0	0	0
ENST00000338492.9	2	4	0	4
ENST00000338502.8	3	0	3	0
ENST00000338513.1	0	0	0	0
ENST00000338523.9	15	1	13	1
ENST00000338560.12	4	0	4	0
ENST00000338588.8	1	0	1	0
ENST00000338591.8	94	74	88	67
ENST00000338595.7	248	25	229	13
ENST00000338608.7	2	0	2	0
ENST00000338616.5	0	0	0	0
ENST00000338625.9	259	22	206	15
ENST00000338639.10	975	559	1071	438
ENST00000338641.10	480	57	477	45
ENST00000338647.6	2	0	2	0
ENST00000338663.11	3178	2121	3102	1655
ENST00000338682.8	0	0	0	0
ENST00000338694.7	0	0	0	0
ENST00000338702.3	53	6	47	2
ENST00000338728.10	930	145	911	107
ENST00000338745.11	18	5	16	4
ENST00000338754.9	181	41	168	33
ENST00000338758.11	783	190	733	150
ENST00000338779.11	479	186	453	148
ENST00000338784.8	5	0	5	0
ENST00000338821.6	1578	347	1525	271
ENST00000338825.5	322	69	343	51
ENST00000338832.4	0	0	0	0
ENST00000338844.8	0	0	0	0
ENST00000338863.12	181	43	161	27
ENST00000338882.4	0	0	0	0
ENST00000338883.8	0	2	0	0
ENST00000338891.12	42	9	38	8
ENST00000338896.10	1	0	0	0
ENST00000338897.4	0	0	0	0
ENST00000338910.9	706	144	882	136
ENST00000338916.8	3	0	3	0
ENST00000338920.8	2106	593	2041	457
ENST00000338957.4	1	0	1	0
ENST00000338961.11	614	212	579	182
ENST00000338965.9	234	35	238	30
ENST00000338971.10	0	0	0	0
ENST00000338981.7	2	2	0	0
ENST00000339007.4	0	0	0	0
ENST00000339020.8	238	31	239	24
ENST00000339042.6	0	0	0	0
ENST00000339051.2	0	0	0	0
ENST00000339077.10	733	67	716	54
ENST00000339133.5	2	0	2	0
ENST00000339140.5	0	0	0	0
ENST00000339142.6	112	6	100	7
ENST00000339157.10	413	48	405	33
ENST00000339174.9	0	0	0	0
ENST00000339176.8	7	0	6	0
ENST00000339209.9	227	51	363	44
ENST00000339223.5	0	0	0	0
ENST00000339235.4	81	33	79	30
ENST00000339249.5	61	2	59	2
ENST00000339266.9	535	53	509	50
ENST00000339276.6	534	68	490	55
ENST00000339282.12	105	3	0	0
ENST00000339296.10	69	11	44	10
ENST00000339313.10	0	0	0	0
ENST00000339336.9	165	4	154	3
ENST00000339355.2	1	0	1	0
ENST00000339360.9	957	77	986	62
ENST00000339362.9	95	3	88	3
ENST00000339364.10	2	0	2	0
ENST00000339365.2	1338	176	1307	131
ENST00000339374.10	618	114	629	84
ENST00000339375.8	19	0	18	0
ENST00000339381.6	3	0	3	0
ENST00000339394.7	169	26	153	21
ENST00000339397.5	602	13	601	11
ENST00000339399.5	780	809	1278	694
ENST00000339413.11	474	72	460	71
ENST00000339431.9	4	0	4	0
ENST00000339450.10	719	51	714	42
ENST00000339463.7	0	0	0	0
ENST00000339464.9	330	70	298	55
ENST00000339465.5	2	1	2	1
ENST00000339468.8	0	0	0	0
ENST00000339475.10	0	0	0	0
ENST00000339480.3	0	0	0	0
ENST00000339485.4	15	0	15	0
ENST00000339486.8	769	81	773	62
ENST00000339488.8	35	1	32	1
ENST00000339507.9	670	136	642	97
ENST00000339534.4	0	0	0	0
ENST00000339561.12	0	1	0	0
ENST00000339562.9	199	20	182	16
ENST00000339594.9	2613	750	2559	569
ENST00000339600.6	300	146	672	159
ENST00000339618.8	1324	239	1281	173
ENST00000339659.9	553	36	540	30
ENST00000339664.6	137	31	102	17
ENST00000339673.11	0	0	0	0
ENST00000339697.5	1649	194	1627	140
ENST00000339711.8	2	0	2	0
ENST00000339732.10	1	0	1	0
ENST00000339738.9	6	0	6	0
ENST00000339746.9	1	0	1	0
ENST00000339764.5	2	0	2	0
ENST00000339777.5	0	0	0	0
ENST00000339824.7	1	0	1	0
ENST00000339834.10	0	0	0	1
ENST00000339841.7	0	0	0	0
ENST00000339852.5	2	0	2	0
ENST00000339859.8	220	41	210	32
ENST00000339922.5	0	0	0	0
ENST00000339948.3	0	0	0	0
ENST00000339950.5	1634	325	1600	237
ENST00000339986.8	50	0	37	0
ENST00000339992.3	17	3	13	2
ENST00000339994.4	1	0	1	0
ENST00000339996.4	0	0	0	0
ENST00000340001.9	0	0	0	0
ENST00000340010.10	0	0	0	0
ENST00000340020.11	0	0	558	76
ENST00000340027.10	0	0	0	0
ENST00000340042.2	66	9	16	1
ENST00000340058.6	0	0	0	0
ENST00000340067.4	126	12	123	11
ENST00000340073.8	0	0	0	0
ENST00000340080.9	626	82	611	56
ENST00000340083.6	30	2	28	2
ENST00000340093.8	698	108	681	82
ENST00000340096.11	371	102	487	85
ENST00000340099.9	151	15	148	11
ENST00000340112.3	0	0	0	0
ENST00000340124.9	265	51	245	44
ENST00000340126.9	671	69	561	46
ENST00000340134.5	3	0	4	0
ENST00000340147.7	0	0	0	0
ENST00000340171.7	193	12	12	0
ENST00000340177.10	0	0	0	0
ENST00000340181.9	1	0	1	0
ENST00000340184.9	0	0	0	0
ENST00000340246.10	0	0	0	0
ENST00000340253.10	895	97	882	82
ENST00000340258.10	10	0	8	0
ENST00000340281.9	938	134	916	93
ENST00000340296.8	443	112	1536	184
ENST00000340313.5	0	0	0	0
ENST00000340339.4	0	0	0	0
ENST00000340344.4	262	23	252	18
ENST00000340345.6	0	0	0	0
ENST00000340356.9	59	4	44	2
ENST00000340360.10	109	16	97	9
ENST00000340363.9	0	0	0	0
ENST00000340368.9	482	43	458	28
ENST00000340369.4	0	0	0	0
ENST00000340381.11	439	31	432	27
ENST00000340384.5	1717	1029	859	441
ENST00000340385.6	1103	339	1293	296
ENST00000340398.5	3	0	0	0
ENST00000340413.7	967	81	984	71
ENST00000340417.8	463	42	451	31
ENST00000340433.3	0	0	0	0
ENST00000340434.5	338	22	329	19
ENST00000340438.6	8	2	1	0
ENST00000340446.5	0	0	0	0
ENST00000340457.8	0	0	0	0
ENST00000340465.2	0	0	0	0
ENST00000340473.8	698	67	713	52
ENST00000340487.5	72	12	57	10
ENST00000340524.9	1	0	1	0
ENST00000340533.9	264	65	315	53
ENST00000340553.8	321	6	318	5
ENST00000340578.10	561	94	543	74
ENST00000340607.5	132	3	132	2
ENST00000340611.9	842	117	819	101
ENST00000340623.4	5	0	4	0
ENST00000340634.6	0	0	0	0
ENST00000340648.6	1233	157	1170	128
ENST00000340650.6	6	1	6	1
ENST00000340652.5	0	0	0	0
ENST00000340692.10	0	0	0	0
ENST00000340722.8	0	0	0	0
ENST00000340736.10	180	56	170	43
ENST00000340748.8	2106	665	2060	518
ENST00000340750.1	0	0	0	0
ENST00000340766.9	1236	227	1097	148
ENST00000340790.9	109	25	108	20
ENST00000340799.9	45	8	42	5
ENST00000340800.6	1510	130	1454	102
ENST00000340806.6	0	0	0	0
ENST00000340807.3	0	2	0	1
ENST00000340811.9	31	1	39	1
ENST00000340825.7	85	15	81	10
ENST00000340827.4	0	0	0	0
ENST00000340828.7	903	174	926	143
ENST00000340852.9	1260	274	1242	203
ENST00000340855.11	85	36	59	29
ENST00000340857.3	218	7	212	6
ENST00000340912.6	71	2	70	2
ENST00000340934.10	1021	75	999	59
ENST00000340940.5	9	0	8	0
ENST00000340941.11	1066	119	1065	99
ENST00000340951.9	11	0	10	0
ENST00000340967.3	11	1	20	1
ENST00000340970.8	0	0	0	0
ENST00000340990.10	531	126	558	107
ENST00000341016.5	0	0	0	0
ENST00000341023.2	0	0	32	0
ENST00000341048.9	0	0	0	0
ENST00000341049.7	1002	242	979	187
ENST00000341068.8	269	61	1604	245
ENST00000341074.10	0	0	0	0
ENST00000341099.5	0	0	0	0
ENST00000341105.7	176	20	162	17
ENST00000341119.10	329	15	323	9
ENST00000341130.6	0	0	0	0
ENST00000341156.9	477	73	459	48
ENST00000341162.8	363	44	610	47
ENST00000341164.8	2	0	0	0
ENST00000341165.10	1404	251	1403	196
ENST00000341170.5	303	14	283	8
ENST00000341184.7	0	0	0	0
ENST00000341189.8	606	61	581	52
ENST00000341191.11	74	0	36	0
ENST00000341197.9	36	0	34	0
ENST00000341206.9	0	0	0	0
ENST00000341228.2	0	0	0	0
ENST00000341247.8	1846	899	1810	668
ENST00000341255.4	342	29	330	24
ENST00000341259.7	18	5	17	4
ENST00000341267.9	0	0	0	0
ENST00000341276.11	11	0	10	0
ENST00000341285.8	748	110	745	87
ENST00000341287.9	0	0	0	0
ENST00000341294.4	0	0	0	0
ENST00000341298.3	301	44	296	33
ENST00000341305.6	0	0	0	0
ENST00000341318.9	587	67	562	55
ENST00000341319.8	0	0	0	0
ENST00000341349.6	2	0	2	0
ENST00000341356.10	867	197	801	155
ENST00000341376.10	291	7	291	5
ENST00000341394.9	2701	748	2718	569
ENST00000341415.3	0	0	0	0
ENST00000341420.5	66	0	66	0
ENST00000341423.10	67	28	1036	558
ENST00000341426.9	484	103	463	86
ENST00000341441.9	248	73	507	83
ENST00000341446.9	235	36	226	27
ENST00000341459.8	0	0	0	0
ENST00000341460.6	371	25	353	17
ENST00000341469.7	255	19	243	16
ENST00000341491.9	328	36	323	27
ENST00000341495.7	0	0	0	0
ENST00000341509.9	0	13	0	0
ENST00000341511.11	795	351	770	288
ENST00000341514.11	804	55	794	43
ENST00000341516.10	366	50	358	38
ENST00000341541.8	419	38	417	26
ENST00000341550.9	416	29	370	23
ENST00000341552.10	1	0	1	0
ENST00000341567.8	777	157	760	131
ENST00000341584.4	0	0	0	0
ENST00000341657.9	1303	131	1263	112
ENST00000341671.11	9	13	53	21
ENST00000341685.8	1	0	0	0
ENST00000341686.7	0	0	0	0
ENST00000341689.4	0	0	0	0
ENST00000341695.10	995	141	949	100
ENST00000341698.2	0	0	0	0
ENST00000341700.7	0	0	0	0
ENST00000341702.3	0	0	0	0
ENST00000341735.5	12	0	10	0
ENST00000341744.8	548	132	513	97
ENST00000341750.5	0	0	0	0
ENST00000341772.5	1167	116	1152	94
ENST00000341776.7	304	60	298	49
ENST00000341785.4	0	0	0	0
ENST00000341809.8	0	1	0	0
ENST00000341832.10	284	106	61	11
ENST00000341846.10	5	2	5	1
ENST00000341861.9	788	59	772	41
ENST00000341864.6	410	16	451	15
ENST00000341865.9	13	5	13	5
ENST00000341871.8	0	0	0	0
ENST00000341893.8	458	22	452	12
ENST00000341901.5	0	0	0	0
ENST00000341911.10	2	0	2	0
ENST00000341928.6	2	0	2	0
ENST00000341935.9	0	0	0	0
ENST00000341942.9	432	122	406	89
ENST00000341947.7	19	6	21	3
ENST00000341948.6	20	4	7	1
ENST00000341949.9	367	101	343	34
ENST00000341958.3	0	2	0	1
ENST00000341959.2	7	1	6	1
ENST00000341976.5	48	7	40	6
ENST00000341998.6	0	0	0	0
ENST00000342016.8	342	68	405	60
ENST00000342022.8	0	0	0	0
ENST00000342032.8	0	0	0	0
ENST00000342045.6	442	33	448	29
ENST00000342058.8	1349	289	1321	214
ENST00000342063.5	0	0	0	0
ENST00000342066.8	554	270	521	219
ENST00000342085.9	242	46	543	77
ENST00000342136.9	0	0	0	0
ENST00000342144.3	0	0	0	0
ENST00000342160.7	3879	910	3786	717
ENST00000342166.10	237	46	400	48
ENST00000342179.9	343	17	357	14
ENST00000342192.9	139	38	44	3
ENST00000342203.7	646	75	636	56
ENST00000342206.10	451	117	352	47
ENST00000342213.3	0	0	0	0
ENST00000342219.9	2	0	2	0
ENST00000342232.5	504	61	473	44
ENST00000342245.9	574	83	556	66
ENST00000342280.5	0	0	0	0
ENST00000342310.7	0	0	0	0
ENST00000342314.9	0	0	5	8
ENST00000342315.8	2	0	1	0
ENST00000342331.4	0	0	0	0
ENST00000342358.9	0	0	0	0
ENST00000342374.5	1342	157	1315	128
ENST00000342376.4	0	0	0	0
ENST00000342380.2	2	2	1	2
ENST00000342404.7	0	0	0	0
ENST00000342415.6	542	62	515	39
ENST00000342435.9	460	54	365	31
ENST00000342456.11	768	255	491	136
ENST00000342462.5	186	1	177	0
ENST00000342480.7	557	141	533	114
ENST00000342483.5	116	7	66	5
ENST00000342494.8	441	110	438	79
ENST00000342503.8	5	0	5	0
ENST00000342512.3	153	18	145	14
ENST00000342526.8	0	0	0	0
ENST00000342537.8	27	6	26	1
ENST00000342560.9	0	0	0	0
ENST00000342595.2	0	0	0	0
ENST00000342623.5	0	0	0	0
ENST00000342640.9	0	0	0	0
ENST00000342649.9	278	13	259	11
ENST00000342665.4	210	52	161	36
ENST00000342669.7	579	376	707	325
ENST00000342679.9	484	94	557	79
ENST00000342683.6	171	16	167	13
ENST00000342694.6	4	0	4	0
ENST00000342695.9	0	0	0	0
ENST00000342697.5	110	2	110	1
ENST00000342704.11	216	10	207	9
ENST00000342711.6	11	2	10	1
ENST00000342740.6	2	2	2	1
ENST00000342743.6	0	0	0	0
ENST00000342745.5	82	7	80	2
ENST00000342771.10	193	61	189	51
ENST00000342782.4	25	0	17	0
ENST00000342783.5	0	0	0	0
ENST00000342784.7	427	106	415	83
ENST00000342788.9	37	0	37	0
ENST00000342833.4	0	0	0	0
ENST00000342854.10	165	33	161	21
ENST00000342868.7	0	0	0	0
ENST00000342878.3	0	0	0	0
ENST00000342879.7	463	54	438	36
ENST00000342895.7	0	2	0	1
ENST00000342932.8	125	9	114	8
ENST00000342947.9	743	50	730	37
ENST00000342972.3	0	0	0	0
ENST00000342988.8	859	65	486	24
ENST00000342995.4	0	0	0	0
ENST00000343010.8	1	11	1	7
ENST00000343028.9	957	212	930	164
ENST00000343035.3	0	0	0	0
ENST00000343053.5	998	288	973	243
ENST00000343063.8	45	0	36	0
ENST00000343067.8	899	68	862	47
ENST00000343070.7	0	0	0	0
ENST00000343110.3	0	0	0	0
ENST00000343131.6	0	0	0	0
ENST00000343139.11	0	0	0	0
ENST00000343150.10	950	239	888	174
ENST00000343164.9	0	0	0	0
ENST00000343202.8	2	0	2	0
ENST00000343210.11	499	55	459	33
ENST00000343216.3	0	0	0	0
ENST00000343218.10	1075	142	984	106
ENST00000343242.9	208	100	155	61
ENST00000343246.6	0	0	0	0
ENST00000343253.11	472	100	473	73
ENST00000343257.7	1	0	1	0
ENST00000343262.9	91	132	1474	2221
ENST00000343267.8	0	0	0	0
ENST00000343280.8	29	0	14	0
ENST00000343289.9	877	74	864	49
ENST00000343307.5	384	16	375	12
ENST00000343325.9	261	23	158	13
ENST00000343348.10	3	6	3	6
ENST00000343380.6	216	90	201	78
ENST00000343381.10	183	15	112	3
ENST00000343410.7	2	0	3	0
ENST00000343411.8	662	271	647	202
ENST00000343433.7	0	0	0	0
ENST00000343457.3	0	0	0	0
ENST00000343459.8	87	14	59	9
ENST00000343470.9	596	53	594	46
ENST00000343483.7	1	0	1	0
ENST00000343484.10	217	57	210	44
ENST00000343516.8	1	0	1	0
ENST00000343518.11	0	0	0	0
ENST00000343526.9	833	69	814	53
ENST00000343534.9	0	0	0	0
ENST00000343537.12	800	113	769	86
ENST00000343575.10	0	0	0	0
ENST00000343584.10	0	0	0	0
ENST00000343597.4	785	56	777	43
ENST00000343605.5	62	16	60	11
ENST00000343625.12	4	0	4	0
ENST00000343629.11	177	20	165	19
ENST00000343632.9	250	82	243	59
ENST00000343666.6	180	44	165	37
ENST00000343677.4	1498	77	1124	55
ENST00000343684.4	0	1	0	0
ENST00000343694.8	0	0	0	0
ENST00000343702.9	538	59	518	45
ENST00000343736.9	8	8	7	7
ENST00000343737.6	1	0	0	0
ENST00000343744.6	39	5	37	5
ENST00000343769.6	15	4	2	0
ENST00000343776.10	15	4	5	3
ENST00000343796.6	1448	175	1513	132
ENST00000343810.9	598	225	620	178
ENST00000343813.10	607	94	585	76
ENST00000343818.11	241	22	237	15
ENST00000343820.10	416	45	438	28
ENST00000343823.11	683	99	683	73
ENST00000343837.8	0	0	0	0
ENST00000343846.7	4	1	3	1
ENST00000343849.3	0	0	0	0
ENST00000343855.6	5	18	4	14
ENST00000343870.4	0	0	0	0
ENST00000343882.10	103	19	12	0
ENST00000343905.5	15	5	10	4
ENST00000343932.5	0	0	0	0
ENST00000343933.9	417	51	396	51
ENST00000343936.4	67	5	62	5
ENST00000343938.9	176	25	164	21
ENST00000343949.9	0	0	0	0
ENST00000343958.9	40	9	38	8
ENST00000343959.5	2	0	0	0
ENST00000343979.6	155	3	85	0
ENST00000343986.9	565	627	645	550
ENST00000343998.7	0	0	0	0
ENST00000344034.5	1502	644	1469	496
ENST00000344051.8	20	0	17	0
ENST00000344063.7	554	829	866	883
ENST00000344095.8	789	199	770	110
ENST00000344096.4	174	25	170	23
ENST00000344099.4	113	10	71	4
ENST00000344111.4	170	20	172	13
ENST00000344113.8	467	218	447	162
ENST00000344138.9	0	0	0	0
ENST00000344204.9	2962	1408	2795	1111
ENST00000344209.10	0	0	0	0
ENST00000344229.7	413	25	616	25
ENST00000344280.8	0	0	0	0
ENST00000344293.6	333	39	321	30
ENST00000344300.3	8	0	8	0
ENST00000344302.9	94	7	41	4
ENST00000344318.4	237	20	243	22
ENST00000344320.8	0	3	0	3
ENST00000344321.8	0	0	0	0
ENST00000344327.8	3	0	3	0
ENST00000344337.11	1109	91	1047	65
ENST00000344363.7	0	0	0	0
ENST00000344366.7	354	25	350	20
ENST00000344387.9	239	56	185	36
ENST00000344408.10	0	0	0	0
ENST00000344415.9	0	0	0	0
ENST00000344417.10	199	37	192	29
ENST00000344419.8	0	0	0	0
ENST00000344420.10	645	28	633	22
ENST00000344423.10	50	9	49	7
ENST00000344458.6	19	0	18	0
ENST00000344514.1	0	0	0	0
ENST00000344517.5	207	41	291	30
ENST00000344519.10	2	0	0	0
ENST00000344526.10	0	0	0	0
ENST00000344532.7	108	12	103	9
ENST00000344537.10	317	26	316	17
ENST00000344545.6	0	0	0	0
ENST00000344575.5	26	3	25	3
ENST00000344586.9	0	0	0	0
ENST00000344595.10	227	54	226	19
ENST00000344604.9	45	5	44	3
ENST00000344626.9	2015	702	1917	556
ENST00000344629.11	389	68	383	48
ENST00000344636.5	0	0	0	0
ENST00000344641.8	513	102	732	97
ENST00000344642.7	0	0	0	0
ENST00000344644.9	0	0	0	0
ENST00000344646.10	50	10	45	9
ENST00000344651.5	254	21	238	18
ENST00000344683.10	496	46	450	31
ENST00000344697.3	198	26	191	21
ENST00000344722.5	3485	1050	3464	768
ENST00000344726.9	505	154	576	102
ENST00000344731.10	0	0	0	0
ENST00000344733.9	121	27	115	24
ENST00000344743.8	0	0	0	0
ENST00000344754.5	0	0	0	0
ENST00000344762.6	106	11	92	8
ENST00000344770.6	3	6	12	5
ENST00000344774.6	0	0	0	0
ENST00000344795.8	104	60	96	46
ENST00000344803.3	0	0	0	0
ENST00000344836.9	1486	300	1626	251
ENST00000344839.3	0	0	0	0
ENST00000344843.12	702	219	708	177
ENST00000344846.7	1	0	1	0
ENST00000344862.9	707	39	682	28
ENST00000344887.10	3	0	3	0
ENST00000344895.4	13	0	13	0
ENST00000344922.10	1388	182	1361	125
ENST00000344935.8	0	0	0	0
ENST00000344941.3	1	0	1	0
ENST00000344962.9	26	1	25	0
ENST00000344980.10	7	1	2	0
ENST00000345005.8	511	91	526	79
ENST00000345034.1	16	27	0	0
ENST00000345042.6	1019	1273	3928	1984
ENST00000345043.2	0	0	0	0
ENST00000345044.10	26	12	25	11
ENST00000345057.9	195	24	188	15
ENST00000345060.5	0	0	0	0
ENST00000345063.8	4	0	3	0
ENST00000345088.3	0	0	0	0
ENST00000345093.9	338	41	329	31
ENST00000345094.7	898	106	922	84
ENST00000345097.8	177	31	207	31
ENST00000345122.8	714	146	1039	129
ENST00000345127.9	66	4	64	3
ENST00000345165.9	1	6	1	5
ENST00000345317.7	111	4	114	4
ENST00000345330.9	986	170	949	123
ENST00000345358.12	533	136	506	105
ENST00000345365.10	109	18	103	16
ENST00000345429.10	449	34	441	26
ENST00000345491.7	224	9	211	7
ENST00000345496.7	302	67	295	48
ENST00000345506.8	173	17	132	11
ENST00000345512.7	203	27	195	23
ENST00000345540.9	0	0	0	0
ENST00000345617.7	418	47	385	43
ENST00000345633.8	294	33	298	25
ENST00000345635.8	130	16	125	10
ENST00000345664.10	365	27	358	21
ENST00000345728.9	2	0	1	0
ENST00000345732.9	0	0	0	0
ENST00000345847.4	0	0	0	0
ENST00000345988.7	250	246	243	202
ENST00000346027.9	145	11	637	76
ENST00000346177.6	1091	308	1035	247
ENST00000346178.8	4204	1428	4130	1117
ENST00000346183.8	534	61	528	51
ENST00000346193.4	0	0	0	0
ENST00000346199.3	0	1	0	0
ENST00000346234.7	315	22	332	20
ENST00000346248.7	51	3	46	2
ENST00000346279.4	0	0	0	0
ENST00000346299.10	1311	258	1299	187
ENST00000346342.8	0	0	0	0
ENST00000346416.7	803	83	756	56
ENST00000346436.11	170	47	164	33
ENST00000346618.8	360	43	392	33
ENST00000346664.9	0	0	0	0
ENST00000346798.8	2952	1424	2905	1078
ENST00000346807.7	0	0	0	0
ENST00000346872.8	0	0	0	0
ENST00000346964.6	1250	155	1195	121
ENST00000347055.4	203	30	181	21
ENST00000347063.9	0	0	0	0
ENST00000347077.9	31	4	12	2
ENST00000347108.7	86	46	80	35
ENST00000347132.10	0	0	0	0
ENST00000347136.10	1014	91	1001	65
ENST00000347147.8	250	47	245	37
ENST00000347230.9	423	106	404	84
ENST00000347310.10	0	1	0	0
ENST00000347343.6	886	162	1246	157
ENST00000347364.7	77	28	76	22
ENST00000347397.5	0	0	0	0
ENST00000347519.12	64	7	72	5
ENST00000347528.8	4	0	4	0
ENST00000347598.9	199	43	182	34
ENST00000347606.8	2	0	1	0
ENST00000347613.8	905	167	918	121
ENST00000347624.4	679	43	649	35
ENST00000347635.9	198	68	992	125
ENST00000347642.7	443	45	549	42
ENST00000347644.8	0	0	0	0
ENST00000347697.6	343	70	314	50
ENST00000347708.5	327	37	324	27
ENST00000347755.10	46	14	44	13
ENST00000347785.8	0	0	0	0
ENST00000347869.8	857	320	819	210
ENST00000347898.7	1	0	1	0
ENST00000347970.7	366	40	355	31
ENST00000348035.9	195	59	869	149
ENST00000348066.8	182	89	177	65
ENST00000348165.10	1154	185	1140	151
ENST00000348225.7	40	5	41	3
ENST00000348227.4	403	47	397	36
ENST00000348257.9	822	253	798	186
ENST00000348335.7	270	62	273	45
ENST00000348354.7	430	34	421	31
ENST00000348367.9	417	27	393	20
ENST00000348370.8	482	65	470	45
ENST00000348403.10	659	77	657	63
ENST00000348411.3	677	97	643	76
ENST00000348417.7	637	107	719	86
ENST00000348459.10	1734	117	1693	85
ENST00000348462.6	353	775	993	1581
ENST00000348513.12	285	186	174	15
ENST00000348547.6	1494	497	1455	394
ENST00000348579.6	9	2	8	2
ENST00000348616.9	5	0	4	0
ENST00000348628.10	0	0	0	0
ENST00000348721.3	44	2	40	2
ENST00000348749.9	0	0	0	0
ENST00000348800.9	0	0	0	0
ENST00000348831.9	374	121	352	85
ENST00000348849.8	383	49	927	91
ENST00000348904.4	11	0	9	0
ENST00000348931.8	0	0	0	0
ENST00000348956.7	1528	802	1345	610
ENST00000349004.6	843	45	822	32
ENST00000349048.9	950	237	924	180
ENST00000349062.6	172	20	161	15
ENST00000349064.10	2	3	2	1
ENST00000349077.9	0	0	0	0
ENST00000349129.6	140	19	143	9
ENST00000349139.6	1711	270	1703	195
ENST00000349155.7	63	2	58	2
ENST00000349184.8	0	0	0	0
ENST00000349215.8	687	96	677	66
ENST00000349314.6	0	0	0	0
ENST00000349394.6	117	5	107	3
ENST00000349431.11	554	88	542	70
ENST00000349456.8	422	75	413	52
ENST00000349459.10	77	4	69	3
ENST00000349485.9	357	57	353	48
ENST00000349499.2	105	5	95	3
ENST00000349533.11	218	19	209	13
ENST00000349552.1	0	0	0	0
ENST00000349598.6	643	71	623	53
ENST00000349618.7	0	0	0	0
ENST00000349697.2	0	0	0	2
ENST00000349703.7	1337	250	1329	192
ENST00000349752.10	0	0	0	0
ENST00000349780.9	1757	399	1745	305
ENST00000349830.8	843	160	0	0
ENST00000349841.9	419	57	408	46
ENST00000349938.8	797	93	793	71
ENST00000349945.7	418	12	407	9
ENST00000349995.10	498	38	478	22
ENST00000350027.8	300	18	287	13
ENST00000350028.5	1421	271	1351	196
ENST00000350033.8	452	32	440	28
ENST00000350051.8	694	211	612	130
ENST00000350148.9	57	4	53	3
ENST00000350221.4	63	3	62	3
ENST00000350302.8	120	16	162	11
ENST00000350320.10	671	209	2004	360
ENST00000350375.7	0	0	0	0
ENST00000350427.4	303	49	0	0
ENST00000350498.8	317	171	822	297
ENST00000350499.6	75	7	70	7
ENST00000350513.2	0	0	0	0
ENST00000350549.8	0	0	0	0
ENST00000350612.11	481	47	471	41
ENST00000350690.10	41	14	39	13
ENST00000350697.8	1338	356	1367	291
ENST00000350721.9	1195	158	1160	121
ENST00000350763.9	352	64	326	43
ENST00000350773.9	1244	275	1216	226
ENST00000350777.7	94	20	91	10
ENST00000350811.7	0	0	0	0
ENST00000350878.8	1077	281	1016	200
ENST00000350881.6	2	1	2	1
ENST00000350908.9	137	6	137	5
ENST00000350997.12	1351	258	1273	191
ENST00000351008.4	0	0	0	0
ENST00000351017.8	58	18	55	16
ENST00000351018.5	342	64	321	49
ENST00000351050.8	1	1	1	1
ENST00000351072.5	0	0	0	0
ENST00000351111.7	374	60	469	50
ENST00000351218.6	173	7	119	3
ENST00000351223.7	1370	535	1604	469
ENST00000351270.4	0	0	0	0
ENST00000351273.11	1	0	1	0
ENST00000351298.9	779	65	763	51
ENST00000351328.8	818	131	1787	216
ENST00000351486.9	279	16	280	13
ENST00000351513.7	0	0	0	0
ENST00000351698.5	695	76	684	60
ENST00000351797.9	474	37	472	33
ENST00000351808.9	273	15	270	11
ENST00000351817.5	0	0	0	0
ENST00000351870.8	365	18	357	17
ENST00000351989.8	397	146	398	114
ENST00000352133.3	23	7	21	5
ENST00000352178.9	8	4	0	0
ENST00000352241.8	753	71	744	52
ENST00000352251.8	273	46	264	23
ENST00000352312.6	0	0	0	0
ENST00000352385.3	0	0	0	0
ENST00000352393.8	1609	411	1555	304
ENST00000352397.10	1361	340	1307	265
ENST00000352410.9	463	54	451	38
ENST00000352511.5	49	12	46	10
ENST00000352645.5	892	339	884	283
ENST00000352665.10	1	0	1	0
ENST00000352681.7	49	12	48	12
ENST00000352689.11	1066	90	1066	69
ENST00000352690.9	0	0	0	0
ENST00000352732.10	584	30	578	29
ENST00000352766.11	1	0	0	0
ENST00000352903.6	113	5	121	4
ENST00000352909.8	0	0	0	0
ENST00000352957.9	746	60	734	55
ENST00000352983.7	5	3	1881	1238
ENST00000352998.7	89	19	49	11
ENST00000353047.11	985	241	928	171
ENST00000353065.7	0	0	0	0
ENST00000353107.8	366	32	360	25
ENST00000353151.3	0	0	0	0
ENST00000353172.6	22	0	17	0
ENST00000353214.6	453	87	440	71
ENST00000353234.5	143	29	135	23
ENST00000353258.8	516	71	519	65
ENST00000353265.8	26	3	24	2
ENST00000353267.8	400	32	359	19
ENST00000353339.7	992	241	1331	237
ENST00000353341.8	1421	491	1568	413
ENST00000353379.12	156	35	143	27
ENST00000353383.6	529	174	512	132
ENST00000353411.11	469	254	1126	303
ENST00000353442.10	551	54	555	45
ENST00000353487.7	301	46	309	38
ENST00000353533.10	311	22	453	27
ENST00000353546.7	816	206	772	156
ENST00000353609.8	17	0	16	0
ENST00000353617.7	658	40	652	32
ENST00000353704.3	597	199	593	153
ENST00000353706.6	134	5	127	4
ENST00000353963.7	0	2	0	1
ENST00000353999.6	333	129	1223	351
ENST00000354024.7	0	0	0	0
ENST00000354042.8	0	0	0	0
ENST00000354105.10	610	61	560	49
ENST00000354115.6	0	0	0	0
ENST00000354161.8	333	56	319	46
ENST00000354171.13	510	494	496	391
ENST00000354185.9	2165	716	2092	548
ENST00000354190.10	8	0	7	0
ENST00000354193.5	132	12	130	13
ENST00000354200.5	167	20	167	16
ENST00000354212.9	3	0	3	0
ENST00000354219.5	0	0	0	0
ENST00000354221.5	76	0	78	0
ENST00000354234.8	205	36	191	25
ENST00000354258.4	525	86	494	66
ENST00000354268.8	871	69	837	52
ENST00000354269.9	433	210	860	282
ENST00000354280.9	0	0	0	0
ENST00000354287.5	43	3	41	3
ENST00000354293.9	1223	222	1137	169
ENST00000354297.9	0	0	0	0
ENST00000354300.5	179	6	181	5
ENST00000354308.8	0	0	0	0
ENST00000354323.3	253	51	238	43
ENST00000354336.8	497	55	489	46
ENST00000354366.8	373	63	367	53
ENST00000354370.5	7	0	6	0
ENST00000354371.7	363	53	674	63
ENST00000354373.2	0	0	0	0
ENST00000354377.8	42	0	34	0
ENST00000354379.8	662	165	628	128
ENST00000354410.9	466	52	497	36
ENST00000354422.4	4	0	4	0
ENST00000354431.9	12	0	12	0
ENST00000354449.7	739	49	710	37
ENST00000354464.11	1103	236	1088	185
ENST00000354475.5	229	20	227	16
ENST00000354484.8	1	0	1	0
ENST00000354488.8	370	55	367	42
ENST00000354514.6	0	0	0	0
ENST00000354532.8	783	215	774	156
ENST00000354534.11	0	0	0	0
ENST00000354546.10	2538	787	2488	613
ENST00000354567.7	136	10	137	10
ENST00000354570.7	993	286	992	226
ENST00000354586.5	271	20	283	14
ENST00000354590.7	124	24	128	19
ENST00000354600.9	16	4	17	4
ENST00000354611.9	192	18	190	12
ENST00000354618.10	1577	439	2040	378
ENST00000354619.10	20	2	20	2
ENST00000354624.6	20	8	18	6
ENST00000354638.8	0	0	0	0
ENST00000354650.7	1021	288	975	212
ENST00000354666.4	85	0	83	0
ENST00000354667.8	2894	2374	2814	1710
ENST00000354670.9	80	6	74	5
ENST00000354694.12	1136	356	1200	296
ENST00000354698.8	56	13	45	12
ENST00000354700.10	271	150	268	119
ENST00000354724.8	63	12	59	9
ENST00000354725.8	2644	912	2591	664
ENST00000354728.5	1	0	0	0
ENST00000354757.5	9	0	5	0
ENST00000354760.4	0	0	0	0
ENST00000354764.9	425	7	425	7
ENST00000354775.4	1003	98	1000	77
ENST00000354785.10	4061	626	3871	479
ENST00000354817.8	1003	73	1130	62
ENST00000354828.7	117	9	639	36
ENST00000354829.7	0	0	0	0
ENST00000354831.11	2602	702	2494	499
ENST00000354841.4	0	0	0	0
ENST00000354852.5	4	0	0	0
ENST00000354862.4	133	20	125	14
ENST00000354882.10	298	33	287	21
ENST00000354883.10	167	31	160	23
ENST00000354884.8	402	56	378	44
ENST00000354905.2	0	0	0	0
ENST00000354911.9	898	145	878	108
ENST00000354914.8	15	6	13	2
ENST00000354919.11	404	34	414	25
ENST00000354924.2	0	0	0	0
ENST00000354925.6	92	13	82	9
ENST00000354926.9	53	22	41	19
ENST00000354947.10	423	9	400	8
ENST00000354952.7	159	8	146	6
ENST00000354955.5	28	3	27	2
ENST00000354957.8	1	0	0	0
ENST00000354959.9	2	0	0	0
ENST00000354968.5	3	0	0	0
ENST00000354981.6	247	26	248	21
ENST00000354992.6	0	0	0	0
ENST00000355016.7	1	0	0	0
ENST00000355044.8	0	0	0	0
ENST00000355057.3	0	0	0	0
ENST00000355059.9	8	5	8	3
ENST00000355070.6	315	40	308	28
ENST00000355072.10	1536	284	1491	207
ENST00000355076.6	159	18	155	13
ENST00000355083.10	0	0	1	0
ENST00000355085.4	18	1	18	1
ENST00000355086.8	426	27	406	18
ENST00000355091.9	879	287	910	235
ENST00000355097.7	25	6	21	5
ENST00000355105.8	197	72	192	51
ENST00000355112.8	929	105	912	72
ENST00000355119.8	408	44	389	32
ENST00000355123.8	331	66	320	42
ENST00000355151.9	580	116	470	59
ENST00000355190.7	747	79	721	64
ENST00000355202.9	63	1	48	0
ENST00000355209.9	296	42	290	33
ENST00000355220.6	51	13	46	6
ENST00000355221.7	903	99	867	66
ENST00000355237.6	3	0	4	4
ENST00000355243.8	0	0	0	0
ENST00000355264.8	923	56	916	40
ENST00000355265.7	0	0	0	0
ENST00000355280.11	534	200	503	144
ENST00000355281.2	0	0	0	0
ENST00000355285.10	0	0	0	0
ENST00000355286.12	624	85	581	61
ENST00000355295.5	165	11	163	9
ENST00000355299.8	513	83	502	70
ENST00000355300.6	2	0	2	0
ENST00000355303.9	0	0	0	0
ENST00000355312.8	551	50	539	41
ENST00000355315.8	354	46	330	34
ENST00000355327.7	137	7	133	7
ENST00000355329.7	1	0	1	0
ENST00000355338.6	1278	263	1265	211
ENST00000355341.8	285	70	273	55
ENST00000355349.4	0	0	0	0
ENST00000355377.7	65	13	66	10
ENST00000355387.6	455	131	440	102
ENST00000355415.7	737	270	681	205
ENST00000355417.7	2	0	1	0
ENST00000355431.8	336	45	325	36
ENST00000355451.8	633	50	626	38
ENST00000355459.4	0	0	0	0
ENST00000355467.6	586	55	569	45
ENST00000355468.7	755	147	699	107
ENST00000355476.7	435	25	543	16
ENST00000355481.8	15	1	13	0
ENST00000355485.7	475	31	461	24
ENST00000355502.7	0	0	0	0
ENST00000355520.6	134	17	131	13
ENST00000355522.5	0	0	0	0
ENST00000355524.8	0	0	0	0
ENST00000355526.8	71	10	70	5
ENST00000355527.8	1124	157	1022	108
ENST00000355528.9	1275	247	1237	194
ENST00000355530.7	0	0	0	0
ENST00000355537.4	0	0	0	0
ENST00000355540.7	1809	280	1778	224
ENST00000355547.10	0	0	0	0
ENST00000355557.6	170	18	113	11
ENST00000355574.6	0	0	0	0
ENST00000355577.8	11	0	10	0
ENST00000355585.9	1207	223	1121	161
ENST00000355594.9	0	0	0	0
ENST00000355602.3	0	0	0	0
ENST00000355610.9	451	65	431	50
ENST00000355612.7	0	0	0	0
ENST00000355619.10	801	71	766	51
ENST00000355621.8	517	74	620	71
ENST00000355622.8	128	24	127	16
ENST00000355624.8	234	19	226	13
ENST00000355628.9	1480	232	1432	162
ENST00000355630.9	915	144	896	111
ENST00000355653.8	1088	235	1067	180
ENST00000355667.10	1175	276	1047	206
ENST00000355673.8	118	29	122	21
ENST00000355689.6	79	2	34	0
ENST00000355697.7	452	45	424	33
ENST00000355699.6	2	2	1	1
ENST00000355703.3	558	252	546	197
ENST00000355705.3	0	0	0	0
ENST00000355716.4	0	1	0	1
ENST00000355749.7	221	45	627	50
ENST00000355754.7	0	0	0	0
ENST00000355765.11	364	85	358	62
ENST00000355773.6	352	21	344	16
ENST00000355774.6	360	79	347	63
ENST00000355784.3	0	0	0	0
ENST00000355790.8	31	0	32	0
ENST00000355797.7	78	15	211	70
ENST00000355803.8	797	185	785	138
ENST00000355810.8	1	0	2	0
ENST00000355819.6	0	0	0	0
ENST00000355830.11	0	3	0	3
ENST00000355832.10	432	59	417	43
ENST00000355841.7	1171	434	1108	331
ENST00000355848.7	58	6	409	24
ENST00000355849.10	103	14	104	10
ENST00000355857.7	517	127	594	112
ENST00000355867.8	86	104	90	91
ENST00000355868.4	0	1	0	1
ENST00000355870.8	3	1	3	1
ENST00000355883.4	1	0	0	0
ENST00000355893.11	555	55	529	43
ENST00000355897.10	6	2	6	1
ENST00000355898.6	516	63	489	53
ENST00000355899.8	3353	1147	3185	764
ENST00000355904.9	657	76	642	49
ENST00000355906.10	0	0	0	0
ENST00000355937.9	575	183	894	146
ENST00000355943.8	586	73	589	56
ENST00000355946.6	803	344	730	270
ENST00000355962.5	0	0	0	0
ENST00000355994.7	196	22	191	15
ENST00000355999.5	523	72	537	58
ENST00000356017.8	252	15	255	13
ENST00000356018.6	0	0	0	0
ENST00000356026.10	0	0	1	0
ENST00000356031.8	131	29	124	23
ENST00000356056.10	428	62	430	42
ENST00000356063.9	871	238	860	191
ENST00000356073.8	12	0	12	0
ENST00000356079.9	381	12	361	11
ENST00000356083.8	67	78	60	56
ENST00000356091.11	317	114	35	11
ENST00000356107.10	1979	291	1955	227
ENST00000356109.10	78	14	43	6
ENST00000356120.8	4	18	4	0
ENST00000356126.8	1270	162	1582	149
ENST00000356130.6	0	0	0	0
ENST00000356136.8	383	41	387	27
ENST00000356140.10	1	1	0	1
ENST00000356151.7	262	26	263	20
ENST00000356157.12	9	6	9	5
ENST00000356166.11	306	107	303	84
ENST00000356173.8	0	0	0	0
ENST00000356175.7	1640	139	1825	106
ENST00000356183.9	2120	469	2091	380
ENST00000356189.6	21	0	21	0
ENST00000356208.10	85	24	80	21
ENST00000356221.8	1119	177	1062	133
ENST00000356231.4	281	71	273	51
ENST00000356232.8	621	71	672	50
ENST00000356239.8	1209	333	1186	249
ENST00000356253.9	1946	206	1942	160
ENST00000356260.10	679	102	1028	105
ENST00000356261.3	2	0	2	0
ENST00000356264.7	0	0	0	0
ENST00000356284.7	0	0	0	0
ENST00000356286.10	124	43	121	34
ENST00000356289.10	0	0	0	0
ENST00000356291.3	0	0	0	0
ENST00000356297.5	3	2	2	1
ENST00000356309.8	1940	413	1924	309
ENST00000356317.8	13	0	13	0
ENST00000356321.4	791	38	1039	41
ENST00000356331.9	65	35	65	22
ENST00000356338.10	596	89	579	60
ENST00000356341.8	484	74	445	54
ENST00000356352.6	826	149	810	104
ENST00000356357.9	235	66	220	51
ENST00000356371.9	30	5	28	3
ENST00000356387.6	128	21	112	17
ENST00000356388.9	50	13	46	13
ENST00000356392.9	30	1	26	0
ENST00000356401.8	652	196	718	170
ENST00000356404.8	480	255	469	211
ENST00000356406.10	743	69	709	55
ENST00000356432.8	535	97	494	85
ENST00000356433.10	50	4	48	3
ENST00000356443.9	11	2	11	2
ENST00000356448.8	132	9	130	7
ENST00000356454.5	151	28	142	21
ENST00000356455.9	616	123	727	109
ENST00000356458.7	4	3	4	3
ENST00000356464.10	5	0	688	479
ENST00000356467.4	185	11	172	11
ENST00000356476.3	498	4	0	0
ENST00000356487.11	2716	735	2678	578
ENST00000356493.10	1367	579	1331	456
ENST00000356495.5	0	0	0	0
ENST00000356517.4	0	0	0	0
ENST00000356518.7	34	22	31	18
ENST00000356526.3	0	0	0	0
ENST00000356530.5	517	0	115	0
ENST00000356537.9	382	44	482	39
ENST00000356539.8	6	0	5	0
ENST00000356545.7	0	0	0	0
ENST00000356554.7	625	102	617	78
ENST00000356562.6	0	0	0	0
ENST00000356575.9	113	41	105	36
ENST00000356577.10	3192	669	3127	513
ENST00000356578.8	0	0	0	0
ENST00000356591.4	59	0	57	0
ENST00000356607.9	269	68	246	49
ENST00000356613.4	16	3	16	3
ENST00000356628.4	20	5	20	5
ENST00000356661.7	58	1	33	1
ENST00000356663.8	591	234	577	192
ENST00000356692.10	479	76	1041	108
ENST00000356698.9	362	82	353	57
ENST00000356708.12	1129	259	1372	224
ENST00000356709.9	85	6	49	2
ENST00000356713.5	98	6	93	4
ENST00000356721.3	283	33	280	25
ENST00000356725.9	3	0	2	0
ENST00000356731.9	1935	838	1645	492
ENST00000356742.9	0	0	0	0
ENST00000356751.8	11	3	11	1
ENST00000356762.7	0	0	0	0
ENST00000356763.8	1002	160	986	122
ENST00000356766.11	5	0	5	0
ENST00000356769.7	689	591	349	99
ENST00000356786.10	35	12	31	11
ENST00000356790.2	0	0	0	0
ENST00000356792.9	639	77	627	58
ENST00000356798.11	0	0	0	0
ENST00000356805.9	985	973	924	791
ENST00000356815.4	0	0	0	0
ENST00000356818.7	102	70	111	57
ENST00000356824.9	624	130	613	106
ENST00000356825.8	1021	171	963	102
ENST00000356834.7	909	334	885	270
ENST00000356836.10	175	167	169	124
ENST00000356839.10	1278	532	1255	434
ENST00000356840.8	217	24	208	21
ENST00000356847.8	1661	413	1634	304
ENST00000356853.9	319	25	0	0
ENST00000356864.4	0	0	0	0
ENST00000356876.7	1	0	1	0
ENST00000356884.11	692	169	665	132
ENST00000356891.4	552	31	598	27
ENST00000356892.4	0	0	0	0
ENST00000356897.1	0	0	0	0
ENST00000356920.9	0	0	0	0
ENST00000356921.7	0	0	0	0
ENST00000356924.9	208	30	196	25
ENST00000356928.2	31	0	29	0
ENST00000356929.3	27	3	15	0
ENST00000356940.11	695	52	707	41
ENST00000356948.11	2025	721	2038	511
ENST00000356950.2	122	14	9	0
ENST00000356955.6	1028	313	979	250
ENST00000356956.5	4135	617	4084	488
ENST00000356970.6	876	78	825	49
ENST00000356971.3	72	9	69	7
ENST00000356972.1	0	0	0	0
ENST00000356978.9	878	206	916	160
ENST00000356986.8	8	8	6	4
ENST00000356998.8	1	0	1	0
ENST00000357001.3	0	0	0	0
ENST00000357002.4	99	20	6	1
ENST00000357006.8	224	23	215	21
ENST00000357033.8	922	94	893	69
ENST00000357037.6	1466	639	1388	520
ENST00000357039.9	250	35	236	24
ENST00000357060.8	1	0	1	0
ENST00000357066.8	171	11	153	10
ENST00000357068.10	0	0	2	0
ENST00000357081.7	408	92	397	67
ENST00000357082.8	4	0	1	0
ENST00000357085.5	213	21	219	14
ENST00000357103.5	703	89	680	69
ENST00000357122.8	1390	309	1369	230
ENST00000357134.10	0	0	0	0
ENST00000357137.9	468	17	475	13
ENST00000357147.4	0	0	0	0
ENST00000357155.2	0	0	0	0
ENST00000357156.6	386	72	395	62
ENST00000357164.4	500	40	492	30
ENST00000357166.11	409	28	398	21
ENST00000357182.9	80	10	75	6
ENST00000357183.8	0	0	0	0
ENST00000357195.8	0	0	0	0
ENST00000357198.8	1	9	0	5
ENST00000357199.8	0	0	0	0
ENST00000357203.8	30	2	32	0
ENST00000357214.6	2454	802	2360	616
ENST00000357227.9	246	221	233	165
ENST00000357232.10	14	2	13	2
ENST00000357242.10	224	15	214	10
ENST00000357246.4	1	0	1	0
ENST00000357250.10	1	0	1	0
ENST00000357260.6	47	1	46	1
ENST00000357276.9	474	48	466	37
ENST00000357277.8	119	6	116	5
ENST00000357304.8	1208	766	1153	593
ENST00000357321.9	47	8	45	5
ENST00000357324.11	699	164	677	137
ENST00000357325.10	1155	902	1001	591
ENST00000357336.3	0	0	0	0
ENST00000357338.3	9	0	7	0
ENST00000357348.9	1120	336	1067	235
ENST00000357360.4	263	38	270	29
ENST00000357367.6	0	0	0	0
ENST00000357374.2	0	0	0	0
ENST00000357377.3	0	0	0	0
ENST00000357383.4	0	0	0	0
ENST00000357387.8	1548	146	1532	108
ENST00000357392.4	0	0	0	0
ENST00000357396.8	0	0	0	0
ENST00000357424.2	6	0	6	0
ENST00000357430.8	1898	332	1862	249
ENST00000357447.7	11	4	12	4
ENST00000357450.9	13	0	12	0
ENST00000357460.7	176	23	166	15
ENST00000357461.6	0	0	0	0
ENST00000357479.10	688	35	671	24
ENST00000357480.9	1326	442	1307	356
ENST00000357484.10	0	0	11	6
ENST00000357485.8	72	16	65	12
ENST00000357495.4	17	19	3	0
ENST00000357500.5	442	46	417	26
ENST00000357503.3	190	19	182	17
ENST00000357519.9	946	255	932	229
ENST00000357525.6	8	3	8	1
ENST00000357529.7	261	26	426	29
ENST00000357552.8	11	10	10	8
ENST00000357559.9	1571	415	1906	347
ENST00000357578.8	185	23	181	20
ENST00000357582.3	240	32	236	28
ENST00000357585.4	0	0	0	0
ENST00000357606.7	398	152	387	126
ENST00000357607.6	0	0	0	0
ENST00000357618.9	300	12	293	11
ENST00000357628.8	488	42	470	29
ENST00000357632.7	0	0	0	0
ENST00000357635.10	99	21	97	16
ENST00000357641.10	238	55	228	45
ENST00000357650.9	669	10	673	6
ENST00000357654.9	1393	283	1333	193
ENST00000357666.8	35	1	10	0
ENST00000357681.9	1150	76	1082	59
ENST00000357685.11	5	0	3	0
ENST00000357692.6	948	112	926	85
ENST00000357700.11	141	23	141	16
ENST00000357701.6	0	0	0	0
ENST00000357716.9	10	2	9	0
ENST00000357721.3	26	1	24	1
ENST00000357726.4	0	0	0	0
ENST00000357730.6	266	27	248	20
ENST00000357731.10	845	94	815	67
ENST00000357736.9	149	74	117	54
ENST00000357742.9	1178	227	1163	167
ENST00000357743.9	298	39	331	29
ENST00000357749.7	667	29	608	24
ENST00000357758.3	302	37	267	25
ENST00000357759.9	0	0	0	0
ENST00000357765.6	558	65	547	50
ENST00000357771.5	0	0	0	0
ENST00000357774.9	0	0	0	0
ENST00000357780.5	0	0	0	0
ENST00000357785.9	112	2	111	2
ENST00000357799.9	1073	169	987	120
ENST00000357814.8	172	15	162	10
ENST00000357847.9	627	35	605	26
ENST00000357849.9	930	143	970	106
ENST00000357872.9	3	0	2	0
ENST00000357877.7	114	6	112	5
ENST00000357878.7	296	19	250	14
ENST00000357901.5	103	1	52	0
ENST00000357947.4	0	0	0	0
ENST00000357949.5	125	7	113	6
ENST00000357967.9	338	22	312	13
ENST00000357985.7	1	0	1	0
ENST00000357992.9	264	26	260	20
ENST00000357997.10	1510	406	1464	317
ENST00000358005.7	358	32	345	22
ENST00000358007.7	1312	245	1299	197
ENST00000358011.8	239	29	226	24
ENST00000358015.8	1096	274	1451	243
ENST00000358022.4	131	57	118	51
ENST00000358038.7	1	4	0	1
ENST00000358047.5	0	0	0	0
ENST00000358055.8	12	16	12	13
ENST00000358065.4	236	26	321	26
ENST00000358075.10	1077	87	1057	63
ENST00000358078.4	2	0	0	0
ENST00000358102.8	328	45	304	36
ENST00000358105.7	1	0	1	0
ENST00000358117.9	552	71	532	54
ENST00000358127.9	0	0	0	0
ENST00000358130.7	506	129	478	97
ENST00000358138.1	0	0	0	0
ENST00000358149.8	271	21	265	18
ENST00000358154.8	600	162	592	134
ENST00000358160.9	16	0	16	0
ENST00000358173.8	707	214	630	164
ENST00000358184.7	0	0	0	0
ENST00000358196.8	40	9	37	5
ENST00000358201.9	224	47	220	34
ENST00000358204.9	599	290	572	216
ENST00000358215.8	558	81	551	73
ENST00000358227.5	453	95	396	73
ENST00000358230.7	116	11	87	10
ENST00000358232.11	1759	209	1698	155
ENST00000358241.1	1	0	1	0
ENST00000358242.5	4	5	4	5
ENST00000358268.6	37	2	34	2
ENST00000358290.9	573	53	576	42
ENST00000358293.7	59	23	55	15
ENST00000358303.9	719	116	711	81
ENST00000358314.12	911	109	871	87
ENST00000358321.4	12	5	11	4
ENST00000358337.9	477	67	453	51
ENST00000358350.9	726	102	711	78
ENST00000358359.7	989	176	1035	133
ENST00000358368.5	938	180	925	146
ENST00000358369.8	179	57	169	47
ENST00000358372.8	574	45	845	43
ENST00000358373.7	5	0	5	0
ENST00000358375.8	2	0	2	0
ENST00000358377.7	194	16	144	3
ENST00000358385.12	59	4	59	3
ENST00000358387.9	822	117	820	106
ENST00000358389.7	558	111	547	83
ENST00000358399.8	696	41	689	32
ENST00000358406.10	711	129	694	98
ENST00000358410.8	474	33	467	27
ENST00000358415.9	0	0	0	0
ENST00000358430.8	0	0	0	0
ENST00000358431.7	121	44	112	35
ENST00000358432.8	538	72	480	43
ENST00000358433.3	0	0	0	0
ENST00000358435.8	282	88	356	113
ENST00000358438.6	0	0	0	0
ENST00000358450.8	0	0	0	0
ENST00000358461.6	1500	341	1450	275
ENST00000358465.7	748	105	715	79
ENST00000358470.8	15	2	17	2
ENST00000358485.8	705	61	691	47
ENST00000358491.9	0	0	0	0
ENST00000358495.8	120	19	121	17
ENST00000358511.10	0	0	0	0
ENST00000358514.9	304	45	291	35
ENST00000358517.6	4	0	4	0
ENST00000358524.8	0	0	0	0
ENST00000358525.9	0	0	0	0
ENST00000358531.9	0	0	6	0
ENST00000358536.8	250	148	241	132
ENST00000358543.9	0	0	0	0
ENST00000358544.6	648	100	637	77
ENST00000358571.3	0	0	0	0
ENST00000358572.10	380	48	485	25
ENST00000358582.9	0	0	0	0
ENST00000358585.3	0	0	0	0
ENST00000358590.8	18	26	14	17
ENST00000358595.10	1073	134	1072	98
ENST00000358615.9	0	0	0	0
ENST00000358625.3	792	298	802	209
ENST00000358642.2	0	0	0	0
ENST00000358647.4	0	0	0	0
ENST00000358654.2	0	0	0	0
ENST00000358658.8	0	0	0	0
ENST00000358664.9	357	20	335	17
ENST00000358666.7	393	103	520	93
ENST00000358689.9	335	55	329	42
ENST00000358691.10	1022	90	999	66
ENST00000358697.5	17	5	6	4
ENST00000358701.10	1212	260	1178	206
ENST00000358704.4	11	1	11	1
ENST00000358731.9	906	220	824	141
ENST00000358739.4	162	0	52	0
ENST00000358741.4	5	7	5	4
ENST00000358749.3	0	0	0	0
ENST00000358752.3	85	19	82	17
ENST00000358755.5	1035	128	1021	92
ENST00000358757.5	20	0	0	0
ENST00000358763.7	0	0	0	0
ENST00000358769.7	99	2	93	2
ENST00000358776.7	225	8	216	8
ENST00000358780.10	255	21	235	16
ENST00000358781.7	0	0	0	0
ENST00000358784.11	573	52	569	43
ENST00000358791.9	191	15	179	13
ENST00000358807.8	340	80	335	62
ENST00000358812.9	349	15	338	12
ENST00000358813.5	0	0	0	0
ENST00000358821.8	0	0	0	0
ENST00000358835.7	444	133	434	104
ENST00000358842.5	1	0	0	0
ENST00000358849.8	404	56	391	43
ENST00000358859.3	0	0	0	0
ENST00000358864.1	0	0	0	0
ENST00000358867.11	533	78	509	51
ENST00000358869.5	1000	99	930	66
ENST00000358894.10	2	0	2	0
ENST00000358897.8	4	5	4	5
ENST00000358901.11	3232	1281	3195	972
ENST00000358912.5	165	10	165	8
ENST00000358913.9	418	31	409	21
ENST00000358933.10	1048	232	1024	180
ENST00000358935.3	493	31	500	25
ENST00000358951.7	1189	141	1197	110
ENST00000358970.9	0	0	0	0
ENST00000358993.3	0	0	0	0
ENST00000359015.5	248	37	237	29
ENST00000359039.5	826	82	638	39
ENST00000359042.6	504	50	486	39
ENST00000359062.3	2685	475	2602	331
ENST00000359086.4	0	0	0	0
ENST00000359114.9	26	0	26	0
ENST00000359128.10	0	0	0	0
ENST00000359154.6	424	89	398	60
ENST00000359175.8	0	0	0	0
ENST00000359193.3	587	8	138	0
ENST00000359202.5	0	0	0	0
ENST00000359204.5	349	65	279	45
ENST00000359209.11	1344	262	1250	197
ENST00000359227.8	0	0	0	0
ENST00000359228.4	0	0	0	0
ENST00000359232.8	141	25	130	14
ENST00000359236.10	156	12	151	10
ENST00000359237.9	52	0	51	0
ENST00000359246.9	283	78	301	67
ENST00000359263.9	4042	1399	3926	1006
ENST00000359271.4	1	0	1	0
ENST00000359286.4	0	0	0	0
ENST00000359299.8	214	9	213	6
ENST00000359303.4	10	0	5	0
ENST00000359308.8	1478	895	3215	1207
ENST00000359314.5	1075	180	1056	137
ENST00000359315.6	221	28	209	19
ENST00000359318.8	0	0	0	0
ENST00000359320.7	0	0	0	0
ENST00000359321.2	270	28	262	24
ENST00000359322.5	1	0	1	0
ENST00000359332.7	4	0	3	0
ENST00000359333.8	5	0	5	0
ENST00000359337.9	2299	837	2140	656
ENST00000359342.6	0	0	0	0
ENST00000359345.5	0	6	0	5
ENST00000359358.9	0	0	0	0
ENST00000359362.6	0	0	0	0
ENST00000359365.8	331	49	311	30
ENST00000359396.8	0	0	0	0
ENST00000359426.6	1229	217	1137	160
ENST00000359428.10	1626	184	1596	157
ENST00000359429.11	409	61	88	5
ENST00000359435.8	371	135	152	46
ENST00000359440.6	0	0	0	0
ENST00000359441.4	0	0	0	0
ENST00000359446.9	111	23	111	19
ENST00000359450.6	1	7	0	0
ENST00000359452.9	0	0	0	0
ENST00000359467.8	141	29	28	2
ENST00000359470.6	4	1	4	1
ENST00000359478.7	34	0	34	0
ENST00000359481.9	0	0	0	0
ENST00000359511.4	304	22	298	19
ENST00000359520.12	225	34	220	30
ENST00000359523.7	518	63	702	54
ENST00000359534.4	63	5	63	3
ENST00000359541.6	922	233	907	177
ENST00000359543.8	408	34	380	27
ENST00000359546.8	0	0	0	0
ENST00000359562.4	0	0	0	0
ENST00000359568.10	560	232	523	183
ENST00000359570.9	1	0	1	0
ENST00000359579.5	54	1	26	0
ENST00000359591.9	810	162	793	128
ENST00000359593.9	238	36	233	31
ENST00000359594.3	0	0	0	0
ENST00000359600.6	76	17	82	15
ENST00000359610.3	0	0	0	0
ENST00000359611.4	574	0	176	0
ENST00000359621.5	0	0	0	0
ENST00000359623.9	219	18	199	11
ENST00000359626.10	203	15	90	6
ENST00000359644.7	1728	308	1710	233
ENST00000359650.10	0	0	0	0
ENST00000359651.7	168	25	162	18
ENST00000359653.4	443	105	423	60
ENST00000359655.9	765	88	750	77
ENST00000359678.10	554	48	649	40
ENST00000359707.8	1574	292	1525	204
ENST00000359741.9	1044	92	980	74
ENST00000359742.8	0	1	0	0
ENST00000359759.8	733	157	699	135
ENST00000359775.10	57	18	53	14
ENST00000359785.10	2	0	2	0
ENST00000359787.5	6	0	6	0
ENST00000359788.9	122	11	39	2
ENST00000359794.11	1970	384	1920	293
ENST00000359798.9	102	6	29	1
ENST00000359801.8	0	0	0	0
ENST00000359827.7	116	30	101	26
ENST00000359842.10	0	0	0	0
ENST00000359843.8	852	409	806	309
ENST00000359846.6	0	0	0	0
ENST00000359856.11	931	381	918	303
ENST00000359864.7	412	116	376	80
ENST00000359866.9	343	61	366	51
ENST00000359872.6	1	0	1	0
ENST00000359874.7	33	9	38	5
ENST00000359878.8	119	17	116	13
ENST00000359890.8	827	124	802	89
ENST00000359918.8	1	0	0	0
ENST00000359930.8	935	211	944	164
ENST00000359933.6	478	43	463	32
ENST00000359943.8	6	0	532	54
ENST00000359957.8	584	184	546	141
ENST00000359963.4	0	0	0	0
ENST00000359971.3	15	9	12	2
ENST00000359988.4	0	0	0	0
ENST00000360001.11	1159	599	1076	443
ENST00000360004.5	0	2	0	0
ENST00000360013.7	24	0	23	0
ENST00000360028.4	0	0	0	0
ENST00000360029.4	1	0	1	0
ENST00000360032.4	0	0	0	0
ENST00000360039.9	0	3	0	2
ENST00000360057.7	51	0	42	0
ENST00000360066.6	81	12	75	9
ENST00000360085.6	0	0	0	0
ENST00000360090.4	0	0	0	0
ENST00000360127.7	133	17	127	15
ENST00000360128.11	627	79	620	52
ENST00000360131.5	337	185	332	151
ENST00000360141.8	0	0	0	0
ENST00000360150.9	879	95	878	69
ENST00000360156.11	627	79	558	55
ENST00000360168.7	22	2	17	0
ENST00000360184.10	3383	1106	3316	881
ENST00000360202.9	0	0	0	0
ENST00000360203.11	102	57	26	6
ENST00000360213.1	0	0	0	0
ENST00000360214.8	1922	613	1742	430
ENST00000360228.11	5	1	5	0
ENST00000360242.9	21	1	20	1
ENST00000360256.9	34	0	37	0
ENST00000360264.7	990	195	938	147
ENST00000360270.7	1773	855	2371	867
ENST00000360273.7	0	0	0	0
ENST00000360299.10	447	39	403	26
ENST00000360304.7	349	63	355	53
ENST00000360311.5	75	10	26	1
ENST00000360314.7	0	0	0	0
ENST00000360321.7	3	0	3	0
ENST00000360325.11	19	0	17	1
ENST00000360338.4	752	4	547	3
ENST00000360356.6	262	24	253	17
ENST00000360357.8	1	0	0	0
ENST00000360358.3	0	0	0	0
ENST00000360366.8	88	24	81	17
ENST00000360370.8	284	19	272	12
ENST00000360374.2	0	0	0	0
ENST00000360375.8	167	30	157	23
ENST00000360388.9	7	0	7	0
ENST00000360403.7	913	87	893	64
ENST00000360413.7	0	0	0	0
ENST00000360416.8	2262	978	2117	731
ENST00000360421.8	0	0	0	0
ENST00000360423.12	1	0	0	0
ENST00000360428.9	333	10	309	7
ENST00000360461.9	275	87	262	69
ENST00000360464.4	0	0	0	0
ENST00000360465.8	3	0	0	0
ENST00000360467.7	3776	1986	3652	1592
ENST00000360472.9	428	84	425	63
ENST00000360476.8	85	11	84	9
ENST00000360490.7	814	78	814	57
ENST00000360525.8	170	13	157	4
ENST00000360534.8	0	0	0	0
ENST00000360535.9	0	8	0	5
ENST00000360537.6	410	150	387	112
ENST00000360538.7	951	147	920	112
ENST00000360540.9	302	11	349	10
ENST00000360541.10	1080	362	1742	379
ENST00000360542.5	0	0	0	0
ENST00000360564.5	178	40	171	35
ENST00000360565.8	699	173	657	128
ENST00000360578.7	9	3	8	2
ENST00000360581.6	0	0	0	0
ENST00000360586.8	1187	148	1194	117
ENST00000360587.2	2	0	2	0
ENST00000360589.4	2	0	1	0
ENST00000360596.7	237	24	226	22
ENST00000360612.5	632	322	551	227
ENST00000360614.8	1407	565	1399	483
ENST00000360631.7	77	1	76	1
ENST00000360635.7	607	188	578	139
ENST00000360639.6	336	49	315	40
ENST00000360647.8	733	68	703	46
ENST00000360652.7	58	58	57	46
ENST00000360655.8	946	151	887	117
ENST00000360658.2	0	0	0	0
ENST00000360663.9	623	65	589	49
ENST00000360668.8	130	10	122	8
ENST00000360683.6	705	68	687	51
ENST00000360689.9	299	42	292	32
ENST00000360700.4	197	24	191	22
ENST00000360716.8	1	0	0	0
ENST00000360768.5	300	43	366	46
ENST00000360770.3	0	0	0	0
ENST00000360771.8	0	0	0	0
ENST00000360774.6	1	0	1	0
ENST00000360796.9	507	94	0	0
ENST00000360802.5	1179	194	1126	149
ENST00000360803.9	1564	359	1596	291
ENST00000360814.8	610	92	577	64
ENST00000360820.7	599	71	803	61
ENST00000360835.9	624	72	599	53
ENST00000360839.7	5	5	9	5
ENST00000360840.9	1301	418	1221	305
ENST00000360844.6	0	0	0	0
ENST00000360845.3	989	116	1080	96
ENST00000360863.11	0	0	0	0
ENST00000360864.9	369	41	370	30
ENST00000360871.7	135	21	128	16
ENST00000360876.9	2933	1286	2882	1000
ENST00000360900.11	211	15	204	20
ENST00000360909.7	538	50	517	40
ENST00000360943.10	857	146	842	111
ENST00000360945.7	1	1	1	1
ENST00000360947.8	17	31	14	24
ENST00000360954.3	13	0	6	0
ENST00000360957.10	597	100	582	73
ENST00000360961.11	211	17	214	16
ENST00000360986.9	234	47	201	38
ENST00000361010.7	0	0	0	0
ENST00000361017.9	0	0	0	0
ENST00000361028.5	204	11	158	6
ENST00000361050.4	0	0	0	0
ENST00000361055.9	839	132	831	103
ENST00000361059.7	0	0	0	0
ENST00000361060.5	1392	126	1358	94
ENST00000361066.7	1384	498	1382	343
ENST00000361069.9	354	75	334	60
ENST00000361070.9	1129	158	1057	124
ENST00000361084.10	0	0	0	0
ENST00000361085.9	79	5	67	5
ENST00000361092.9	65	1	57	1
ENST00000361099.8	1726	286	1690	213
ENST00000361101.8	674	144	630	89
ENST00000361113.10	221	12	107	3
ENST00000361114.10	1129	135	1124	104
ENST00000361115.4	14	1	14	1
ENST00000361127.6	418	24	395	19
ENST00000361131.5	0	0	0	0
ENST00000361138.7	864	125	904	107
ENST00000361162.10	1196	486	1439	431
ENST00000361170.7	790	289	763	221
ENST00000361171.8	8	0	8	0
ENST00000361175.8	1200	175	1176	142
ENST00000361183.8	1007	244	1185	181
ENST00000361189.7	1645	208	1553	148
ENST00000361193.8	97	31	99	28
ENST00000361200.7	6	0	6	0
ENST00000361204.9	1344	460	1300	363
ENST00000361209.6	61	4	61	6
ENST00000361216.8	2	0	1	0
ENST00000361217.9	194	134	182	107
ENST00000361228.5	66	1	66	0
ENST00000361234.9	439	57	430	48
ENST00000361246.7	1062	325	1041	255
ENST00000361249.4	0	0	0	0
ENST00000361256.10	501	105	0	0
ENST00000361264.9	766	148	736	118
ENST00000361271.8	489	35	466	27
ENST00000361272.9	386	61	682	64
ENST00000361288.9	339	66	329	59
ENST00000361297.7	369	186	346	138
ENST00000361309.5	807	48	738	31
ENST00000361311.4	2016	437	1956	347
ENST00000361314.5	67	6	67	5
ENST00000361320.5	2	0	2	0
ENST00000361328.7	93	21	76	15
ENST00000361335.1	463	1152	487	828
ENST00000361337.3	1591	412	1798	369
ENST00000361354.9	2237	343	2221	262
ENST00000361355.8	0	2	0	0
ENST00000361360.4	0	1	0	0
ENST00000361361.7	260	119	256	99
ENST00000361362.7	1	0	0	0
ENST00000361365.7	2	1	0	0
ENST00000361367.7	1412	265	1416	208
ENST00000361368.6	560	126	557	90
ENST00000361379.9	1	0	1	0
ENST00000361383.11	874	171	928	148
ENST00000361384.7	267	40	261	30
ENST00000361387.6	433	70	466	50
ENST00000361400.9	17	5	0	0
ENST00000361413.8	385	69	338	40
ENST00000361418.9	927	142	912	110
ENST00000361420.8	45	3	40	1
ENST00000361421.2	444	54	442	36
ENST00000361427.6	91	87	307	94
ENST00000361428.3	305	80	291	59
ENST00000361432.3	37	0	256	22
ENST00000361436.10	178	373	889	918
ENST00000361439.9	712	131	693	99
ENST00000361441.5	27	0	7	0
ENST00000361445.9	1773	346	1752	284
ENST00000361446.5	0	0	0	0
ENST00000361462.7	191	29	180	25
ENST00000361464.8	1425	248	1390	192
ENST00000361466.7	0	1	0	0
ENST00000361470.4	0	0	0	0
ENST00000361474.6	11	2	12	2
ENST00000361475.7	663	96	649	84
ENST00000361478.1	409	53	396	43
ENST00000361479.10	557	112	720	125
ENST00000361483.4	17	0	15	0
ENST00000361484.5	0	0	0	0
ENST00000361487.7	29	13	24	11
ENST00000361488.7	52	2	51	1
ENST00000361505.10	1019	133	988	109
ENST00000361507.5	43	2	41	2
ENST00000361511.8	15	0	15	0
ENST00000361516.8	0	0	0	0
ENST00000361518.10	261	53	261	46
ENST00000361523.8	615	162	596	121
ENST00000361524.8	205	63	199	48
ENST00000361529.5	2	0	1	0
ENST00000361530.11	15	1	16	1
ENST00000361539.5	0	0	0	0
ENST00000361544.11	52	4	50	2
ENST00000361547.7	253	29	237	22
ENST00000361548.9	0	0	0	0
ENST00000361564.9	322	102	428	55
ENST00000361565.9	1816	359	1798	271
ENST00000361566.7	83	9	75	4
ENST00000361567.2	2451	4523	2810	3628
ENST00000361573.2	185	21	183	16
ENST00000361574.10	324	55	321	45
ENST00000361575.4	4	0	105	30
ENST00000361580.7	619	47	612	39
ENST00000361582.8	293	50	294	39
ENST00000361584.5	108	13	69	7
ENST00000361603.7	920	121	899	76
ENST00000361605.4	354	29	326	20
ENST00000361611.11	1171	463	1127	376
ENST00000361618.4	16	2	15	1
ENST00000361627.8	1068	183	1009	125
ENST00000361640.5	1	0	1	0
ENST00000361644.3	0	0	0	0
ENST00000361648.6	991	101	955	65
ENST00000361661.6	0	6	0	4
ENST00000361664.7	5	0	5	0
ENST00000361669.6	0	0	0	0
ENST00000361671.10	837	67	818	48
ENST00000361673.4	547	111	504	76
ENST00000361677.5	319	59	317	49
ENST00000361682.11	878	254	841	204
ENST00000361684.8	419	57	385	38
ENST00000361696.9	26	2	28	2
ENST00000361711.7	206	23	197	20
ENST00000361717.4	254	12	239	10
ENST00000361720.10	165	41	166	32
ENST00000361722.7	133	28	127	24
ENST00000361725.5	119	30	114	27
ENST00000361726.7	0	0	0	0
ENST00000361727.8	0	0	0	0
ENST00000361729.3	168	21	159	16
ENST00000361731.4	389	54	388	48
ENST00000361735.4	677	141	645	111
ENST00000361739.1	694	2275	1593	3411
ENST00000361742.7	0	0	0	0
ENST00000361752.8	826	101	820	83
ENST00000361756.8	548	84	543	59
ENST00000361757.8	482	372	467	284
ENST00000361762.3	604	90	592	73
ENST00000361763.9	0	0	0	0
ENST00000361781.7	606	81	586	61
ENST00000361786.7	276	11	276	10
ENST00000361796.9	1785	354	0	0
ENST00000361804.5	2135	430	2385	371
ENST00000361813.5	527	262	524	201
ENST00000361820.6	0	0	0	0
ENST00000361822.8	530	51	523	43
ENST00000361824.7	134	8	174	4
ENST00000361833.7	0	0	0	0
ENST00000361835.8	0	0	0	0
ENST00000361837.9	284	64	271	48
ENST00000361840.8	268	19	264	14
ENST00000361842.8	0	0	0	0
ENST00000361847.7	50	5	42	5
ENST00000361851.1	161	283	293	249
ENST00000361866.8	837	191	820	142
ENST00000361871.7	163	22	167	19
ENST00000361874.7	2018	606	1955	454
ENST00000361875.7	318	16	297	12
ENST00000361883.6	0	0	0	0
ENST00000361886.3	0	0	0	0
ENST00000361891.9	1641	530	1814	397
ENST00000361899.2	314	793	1320	1649
ENST00000361900.10	18	1	15	1
ENST00000361901.6	2584	1429	2521	1122
ENST00000361902.5	0	0	0	0
ENST00000361908.8	2086	322	2032	243
ENST00000361921.8	0	0	0	0
ENST00000361926.8	0	0	0	0
ENST00000361927.9	35	12	35	6
ENST00000361936.9	112	9	108	4
ENST00000361952.5	415	73	396	63
ENST00000361956.8	1982	514	1880	369
ENST00000361963.3	0	0	0	0
ENST00000361965.8	0	0	0	0
ENST00000361970.10	292	10	290	9
ENST00000361971.10	24	11	23	10
ENST00000361983.7	938	105	914	80
ENST00000361987.6	2	0	0	0
ENST00000362002.3	0	0	0	0
ENST00000362003.9	119	26	117	25
ENST00000362005.7	0	0	0	0
ENST00000362006.11	14	0	13	0
ENST00000362007.6	657	83	638	60
ENST00000362010.7	6	0	6	0
ENST00000362011.7	67	8	61	6
ENST00000362012.7	59	3	55	2
ENST00000362020.4	171	20	167	15
ENST00000362031.10	1017	98	1126	79
ENST00000362032.6	0	0	0	0
ENST00000362034.7	798	216	780	155
ENST00000362057.4	210	95	204	76
ENST00000362061.4	0	0	0	0
ENST00000362063.6	117	19	124	13
ENST00000362065.9	357	88	347	65
ENST00000362072.8	0	0	0	0
ENST00000362074.7	0	0	0	0
ENST00000362091.8	708	97	692	80
ENST00000362097.1	3	0	0	0
ENST00000366329.6	306	24	298	18
ENST00000366425.4	4	6	3	1
ENST00000366472.6	199	67	197	53
ENST00000366473.4	1	0	0	0
ENST00000366476.1	0	0	0	0
ENST00000366480.5	0	0	0	0
ENST00000366481.4	0	0	0	0
ENST00000366485.1	0	0	0	0
ENST00000366503.3	144	9	82	4
ENST00000366508.5	564	155	2356	412
ENST00000366510.4	1128	145	1121	109
ENST00000366513.9	518	46	494	31
ENST00000366514.5	816	109	831	86
ENST00000366523.5	234	23	232	13
ENST00000366534.9	4	0	3	0
ENST00000366535.4	1003	173	1241	183
ENST00000366541.8	315	24	305	17
ENST00000366542.6	333	74	1505	187
ENST00000366548.8	940	183	881	139
ENST00000366552.6	1	0	0	0
ENST00000366553.2	813	144	747	104
ENST00000366554.3	427	38	321	13
ENST00000366559.9	2	0	2	0
ENST00000366560.4	1601	338	1854	285
ENST00000366564.5	1	0	1	0
ENST00000366574.7	12	7	10	5
ENST00000366577.10	1380	121	1359	91
ENST00000366578.6	0	0	0	0
ENST00000366582.8	2581	421	2441	275
ENST00000366592.8	25	2	26	2
ENST00000366600.8	497	91	493	77
ENST00000366607.5	250	127	901	183
ENST00000366609.3	807	148	728	110
ENST00000366612.1	360	58	353	43
ENST00000366618.8	160	12	154	12
ENST00000366621.8	620	73	601	55
ENST00000366624.8	122	32	118	26
ENST00000366628.10	503	56	507	44
ENST00000366630.5	151	51	145	38
ENST00000366639.9	343	30	348	21
ENST00000366641.4	152	20	179	20
ENST00000366645.1	510	33	512	30
ENST00000366647.9	693	177	717	141
ENST00000366651.7	360	27	351	16
ENST00000366654.5	14	7	14	7
ENST00000366661.9	443	29	432	21
ENST00000366663.10	794	124	755	97
ENST00000366667.5	20	6	18	5
ENST00000366669.9	721	109	707	82
ENST00000366671.7	58	8	57	8
ENST00000366672.5	2994	1585	2889	1215
ENST00000366684.7	38	18	4	2
ENST00000366690.5	284	43	278	31
ENST00000366691.4	3	0	3	0
ENST00000366695.3	247	8	100	0
ENST00000366696.2	6	0	0	0
ENST00000366697.6	0	3	0	3
ENST00000366711.4	73	4	66	3
ENST00000366714.3	5	0	5	0
ENST00000366735.5	348	44	334	36
ENST00000366756.4	2	0	2	0
ENST00000366757.3	0	0	0	0
ENST00000366758.7	319	39	318	30
ENST00000366769.7	865	145	837	112
ENST00000366773.8	266	30	261	27
ENST00000366774.4	1	0	1	0
ENST00000366779.5	387	88	383	67
ENST00000366783.8	151	22	139	15
ENST00000366787.7	1	0	1	0
ENST00000366788.8	0	0	0	0
ENST00000366794.10	2060	802	2465	695
ENST00000366795.4	0	0	0	0
ENST00000366810.5	1	0	0	0
ENST00000366812.6	865	142	847	105
ENST00000366815.9	2	0	738	222
ENST00000366820.10	0	0	0	0
ENST00000366832.7	0	0	0	0
ENST00000366834.2	0	0	0	0
ENST00000366835.8	272	31	255	22
ENST00000366843.6	1084	412	1133	317
ENST00000366847.9	416	72	401	54
ENST00000366862.10	609	42	601	30
ENST00000366872.10	0	0	0	0
ENST00000366875.5	1	0	1	0
ENST00000366889.6	0	1	0	0
ENST00000366898.6	0	0	0	0
ENST00000366899.4	221	12	212	10
ENST00000366903.8	113	1	106	1
ENST00000366910.10	788	154	721	122
ENST00000366913.8	183	28	172	23
ENST00000366917.6	278	26	272	18
ENST00000366922.3	1820	393	1824	307
ENST00000366923.8	3624	1057	3541	752
ENST00000366926.4	0	0	0	0
ENST00000366928.10	293	18	289	15
ENST00000366930.9	722	60	707	43
ENST00000366932.4	792	68	786	53
ENST00000366933.5	36	1	34	1
ENST00000366935.8	422	43	415	35
ENST00000366953.8	1	0	1	0
ENST00000366955.8	4317	1673	4183	1249
ENST00000366956.10	1607	218	1549	164
ENST00000366957.10	369	59	362	43
ENST00000366960.8	368	47	356	37
ENST00000366962.8	367	41	359	31
ENST00000366963.9	84	3	74	2
ENST00000366971.9	486	29	470	21
ENST00000366974.9	265	23	262	17
ENST00000366977.8	664	82	632	59
ENST00000366988.5	304	118	276	87
ENST00000366991.5	1451	184	1425	125
ENST00000366994.8	1188	85	1157	63
ENST00000366997.9	629	32	694	25
ENST00000366999.9	764	87	1018	88
ENST00000367001.5	795	75	772	67
ENST00000367002.4	0	0	0	0
ENST00000367012.4	2	0	2	0
ENST00000367021.8	0	0	0	0
ENST00000367024.5	0	0	0	0
ENST00000367028.6	0	0	0	0
ENST00000367029.5	13	0	13	0
ENST00000367033.4	18	0	18	0
ENST00000367034.5	670	187	651	144
ENST00000367042.6	909	85	1002	68
ENST00000367048.5	1417	271	1419	126
ENST00000367049.8	0	0	0	0
ENST00000367057.8	0	0	0	0
ENST00000367064.9	1750	344	1695	249
ENST00000367066.8	0	0	0	0
ENST00000367070.8	8	0	7	0
ENST00000367076.7	103	2	90	2
ENST00000367079.3	193	9	181	4
ENST00000367089.8	421	50	510	52
ENST00000367090.3	631	75	619	61
ENST00000367091.8	34	2	33	2
ENST00000367097.8	186	20	179	14
ENST00000367098.5	0	0	0	0
ENST00000367103.4	515	130	452	96
ENST00000367109.7	401	37	395	32
ENST00000367123.8	39	2	1	0
ENST00000367126.5	0	0	0	0
ENST00000367128.7	8	0	0	0
ENST00000367135.8	1	2	1	2
ENST00000367136.5	0	0	0	0
ENST00000367137.4	201	31	191	25
ENST00000367139.8	294	13	285	14
ENST00000367142.5	1325	515	1469	393
ENST00000367145.4	51	11	51	9
ENST00000367147.9	1	0	0	0
ENST00000367153.9	0	0	0	0
ENST00000367156.7	0	0	0	0
ENST00000367157.6	146	15	136	9
ENST00000367162.8	509	42	495	39
ENST00000367165.3	0	0	0	0
ENST00000367166.5	407	30	392	24
ENST00000367167.4	0	0	0	0
ENST00000367175.1	222	22	209	18
ENST00000367178.7	950	117	932	94
ENST00000367182.8	147	23	148	16
ENST00000367187.7	774	149	738	121
ENST00000367188.5	1282	208	1248	171
ENST00000367194.5	1	0	1	0
ENST00000367202.9	45	7	45	6
ENST00000367204.6	78	27	76	25
ENST00000367222.7	0	0	0	0
ENST00000367229.6	0	0	0	0
ENST00000367233.10	43	9	246	27
ENST00000367236.8	1	0	1	0
ENST00000367240.6	1	0	1	0
ENST00000367242.4	37	17	388	200
ENST00000367244.8	0	0	0	0
ENST00000367245.5	0	0	0	0
ENST00000367249.9	535	63	492	47
ENST00000367255.10	779	89	744	73
ENST00000367261.8	346	29	532	35
ENST00000367262.4	209	4	205	4
ENST00000367265.9	1416	167	1365	129
ENST00000367268.5	1	0	1	0
ENST00000367278.7	0	0	2	0
ENST00000367282.6	3	0	3	0
ENST00000367287.5	627	140	629	99
ENST00000367288.5	57	5	56	4
ENST00000367294.4	804	59	793	45
ENST00000367296.8	1226	126	1203	93
ENST00000367306.5	1122	397	1108	287
ENST00000367311.5	259	64	239	54
ENST00000367321.7	1440	371	1449	299
ENST00000367324.8	2	14	2	12
ENST00000367330.6	646	109	616	83
ENST00000367339.7	173	3	157	2
ENST00000367341.6	2	0	0	0
ENST00000367350.5	1360	186	1316	134
ENST00000367351.4	14	3	3	0
ENST00000367352.3	944	75	897	53
ENST00000367360.7	118	13	42	9
ENST00000367385.9	702	58	688	41
ENST00000367387.6	74	0	62	0
ENST00000367393.8	99	8	88	5
ENST00000367400.8	233	15	225	14
ENST00000367405.4	474	16	457	16
ENST00000367409.9	2437	706	2364	524
ENST00000367411.7	448	32	446	28
ENST00000367412.2	0	0	0	0
ENST00000367415.8	0	0	0	0
ENST00000367416.6	0	0	0	0
ENST00000367419.10	613	30	609	24
ENST00000367425.9	0	0	0	0
ENST00000367429.9	891	75	747	53
ENST00000367434.5	1	0	1	0
ENST00000367435.5	997	154	1013	115
ENST00000367439.7	418	27	415	18
ENST00000367446.7	1384	45	1339	32
ENST00000367454.5	1022	119	1000	95
ENST00000367456.5	705	110	694	82
ENST00000367459.8	0	0	0	0
ENST00000367460.4	8	0	8	0
ENST00000367462.5	0	0	0	0
ENST00000367463.5	182	36	184	27
ENST00000367466.4	2879	529	2821	389
ENST00000367467.8	391	51	378	40
ENST00000367468.10	364	22	364	16
ENST00000367474.2	165	7	167	6
ENST00000367478.9	3455	1019	3401	762
ENST00000367481.7	998	156	969	116
ENST00000367495.4	723	117	706	80
ENST00000367498.8	1308	384	1295	278
ENST00000367500.9	74	1	73	1
ENST00000367506.10	543	43	537	35
ENST00000367510.8	367	19	441	16
ENST00000367511.4	153	8	145	7
ENST00000367519.9	68	1	64	1
ENST00000367535.8	95	8	93	8
ENST00000367537.7	788	102	767	73
ENST00000367545.7	363	127	351	88
ENST00000367547.8	0	0	0	0
ENST00000367549.4	2458	810	3166	709
ENST00000367558.6	3	0	3	0
ENST00000367559.7	48	3	46	2
ENST00000367565.2	0	0	0	0
ENST00000367568.5	22	1	21	1
ENST00000367569.4	401	111	388	90
ENST00000367573.7	0	2	0	1
ENST00000367576.6	576	105	494	62
ENST00000367577.7	233	35	215	30
ENST00000367588.9	4	1	4	1
ENST00000367590.9	819	64	812	51
ENST00000367591.5	584	41	576	32
ENST00000367602.8	997	190	952	155
ENST00000367604.6	255	99	247	77
ENST00000367607.8	518	142	498	102
ENST00000367608.6	428	26	419	18
ENST00000367612.7	639	29	612	22
ENST00000367615.9	0	0	0	0
ENST00000367618.8	0	0	0	0
ENST00000367619.8	1381	82	1367	58
ENST00000367627.8	683	118	652	99
ENST00000367630.9	875	64	877	55
ENST00000367635.7	359	16	351	12
ENST00000367649.7	576	64	555	46
ENST00000367651.4	396	45	367	35
ENST00000367658.3	90	12	86	10
ENST00000367660.4	261	13	250	10
ENST00000367662.5	10	2	10	2
ENST00000367669.8	565	79	667	68
ENST00000367674.7	1	0	1	0
ENST00000367679.7	420	116	1253	193
ENST00000367685.5	0	0	0	0
ENST00000367696.7	293	26	284	14
ENST00000367698.3	0	0	0	0
ENST00000367701.9	45	9	44	8
ENST00000367714.4	0	0	0	0
ENST00000367721.3	0	0	0	0
ENST00000367727.9	0	0	0	0
ENST00000367728.1	262	27	292	24
ENST00000367731.5	76	6	79	2
ENST00000367734.4	0	1	0	0
ENST00000367739.9	840	72	826	55
ENST00000367749.4	16	0	14	0
ENST00000367755.9	0	0	0	0
ENST00000367759.8	0	0	0	0
ENST00000367763.7	283	27	273	23
ENST00000367772.8	107	14	103	8
ENST00000367797.9	0	0	0	0
ENST00000367806.7	0	0	0	0
ENST00000367808.8	431	21	456	17
ENST00000367811.8	686	66	690	51
ENST00000367816.5	979	160	1037	134
ENST00000367817.4	0	0	0	0
ENST00000367818.4	0	0	0	0
ENST00000367819.3	0	0	0	0
ENST00000367821.8	1	1	1	1
ENST00000367833.7	725	70	722	50
ENST00000367837.10	1164	170	1175	146
ENST00000367838.5	280	77	273	66
ENST00000367840.3	813	169	970	139
ENST00000367851.9	0	0	0	0
ENST00000367854.8	0	0	0	0
ENST00000367858.9	1065	217	1029	152
ENST00000367866.7	274	8	278	8
ENST00000367868.4	0	0	0	0
ENST00000367872.9	0	0	0	0
ENST00000367874.5	235	19	255	17
ENST00000367875.1	450	81	441	60
ENST00000367879.9	870	155	814	117
ENST00000367889.8	746	131	739	109
ENST00000367909.10	0	0	0	0
ENST00000367910.5	6	0	6	0
ENST00000367922.7	353	19	342	16
ENST00000367924.1	741	110	844	96
ENST00000367927.9	0	0	0	0
ENST00000367928.5	0	0	0	0
ENST00000367929.3	0	0	0	0
ENST00000367931.1	0	0	0	0
ENST00000367935.10	0	0	0	0
ENST00000367941.7	318	9	315	6
ENST00000367942.4	997	134	958	93
ENST00000367943.5	467	75	458	58
ENST00000367948.6	8	0	7	0
ENST00000367959.6	0	0	0	0
ENST00000367963.8	8	0	9	0
ENST00000367964.6	1	0	0	0
ENST00000367969.8	0	0	0	0
ENST00000367972.8	1	0	1	0
ENST00000367974.2	0	7	0	5
ENST00000367975.7	292	41	903	98
ENST00000367976.4	1038	155	991	122
ENST00000367983.9	0	7	0	0
ENST00000367988.8	103	21	108	16
ENST00000367990.7	0	0	0	0
ENST00000367993.7	1454	296	1446	223
ENST00000367996.6	2	0	2	0
ENST00000367999.9	352	53	349	44
ENST00000368002.8	113	88	111	66
ENST00000368003.6	703	185	721	145
ENST00000368006.8	342	39	330	33
ENST00000368009.7	474	57	470	50
ENST00000368010.4	689	177	698	145
ENST00000368011.9	33	0	30	0
ENST00000368012.4	5	0	5	0
ENST00000368013.8	0	1	0	1
ENST00000368021.7	319	61	317	50
ENST00000368026.11	104	1	0	0
ENST00000368029.4	0	0	0	0
ENST00000368034.9	0	0	0	0
ENST00000368043.8	0	0	0	0
ENST00000368054.8	0	0	0	0
ENST00000368059.7	0	0	0	0
ENST00000368061.3	0	0	0	0
ENST00000368068.8	634	75	627	57
ENST00000368072.9	598	68	594	56
ENST00000368073.7	694	172	610	120
ENST00000368078.8	0	0	0	0
ENST00000368081.9	0	0	0	0
ENST00000368086.5	199	25	187	21
ENST00000368087.8	0	0	0	0
ENST00000368088.4	0	0	0	0
ENST00000368090.5	362	23	347	20
ENST00000368093.4	0	0	0	0
ENST00000368094.6	5	0	5	0
ENST00000368097.9	832	732	1471	885
ENST00000368099.9	30	8	30	4
ENST00000368100.1	0	1	0	0
ENST00000368106.4	0	0	0	0
ENST00000368107.2	98	11	95	11
ENST00000368115.5	0	0	0	0
ENST00000368125.9	1	0	0	0
ENST00000368128.6	1493	282	1440	215
ENST00000368130.9	0	0	0	0
ENST00000368134.6	0	0	0	0
ENST00000368139.6	206	20	199	16
ENST00000368140.6	0	0	0	0
ENST00000368141.5	0	0	0	0
ENST00000368143.6	0	0	0	0
ENST00000368144.2	0	0	0	0
ENST00000368145.2	0	0	0	0
ENST00000368149.3	290	27	280	21
ENST00000368152.1	0	0	0	0
ENST00000368167.8	0	0	0	0
ENST00000368168.4	0	0	0	0
ENST00000368170.8	0	0	0	0
ENST00000368174.5	0	0	0	0
ENST00000368176.8	0	0	0	0
ENST00000368184.8	0	0	0	0
ENST00000368192.9	295	40	289	24
ENST00000368194.7	292	66	282	49
ENST00000368195.4	0	2	0	1
ENST00000368199.7	119	6	121	5
ENST00000368211.8	709	169	704	133
ENST00000368218.8	114	34	112	29
ENST00000368223.4	401	86	391	66
ENST00000368226.8	1829	257	1792	205
ENST00000368232.8	700	290	684	226
ENST00000368235.8	688	258	689	179
ENST00000368236.7	0	0	0	0
ENST00000368255.7	6	0	7	1
ENST00000368272.5	1	1	0	0
ENST00000368276.8	0	0	1	0
ENST00000368277.3	84	11	117	12
ENST00000368282.1	0	0	0	0
ENST00000368300.9	2896	2213	2700	1683
ENST00000368305.9	415	40	390	31
ENST00000368309.4	198	43	683	100
ENST00000368314.5	223	46	216	39
ENST00000368318.5	0	0	0	0
ENST00000368321.8	572	150	542	107
ENST00000368323.8	268	18	267	13
ENST00000368324.5	58	8	54	8
ENST00000368328.4	482	76	463	63
ENST00000368336.10	1036	259	1177	202
ENST00000368340.9	496	136	185	33
ENST00000368352.10	310	97	301	77
ENST00000368358.4	53	27	40	18
ENST00000368361.9	226	104	280	90
ENST00000368364.4	17	5	16	5
ENST00000368378.7	775	149	762	117
ENST00000368404.9	545	78	510	63
ENST00000368407.8	594	78	574	59
ENST00000368408.4	3	0	2	0
ENST00000368409.8	141	7	140	9
ENST00000368417.6	1	0	1	0
ENST00000368424.4	1	0	1	0
ENST00000368440.5	239	8	239	6
ENST00000368444.8	0	0	0	0
ENST00000368455.9	356	29	429	32
ENST00000368457.3	238	20	232	15
ENST00000368463.8	606	92	591	73
ENST00000368467.4	496	106	487	73
ENST00000368468.4	524	23	500	18
ENST00000368474.9	2314	430	2154	316
ENST00000368476.4	1	0	0	0
ENST00000368482.8	0	0	0	0
ENST00000368485.8	59	6	59	5
ENST00000368489.5	461	149	454	118
ENST00000368491.8	92	5	90	6
ENST00000368494.4	36	31	591	88
ENST00000368498.7	1078	126	1041	102
ENST00000368507.7	9	0	8	0
ENST00000368521.9	749	258	706	190
ENST00000368525.4	0	0	0	0
ENST00000368547.4	1076	215	987	160
ENST00000368557.6	0	0	0	0
ENST00000368559.7	0	0	0	0
ENST00000368563.6	918	214	880	162
ENST00000368564.7	113	14	111	11
ENST00000368575.5	0	0	0	0
ENST00000368576.8	247	21	238	13
ENST00000368586.10	0	0	0	0
ENST00000368592.8	0	0	0	0
ENST00000368594.8	239	34	241	24
ENST00000368596.3	1	0	0	0
ENST00000368599.4	18	0	17	0
ENST00000368602.4	0	0	0	0
ENST00000368605.3	34	0	35	0
ENST00000368608.4	990	187	866	149
ENST00000368614.8	56	10	53	6
ENST00000368623.7	975	246	984	199
ENST00000368633.2	276	44	269	32
ENST00000368636.8	192	33	462	70
ENST00000368642.4	0	0	0	0
ENST00000368644.5	826	144	1248	168
ENST00000368648.8	0	0	0	0
ENST00000368654.8	2832	1002	2145	506
ENST00000368655.5	906	24	887	21
ENST00000368656.7	101	7	94	5
ENST00000368662.10	250	50	257	43
ENST00000368666.7	0	0	0	0
ENST00000368671.4	0	0	0	0
ENST00000368679.8	1732	363	1673	285
ENST00000368680.4	275	84	271	74
ENST00000368685.6	311	35	309	28
ENST00000368693.6	26	2	24	2
ENST00000368694.8	617	142	613	115
ENST00000368702.5	0	0	0	0
ENST00000368706.9	25	0	25	0
ENST00000368708.9	680	454	578	225
ENST00000368713.8	87	14	72	4
ENST00000368715.5	676	259	599	171
ENST00000368718.5	0	0	0	0
ENST00000368720.6	730	669	659	506
ENST00000368722.5	1	0	1	0
ENST00000368725.3	0	0	0	0
ENST00000368729.9	0	0	0	0
ENST00000368732.5	0	1	0	0
ENST00000368737.5	0	0	0	0
ENST00000368738.4	0	0	1	0
ENST00000368742.4	0	0	0	0
ENST00000368744.4	0	0	0	0
ENST00000368747.2	0	0	0	0
ENST00000368748.5	0	0	0	0
ENST00000368751.1	0	0	0	0
ENST00000368755.2	0	0	0	0
ENST00000368757.1	0	0	0	0
ENST00000368761.11	389	71	377	55
ENST00000368762.1	0	0	0	0
ENST00000368764.4	0	0	0	0
ENST00000368765.4	0	0	0	0
ENST00000368770.4	0	0	0	0
ENST00000368775.3	0	0	0	0
ENST00000368777.1	0	0	0	0
ENST00000368779.2	0	0	0	0
ENST00000368780.4	0	0	0	0
ENST00000368783.1	0	0	0	0
ENST00000368784.2	0	0	0	0
ENST00000368787.4	0	0	0	0
ENST00000368789.2	0	0	0	0
ENST00000368790.4	0	0	0	0
ENST00000368797.10	316	84	310	63
ENST00000368799.2	56	26	31	8
ENST00000368801.4	0	0	0	0
ENST00000368806.2	0	0	0	0
ENST00000368808.3	0	0	0	0
ENST00000368811.8	651	254	638	184
ENST00000368814.8	157	24	263	31
ENST00000368817.10	0	0	0	0
ENST00000368820.4	0	0	0	0
ENST00000368821.4	27	0	27	0
ENST00000368822.5	75	9	74	6
ENST00000368830.8	763	203	753	153
ENST00000368836.7	380	21	351	13
ENST00000368842.10	118	2	110	5
ENST00000368845.6	804	99	1044	85
ENST00000368849.8	663	96	670	81
ENST00000368851.10	36	0	36	0
ENST00000368858.9	1293	305	1471	247
ENST00000368868.10	819	142	812	115
ENST00000368874.8	720	162	701	135
ENST00000368884.8	802	374	1482	467
ENST00000368885.8	463	100	682	94
ENST00000368888.9	592	140	1084	168
ENST00000368892.9	701	162	700	132
ENST00000368894.2	0	0	0	0
ENST00000368898.8	6	7	4	0
ENST00000368905.9	558	141	562	101
ENST00000368908.10	137	25	132	17
ENST00000368910.4	0	0	0	0
ENST00000368911.8	201	22	183	17
ENST00000368913.7	18	4	17	1
ENST00000368918.8	148	19	140	16
ENST00000368919.8	0	0	0	0
ENST00000368921.5	415	57	407	26
ENST00000368924.8	1	0	1	0
ENST00000368926.6	168	35	162	32
ENST00000368931.8	1	3	1	3
ENST00000368932.5	747	45	748	40
ENST00000368947.9	4	1	4	1
ENST00000368977.9	106	6	107	5
ENST00000368984.8	1257	246	1184	198
ENST00000368985.8	87	1	85	1
ENST00000368986.9	1	0	1	0
ENST00000368990.7	400	37	385	24
ENST00000369002.9	942	179	1346	192
ENST00000369005.6	320	74	310	61
ENST00000369020.8	0	0	0	0
ENST00000369023.8	556	54	547	47
ENST00000369026.3	1037	243	1007	196
ENST00000369037.9	314	16	314	9
ENST00000369046.8	319	34	429	26
ENST00000369047.9	41	5	41	5
ENST00000369063.8	250	28	302	27
ENST00000369064.8	856	163	845	125
ENST00000369068.4	953	102	922	75
ENST00000369075.8	1157	154	1133	119
ENST00000369076.8	585	79	568	63
ENST00000369077.3	1415	208	1406	156
ENST00000369085.8	625	119	610	90
ENST00000369093.6	922	107	871	85
ENST00000369096.9	37	1	37	1
ENST00000369102.5	4	0	4	0
ENST00000369103.3	219	13	219	10
ENST00000369109.8	776	176	709	115
ENST00000369111.9	1	0	1	0
ENST00000369124.5	177	67	178	53
ENST00000369144.8	3259	1560	3240	1228
ENST00000369146.8	387	36	374	31
ENST00000369151.8	346	20	348	16
ENST00000369153.2	134	10	129	6
ENST00000369155.3	160	1	107	0
ENST00000369158.1	0	0	0	0
ENST00000369159.2	0	0	0	0
ENST00000369162.7	2016	326	1988	253
ENST00000369163.3	792	2	254	1
ENST00000369167.2	92	0	14	0
ENST00000369168.4	0	0	0	0
ENST00000369183.9	359	53	403	38
ENST00000369206.6	0	0	0	0
ENST00000369208.8	0	0	0	0
ENST00000369215.5	11	0	11	0
ENST00000369221.2	0	0	0	0
ENST00000369230.4	0	0	0	0
ENST00000369235.1	0	0	0	0
ENST00000369244.7	345	35	345	28
ENST00000369248.9	347	14	336	10
ENST00000369256.6	407	47	388	32
ENST00000369258.8	911	152	893	111
ENST00000369261.9	0	0	0	0
ENST00000369278.5	897	85	881	68
ENST00000369288.7	0	0	0	0
ENST00000369295.4	0	0	0	0
ENST00000369301.3	748	24	735	14
ENST00000369303.9	874	59	845	44
ENST00000369304.8	2	1	2	0
ENST00000369306.8	296	56	293	37
ENST00000369310.7	0	0	0	0
ENST00000369314.2	103	28	95	22
ENST00000369329.8	834	119	812	80
ENST00000369356.8	205	33	715	115
ENST00000369367.8	2459	391	2362	292
ENST00000369373.9	1	2	0	0
ENST00000369390.7	6	3	1	0
ENST00000369393.8	1474	347	1439	274
ENST00000369397.8	366	30	346	23
ENST00000369400.2	0	0	0	0
ENST00000369405.7	360	67	352	50
ENST00000369406.8	0	0	0	0
ENST00000369413.8	0	0	0	0
ENST00000369415.9	5	0	5	0
ENST00000369429.5	82	2	78	0
ENST00000369443.10	400	27	398	19
ENST00000369448.4	21	6	21	6
ENST00000369449.7	52	2	50	2
ENST00000369452.9	1060	160	1067	116
ENST00000369454.4	0	0	0	0
ENST00000369458.8	0	0	0	0
ENST00000369462.5	404	29	588	25
ENST00000369466.9	1218	189	1185	138
ENST00000369470.1	5	6	5	4
ENST00000369476.8	19	0	24	1
ENST00000369478.4	0	0	0	0
ENST00000369484.8	79	3	0	0
ENST00000369485.9	685	60	680	45
ENST00000369486.8	310	50	439	59
ENST00000369489.10	529	17	517	16
ENST00000369498.8	181	33	515	50
ENST00000369500.3	0	0	0	0
ENST00000369501.2	0	0	0	0
ENST00000369503.9	8	1	8	1
ENST00000369505.4	0	0	0	0
ENST00000369506.1	0	0	0	0
ENST00000369512.3	16	2	16	1
ENST00000369516.7	64	2	61	2
ENST00000369519.4	93	9	92	5
ENST00000369522.8	0	1	0	0
ENST00000369529.1	0	0	0	0
ENST00000369534.8	101	7	100	5
ENST00000369535.5	600	49	588	36
ENST00000369536.10	689	98	660	74
ENST00000369541.4	647	114	927	109
ENST00000369550.10	1611	382	1548	295
ENST00000369552.9	385	18	305	11
ENST00000369562.9	0	0	0	0
ENST00000369569.6	477	59	478	46
ENST00000369575.7	0	0	0	0
ENST00000369577.8	419	77	400	64
ENST00000369583.4	19	0	19	0
ENST00000369585.3	145	20	107	8
ENST00000369603.10	655	117	648	89
ENST00000369604.6	304	80	288	64
ENST00000369615.5	274	31	268	20
ENST00000369622.8	1190	275	2102	334
ENST00000369660.9	279	46	290	39
ENST00000369663.10	0	0	0	0
ENST00000369681.10	373	37	369	28
ENST00000369682.4	459	130	393	87
ENST00000369684.5	18	1	17	1
ENST00000369689.5	2	0	2	0
ENST00000369700.4	1	0	1	0
ENST00000369701.8	4	0	0	0
ENST00000369702.5	966	108	931	82
ENST00000369704.8	23	3	19	3
ENST00000369705.4	1599	278	1544	188
ENST00000369709.3	572	62	663	56
ENST00000369713.10	827	139	933	106
ENST00000369716.9	0	0	0	0
ENST00000369722.8	692	226	934	171
ENST00000369724.5	107	3	105	2
ENST00000369729.7	121	4	152	2
ENST00000369732.4	1	3	1	2
ENST00000369738.9	4	0	4	0
ENST00000369740.6	0	0	0	0
ENST00000369747.8	113	13	111	8
ENST00000369752.5	40	2	40	2
ENST00000369755.4	1308	197	1269	149
ENST00000369762.7	1325	243	1316	197
ENST00000369763.5	521	36	508	25
ENST00000369768.1	0	0	0	0
ENST00000369769.4	0	0	0	0
ENST00000369771.4	0	0	0	0
ENST00000369779.9	2	1	2	0
ENST00000369780.8	198	30	182	25
ENST00000369783.4	1	0	1	0
ENST00000369795.8	652	59	632	50
ENST00000369797.8	890	291	880	226
ENST00000369798.7	1178	178	1184	138
ENST00000369799.10	1575	331	1532	239
ENST00000369800.6	77	4	72	4
ENST00000369809.5	217	20	200	14
ENST00000369816.5	90	0	90	0
ENST00000369825.6	256	73	406	60
ENST00000369838.6	35	0	32	0
ENST00000369839.4	294	23	289	19
ENST00000369842.9	888	245	883	187
ENST00000369847.4	153	18	289	18
ENST00000369849.9	24	6	23	5
ENST00000369850.10	6652	7567	6088	5542
ENST00000369851.7	1218	259	1062	163
ENST00000369864.5	16	1	15	1
ENST00000369870.7	99	10	95	10
ENST00000369872.4	0	0	0	0
ENST00000369878.9	243	16	217	12
ENST00000369880.8	80	0	0	0
ENST00000369886.8	27	6	24	3
ENST00000369887.4	0	0	0	0
ENST00000369888.6	368	85	370	66
ENST00000369889.5	278	38	320	28
ENST00000369893.10	145	14	139	12
ENST00000369902.8	264	14	265	12
ENST00000369905.9	920	159	938	125
ENST00000369908.9	508	100	497	72
ENST00000369909.6	284	42	280	31
ENST00000369915.8	1	0	0	0
ENST00000369916.5	0	16	0	14
ENST00000369929.8	0	0	0	0
ENST00000369937.5	508	89	508	72
ENST00000369939.8	214	8	192	5
ENST00000369940.7	82	8	83	8
ENST00000369947.5	0	0	0	0
ENST00000369948.7	0	0	0	0
ENST00000369950.8	0	0	0	0
ENST00000369951.9	0	0	0	0
ENST00000369962.7	378	32	383	26
ENST00000369966.8	545	159	551	121
ENST00000369967.7	310	116	297	100
ENST00000369980.8	478	460	460	371
ENST00000369982.5	99	2	96	2
ENST00000369983.3	1380	208	1363	148
ENST00000369984.4	1511	168	1460	131
ENST00000369996.3	0	9	0	0
ENST00000370001.8	0	0	0	0
ENST00000370002.8	0	0	0	0
ENST00000370005.4	65	3	63	2
ENST00000370008.4	739	75	734	52
ENST00000370017.9	1	0	1	0
ENST00000370025.9	685	351	668	272
ENST00000370028.7	1	2	1	2
ENST00000370032.9	399	47	387	38
ENST00000370033.9	426	37	429	27
ENST00000370035.8	270	14	261	9
ENST00000370040.7	0	0	0	0
ENST00000370053.3	191	57	212	53
ENST00000370056.9	186	17	190	14
ENST00000370060.7	1824	350	1720	237
ENST00000370068.5	56	4	52	3
ENST00000370078.2	400	90	392	76
ENST00000370079.3	0	0	0	0
ENST00000370081.6	600	231	628	183
ENST00000370083.8	0	0	0	0
ENST00000370096.9	4	0	3	0
ENST00000370101.8	0	0	0	0
ENST00000370103.9	0	0	0	0
ENST00000370109.8	514	45	493	31
ENST00000370110.5	475	114	461	95
ENST00000370113.7	459	22	456	23
ENST00000370128.8	530	54	527	39
ENST00000370132.8	546	53	536	28
ENST00000370141.7	296	27	286	14
ENST00000370150.5	0	0	0	0
ENST00000370151.9	393	84	358	67
ENST00000370152.8	29	4	25	4
ENST00000370162.8	154	6	151	5
ENST00000370179.8	286	57	278	48
ENST00000370185.7	15	0	15	0
ENST00000370187.8	368	33	353	20
ENST00000370188.7	1	0	1	0
ENST00000370192.8	1050	76	1035	55
ENST00000370193.3	0	0	0	0
ENST00000370196.11	0	0	0	0
ENST00000370200.6	93	20	90	17
ENST00000370202.5	268	22	131	9
ENST00000370203.9	113	0	126	0
ENST00000370205.6	261	23	259	14
ENST00000370206.9	1468	214	1465	176
ENST00000370211.8	518	66	4	1
ENST00000370214.9	1847	209	1825	155
ENST00000370220.1	349	128	330	96
ENST00000370225.4	33	2	25	2
ENST00000370238.8	1016	96	998	79
ENST00000370249.3	91	3	85	3
ENST00000370253.6	612	94	591	64
ENST00000370263.9	0	0	0	0
ENST00000370268.8	68	8	59	5
ENST00000370269.3	402	48	399	35
ENST00000370272.9	515	81	495	60
ENST00000370274.8	597	66	592	55
ENST00000370277.5	549	72	528	58
ENST00000370282.8	690	82	679	58
ENST00000370287.7	28	0	8	0
ENST00000370298.9	553	74	538	58
ENST00000370310.5	385	33	381	23
ENST00000370314.9	114	27	103	26
ENST00000370315.4	442	43	399	31
ENST00000370316.8	22	0	13	0
ENST00000370321.8	509	495	2031	1091
ENST00000370328.4	53	69	43	58
ENST00000370331.5	401	21	379	15
ENST00000370336.5	0	0	0	0
ENST00000370339.8	729	87	690	73
ENST00000370340.7	0	0	0	0
ENST00000370345.8	2	10	1	8
ENST00000370350.7	0	0	0	0
ENST00000370351.9	11	2	12	1
ENST00000370353.3	0	0	0	0
ENST00000370355.3	1128	234	1648	232
ENST00000370357.5	0	0	0	0
ENST00000370359.5	0	0	0	0
ENST00000370360.8	549	37	542	30
ENST00000370367.4	0	0	0	0
ENST00000370370.4	0	0	0	0
ENST00000370372.7	322	41	367	27
ENST00000370375.8	0	0	0	0
ENST00000370377.8	427	53	421	42
ENST00000370383.5	4	0	4	0
ENST00000370384.7	36	3	35	1
ENST00000370388.4	0	0	0	0
ENST00000370396.7	248	11	244	11
ENST00000370397.8	602	88	594	65
ENST00000370398.5	1	0	1	0
ENST00000370406.8	40	15	1	0
ENST00000370416.4	0	0	0	0
ENST00000370418.8	0	0	0	0
ENST00000370425.8	3	5	3	3
ENST00000370435.5	573	87	554	58
ENST00000370440.5	1006	174	988	128
ENST00000370445.5	0	0	0	0
ENST00000370453.5	1	0	0	0
ENST00000370454.9	347	9	341	6
ENST00000370455.8	522	38	511	27
ENST00000370456.5	1	0	0	0
ENST00000370459.7	0	0	0	0
ENST00000370460.7	0	0	0	0
ENST00000370466.4	437	61	356	21
ENST00000370467.8	82	9	81	9
ENST00000370473.5	690	120	503	53
ENST00000370474.4	130	4	91	3
ENST00000370475.9	802	49	788	43
ENST00000370476.10	328	28	327	28
ENST00000370481.9	72	19	33	4
ENST00000370487.5	227	63	230	48
ENST00000370489.5	293	29	293	21
ENST00000370493.4	1	0	0	0
ENST00000370495.6	217	32	213	28
ENST00000370500.10	625	42	597	27
ENST00000370501.4	0	0	0	0
ENST00000370503.2	0	0	0	0
ENST00000370508.7	856	110	803	80
ENST00000370509.5	599	61	595	46
ENST00000370515.3	0	0	0	0
ENST00000370518.4	0	0	0	0
ENST00000370519.3	0	0	0	0
ENST00000370521.8	1117	165	1117	134
ENST00000370526.5	359	68	346	60
ENST00000370536.4	0	0	0	0
ENST00000370540.2	0	0	0	0
ENST00000370544.10	520	61	513	37
ENST00000370548.3	1	0	1	0
ENST00000370550.10	203	8	216	6
ENST00000370552.8	10	0	10	0
ENST00000370558.8	894	82	871	59
ENST00000370563.3	0	0	0	0
ENST00000370565.5	2	0	1	0
ENST00000370566.7	320	54	286	27
ENST00000370571.7	13	2	14	2
ENST00000370574.4	691	92	698	66
ENST00000370575.5	127	28	123	19
ENST00000370589.7	242	23	235	13
ENST00000370591.6	30	4	30	1
ENST00000370598.6	1	0	1	0
ENST00000370602.6	0	0	0	0
ENST00000370611.4	32	2	31	1
ENST00000370626.4	408	79	368	57
ENST00000370629.7	0	0	0	0
ENST00000370630.6	228	20	215	18
ENST00000370631.3	79	0	72	0
ENST00000370634.8	0	0	0	0
ENST00000370640.5	0	0	0	0
ENST00000370641.3	166	29	369	32
ENST00000370646.9	24	0	24	0
ENST00000370648.4	0	0	0	0
ENST00000370649.3	0	0	0	0
ENST00000370651.7	332	130	95	6
ENST00000370654.6	790	108	787	77
ENST00000370657.9	73	13	71	10
ENST00000370659.1	0	0	0	0
ENST00000370664.4	82	10	80	10
ENST00000370665.3	0	0	0	0
ENST00000370668.7	12	0	12	0
ENST00000370683.6	440	42	490	35
ENST00000370685.7	732	22	711	19
ENST00000370693.5	744	78	738	63
ENST00000370695.7	513	35	505	24
ENST00000370708.8	494	11	458	5
ENST00000370728.5	338	62	326	47
ENST00000370733.5	419	18	394	14
ENST00000370742.4	50	5	51	4
ENST00000370746.8	34	13	29	10
ENST00000370747.9	170	38	164	25
ENST00000370751.10	900	82	849	60
ENST00000370752.4	4	0	4	0
ENST00000370757.8	44	0	43	0
ENST00000370759.4	3	0	3	0
ENST00000370763.6	894	110	875	85
ENST00000370766.8	31	3	24	2
ENST00000370768.6	2037	409	1991	300
ENST00000370775.2	129	21	10	0
ENST00000370782.6	1015	157	970	113
ENST00000370783.8	239	10	236	7
ENST00000370784.8	49	0	41	0
ENST00000370794.7	1193	100	1184	78
ENST00000370801.8	822	118	802	94
ENST00000370812.8	1279	127	1201	68
ENST00000370818.8	74	3	71	2
ENST00000370823.7	423	60	405	55
ENST00000370828.4	445	47	405	31
ENST00000370830.4	9	0	8	0
ENST00000370836.6	992	119	915	86
ENST00000370841.9	1214	148	1184	113
ENST00000370853.7	317	12	307	10
ENST00000370855.5	57	3	58	3
ENST00000370867.8	286	84	273	57
ENST00000370873.9	1552	733	1474	533
ENST00000370874.2	314	31	311	21
ENST00000370888.6	219	18	212	13
ENST00000370898.7	223	18	222	14
ENST00000370902.8	432	55	423	42
ENST00000370905.4	2	1	2	1
ENST00000370938.8	326	12	320	9
ENST00000370940.6	106	6	92	6
ENST00000370944.9	378	61	371	46
ENST00000370950.7	1267	434	1366	342
ENST00000370952.4	1008	84	990	70
ENST00000370963.9	87	3	86	2
ENST00000370966.9	414	60	792	71
ENST00000370978.9	279	4	215	2
ENST00000370981.3	25	6	23	3
ENST00000370982.4	392	30	377	20
ENST00000370986.9	331	73	321	65
ENST00000370989.6	0	0	0	0
ENST00000370995.6	546	317	2311	1222
ENST00000370996.5	40	5	39	3
ENST00000371007.6	0	0	0	0
ENST00000371015.6	0	0	0	0
ENST00000371019.4	47	25	29	10
ENST00000371021.5	7	8	6	0
ENST00000371026.8	26	0	23	0
ENST00000371037.9	24	0	21	0
ENST00000371065.9	391	22	256	9
ENST00000371068.11	295	17	292	15
ENST00000371072.8	410	37	404	27
ENST00000371076.7	0	0	0	0
ENST00000371079.6	498	25	470	18
ENST00000371084.8	1232	198	1217	164
ENST00000371085.7	2540	1911	2253	1266
ENST00000371088.5	254	18	245	12
ENST00000371103.8	93	8	86	7
ENST00000371106.4	0	0	0	0
ENST00000371113.9	860	109	833	83
ENST00000371116.4	5	0	4	0
ENST00000371117.8	0	0	0	0
ENST00000371123.5	2012	366	1900	260
ENST00000371124.4	0	0	0	0
ENST00000371125.4	0	0	0	0
ENST00000371126.3	0	0	0	0
ENST00000371129.4	0	3	0	2
ENST00000371139.9	0	0	0	0
ENST00000371141.8	42	15	48	11
ENST00000371142.9	1853	246	1827	172
ENST00000371148.3	0	0	0	0
ENST00000371149.8	4	0	4	0
ENST00000371153.9	324	53	295	35
ENST00000371160.5	2629	476	2562	339
ENST00000371168.4	0	0	0	0
ENST00000371172.8	0	0	0	0
ENST00000371173.8	0	0	0	0
ENST00000371174.5	0	5	0	3
ENST00000371175.10	0	0	0	0
ENST00000371197.9	0	0	0	0
ENST00000371199.7	448	24	629	23
ENST00000371201.3	0	0	0	0
ENST00000371204.4	3	0	3	0
ENST00000371205.5	0	0	0	0
ENST00000371208.5	15	0	16	0
ENST00000371211.6	0	0	0	0
ENST00000371222.4	327	60	305	48
ENST00000371224.7	1257	232	1254	177
ENST00000371225.4	312	61	303	55
ENST00000371226.8	253	20	237	13
ENST00000371227.8	7	0	7	0
ENST00000371236.6	58	4	58	4
ENST00000371237.9	0	0	0	0
ENST00000371244.9	170	10	157	6
ENST00000371250.4	79	6	76	6
ENST00000371253.7	0	0	0	0
ENST00000371263.8	0	0	0	0
ENST00000371268.4	0	0	0	0
ENST00000371269.9	1828	429	1781	323
ENST00000371270.6	0	0	0	0
ENST00000371273.3	0	0	0	0
ENST00000371276.9	0	0	0	0
ENST00000371279.4	131	3	130	2
ENST00000371281.4	415	55	43	2
ENST00000371311.4	0	0	0	0
ENST00000371317.10	474	48	267	4
ENST00000371320.7	181	30	555	76
ENST00000371321.9	0	0	0	0
ENST00000371325.1	0	0	0	0
ENST00000371328.5	0	0	0	0
ENST00000371347.10	7	25	4	16
ENST00000371360.2	0	0	0	0
ENST00000371361.3	911	118	893	96
ENST00000371369.8	0	0	0	0
ENST00000371370.8	820	121	810	97
ENST00000371372.6	0	0	0	0
ENST00000371380.7	193	58	186	48
ENST00000371383.7	0	0	0	0
ENST00000371384.4	79	5	93	3
ENST00000371388.5	0	0	0	0
ENST00000371402.5	0	0	0	0
ENST00000371410.5	486	74	469	45
ENST00000371418.9	0	0	0	0
ENST00000371419.7	452	87	553	72
ENST00000371421.9	125	15	122	15
ENST00000371429.4	1528	137	1506	110
ENST00000371431.8	1	0	1	0
ENST00000371437.5	488	165	494	135
ENST00000371442.4	346	53	320	39
ENST00000371443.6	419	136	405	121
ENST00000371445.3	0	0	0	0
ENST00000371447.4	0	0	0	0
ENST00000371459.6	267	14	260	13
ENST00000371467.5	9	0	9	0
ENST00000371470.8	451	71	415	49
ENST00000371471.6	566	52	552	42
ENST00000371475.9	243	337	227	264
ENST00000371477.4	1570	317	1575	245
ENST00000371481.9	0	0	0	0
ENST00000371485.8	1249	217	1211	132
ENST00000371486.4	568	48	556	46
ENST00000371494.9	1	0	0	0
ENST00000371497.10	263	42	250	33
ENST00000371505.5	0	0	0	0
ENST00000371506.7	1	0	1	0
ENST00000371514.8	937	99	933	84
ENST00000371521.8	245	72	237	59
ENST00000371522.9	28	18	23	12
ENST00000371527.6	694	75	678	57
ENST00000371528.2	360	35	349	31
ENST00000371538.5	491	50	454	36
ENST00000371542.3	7	0	6	0
ENST00000371553.7	5	4	5	3
ENST00000371554.2	2094	2027	4623	2271
ENST00000371558.7	606	111	576	81
ENST00000371564.8	99	13	99	11
ENST00000371568.8	997	124	988	95
ENST00000371571.5	169	35	149	28
ENST00000371579.7	698	267	607	182
ENST00000371588.9	1045	151	1023	102
ENST00000371589.9	1337	374	1300	272
ENST00000371601.5	398	154	392	134
ENST00000371602.9	1588	271	1539	199
ENST00000371610.7	99	0	96	0
ENST00000371614.2	360	28	346	24
ENST00000371620.4	269	153	259	119
ENST00000371621.5	834	128	802	106
ENST00000371625.8	0	0	0	0
ENST00000371626.9	579	57	577	44
ENST00000371627.5	930	121	910	88
ENST00000371628.8	205	28	188	23
ENST00000371633.8	1	0	1	0
ENST00000371634.7	0	0	0	0
ENST00000371652.9	105	16	128	14
ENST00000371655.4	159	2	122	1
ENST00000371666.8	869	143	862	107
ENST00000371674.8	17	1	20	9
ENST00000371692.9	8	3	7	4
ENST00000371696.7	323	83	292	69
ENST00000371697.3	30	0	34	0
ENST00000371699.5	180	21	179	20
ENST00000371703.7	722	62	694	52
ENST00000371711.4	719	98	677	73
ENST00000371712.4	113	50	112	36
ENST00000371717.8	1345	377	1472	340
ENST00000371732.10	0	1	0	1
ENST00000371733.8	1080	96	1081	76
ENST00000371738.4	152	20	154	18
ENST00000371741.6	0	0	0	0
ENST00000371746.9	1	0	1	0
ENST00000371750.9	14	0	15	0
ENST00000371752.5	625	138	603	111
ENST00000371756.4	466	215	437	162
ENST00000371759.7	0	0	0	0
ENST00000371785.5	829	254	812	209
ENST00000371790.5	25	0	26	0
ENST00000371793.7	1463	1028	1345	764
ENST00000371795.5	553	24	523	20
ENST00000371804.4	181	9	147	8
ENST00000371806.4	0	0	0	0
ENST00000371809.3	0	0	0	0
ENST00000371811.4	63	7	56	6
ENST00000371817.8	4369	2246	4156	1773
ENST00000371823.8	0	0	0	0
ENST00000371833.4	0	2	0	1
ENST00000371839.6	0	0	0	0
ENST00000371847.8	13	1	10	1
ENST00000371852.4	0	0	0	0
ENST00000371856.6	1103	180	1166	154
ENST00000371872.8	2	0	2	0
ENST00000371873.9	699	91	762	79
ENST00000371877.7	917	125	879	93
ENST00000371891.8	0	0	0	0
ENST00000371894.5	245	12	256	12
ENST00000371899.9	181	18	173	15
ENST00000371901.4	0	0	0	0
ENST00000371906.5	4	0	3	0
ENST00000371917.5	1135	136	1093	107
ENST00000371920.4	0	0	0	0
ENST00000371923.9	0	0	0	0
ENST00000371924.5	125	7	122	6
ENST00000371930.5	0	0	0	0
ENST00000371933.8	276	36	294	34
ENST00000371936.5	19	0	19	0
ENST00000371939.7	0	0	0	0
ENST00000371940.1	20	3	19	3
ENST00000371941.4	394	83	376	66
ENST00000371942.8	467	146	624	140
ENST00000371945.9	239	30	230	19
ENST00000371953.8	143	25	648	87
ENST00000371957.4	3	1	3	0
ENST00000371959.7	112	18	112	15
ENST00000371964.5	387	110	369	86
ENST00000371968.8	0	0	0	0
ENST00000371970.2	0	0	0	0
ENST00000371974.8	407	82	410	65
ENST00000371975.9	322	108	320	71
ENST00000371980.4	2	0	2	0
ENST00000371984.8	421	144	419	116
ENST00000371989.8	1426	308	1385	243
ENST00000371996.9	691	92	679	72
ENST00000371998.8	781	57	772	53
ENST00000372003.6	3	0	3	0
ENST00000372007.10	30	10	28	9
ENST00000372013.8	2	2	2	2
ENST00000372014.5	459	112	452	86
ENST00000372017.4	139	25	136	23
ENST00000372022.6	460	177	452	148
ENST00000372025.5	299	30	484	27
ENST00000372027.10	3	0	3	0
ENST00000372037.8	85	14	564	49
ENST00000372040.9	6	0	6	0
ENST00000372050.8	1	3	1	2
ENST00000372068.7	320	28	325	21
ENST00000372070.7	763	175	748	130
ENST00000372086.4	7	4	7	2
ENST00000372088.8	324	30	320	24
ENST00000372090.6	462	89	464	65
ENST00000372097.9	877	198	848	157
ENST00000372101.3	0	0	0	0
ENST00000372105.4	0	0	0	0
ENST00000372106.5	204	12	195	10
ENST00000372113.7	0	0	0	0
ENST00000372114.4	292	26	282	21
ENST00000372115.7	9	5	3	0
ENST00000372126.4	0	0	0	0
ENST00000372129.3	0	0	0	0
ENST00000372133.7	422	60	467	53
ENST00000372134.6	1595	391	1565	297
ENST00000372141.7	0	0	0	0
ENST00000372146.5	1433	136	1387	104
ENST00000372158.6	361	20	348	16
ENST00000372159.7	568	54	553	49
ENST00000372163.5	0	0	0	0
ENST00000372171.4	393	39	370	28
ENST00000372172.5	614	69	598	60
ENST00000372192.4	5	0	4	0
ENST00000372195.5	552	193	541	165
ENST00000372199.5	0	0	0	0
ENST00000372201.5	64	10	61	13
ENST00000372204.7	0	0	0	0
ENST00000372207.4	0	0	0	0
ENST00000372213.8	0	0	0	0
ENST00000372215.5	257	52	229	41
ENST00000372224.9	1486	387	1465	291
ENST00000372230.10	341	63	338	48
ENST00000372232.8	146	19	153	14
ENST00000372236.9	427	42	416	30
ENST00000372237.8	74	4	63	2
ENST00000372257.7	972	152	970	118
ENST00000372263.4	0	0	0	0
ENST00000372264.4	1	0	1	0
ENST00000372271.4	0	0	0	0
ENST00000372281.8	106	5	98	3
ENST00000372285.8	3	0	3	0
ENST00000372289.7	597	118	589	97
ENST00000372292.8	0	0	0	0
ENST00000372299.4	6	0	7	0
ENST00000372318.8	31	5	28	4
ENST00000372322.3	0	0	0	0
ENST00000372325.7	0	0	0	0
ENST00000372330.3	0	0	0	0
ENST00000372336.4	183	27	178	23
ENST00000372338.9	81	16	78	15
ENST00000372343.8	328	67	320	50
ENST00000372348.7	993	296	909	227
ENST00000372358.10	877	176	871	128
ENST00000372359.10	0	1	0	1
ENST00000372371.8	796	102	787	78
ENST00000372383.8	260	27	256	20
ENST00000372391.7	723	353	699	288
ENST00000372394.5	231	40	560	57
ENST00000372396.4	760	105	350	41
ENST00000372398.6	423	107	427	84
ENST00000372409.8	355	87	347	70
ENST00000372422.7	727	132	731	111
ENST00000372425.8	303	29	285	0
ENST00000372435.10	862	106	566	45
ENST00000372441.1	13	0	12	0
ENST00000372445.9	275	69	280	57
ENST00000372447.7	748	232	741	173
ENST00000372457.9	572	91	558	76
ENST00000372462.1	1216	525	1777	454
ENST00000372466.8	99	1	93	1
ENST00000372469.6	35	0	32	0
ENST00000372470.9	7	1	7	1
ENST00000372476.8	0	0	0	0
ENST00000372478.4	0	0	0	0
ENST00000372479.7	321	22	314	18
ENST00000372484.7	1210	242	1181	196
ENST00000372491.4	517	91	480	81
ENST00000372492.8	9	2	9	1
ENST00000372506.5	150	25	137	17
ENST00000372517.8	50	18	47	13
ENST00000372518.4	37	20	36	14
ENST00000372519.3	0	5	0	2
ENST00000372521.9	97	10	96	8
ENST00000372523.1	329	23	315	19
ENST00000372524.5	592	128	571	109
ENST00000372525.7	117	8	7	1
ENST00000372530.9	185	43	181	31
ENST00000372538.8	288	87	280	73
ENST00000372542.5	79	24	73	20
ENST00000372546.9	292	30	295	23
ENST00000372548.9	24	0	23	0
ENST00000372555.8	1	4	1	4
ENST00000372561.4	359	39	395	32
ENST00000372564.7	601	162	581	140
ENST00000372565.8	0	0	0	0
ENST00000372569.7	2	0	2	0
ENST00000372572.5	647	39	634	30
ENST00000372577.2	3166	603	3122	462
ENST00000372581.2	0	0	0	0
ENST00000372582.6	1	0	1	0
ENST00000372584.5	112	55	106	45
ENST00000372585.9	0	0	0	0
ENST00000372586.4	578	90	565	72
ENST00000372587.5	166	8	163	7
ENST00000372588.4	0	0	0	0
ENST00000372592.8	127	4	116	3
ENST00000372617.5	0	0	0	0
ENST00000372622.8	564	79	558	64
ENST00000372625.8	230	24	223	16
ENST00000372628.5	107	22	4	0
ENST00000372633.1	0	4	0	0
ENST00000372638.4	162	14	155	14
ENST00000372642.5	410	78	404	13
ENST00000372643.4	0	0	0	0
ENST00000372645.3	673	213	570	137
ENST00000372648.10	429	51	400	45
ENST00000372663.9	266	57	251	47
ENST00000372670.7	0	0	0	0
ENST00000372676.8	1	0	0	0
ENST00000372677.7	13	0	6	0
ENST00000372680.2	0	0	0	0
ENST00000372684.8	2	0	2	0
ENST00000372685.8	411	53	410	43
ENST00000372695.6	2	0	1	0
ENST00000372703.1	364	31	360	23
ENST00000372706.6	79	12	57	5
ENST00000372712.6	168	33	52	10
ENST00000372715.6	819	326	779	268
ENST00000372718.8	388	45	378	27
ENST00000372726.5	0	4	0	2
ENST00000372728.4	77	7	28	1
ENST00000372733.3	449	21	441	17
ENST00000372739.7	5700	3033	5584	2316
ENST00000372748.8	0	0	0	0
ENST00000372756.5	3	0	3	0
ENST00000372759.4	1537	153	1509	119
ENST00000372764.4	28	0	28	0
ENST00000372766.4	0	0	0	0
ENST00000372769.4	0	0	0	0
ENST00000372771.5	600	62	577	52
ENST00000372774.7	0	0	0	0
ENST00000372780.6	1	0	0	0
ENST00000372781.4	0	0	0	0
ENST00000372785.3	0	0	0	0
ENST00000372789.5	0	0	0	0
ENST00000372797.7	1387	511	2068	499
ENST00000372806.8	667	56	609	36
ENST00000372808.4	1	0	1	0
ENST00000372811.10	33	0	33	0
ENST00000372813.4	902	131	875	95
ENST00000372827.8	6	2	0	0
ENST00000372829.8	7	1	6	0
ENST00000372833.6	363	75	352	65
ENST00000372836.5	409	103	389	84
ENST00000372839.7	1265	539	1369	383
ENST00000372841.8	318	21	308	18
ENST00000372842.5	750	301	685	225
ENST00000372851.8	47	13	47	7
ENST00000372852.4	12	0	12	0
ENST00000372853.9	516	103	507	78
ENST00000372858.8	1142	357	1163	262
ENST00000372861.5	85	12	77	9
ENST00000372868.6	336	75	314	59
ENST00000372874.9	149	15	148	14
ENST00000372876.2	373	39	355	34
ENST00000372889.5	52	12	51	9
ENST00000372890.6	904	203	883	174
ENST00000372899.5	732	86	715	66
ENST00000372902.4	105	11	237	12
ENST00000372904.7	320	14	302	11
ENST00000372907.7	33	5	31	2
ENST00000372919.8	1299	195	1267	144
ENST00000372923.8	1519	352	1393	287
ENST00000372927.5	702	57	721	39
ENST00000372930.5	0	0	0	0
ENST00000372936.4	263	41	263	29
ENST00000372945.8	513	74	536	55
ENST00000372950.6	257	105	747	127
ENST00000372956.3	1	3	1	2
ENST00000372958.1	0	0	0	0
ENST00000372963.3	0	0	0	0
ENST00000372966.8	0	0	0	0
ENST00000372967.3	551	228	769	228
ENST00000372972.6	864	94	759	64
ENST00000372977.8	233	18	221	14
ENST00000372979.9	918	128	917	95
ENST00000372980.4	167	44	149	31
ENST00000372989.5	114	11	111	11
ENST00000372991.9	926	187	861	128
ENST00000372994.2	126	21	124	18
ENST00000373001.4	517	37	486	22
ENST00000373003.2	0	0	0	0
ENST00000373004.5	59	5	59	5
ENST00000373012.5	1	0	1	0
ENST00000373014.5	1018	135	1006	110
ENST00000373016.4	640	89	604	72
ENST00000373017.5	11	5	9	2
ENST00000373018.7	3	3	3	2
ENST00000373019.5	1094	513	1785	414
ENST00000373020.9	793	48	778	35
ENST00000373024.8	460	46	452	41
ENST00000373025.7	0	0	0	0
ENST00000373030.8	385	47	373	30
ENST00000373031.5	0	0	0	0
ENST00000373032.4	0	0	0	0
ENST00000373036.5	142	19	139	13
ENST00000373040.4	0	0	0	0
ENST00000373042.5	219	32	215	25
ENST00000373044.3	340	42	334	29
ENST00000373045.10	250	36	252	25
ENST00000373048.9	0	0	0	0
ENST00000373049.8	509	57	517	39
ENST00000373053.7	685	85	683	64
ENST00000373055.6	613	87	612	66
ENST00000373060.5	553	81	514	61
ENST00000373062.8	1542	367	1527	279
ENST00000373068.6	334	74	295	57
ENST00000373075.6	436	98	453	68
ENST00000373078.5	118	8	112	7
ENST00000373079.4	27	2	19	2
ENST00000373087.7	140	20	131	15
ENST00000373089.10	0	0	0	0
ENST00000373091.8	0	0	0	0
ENST00000373094.5	8	0	3	0
ENST00000373095.6	94	44	101	38
ENST00000373106.6	0	0	0	0
ENST00000373113.8	0	0	0	0
ENST00000373115.5	246	39	237	37
ENST00000373116.6	895	327	853	228
ENST00000373119.9	163	6	154	4
ENST00000373125.9	0	0	0	0
ENST00000373129.7	76	27	71	15
ENST00000373141.5	0	0	1	1
ENST00000373151.6	847	354	783	294
ENST00000373161.6	0	0	0	0
ENST00000373166.8	662	122	640	109
ENST00000373173.7	330	12	419	10
ENST00000373177.3	91	2	90	1
ENST00000373178.5	390	58	384	46
ENST00000373187.5	0	0	0	0
ENST00000373189.6	75	2	72	2
ENST00000373191.9	413	28	384	22
ENST00000373202.8	988	74	949	49
ENST00000373203.8	864	121	849	96
ENST00000373204.6	397	41	381	33
ENST00000373207.2	3	4	3	4
ENST00000373210.4	64	17	62	14
ENST00000373212.6	465	86	462	69
ENST00000373218.5	194	33	194	20
ENST00000373231.9	0	0	0	0
ENST00000373232.8	540	105	1123	135
ENST00000373233.8	478	190	462	145
ENST00000373235.4	3	0	3	0
ENST00000373237.4	1119	207	1105	146
ENST00000373242.6	733	75	930	67
ENST00000373243.7	593	114	574	90
ENST00000373247.7	905	202	907	159
ENST00000373255.9	0	0	0	0
ENST00000373256.5	0	0	0	0
ENST00000373264.5	630	89	606	71
ENST00000373275.5	414	48	410	38
ENST00000373277.8	0	0	0	0
ENST00000373279.6	35	1	33	1
ENST00000373284.10	158	15	142	10
ENST00000373289.4	1	1	1	1
ENST00000373290.7	37	0	37	0
ENST00000373295.7	0	3	0	0
ENST00000373296.8	23	0	23	0
ENST00000373298.7	1	0	1	0
ENST00000373299.5	1188	247	1192	186
ENST00000373304.4	2	0	1	0
ENST00000373306.5	0	0	0	0
ENST00000373312.4	1841	624	1811	514
ENST00000373313.3	44	0	39	0
ENST00000373316.5	1687	850	1969	736
ENST00000373327.5	383	73	379	57
ENST00000373337.3	250	12	11	0
ENST00000373344.10	1793	373	1755	276
ENST00000373345.8	1	0	1	0
ENST00000373347.6	0	0	0	0
ENST00000373358.8	447	74	425	60
ENST00000373359.4	0	0	0	0
ENST00000373365.5	907	143	894	101
ENST00000373366.3	3	0	2	0
ENST00000373367.8	0	0	0	0
ENST00000373371.8	164	11	158	9
ENST00000373381.8	0	0	0	0
ENST00000373383.9	175	20	168	18
ENST00000373408.4	177	9	177	8
ENST00000373409.8	0	0	0	0
ENST00000373414.3	0	0	0	0
ENST00000373425.8	15	0	15	0
ENST00000373426.3	7	0	5	0
ENST00000373433.9	483	22	469	17
ENST00000373448.6	1087	125	1066	89
ENST00000373449.7	286	132	1013	273
ENST00000373450.4	0	0	0	0
ENST00000373451.9	684	116	683	81
ENST00000373456.11	257	34	245	22
ENST00000373461.9	2	0	2	0
ENST00000373463.8	84	53	88	39
ENST00000373464.5	231	22	222	19
ENST00000373467.4	5	0	3	0
ENST00000373471.8	1	0	1	0
ENST00000373475.10	459	40	448	35
ENST00000373477.8	1998	673	1972	537
ENST00000373479.9	432	50	422	39
ENST00000373489.10	68	16	65	13
ENST00000373491.3	202	21	182	14
ENST00000373493.10	598	190	1962	297
ENST00000373502.9	71	5	68	5
ENST00000373509.6	318	40	308	33
ENST00000373510.9	288	19	0	0
ENST00000373514.2	0	0	0	0
ENST00000373517.4	1	0	1	0
ENST00000373519.1	0	0	0	0
ENST00000373521.4	0	0	0	0
ENST00000373534.4	0	13	0	12
ENST00000373538.8	614	99	580	75
ENST00000373542.9	391	63	457	53
ENST00000373547.8	1176	92	1155	73
ENST00000373548.8	1377	401	1488	305
ENST00000373552.8	104	9	95	6
ENST00000373555.9	410	76	405	61
ENST00000373563.9	762	185	760	143
ENST00000373573.9	321	37	308	28
ENST00000373574.1	0	0	0	0
ENST00000373578.6	272	25	250	23
ENST00000373580.8	1112	124	1052	99
ENST00000373582.4	0	0	0	0
ENST00000373585.8	586	88	857	78
ENST00000373586.1	1668	488	1729	389
ENST00000373588.9	0	0	0	0
ENST00000373602.9	268	45	250	39
ENST00000373603.5	888	215	828	170
ENST00000373605.7	183	47	211	35
ENST00000373609.1	1009	130	991	107
ENST00000373611.2	0	0	0	0
ENST00000373615.9	43	21	39	18
ENST00000373624.6	517	102	506	85
ENST00000373625.8	1270	125	1211	96
ENST00000373627.9	1459	735	1544	605
ENST00000373631.8	2	0	2	0
ENST00000373640.5	0	0	0	0
ENST00000373642.1	0	0	0	0
ENST00000373644.5	1	0	1	0
ENST00000373647.9	1503	195	1493	139
ENST00000373656.4	98	13	98	10
ENST00000373659.4	473	27	459	22
ENST00000373664.8	927	63	903	51
ENST00000373669.8	198	17	349	13
ENST00000373670.5	783	124	775	88
ENST00000373672.8	386	106	377	81
ENST00000373673.5	1	0	1	0
ENST00000373680.3	0	0	0	0
ENST00000373688.3	0	0	0	0
ENST00000373693.4	0	0	0	0
ENST00000373695.1	6	0	5	0
ENST00000373699.6	491	102	513	87
ENST00000373700.8	1430	153	1418	101
ENST00000373703.5	494	51	581	46
ENST00000373709.8	140	46	138	34
ENST00000373713.7	39	0	39	0
ENST00000373714.5	321	97	357	75
ENST00000373715.11	624	381	1048	454
ENST00000373719.8	1203	386	1193	304
ENST00000373731.7	589	68	581	49
ENST00000373736.7	2	1	3	1
ENST00000373758.5	534	61	508	42
ENST00000373764.8	0	0	0	0
ENST00000373765.5	0	3	0	2
ENST00000373768.4	928	148	907	111
ENST00000373783.3	224	14	211	12
ENST00000373789.8	457	8	440	8
ENST00000373795.7	873	249	808	169
ENST00000373816.5	340	23	330	17
ENST00000373818.8	978	313	927	256
ENST00000373825.7	1389	175	1335	122
ENST00000373829.8	40	4	40	2
ENST00000373830.4	498	69	490	54
ENST00000373833.10	988	203	969	164
ENST00000373839.8	673	87	663	72
ENST00000373840.9	920	110	905	84
ENST00000373842.9	270	10	267	9
ENST00000373855.5	322	73	316	53
ENST00000373861.6	0	0	0	0
ENST00000373866.3	0	0	0	0
ENST00000373871.8	292	23	281	15
ENST00000373874.6	160	11	175	11
ENST00000373880.9	0	0	0	0
ENST00000373884.6	15	8	16	8
ENST00000373886.8	819	69	795	42
ENST00000373887.8	12	2	12	2
ENST00000373894.8	9	0	9	0
ENST00000373896.8	777	142	744	109
ENST00000373910.9	246	11	232	5
ENST00000373912.8	388	33	559	33
ENST00000373921.8	37	2	36	2
ENST00000373930.4	651	122	633	93
ENST00000373932.3	514	75	495	52
ENST00000373935.4	64	2	156	2
ENST00000373943.9	307	11	295	8
ENST00000373944.8	940	279	919	194
ENST00000373953.8	148	50	142	38
ENST00000373954.10	118	1	137	1
ENST00000373960.4	31	1	26	1
ENST00000373968.3	0	0	0	0
ENST00000373970.4	162	3	166	2
ENST00000373973.7	0	0	0	0
ENST00000373991.3	386	54	340	48
ENST00000373993.5	0	0	0	0
ENST00000374005.8	0	0	0	0
ENST00000374011.6	217	18	204	13
ENST00000374012.8	1203	212	1170	169
ENST00000374023.8	304	41	353	32
ENST00000374024.4	7	2	7	2
ENST00000374027.7	0	0	0	0
ENST00000374037.8	0	0	0	0
ENST00000374045.5	1	0	1	0
ENST00000374050.4	504	136	504	105
ENST00000374078.5	369	200	388	178
ENST00000374080.8	970	126	955	94
ENST00000374092.9	693	105	676	82
ENST00000374094.8	1	4	1	0
ENST00000374103.9	8	1	7	1
ENST00000374111.8	0	0	0	0
ENST00000374114.8	1359	284	1276	200
ENST00000374115.5	0	0	0	0
ENST00000374126.9	193	14	173	11
ENST00000374135.9	342	66	298	52
ENST00000374139.6	0	0	0	0
ENST00000374140.6	103	17	100	9
ENST00000374142.9	90	27	80	17
ENST00000374144.8	0	0	0	0
ENST00000374160.7	0	0	0	0
ENST00000374171.5	480	183	533	148
ENST00000374183.5	0	0	0	0
ENST00000374193.9	27	4	26	3
ENST00000374199.9	1020	151	999	114
ENST00000374202.7	0	0	0	0
ENST00000374206.4	1	0	267	30
ENST00000374212.5	291	22	390	17
ENST00000374213.3	0	0	0	0
ENST00000374222.5	113	87	106	66
ENST00000374228.5	0	0	0	0
ENST00000374232.8	209	3	197	2
ENST00000374242.9	188	15	264	13
ENST00000374251.6	0	0	0	0
ENST00000374259.8	57	12	53	10
ENST00000374266.7	224	46	215	10
ENST00000374268.5	5	0	5	0
ENST00000374270.8	380	41	373	30
ENST00000374271.8	81	2	78	1
ENST00000374272.3	0	0	0	0
ENST00000374273.8	29	0	26	0
ENST00000374276.4	0	0	0	0
ENST00000374279.4	636	26	627	22
ENST00000374280.4	0	0	0	0
ENST00000374282.8	157	12	152	12
ENST00000374287.7	19	7	17	3
ENST00000374293.5	17	5	61	13
ENST00000374294.3	0	0	2	0
ENST00000374296.3	175	9	168	6
ENST00000374299.8	0	0	0	0
ENST00000374301.7	330	42	236	10
ENST00000374312.5	0	1	0	0
ENST00000374316.9	1280	483	1264	392
ENST00000374317.1	7	0	5	0
ENST00000374321.9	0	0	2	0
ENST00000374332.8	3	0	4	0
ENST00000374333.6	0	0	0	0
ENST00000374338.5	155	36	145	30
ENST00000374339.4	0	0	0	0
ENST00000374343.5	518	37	514	27
ENST00000374358.5	733	58	701	49
ENST00000374372.1	2	0	2	0
ENST00000374379.9	686	162	1347	194
ENST00000374382.3	0	0	0	0
ENST00000374385.10	499	76	487	51
ENST00000374391.7	0	0	0	0
ENST00000374392.3	0	0	0	0
ENST00000374395.9	82	9	82	7
ENST00000374399.9	172	4	173	3
ENST00000374401.3	0	0	0	0
ENST00000374403.4	1098	295	375	46
ENST00000374408.4	0	0	0	0
ENST00000374409.5	88	2	83	1
ENST00000374412.8	56	1	49	1
ENST00000374431.7	188	6	184	5
ENST00000374434.4	4	0	4	0
ENST00000374435.3	76	3	52	1
ENST00000374436.7	1033	303	991	259
ENST00000374448.9	0	0	0	0
ENST00000374466.4	284	55	301	48
ENST00000374467.4	56	5	145	10
ENST00000374469.6	706	82	693	67
ENST00000374472.5	0	0	0	0
ENST00000374473.6	0	2	0	1
ENST00000374479.3	298	20	304	14
ENST00000374490.8	328	22	317	15
ENST00000374492.8	363	49	349	42
ENST00000374511.7	0	0	0	0
ENST00000374514.8	197	33	560	33
ENST00000374516.7	138	35	130	31
ENST00000374517.6	480	295	833	295
ENST00000374518.6	1055	244	1790	282
ENST00000374519.3	0	0	0	0
ENST00000374521.4	0	0	0	0
ENST00000374541.4	283	44	267	27
ENST00000374550.8	994	1128	1201	865
ENST00000374552.9	2	0	1	0
ENST00000374561.6	643	360	570	256
ENST00000374566.7	30	3	29	2
ENST00000374580.10	619	35	603	25
ENST00000374586.8	1016	124	1006	95
ENST00000374599.7	61	11	60	7
ENST00000374617.9	925	217	910	176
ENST00000374619.1	97	23	94	18
ENST00000374632.7	939	108	839	70
ENST00000374639.7	0	0	0	0
ENST00000374642.8	0	0	0	0
ENST00000374647.10	1237	201	1221	151
ENST00000374656.5	452	94	443	75
ENST00000374660.6	0	0	0	0
ENST00000374662.4	181	32	182	24
ENST00000374667.5	0	0	0	0
ENST00000374672.5	117	31	114	22
ENST00000374677.8	1429	328	1386	264
ENST00000374680.3	438	57	419	36
ENST00000374690.9	184	11	182	8
ENST00000374692.8	414	14	411	8
ENST00000374694.2	105	23	87	8
ENST00000374695.8	4304	970	4009	706
ENST00000374700.7	56	5	54	3
ENST00000374704.8	311	58	298	43
ENST00000374720.8	655	46	637	38
ENST00000374736.8	432	22	415	17
ENST00000374737.9	0	0	0	0
ENST00000374741.4	189	61	171	52
ENST00000374748.5	1110	76	1110	53
ENST00000374759.8	677	126	643	91
ENST00000374762.4	30	2	25	1
ENST00000374767.5	276	48	189	12
ENST00000374779.3	0	0	0	0
ENST00000374789.8	632	131	592	96
ENST00000374796.6	545	108	533	92
ENST00000374798.8	0	0	0	0
ENST00000374806.2	0	0	0	0
ENST00000374810.8	45	4	45	4
ENST00000374811.7	1547	417	1470	304
ENST00000374825.9	844	335	795	244
ENST00000374839.8	13	2	13	2
ENST00000374840.8	1277	331	1202	257
ENST00000374843.9	130	0	125	0
ENST00000374851.1	343	36	320	23
ENST00000374852.4	46	4	44	2
ENST00000374859.3	123	13	125	12
ENST00000374864.9	1254	148	1206	118
ENST00000374865.5	329	39	441	42
ENST00000374866.9	57	13	54	9
ENST00000374869.8	160	12	156	10
ENST00000374874.8	0	0	0	0
ENST00000374879.5	8	0	8	0
ENST00000374882.8	552	52	540	33
ENST00000374884.3	350	24	335	21
ENST00000374888.2	58	0	11	0
ENST00000374900.4	17	0	15	0
ENST00000374902.9	920	83	896	67
ENST00000374908.1	0	0	0	0
ENST00000374922.9	117	23	109	21
ENST00000374940.4	0	0	0	0
ENST00000374941.8	89	10	78	8
ENST00000374943.8	0	0	0	0
ENST00000374951.5	0	0	0	0
ENST00000374955.7	0	0	0	0
ENST00000374968.9	0	0	0	0
ENST00000374971.2	0	0	0	0
ENST00000374975.4	0	1	0	0
ENST00000374979.7	97	10	98	8
ENST00000374980.3	255	125	1635	373
ENST00000374987.4	628	82	610	61
ENST00000374994.9	877	52	837	43
ENST00000375001.8	159	15	160	13
ENST00000375006.8	0	0	0	0
ENST00000375011.4	9	0	9	0
ENST00000375023.3	3	0	2	0
ENST00000375024.1	0	0	0	0
ENST00000375026.7	0	0	0	0
ENST00000375043.3	1	0	1	0
ENST00000375050.6	71	18	247	23
ENST00000375053.6	1607	339	1443	266
ENST00000375071.4	249	6	238	6
ENST00000375076.9	0	1	0	1
ENST00000375078.4	6	0	5	0
ENST00000375094.4	125	12	294	33
ENST00000375095.3	56	12	51	10
ENST00000375099.4	0	0	0	0
ENST00000375102.4	0	0	0	0
ENST00000375105.8	0	0	0	0
ENST00000375108.4	0	0	0	0
ENST00000375116.3	0	0	0	0
ENST00000375119.8	378	14	369	11
ENST00000375120.4	152	24	145	20
ENST00000375121.4	0	0	0	0
ENST00000375123.5	217	15	155	10
ENST00000375128.5	382	41	385	31
ENST00000375135.4	121	17	120	5
ENST00000375147.8	1633	226	1622	180
ENST00000375151.5	362	54	369	46
ENST00000375153.8	114	8	111	9
ENST00000375156.4	197	21	195	18
ENST00000375169.7	0	0	0	0
ENST00000375180.7	142	10	143	9
ENST00000375190.10	181	31	162	23
ENST00000375200.6	54	5	53	5
ENST00000375201.8	700	134	652	91
ENST00000375213.8	1074	79	1070	62
ENST00000375222.4	0	0	0	0
ENST00000375231.5	124	19	78	14
ENST00000375234.8	202	22	221	12
ENST00000375249.5	125	44	122	33
ENST00000375250.9	316	17	302	16
ENST00000375254.8	3733	698	3635	550
ENST00000375255.8	175	5	164	2
ENST00000375256.5	247	26	236	23
ENST00000375263.8	1	0	0	0
ENST00000375281.4	2	0	2	0
ENST00000375299.8	172	32	524	114
ENST00000375300.6	475	46	456	36
ENST00000375315.6	206	53	196	44
ENST00000375327.6	25	1	22	1
ENST00000375333.2	199	31	212	23
ENST00000375337.4	0	2	0	1
ENST00000375341.8	212	21	195	13
ENST00000375344.8	636	72	726	68
ENST00000375349.7	222	51	223	39
ENST00000375352.1	0	0	0	0
ENST00000375353.5	2	0	1	0
ENST00000375360.7	124	14	122	8
ENST00000375363.8	0	0	0	0
ENST00000375366.4	0	0	0	0
ENST00000375370.10	520	211	636	197
ENST00000375371.3	0	0	0	0
ENST00000375377.2	1	2	1	2
ENST00000375394.7	824	145	805	96
ENST00000375401.8	1129	383	922	219
ENST00000375406.2	45	0	44	0
ENST00000375412.11	73	4	73	2
ENST00000375415.5	226	88	219	66
ENST00000375418.7	39	5	39	5
ENST00000375419.1	0	0	0	0
ENST00000375429.8	933	274	858	199
ENST00000375431.9	128	12	126	10
ENST00000375436.9	1109	285	1554	238
ENST00000375437.7	96	16	67	7
ENST00000375440.9	2143	400	2029	290
ENST00000375442.8	506	150	492	119
ENST00000375446.5	227	66	195	39
ENST00000375448.4	3	0	2	0
ENST00000375454.8	0	0	0	0
ENST00000375458.6	187	30	183	24
ENST00000375460.3	3	0	2	0
ENST00000375464.7	197	28	192	21
ENST00000375469.5	2	0	1	0
ENST00000375471.5	0	0	0	0
ENST00000375478.4	0	0	0	0
ENST00000375486.9	2	0	2	0
ENST00000375490.9	258	21	478	23
ENST00000375494.3	0	0	0	0
ENST00000375495.8	156	3	109	3
ENST00000375499.8	1118	231	1099	172
ENST00000375511.4	0	0	0	0
ENST00000375527.3	80	18	107	16
ENST00000375533.6	251	24	246	21
ENST00000375535.4	476	105	561	120
ENST00000375541.10	173	39	213	65
ENST00000375544.7	0	0	0	0
ENST00000375549.8	15	6	234	18
ENST00000375550.4	0	0	0	0
ENST00000375559.8	0	0	0	0
ENST00000375561.10	30	0	30	0
ENST00000375571.6	885	298	1375	289
ENST00000375587.8	202	9	209	6
ENST00000375592.8	466	67	450	50
ENST00000375599.8	31	8	28	6
ENST00000375602.2	0	0	0	0
ENST00000375614.6	1	0	1	0
ENST00000375616.5	0	0	0	0
ENST00000375618.8	0	0	0	0
ENST00000375626.7	0	0	0	0
ENST00000375631.5	626	83	612	63
ENST00000375643.7	3634	859	3597	629
ENST00000375650.5	71	28	24	2
ENST00000375651.7	87	23	23	2
ENST00000375654.5	65	8	44	1
ENST00000375661.6	276	41	298	28
ENST00000375662.5	9	2	26	5
ENST00000375663.8	1624	358	1586	295
ENST00000375679.9	3	0	1	0
ENST00000375687.10	1088	360	1064	284
ENST00000375688.5	38	9	40	7
ENST00000375706.7	18	0	6	0
ENST00000375707.1	0	0	0	0
ENST00000375708.4	620	85	592	69
ENST00000375712.4	596	192	583	145
ENST00000375722.5	141	3	136	2
ENST00000375731.9	182	15	179	10
ENST00000375734.6	879	132	864	92
ENST00000375735.7	731	127	724	102
ENST00000375743.8	205	87	196	84
ENST00000375746.1	0	0	0	0
ENST00000375749.8	857	146	825	117
ENST00000375755.8	0	0	0	0
ENST00000375759.8	723	331	706	252
ENST00000375765.5	1	0	1	0
ENST00000375771.5	310	46	345	37
ENST00000375780.6	837	338	1182	320
ENST00000375782.2	0	0	0	0
ENST00000375790.9	171	14	169	7
ENST00000375792.7	238	66	228	56
ENST00000375799.8	535	155	529	129
ENST00000375807.8	245	48	243	35
ENST00000375819.3	0	4	0	2
ENST00000375820.10	4363	1709	4321	1368
ENST00000375825.7	0	0	0	0
ENST00000375826.4	330	24	311	19
ENST00000375832.5	0	0	0	0
ENST00000375835.9	2	0	2	0
ENST00000375846.3	281	27	269	25
ENST00000375847.8	355	16	351	12
ENST00000375854.7	37	3	30	3
ENST00000375856.5	417	96	392	71
ENST00000375859.4	810	133	592	73
ENST00000375862.6	0	0	0	0
ENST00000375864.4	6	0	4	0
ENST00000375866.2	272	61	282	44
ENST00000375887.8	0	0	0	0
ENST00000375898.4	332	25	321	21
ENST00000375906.5	270	46	254	44
ENST00000375910.8	0	0	0	0
ENST00000375911.2	153	38	144	27
ENST00000375915.4	1	0	1	0
ENST00000375916.4	69	2	67	2
ENST00000375940.9	767	98	747	74
ENST00000375949.5	0	0	0	0
ENST00000375963.8	644	144	626	97
ENST00000375978.5	43	2	35	2
ENST00000375980.9	443	107	392	85
ENST00000375991.9	11	0	246	19
ENST00000375992.4	0	0	0	0
ENST00000375994.6	14	0	14	0
ENST00000376004.5	615	102	720	91
ENST00000376006.7	0	0	0	0
ENST00000376008.3	123	14	120	12
ENST00000376016.7	1904	396	1909	302
ENST00000376020.6	0	0	0	0
ENST00000376032.9	422	22	414	15
ENST00000376033.3	1397	641	1335	485
ENST00000376042.6	3	0	3	0
ENST00000376059.8	0	0	0	0
ENST00000376062.6	184	87	184	74
ENST00000376064.7	0	0	0	0
ENST00000376065.8	1699	206	1694	157
ENST00000376075.4	0	0	0	0
ENST00000376085.4	0	0	0	0
ENST00000376087.4	310	79	291	54
ENST00000376098.4	0	0	0	0
ENST00000376101.3	0	0	0	0
ENST00000376112.4	292	33	265	27
ENST00000376139.6	690	86	692	67
ENST00000376143.4	0	0	0	0
ENST00000376148.9	156	17	151	16
ENST00000376150.4	358	33	299	20
ENST00000376152.2	0	0	0	0
ENST00000376180.8	74	2	73	2
ENST00000376185.5	2	0	0	0
ENST00000376189.5	0	0	0	0
ENST00000376191.3	0	0	0	0
ENST00000376207.10	0	0	0	0
ENST00000376215.10	278	20	350	23
ENST00000376221.1	0	0	0	0
ENST00000376227.4	392	38	385	33
ENST00000376228.9	332	141	78	11
ENST00000376233.8	0	0	0	0
ENST00000376234.7	223	61	227	48
ENST00000376236.9	2	0	2	0
ENST00000376238.5	0	0	0	0
ENST00000376250.6	9	0	9	0
ENST00000376257.8	264	80	244	66
ENST00000376259.7	14	2	14	1
ENST00000376261.8	0	0	0	0
ENST00000376265.2	0	0	0	0
ENST00000376281.8	770	617	2784	981
ENST00000376285.6	353	40	355	32
ENST00000376288.3	0	5	0	4
ENST00000376296.3	0	0	0	0
ENST00000376300.7	458	39	452	31
ENST00000376309.4	0	0	0	0
ENST00000376314.3	0	0	0	0
ENST00000376321.4	0	0	0	0
ENST00000376325.8	0	0	0	0
ENST00000376327.6	766	197	744	151
ENST00000376332.7	18	0	19	0
ENST00000376335.8	114	8	77	4
ENST00000376344.8	602	59	569	43
ENST00000376350.8	3	0	1	0
ENST00000376351.4	3	0	3	0
ENST00000376352.6	446	12	430	8
ENST00000376355.7	138	16	136	9
ENST00000376358.4	0	0	0	0
ENST00000376371.7	26	0	27	0
ENST00000376389.8	852	261	862	215
ENST00000376395.9	1648	247	1509	190
ENST00000376406.8	1090	236	954	152
ENST00000376414.5	274	19	270	13
ENST00000376419.5	18	0	16	0
ENST00000376423.8	592	155	584	115
ENST00000376442.8	815	203	811	170
ENST00000376447.4	31	2	28	2
ENST00000376454.8	482	119	461	86
ENST00000376468.4	1	0	1	0
ENST00000376473.9	163	8	161	6
ENST00000376480.7	0	0	0	0
ENST00000376488.7	703	136	687	112
ENST00000376495.4	76	0	73	0
ENST00000376499.8	123	16	132	15
ENST00000376503.10	0	0	0	0
ENST00000376504.4	0	0	0	0
ENST00000376509.4	175	7	168	6
ENST00000376510.8	328	22	302	17
ENST00000376511.7	682	107	658	78
ENST00000376530.8	0	0	0	0
ENST00000376552.7	533	63	440	45
ENST00000376560.8	186	17	153	8
ENST00000376572.8	266	91	722	167
ENST00000376573.9	513	55	490	44
ENST00000376582.7	285	49	296	47
ENST00000376588.4	857	143	1353	177
ENST00000376592.6	77	11	75	13
ENST00000376608.9	0	0	0	0
ENST00000376619.6	416	83	401	64
ENST00000376621.7	605	193	590	153
ENST00000376624.8	0	0	0	0
ENST00000376630.5	441	52	277	25
ENST00000376650.1	1	0	1	0
ENST00000376652.9	258	48	238	33
ENST00000376659.9	11	6	13	5
ENST00000376663.8	0	0	6	4
ENST00000376670.9	0	0	0	0
ENST00000376687.4	495	77	482	63
ENST00000376693.3	60	2	56	2
ENST00000376694.9	2	0	2	0
ENST00000376701.5	1	0	1	0
ENST00000376705.3	87	8	82	6
ENST00000376708.1	0	0	0	0
ENST00000376709.8	0	0	0	0
ENST00000376718.8	1526	223	1466	170
ENST00000376729.10	416	122	414	123
ENST00000376734.4	0	0	0	0
ENST00000376736.6	290	38	338	29
ENST00000376741.5	230	15	228	12
ENST00000376745.9	1436	522	1352	396
ENST00000376747.8	1379	171	1349	121
ENST00000376753.9	10	0	10	0
ENST00000376759.8	1009	532	982	392
ENST00000376770.5	83	17	63	9
ENST00000376771.9	185	39	178	29
ENST00000376772.8	268	32	315	36
ENST00000376810.5	433	32	425	19
ENST00000376819.4	0	0	0	0
ENST00000376834.8	354	14	354	10
ENST00000376836.8	169	12	196	8
ENST00000376840.8	107	52	103	39
ENST00000376851.7	1	0	1	0
ENST00000376854.6	229	20	227	19
ENST00000376862.4	0	0	0	0
ENST00000376865.1	0	0	0	0
ENST00000376874.9	186	34	177	28
ENST00000376896.8	3	0	3	0
ENST00000376901.9	682	114	679	95
ENST00000376911.1	1835	526	1762	355
ENST00000376917.8	0	0	0	0
ENST00000376918.7	510	150	468	117
ENST00000376919.3	1	0	1	0
ENST00000376926.8	439	105	429	81
ENST00000376936.9	1673	422	1635	303
ENST00000376943.8	154	17	87	10
ENST00000376945.4	1	0	1	0
ENST00000376954.5	112	6	75	0
ENST00000376957.7	781	248	769	187
ENST00000376958.5	427	13	403	9
ENST00000376962.10	219	45	673	66
ENST00000376971.4	0	0	0	0
ENST00000376974.5	0	2	0	2
ENST00000376979.4	0	0	0	0
ENST00000376980.8	773	121	802	103
ENST00000376983.8	167	42	151	29
ENST00000377004.8	0	0	0	0
ENST00000377009.8	3	0	1	0
ENST00000377022.8	40	18	38	16
ENST00000377024.8	0	0	0	0
ENST00000377026.4	51	1	46	1
ENST00000377028.10	0	0	0	0
ENST00000377034.9	22	33	21	27
ENST00000377035.2	0	0	0	0
ENST00000377038.8	714	121	689	90
ENST00000377044.9	930	103	905	72
ENST00000377045.9	488	147	478	121
ENST00000377047.9	0	0	0	0
ENST00000377049.4	0	0	0	0
ENST00000377050.5	1	0	1	0
ENST00000377065.8	161	20	106	11
ENST00000377067.9	965	100	984	81
ENST00000377071.9	335	67	320	51
ENST00000377073.4	3	0	1	0
ENST00000377075.3	223	25	200	18
ENST00000377084.3	0	0	0	0
ENST00000377086.5	1045	114	1011	89
ENST00000377102.5	6	0	6	0
ENST00000377103.3	2	0	2	0
ENST00000377110.7	19	4	19	0
ENST00000377126.3	322	37	304	28
ENST00000377127.4	0	0	0	0
ENST00000377136.5	0	0	0	0
ENST00000377142.5	0	0	0	0
ENST00000377149.5	0	0	0	0
ENST00000377173.4	0	0	0	0
ENST00000377175.1	0	0	0	0
ENST00000377179.3	7	3	6	1
ENST00000377182.5	885	79	891	62
ENST00000377185.2	0	0	0	0
ENST00000377191.5	1538	248	1504	193
ENST00000377197.8	1	0	1	0
ENST00000377199.4	575	134	579	109
ENST00000377205.6	205	16	223	9
ENST00000377208.7	0	0	0	0
ENST00000377223.6	429	36	420	24
ENST00000377244.8	199	48	0	0
ENST00000377245.9	0	0	0	0
ENST00000377246.7	0	0	0	0
ENST00000377252.5	768	66	765	46
ENST00000377255.3	30	7	17	2
ENST00000377263.6	36	3	35	2
ENST00000377264.8	448	128	435	103
ENST00000377275.4	267	9	248	7
ENST00000377276.4	0	1	0	0
ENST00000377294.3	81	10	57	5
ENST00000377304.7	246	4	243	2
ENST00000377311.4	0	0	0	0
ENST00000377315.5	6	0	5	0
ENST00000377317.5	1	0	1	0
ENST00000377325.2	49	3	37	1
ENST00000377326.7	498	91	482	72
ENST00000377340.6	690	63	682	53
ENST00000377342.9	0	0	0	0
ENST00000377346.9	54	7	54	6
ENST00000377350.7	233	49	225	42
ENST00000377365.4	7	0	7	0
ENST00000377369.7	0	0	0	0
ENST00000377386.8	1146	117	919	78
ENST00000377390.7	1568	394	1552	290
ENST00000377391.7	4	2	0	0
ENST00000377400.8	48	6	11	0
ENST00000377401.3	231	1	17	0
ENST00000377403.7	112	6	106	5
ENST00000377411.5	81	1	79	1
ENST00000377413.2	0	0	0	0
ENST00000377420.1	0	0	0	0
ENST00000377424.9	203	14	205	9
ENST00000377428.4	0	0	0	0
ENST00000377443.7	0	0	0	0
ENST00000377452.4	417	61	415	42
ENST00000377459.3	646	0	139	0
ENST00000377462.6	0	0	0	0
ENST00000377470.8	0	0	0	0
ENST00000377474.4	455	74	432	63
ENST00000377482.10	141	17	139	10
ENST00000377495.2	1	0	0	0
ENST00000377524.8	754	58	731	43
ENST00000377526.4	876	213	861	147
ENST00000377534.8	313	240	298	196
ENST00000377540.6	18	1	18	0
ENST00000377560.9	367	135	367	106
ENST00000377561.7	12	3	1	0
ENST00000377566.9	2	0	1	0
ENST00000377574.6	0	0	0	0
ENST00000377575.3	213	34	185	27
ENST00000377577.10	1083	248	1083	196
ENST00000377595.7	803	150	809	114
ENST00000377601.3	0	0	0	0
ENST00000377602.5	0	0	0	0
ENST00000377603.5	241	16	241	10
ENST00000377615.7	349	58	346	43
ENST00000377647.6	0	0	0	0
ENST00000377648.5	348	30	335	28
ENST00000377658.8	489	71	460	63
ENST00000377669.6	149	23	141	19
ENST00000377673.10	536	64	525	52
ENST00000377674.9	170	24	164	22
ENST00000377687.6	603	58	563	47
ENST00000377694.2	8	1	8	0
ENST00000377697.1	0	0	0	0
ENST00000377698.4	1481	481	1339	355
ENST00000377705.6	1141	63	1102	43
ENST00000377707.4	123	41	26	7
ENST00000377708.7	85	3	46	0
ENST00000377710.10	460	48	442	32
ENST00000377716.6	42	2	7	0
ENST00000377721.3	0	0	0	0
ENST00000377724.8	459	37	450	29
ENST00000377726.3	0	0	0	0
ENST00000377733.4	401	0	106	0
ENST00000377741.4	16	5	14	2
ENST00000377745.3	663	0	394	0
ENST00000377747.4	0	0	0	0
ENST00000377755.8	0	0	0	0
ENST00000377767.9	1455	258	1431	198
ENST00000377768.7	372	79	700	100
ENST00000377791.3	654	21	284	2
ENST00000377793.9	255	41	244	28
ENST00000377798.9	1136	174	1038	135
ENST00000377799.8	171	9	164	4
ENST00000377801.8	18	0	17	0
ENST00000377803.4	666	0	509	0
ENST00000377811.3	648	364	625	290
ENST00000377813.6	919	340	805	246
ENST00000377818.4	334	49	333	38
ENST00000377833.10	0	0	0	0
ENST00000377834.8	1	0	1	0
ENST00000377838.8	225	23	215	20
ENST00000377842.7	517	78	594	67
ENST00000377844.9	110	5	111	5
ENST00000377850.7	0	0	0	0
ENST00000377873.8	87	9	87	6
ENST00000377893.3	12	3	9	3
ENST00000377898.4	0	0	0	0
ENST00000377901.8	0	0	0	0
ENST00000377905.9	0	0	0	0
ENST00000377906.2	0	0	0	0
ENST00000377918.8	132	9	129	7
ENST00000377921.7	820	134	1027	107
ENST00000377924.5	0	0	0	0
ENST00000377930.1	0	0	0	0
ENST00000377931.1	0	0	0	0
ENST00000377938.4	11	0	11	0
ENST00000377939.5	30	43	27	28
ENST00000377942.7	1	0	1	0
ENST00000377950.8	1	1	1	1
ENST00000377957.4	12	0	13	0
ENST00000377960.9	438	59	403	46
ENST00000377961.3	0	0	0	0
ENST00000377962.8	0	0	0	0
ENST00000377966.4	375	43	348	22
ENST00000377967.8	214	44	128	25
ENST00000377976.2	0	0	0	0
ENST00000377981.3	0	0	0	0
ENST00000377990.7	242	21	233	19
ENST00000377991.9	11	3	9	3
ENST00000378000.5	417	28	400	22
ENST00000378026.5	1828	488	1784	384
ENST00000378037.9	1625	248	1551	165
ENST00000378043.9	0	0	0	0
ENST00000378045.5	292	41	328	30
ENST00000378060.9	428	39	422	34
ENST00000378061.7	5	0	5	0
ENST00000378069.5	31	0	29	0
ENST00000378075.4	0	0	0	0
ENST00000378076.4	0	0	0	0
ENST00000378078.5	364	66	357	53
ENST00000378079.3	0	0	0	0
ENST00000378090.9	116	16	87	12
ENST00000378097.6	315	37	296	34
ENST00000378103.7	163	119	154	83
ENST00000378106.10	207	27	203	20
ENST00000378113.6	0	0	0	0
ENST00000378115.3	1	0	0	0
ENST00000378116.9	237	76	230	61
ENST00000378119.9	98	88	97	62
ENST00000378131.4	0	0	0	0
ENST00000378142.9	0	1	0	1
ENST00000378149.7	0	0	0	0
ENST00000378156.9	289	40	281	27
ENST00000378164.7	756	108	741	82
ENST00000378165.9	309	48	297	33
ENST00000378186.7	0	0	0	0
ENST00000378187.3	0	0	0	0
ENST00000378191.5	0	0	0	0
ENST00000378198.9	611	97	590	81
ENST00000378204.7	472	75	452	56
ENST00000378209.8	104	6	97	4
ENST00000378214.8	68	7	66	6
ENST00000378228.8	1	0	0	0
ENST00000378230.8	365	75	359	54
ENST00000378247.8	56	22	58	16
ENST00000378251.3	779	126	753	109
ENST00000378278.7	187	28	190	20
ENST00000378279.4	0	0	0	0
ENST00000378295.9	11	0	9	0
ENST00000378302.7	286	23	260	16
ENST00000378308.7	2478	448	1639	204
ENST00000378313.7	77	5	66	5
ENST00000378319.8	208	19	194	15
ENST00000378339.7	17	0	17	0
ENST00000378344.7	303	44	298	35
ENST00000378357.9	49	1	48	1
ENST00000378364.8	584	155	567	124
ENST00000378372.8	692	53	687	42
ENST00000378378.9	24	5	22	3
ENST00000378386.7	395	73	427	63
ENST00000378387.4	290	24	277	17
ENST00000378392.6	202	9	194	8
ENST00000378396.1	0	0	0	0
ENST00000378397.1	0	0	0	0
ENST00000378402.10	1	0	1	0
ENST00000378404.4	0	0	0	0
ENST00000378409.7	268	60	250	7
ENST00000378412.8	1	0	1	0
ENST00000378429.3	0	0	0	0
ENST00000378434.8	0	0	0	0
ENST00000378444.9	1242	256	1180	199
ENST00000378453.4	0	0	0	0
ENST00000378454.8	0	0	0	0
ENST00000378460.6	3795	874	3725	670
ENST00000378466.9	422	96	399	71
ENST00000378478.5	0	0	0	0
ENST00000378482.6	0	0	1	0
ENST00000378486.8	0	0	0	0
ENST00000378487.3	0	0	0	0
ENST00000378494.8	237	9	241	7
ENST00000378495.7	398	79	377	61
ENST00000378501.2	729	119	727	92
ENST00000378509.9	423	19	423	14
ENST00000378526.9	777	75	782	63
ENST00000378531.8	102	20	98	15
ENST00000378533.4	280	30	272	22
ENST00000378536.5	358	76	347	62
ENST00000378538.8	0	0	0	0
ENST00000378546.9	215	51	194	49
ENST00000378553.10	0	0	0	0
ENST00000378555.8	781	80	753	58
ENST00000378561.5	29	10	27	9
ENST00000378567.8	248	61	240	49
ENST00000378569.2	2	0	1	0
ENST00000378572.8	495	54	475	44
ENST00000378578.9	293	11	397	14
ENST00000378585.7	0	0	0	0
ENST00000378588.5	0	0	0	0
ENST00000378605.3	0	0	0	0
ENST00000378609.9	1279	335	1115	247
ENST00000378616.5	30	0	30	0
ENST00000378617.4	787	115	748	87
ENST00000378619.4	44	3	41	2
ENST00000378623.6	326	44	317	37
ENST00000378626.4	0	0	0	0
ENST00000378643.8	773	136	769	111
ENST00000378644.5	19	13	21	7
ENST00000378653.8	2	0	2	0
ENST00000378661.3	0	0	0	0
ENST00000378669.5	284	74	288	63
ENST00000378670.8	550	283	524	212
ENST00000378673.2	0	0	0	0
ENST00000378679.7	124	14	121	12
ENST00000378681.8	0	0	0	0
ENST00000378693.4	0	0	0	0
ENST00000378695.9	0	0	0	0
ENST00000378700.8	0	0	0	0
ENST00000378719.7	361	43	334	27
ENST00000378720.8	1185	130	1150	93
ENST00000378733.9	0	0	0	0
ENST00000378735.5	399	19	386	14
ENST00000378740.6	0	0	0	0
ENST00000378743.9	857	206	838	162
ENST00000378750.10	360	37	341	26
ENST00000378752.7	656	129	639	93
ENST00000378756.8	456	161	131	22
ENST00000378763.1	0	0	0	0
ENST00000378785.7	1	1	0	0
ENST00000378788.4	0	0	0	0
ENST00000378789.4	0	0	0	0
ENST00000378799.11	445	117	947	135
ENST00000378802.5	27	2	25	2
ENST00000378803.5	0	0	0	0
ENST00000378821.3	0	0	0	0
ENST00000378823.8	87	10	31	2
ENST00000378825.5	162	8	159	6
ENST00000378827.5	149	27	134	17
ENST00000378832.1	0	1	0	0
ENST00000378842.8	260	46	253	34
ENST00000378850.4	1	0	0	0
ENST00000378852.7	575	103	1252	121
ENST00000378858.5	0	0	0	0
ENST00000378863.9	50	12	40	11
ENST00000378867.7	552	61	520	52
ENST00000378887.3	69	0	63	0
ENST00000378888.10	268	198	231	141
ENST00000378895.9	173	15	172	6
ENST00000378909.3	3	0	3	0
ENST00000378910.9	0	0	0	0
ENST00000378919.6	0	1	0	1
ENST00000378933.5	167	20	175	14
ENST00000378944.9	11	4	10	2
ENST00000378954.9	1029	124	1008	87
ENST00000378961.9	0	0	0	0
ENST00000378962.4	0	0	0	0
ENST00000378970.5	6	0	6	0
ENST00000378980.8	0	0	0	0
ENST00000378981.7	0	0	0	0
ENST00000378982.4	0	0	0	0
ENST00000378988.5	0	0	0	0
ENST00000378993.6	1	0	1	0
ENST00000379011.4	7	1	7	1
ENST00000379019.7	128	20	185	20
ENST00000379028.8	58	0	55	0
ENST00000379031.10	320	56	303	47
ENST00000379034.1	1	0	0	0
ENST00000379044.5	0	0	0	0
ENST00000379052.10	61	1	59	1
ENST00000379066.5	709	145	690	98
ENST00000379068.7	1660	213	1645	172
ENST00000379071.4	0	0	0	0
ENST00000379095.5	425	226	165	16
ENST00000379097.7	125	18	140	25
ENST00000379103.7	0	0	2	0
ENST00000379108.1	0	0	0	0
ENST00000379116.10	0	0	0	0
ENST00000379144.7	2	0	2	0
ENST00000379151.9	625	68	608	50
ENST00000379153.4	551	73	561	57
ENST00000379155.9	255	44	250	33
ENST00000379160.3	1276	369	1357	269
ENST00000379161.5	208	18	439	28
ENST00000379170.8	439	65	460	51
ENST00000379179.8	0	0	0	0
ENST00000379188.7	799	130	376	45
ENST00000379198.5	199	51	184	47
ENST00000379205.5	91	14	217	14
ENST00000379211.7	0	0	0	0
ENST00000379214.9	1627	290	1567	217
ENST00000379215.9	172	10	134	9
ENST00000379221.4	582	115	595	83
ENST00000379226.9	200	24	327	26
ENST00000379236.4	1	0	1	0
ENST00000379241.7	113	3	105	2
ENST00000379245.8	471	40	431	31
ENST00000379263.8	960	300	950	197
ENST00000379268.7	0	0	0	0
ENST00000379270.4	71	16	65	13
ENST00000379286.6	63	11	191	19
ENST00000379287.4	35	5	34	4
ENST00000379290.6	0	0	0	0
ENST00000379310.8	564	52	581	48
ENST00000379328.9	21	4	21	4
ENST00000379333.5	266	27	255	23
ENST00000379341.9	1320	306	1268	234
ENST00000379359.4	67	2	67	2
ENST00000379361.5	0	0	0	0
ENST00000379370.7	2111	1029	2065	837
ENST00000379374.5	11	0	12	0
ENST00000379375.6	42	1	37	1
ENST00000379378.8	386	153	370	111
ENST00000379380.9	261	10	249	8
ENST00000379388.7	380	29	371	24
ENST00000379400.8	5	0	5	0
ENST00000379405.3	0	0	0	0
ENST00000379406.8	398	53	370	39
ENST00000379409.6	61	11	59	13
ENST00000379416.4	1	0	1	0
ENST00000379426.2	1	0	1	0
ENST00000379445.7	0	0	0	0
ENST00000379446.10	260	16	249	11
ENST00000379453.6	0	0	0	0
ENST00000379454.9	3251	1409	3093	1005
ENST00000379458.9	0	0	0	0
ENST00000379460.6	37	13	39	11
ENST00000379480.9	220	29	208	19
ENST00000379483.4	208	18	147	5
ENST00000379484.10	851	56	838	43
ENST00000379485.2	317	14	210	6
ENST00000379487.5	310	33	299	25
ENST00000379491.5	0	0	0	0
ENST00000379494.4	1	0	1	0
ENST00000379499.3	0	0	0	0
ENST00000379500.6	4	3	4	3
ENST00000379504.7	328	40	320	32
ENST00000379509.7	875	16	865	15
ENST00000379510.5	0	0	0	0
ENST00000379516.7	1171	152	1170	124
ENST00000379520.7	233	6	250	6
ENST00000379540.8	1233	253	1201	187
ENST00000379542.10	160	22	166	9
ENST00000379554.7	0	0	0	0
ENST00000379558.4	236	40	225	32
ENST00000379561.6	73	0	68	0
ENST00000379562.9	333	29	344	19
ENST00000379565.9	1219	80	1170	59
ENST00000379568.4	807	74	789	54
ENST00000379589.4	209	13	204	7
ENST00000379600.8	195	18	182	15
ENST00000379607.10	98	50	466	50
ENST00000379608.8	406	81	383	62
ENST00000379611.10	293	29	292	22
ENST00000379631.9	0	0	0	0
ENST00000379638.9	765	138	746	100
ENST00000379643.10	131	18	131	16
ENST00000379644.9	597	93	580	64
ENST00000379645.8	73	5	71	5
ENST00000379655.8	1029	465	1020	374
ENST00000379661.8	388	133	383	114
ENST00000379665.2	0	0	0	0
ENST00000379671.7	150	51	312	75
ENST00000379682.8	97	7	95	7
ENST00000379692.9	400	23	388	13
ENST00000379705.8	219	12	215	10
ENST00000379715.10	103	5	149	5
ENST00000379719.8	1936	584	1798	233
ENST00000379721.4	54	0	53	0
ENST00000379731.4	1832	670	1765	528
ENST00000379747.9	226	19	221	16
ENST00000379751.5	343	231	316	180
ENST00000379756.3	0	0	0	0
ENST00000379757.9	1980	1011	1899	779
ENST00000379774.5	217	22	209	19
ENST00000379775.9	307	56	282	48
ENST00000379800.4	4	2	0	0
ENST00000379802.8	351	47	346	43
ENST00000379817.7	779	120	747	84
ENST00000379818.4	0	0	0	0
ENST00000379829.2	0	0	0	0
ENST00000379834.7	629	128	636	103
ENST00000379847.8	787	180	773	135
ENST00000379869.8	186	15	176	11
ENST00000379881.8	0	0	0	0
ENST00000379883.3	107	6	105	5
ENST00000379887.9	819	73	831	61
ENST00000379906.6	0	0	0	0
ENST00000379907.9	6	0	5	0
ENST00000379915.4	0	0	0	0
ENST00000379919.6	0	0	0	0
ENST00000379936.3	0	0	0	0
ENST00000379938.7	202	46	199	38
ENST00000379942.5	324	44	329	32
ENST00000379953.6	0	0	0	0
ENST00000379957.8	44	0	44	0
ENST00000379958.3	597	44	556	30
ENST00000379959.8	0	0	0	0
ENST00000379965.8	19	1	18	0
ENST00000379977.8	46	4	40	3
ENST00000379979.8	126	5	168	5
ENST00000379982.8	1024	99	1016	83
ENST00000379984.4	0	0	0	0
ENST00000379992.6	13	0	13	0
ENST00000380007.3	2	0	1	0
ENST00000380009.9	407	16	395	13
ENST00000380032.8	0	0	0	0
ENST00000380033.9	0	0	0	0
ENST00000380034.8	504	62	446	36
ENST00000380036.9	9	2	9	2
ENST00000380041.8	246	27	236	23
ENST00000380044.6	496	95	496	77
ENST00000380050.8	353	39	354	29
ENST00000380051.7	422	31	417	19
ENST00000380055.6	0	0	0	0
ENST00000380059.7	62	2	60	2
ENST00000380060.7	169	15	167	10
ENST00000380069.7	6	2	7	2
ENST00000380071.8	1094	140	1082	104
ENST00000380075.7	8	0	8	0
ENST00000380079.8	0	0	0	0
ENST00000380087.7	1949	419	1830	295
ENST00000380094.10	79	21	71	13
ENST00000380095.2	0	0	0	0
ENST00000380099.4	1	0	1	0
ENST00000380110.8	1	0	1	0
ENST00000380113.8	577	71	578	57
ENST00000380118.7	896	125	874	95
ENST00000380122.10	543	75	561	62
ENST00000380130.7	0	0	0	0
ENST00000380152.7	576	78	560	59
ENST00000380155.4	997	205	998	147
ENST00000380171.8	707	149	687	110
ENST00000380175.9	0	0	0	0
ENST00000380183.9	0	0	0	0
ENST00000380184.2	0	0	0	0
ENST00000380191.9	1542	354	1908	300
ENST00000380198.6	472	126	484	101
ENST00000380200.3	0	0	0	0
ENST00000380205.2	0	0	0	0
ENST00000380206.4	0	0	0	0
ENST00000380210.1	0	0	0	0
ENST00000380211.1	0	0	0	0
ENST00000380216.1	0	0	0	0
ENST00000380219.1	0	0	0	0
ENST00000380222.4	0	0	0	0
ENST00000380224.2	0	0	0	0
ENST00000380225.1	0	0	0	0
ENST00000380229.3	0	0	0	0
ENST00000380232.4	0	0	0	0
ENST00000380243.9	304	81	289	63
ENST00000380249.5	1242	187	1245	145
ENST00000380254.7	7	0	7	0
ENST00000380266.4	459	21	448	17
ENST00000380274.2	279	32	244	28
ENST00000380283.5	314	72	294	48
ENST00000380289.3	6	0	6	0
ENST00000380293.3	0	0	0	0
ENST00000380320.9	6	1	6	0
ENST00000380324.8	440	34	436	24
ENST00000380325.4	322	57	310	49
ENST00000380332.5	0	0	0	0
ENST00000380338.9	579	52	572	40
ENST00000380342.4	1	0	0	0
ENST00000380345.7	171	3	163	1
ENST00000380359.3	492	39	484	29
ENST00000380361.7	0	0	0	0
ENST00000380367.2	0	0	0	0
ENST00000380370.1	0	0	0	0
ENST00000380371.1	0	0	0	0
ENST00000380377.8	286	145	670	218
ENST00000380378.1	0	0	0	0
ENST00000380379.10	179	10	173	10
ENST00000380383.1	0	0	0	0
ENST00000380390.5	0	0	0	0
ENST00000380392.4	0	0	0	0
ENST00000380394.9	984	1690	1960	2081
ENST00000380412.7	270	74	222	55
ENST00000380419.8	1	0	0	0
ENST00000380421.3	940	160	942	125
ENST00000380433.5	0	0	0	0
ENST00000380445.8	365	35	369	37
ENST00000380448.5	3	2	1	0
ENST00000380450.9	3	2	4	1
ENST00000380455.9	538	73	443	39
ENST00000380456.7	29	16	27	12
ENST00000380473.8	0	0	0	0
ENST00000380482.9	2	0	2	0
ENST00000380486.4	181	28	178	20
ENST00000380488.9	152	5	169	4
ENST00000380490.4	8	0	8	0
ENST00000380492.8	426	12	426	9
ENST00000380495.8	4	0	4	0
ENST00000380502.8	402	104	1130	127
ENST00000380516.7	1547	419	1528	329
ENST00000380518.8	3	0	1	0
ENST00000380523.8	176	13	204	11
ENST00000380525.8	1117	201	1079	165
ENST00000380527.3	991	208	833	160
ENST00000380534.9	0	0	0	0
ENST00000380542.9	1308	440	1480	360
ENST00000380548.9	45	7	47	5
ENST00000380554.5	994	202	582	56
ENST00000380573.4	0	0	0	0
ENST00000380574.5	196	34	181	24
ENST00000380579.6	69	3	9	0
ENST00000380585.1	0	0	0	0
ENST00000380588.4	2	0	2	0
ENST00000380589.4	0	0	0	0
ENST00000380591.7	401	312	1132	422
ENST00000380593.4	0	0	0	0
ENST00000380602.3	0	0	0	0
ENST00000380605.3	3	2	3	2
ENST00000380607.5	70	5	67	3
ENST00000380615.8	330	38	329	28
ENST00000380622.4	0	0	0	0
ENST00000380629.7	599	36	588	28
ENST00000380636.1	4	0	254	220
ENST00000380639.10	466	35	466	26
ENST00000380647.8	666	68	656	48
ENST00000380649.8	1560	387	2244	407
ENST00000380659.4	0	0	0	0
ENST00000380668.9	830	100	760	78
ENST00000380672.9	411	30	398	25
ENST00000380680.5	136	6	137	5
ENST00000380682.5	9	2	9	0
ENST00000380683.6	1	0	1	0
ENST00000380698.5	41	0	41	0
ENST00000380701.8	148	12	146	6
ENST00000380707.8	21	0	0	0
ENST00000380714.7	0	0	0	0
ENST00000380737.8	956	99	918	72
ENST00000380738.8	1303	399	1768	401
ENST00000380739.6	599	57	584	49
ENST00000380743.9	13	0	0	0
ENST00000380749.10	157	115	525	207
ENST00000380751.9	0	0	0	0
ENST00000380752.10	1359	137	1339	110
ENST00000380753.8	329	50	99	6
ENST00000380762.5	760	104	752	80
ENST00000380770.5	1	0	0	0
ENST00000380773.9	593	122	578	94
ENST00000380789.5	0	0	0	0
ENST00000380808.6	7	2	7	2
ENST00000380815.5	452	27	445	25
ENST00000380817.8	704	507	745	426
ENST00000380821.7	917	141	911	115
ENST00000380822.9	504	68	517	36
ENST00000380833.9	120	5	119	4
ENST00000380834.7	451	42	442	31
ENST00000380835.6	0	0	0	0
ENST00000380842.5	868	165	855	108
ENST00000380843.9	771	83	729	65
ENST00000380861.9	105	24	102	14
ENST00000380871.5	55	5	52	5
ENST00000380872.9	43	7	11	2
ENST00000380903.7	271	112	268	88
ENST00000380907.2	0	0	0	0
ENST00000380911.4	0	0	0	0
ENST00000380913.8	1	3	1	1
ENST00000380916.8	166	6	159	5
ENST00000380950.7	672	153	655	116
ENST00000380956.9	0	0	0	0
ENST00000380958.8	269	26	271	22
ENST00000380985.10	1392	131	1312	90
ENST00000380986.9	24	0	25	0
ENST00000380996.9	170	25	163	18
ENST00000381006.8	118	15	135	13
ENST00000381007.9	400	12	393	9
ENST00000381020.8	2	0	2	0
ENST00000381022.6	958	198	950	148
ENST00000381031.8	666	91	644	73
ENST00000381032.6	0	0	0	0
ENST00000381033.5	0	0	0	0
ENST00000381042.9	285	21	278	16
ENST00000381055.8	248	40	232	28
ENST00000381059.7	0	0	0	0
ENST00000381070.8	794	133	762	101
ENST00000381077.10	187	8	183	7
ENST00000381089.7	0	0	0	0
ENST00000381093.6	0	0	0	0
ENST00000381112.7	138	62	122	53
ENST00000381116.5	227	33	235	15
ENST00000381125.9	2361	1034	2178	746
ENST00000381127.6	0	0	0	0
ENST00000381129.8	0	0	0	0
ENST00000381130.3	0	0	0	0
ENST00000381132.6	294	46	294	37
ENST00000381134.9	5	0	4	0
ENST00000381140.9	476	246	464	176
ENST00000381150.5	543	60	517	50
ENST00000381151.5	635	24	618	20
ENST00000381154.6	24	4	32	4
ENST00000381160.7	0	0	0	0
ENST00000381163.7	232	22	232	20
ENST00000381165.3	434	37	423	27
ENST00000381176.5	104	22	98	12
ENST00000381192.10	0	0	591	212
ENST00000381196.8	74	4	69	3
ENST00000381209.7	466	54	420	41
ENST00000381210.8	0	0	0	0
ENST00000381213.7	501	25	488	16
ENST00000381223.9	0	0	372	74
ENST00000381227.5	2224	339	2176	248
ENST00000381229.9	0	0	0	0
ENST00000381232.7	574	380	549	293
ENST00000381249.4	289	19	208	16
ENST00000381254.7	426	35	400	23
ENST00000381271.7	323	53	314	45
ENST00000381273.3	0	0	0	0
ENST00000381297.10	0	0	1	0
ENST00000381298.7	1628	218	1977	163
ENST00000381309.7	417	70	392	44
ENST00000381312.6	0	0	0	0
ENST00000381317.9	0	0	418	47
ENST00000381318.8	824	161	860	131
ENST00000381323.7	9	0	8	0
ENST00000381334.10	888	202	851	157
ENST00000381340.8	407	53	396	41
ENST00000381341.6	2566	722	2542	489
ENST00000381342.7	860	285	636	168
ENST00000381346.9	892	128	872	101
ENST00000381359.5	323	204	436	211
ENST00000381365.4	0	0	0	0
ENST00000381393.3	0	0	0	0
ENST00000381394.8	0	0	0	0
ENST00000381401.11	0	0	944	404
ENST00000381405.5	0	0	0	0
ENST00000381410.5	300	34	298	27
ENST00000381418.9	301	80	286	63
ENST00000381431.10	734	51	717	39
ENST00000381434.7	1	0	1	0
ENST00000381440.4	285	51	271	47
ENST00000381458.6	0	0	0	0
ENST00000381473.7	891	97	863	63
ENST00000381477.8	0	0	0	0
ENST00000381480.7	1	0	1	0
ENST00000381482.8	137	9	127	7
ENST00000381486.7	10	0	12	0
ENST00000381497.6	0	0	0	0
ENST00000381501.8	16	6	15	5
ENST00000381525.8	90	5	295	18
ENST00000381527.8	311	28	311	22
ENST00000381545.8	14	3	12	2
ENST00000381554.8	367	29	365	16
ENST00000381566.6	0	0	0	0
ENST00000381568.9	0	0	0	0
ENST00000381569.5	0	0	0	0
ENST00000381571.6	386	30	375	23
ENST00000381577.4	42	0	42	0
ENST00000381578.6	0	0	0	0
ENST00000381585.8	1	0	1	0
ENST00000381588.9	447	69	457	50
ENST00000381591.5	688	122	670	97
ENST00000381623.4	0	0	0	0
ENST00000381624.4	0	0	0	0
ENST00000381627.4	0	0	0	0
ENST00000381638.7	930	190	909	148
ENST00000381641.4	0	0	0	0
ENST00000381647.7	802	35	791	24
ENST00000381652.4	127	10	126	8
ENST00000381655.7	0	0	1	0
ENST00000381657.8	0	0	193	19
ENST00000381661.3	1	0	1	0
ENST00000381669.8	0	1	0	0
ENST00000381685.10	1139	183	1111	130
ENST00000381697.6	0	0	0	0
ENST00000381698.3	0	0	0	0
ENST00000381707.6	0	0	0	0
ENST00000381714.7	496	56	482	43
ENST00000381722.1	5	0	0	0
ENST00000381736.8	944	88	939	70
ENST00000381750.9	740	89	744	73
ENST00000381774.9	399	30	381	23
ENST00000381782.7	1	0	1	0
ENST00000381799.10	0	0	0	0
ENST00000381801.5	707	47	656	29
ENST00000381809.8	373	70	521	72
ENST00000381812.5	10	1	9	1
ENST00000381813.4	0	0	0	0
ENST00000381831.7	2430	453	2356	337
ENST00000381844.8	1147	401	1341	347
ENST00000381848.7	0	0	0	0
ENST00000381854.4	405	28	394	22
ENST00000381883.5	124	21	118	19
ENST00000381884.9	521	121	509	90
ENST00000381890.9	3	0	1	0
ENST00000381894.3	0	0	0	0
ENST00000381902.6	0	0	0	0
ENST00000381903.2	0	0	0	0
ENST00000381911.6	0	0	0	0
ENST00000381920.8	185	65	157	45
ENST00000381922.5	3	0	2	0
ENST00000381923.6	0	0	0	0
ENST00000381937.9	949	117	955	85
ENST00000381938.4	32	4	32	3
ENST00000381946.4	0	0	0	0
ENST00000381951.1	0	0	0	0
ENST00000381962.4	168	15	108	8
ENST00000381967.9	888	66	893	50
ENST00000381971.8	59	0	50	0
ENST00000381980.9	6	2	6	2
ENST00000381989.4	1138	188	1347	157
ENST00000382004.7	221	15	217	13
ENST00000382020.8	1538	385	1493	295
ENST00000382031.5	193	13	179	10
ENST00000382038.7	790	93	950	79
ENST00000382040.4	0	0	0	0
ENST00000382051.8	0	0	0	0
ENST00000382065.7	0	0	0	0
ENST00000382068.3	233	14	88	9
ENST00000382071.6	0	0	0	0
ENST00000382073.4	0	0	0	0
ENST00000382079.3	0	0	0	0
ENST00000382080.6	0	0	0	0
ENST00000382082.4	0	0	0	0
ENST00000382097.4	0	0	0	0
ENST00000382099.2	416	58	406	44
ENST00000382103.7	148	11	140	6
ENST00000382114.9	1	0	1	0
ENST00000382119.1	0	0	0	0
ENST00000382120.4	1	0	1	0
ENST00000382125.8	372	75	360	59
ENST00000382137.7	1	0	0	0
ENST00000382141.4	27	5	27	5
ENST00000382142.8	680	155	696	125
ENST00000382149.9	0	0	0	0
ENST00000382159.8	0	0	0	0
ENST00000382160.1	0	0	0	0
ENST00000382171.2	0	0	0	0
ENST00000382172.4	561	66	619	55
ENST00000382199.7	50	25	107	21
ENST00000382203.5	951	199	908	144
ENST00000382208.2	0	0	0	0
ENST00000382209.2	0	0	0	0
ENST00000382226.5	203	1	193	1
ENST00000382247.6	212	36	207	22
ENST00000382251.7	0	0	0	0
ENST00000382252.6	128	45	111	32
ENST00000382254.6	7	0	7	1
ENST00000382263.3	646	36	592	32
ENST00000382275.6	0	0	0	0
ENST00000382276.8	3	0	1	0
ENST00000382280.7	4	0	4	0
ENST00000382287.5	0	0	0	0
ENST00000382291.7	271	23	270	19
ENST00000382292.9	1651	332	1594	262
ENST00000382296.4	0	0	0	0
ENST00000382333.2	22	0	20	0
ENST00000382348.2	0	0	0	0
ENST00000382349.5	0	0	0	0
ENST00000382353.6	2	0	2	0
ENST00000382361.8	1574	850	2146	864
ENST00000382363.8	104	4	99	5
ENST00000382365.6	0	0	0	0
ENST00000382368.8	382	50	353	41
ENST00000382374.9	751	87	755	64
ENST00000382376.4	1	0	0	0
ENST00000382388.4	0	0	0	0
ENST00000382392.5	0	0	0	0
ENST00000382398.4	0	0	0	0
ENST00000382405.7	1	0	0	0
ENST00000382407.1	0	0	0	0
ENST00000382409.4	151	55	143	41
ENST00000382410.3	0	0	0	0
ENST00000382422.6	1036	230	1006	173
ENST00000382435.5	0	0	0	0
ENST00000382438.6	24	3	16	2
ENST00000382440.5	0	0	0	0
ENST00000382448.8	0	0	0	0
ENST00000382452.6	2555	1253	2502	993
ENST00000382456.7	1697	777	1682	624
ENST00000382483.4	1	0	1	0
ENST00000382487.5	0	0	0	0
ENST00000382489.3	0	0	0	0
ENST00000382492.3	0	0	0	0
ENST00000382496.10	41	0	41	0
ENST00000382500.3	0	1	0	0
ENST00000382518.6	901	121	903	94
ENST00000382545.5	0	0	0	0
ENST00000382554.4	118	19	114	18
ENST00000382564.8	79	6	239	9
ENST00000382592.5	339	70	314	48
ENST00000382599.9	3	0	3	0
ENST00000382614.2	0	0	0	0
ENST00000382622.4	1	0	0	0
ENST00000382659.6	0	0	0	0
ENST00000382680.5	0	0	0	0
ENST00000382689.7	0	0	0	0
ENST00000382692.2	0	0	0	0
ENST00000382707.6	0	0	0	0
ENST00000382713.10	0	0	0	0
ENST00000382722.10	1	0	0	0
ENST00000382723.5	101	14	88	10
ENST00000382743.9	101	16	96	11
ENST00000382745.9	849	183	850	163
ENST00000382749.9	0	0	0	0
ENST00000382751.4	1288	349	1228	273
ENST00000382753.5	145	3	166	2
ENST00000382758.6	171	15	169	10
ENST00000382762.7	165	22	162	20
ENST00000382768.1	0	0	0	0
ENST00000382771.9	1014	86	889	41
ENST00000382774.8	0	0	0	0
ENST00000382776.5	0	0	0	0
ENST00000382822.2	0	0	0	0
ENST00000382826.2	0	0	0	0
ENST00000382828.2	0	0	0	0
ENST00000382830.2	0	0	0	0
ENST00000382835.2	0	0	0	0
ENST00000382844.2	0	0	0	0
ENST00000382850.8	588	101	572	71
ENST00000382862.7	652	178	626	151
ENST00000382882.9	392	55	382	42
ENST00000382895.7	866	339	855	259
ENST00000382932.3	0	0	0	0
ENST00000382936.8	185	28	175	25
ENST00000382951.4	0	0	0	0
ENST00000382952.7	547	277	501	224
ENST00000382998.8	480	108	469	94
ENST00000383020.7	0	0	0	0
ENST00000383032.6	0	0	0	0
ENST00000383070.2	0	0	0	0
ENST00000383075.7	0	0	0	0
ENST00000383096.7	0	0	0	0
ENST00000383163.4	0	0	0	0
ENST00000383165.4	22	1	20	1
ENST00000383202.7	1072	204	1037	149
ENST00000383229.7	362	55	354	41
ENST00000383233.8	112	8	104	8
ENST00000383237.4	8	0	8	0
ENST00000383263.7	0	0	0	0
ENST00000383314.6	626	58	620	51
ENST00000383366.9	40	0	40	0
ENST00000383418.8	0	0	0	0
ENST00000383432.8	461	164	644	168
ENST00000383463.9	744	60	732	47
ENST00000383467.2	0	0	0	0
ENST00000383472.8	177	2	169	2
ENST00000383572.3	0	0	0	0
ENST00000383657.10	728	60	728	43
ENST00000383673.5	0	0	0	0
ENST00000383678.8	519	36	504	29
ENST00000383693.8	2	2	2	1
ENST00000383695.1	0	0	0	0
ENST00000383701.8	509	33	506	25
ENST00000383710.9	0	0	0	0
ENST00000383729.9	363	48	350	40
ENST00000383738.6	19	4	17	3
ENST00000383754.7	0	0	0	0
ENST00000383763.6	0	0	0	0
ENST00000383768.7	4	0	3	0
ENST00000383788.10	0	0	0	0
ENST00000383791.8	1353	421	1322	319
ENST00000383794.7	298	60	302	45
ENST00000383811.8	80	10	0	0
ENST00000383814.8	2	0	2	0
ENST00000383820.9	485	56	481	41
ENST00000383832.8	1	1	1	0
ENST00000383847.7	94	25	91	20
ENST00000388712.7	790	154	790	128
ENST00000388718.5	0	0	0	0
ENST00000388747.9	31	0	29	0
ENST00000388752.8	586	126	631	105
ENST00000388781.8	0	0	0	0
ENST00000388820.5	11	0	10	2
ENST00000388822.10	548	48	541	36
ENST00000388825.9	7	0	7	0
ENST00000388837.6	425	252	2037	595
ENST00000388887.7	0	1	0	1
ENST00000388901.10	1450	216	1424	152
ENST00000388913.4	670	118	607	105
ENST00000388914.7	2	0	2	0
ENST00000388918.10	55	0	55	0
ENST00000388920.5	0	0	0	0
ENST00000388922.9	0	0	0	0
ENST00000388923.5	6	0	5	0
ENST00000388934.5	0	0	0	0
ENST00000388942.8	1	0	1	0
ENST00000388948.8	347	72	340	56
ENST00000388975.4	0	0	9	2
ENST00000388988.9	95	7	94	1
ENST00000388995.11	283	43	269	36
ENST00000388996.10	0	0	0	0
ENST00000389005.6	832	147	809	122
ENST00000389017.6	136	14	131	13
ENST00000389022.9	4	0	2	0
ENST00000389032.8	1362	249	1311	177
ENST00000389039.11	0	0	0	0
ENST00000389045.7	1753	351	1719	277
ENST00000389048.8	2	0	2	0
ENST00000389050.5	0	0	0	0
ENST00000389060.8	0	0	0	0
ENST00000389063.3	235	10	229	9
ENST00000389074.6	0	0	0	0
ENST00000389082.10	821	124	782	89
ENST00000389100.9	0	0	0	0
ENST00000389120.8	1233	250	1210	199
ENST00000389125.7	0	0	0	0
ENST00000389131.8	1596	421	1498	316
ENST00000389156.9	162	9	161	8
ENST00000389167.9	371	210	528	189
ENST00000389176.3	0	1	0	0
ENST00000389202.3	1	2	1	2
ENST00000389208.9	0	0	0	0
ENST00000389231.9	1892	448	1851	336
ENST00000389266.8	2630	797	2601	603
ENST00000389286.9	177	8	171	8
ENST00000389297.8	19	1	21	1
ENST00000389301.8	650	146	636	94
ENST00000389313.9	0	0	0	0
ENST00000389362.6	0	0	0	0
ENST00000389363.5	3	0	3	0
ENST00000389384.8	170	95	178	80
ENST00000389385.9	0	0	0	0
ENST00000389386.8	34	21	33	17
ENST00000389394.8	8	1	7	1
ENST00000389398.10	0	0	0	0
ENST00000389418.9	0	0	0	0
ENST00000389420.8	0	0	0	0
ENST00000389474.8	0	0	0	0
ENST00000389484.8	305	31	287	19
ENST00000389501.9	388	35	390	28
ENST00000389506.10	333	95	267	66
ENST00000389532.9	659	223	644	193
ENST00000389554.8	0	0	0	0
ENST00000389561.7	788	114	853	91
ENST00000389567.9	20	1	19	1
ENST00000389583.5	0	0	0	0
ENST00000389586.6	0	0	0	0
ENST00000389614.6	0	0	0	0
ENST00000389617.9	531	98	515	67
ENST00000389622.7	320	48	315	37
ENST00000389623.11	183	76	170	55
ENST00000389629.8	1140	266	1124	217
ENST00000389658.4	786	171	743	126
ENST00000389672.9	53	12	50	8
ENST00000389677.6	53	13	51	11
ENST00000389682.8	920	92	906	73
ENST00000389703.7	348	102	316	80
ENST00000389704.4	929	112	929	89
ENST00000389709.8	279	23	246	21
ENST00000389737.5	157	30	148	22
ENST00000389740.3	0	0	0	0
ENST00000389744.8	0	0	0	0
ENST00000389749.9	191	20	180	14
ENST00000389759.7	502	216	530	171
ENST00000389774.6	0	0	0	0
ENST00000389793.7	199	34	195	30
ENST00000389797.8	211	33	206	22
ENST00000389805.9	2464	2091	2347	1688
ENST00000389811.8	1	0	1	0
ENST00000389817.8	8	6	7	2
ENST00000389832.7	0	0	0	0
ENST00000389834.9	1358	165	1342	126
ENST00000389840.7	60	105	57	77
ENST00000389857.11	87	19	84	16
ENST00000389879.9	571	74	562	24
ENST00000389902.7	811	152	810	109
ENST00000389912.7	110	19	104	8
ENST00000389915.4	244	20	246	15
ENST00000389916.5	0	0	0	0
ENST00000389919.8	0	0	0	0
ENST00000389934.7	1	0	1	0
ENST00000389983.6	0	0	0	0
ENST00000390645.2	42	3	39	3
ENST00000390649.8	0	0	0	0
ENST00000390654.8	0	0	0	0
ENST00000390658.4	238	24	219	20
ENST00000390661.5	0	0	0	0
ENST00000390665.9	0	0	190	38
ENST00000390666.4	0	0	0	0
ENST00000390667.11	533	33	522	18
ENST00000390669.7	0	0	0	0
ENST00000390673.2	0	0	0	0
ENST00000390675.2	0	0	0	0
ENST00000390677.2	0	0	0	0
ENST00000390689.3	0	0	0	0
ENST00000390690.2	0	0	0	0
ENST00000391352.1	0	0	0	0
ENST00000391353.1	0	0	0	0
ENST00000391354.1	0	0	0	0
ENST00000391355.1	0	0	0	0
ENST00000391356.4	0	0	0	0
ENST00000391403.4	0	0	0	0
ENST00000391413.4	0	0	0	0
ENST00000391417.5	0	0	0	0
ENST00000391418.3	0	0	0	0
ENST00000391419.3	0	0	0	0
ENST00000391429.1	0	0	0	0
ENST00000391440.3	93	19	22	1
ENST00000391586.3	0	0	0	0
ENST00000391587.3	0	0	0	0
ENST00000391588.3	0	0	0	0
ENST00000391617.1	0	0	0	0
ENST00000391618.1	0	0	0	0
ENST00000391620.2	0	0	0	0
ENST00000391621.1	0	0	0	0
ENST00000391624.1	0	0	0	0
ENST00000391701.1	58	3	28	2
ENST00000391705.7	134	7	81	3
ENST00000391711.7	1	0	0	0
ENST00000391713.5	26	1	14	0
ENST00000391720.8	34	0	33	0
ENST00000391728.8	1	0	0	0
ENST00000391738.8	0	0	0	0
ENST00000391742.7	2	0	2	0
ENST00000391749.4	0	0	0	0
ENST00000391752.5	422	560	1125	1024
ENST00000391759.5	207	38	206	28
ENST00000391767.5	0	0	0	0
ENST00000391769.2	787	67	780	60
ENST00000391773.6	0	0	0	0
ENST00000391777.3	12	5	3	2
ENST00000391812.5	24	58	23	40
ENST00000391835.1	400	90	390	77
ENST00000391842.5	909	230	866	177
ENST00000391851.8	1110	326	1202	304
ENST00000391857.9	88	229	1206	1306
ENST00000391860.7	21	1	21	1
ENST00000391865.7	357	346	348	303
ENST00000391884.2	0	0	0	0
ENST00000391895.6	21	5	20	4
ENST00000391901.7	0	0	0	0
ENST00000391911.5	521	77	499	66
ENST00000391916.7	4	0	4	0
ENST00000391929.7	0	0	0	0
ENST00000391945.10	644	121	632	97
ENST00000391946.7	39	27	34	13
ENST00000391958.6	16	0	11	0
ENST00000391960.4	40	11	15	2
ENST00000391967.7	0	0	0	0
ENST00000391973.6	1554	353	1725	295
ENST00000391975.5	3508	1602	3450	1233
ENST00000391984.7	66	20	61	15
ENST00000391989.6	1	0	1	0
ENST00000391997.3	0	0	0	0
ENST00000392002.7	3	8	4	8
ENST00000392006.8	1877	715	1829	594
ENST00000392017.9	515	86	505	66
ENST00000392027.3	124	13	20	0
ENST00000392028.8	165	3	159	3
ENST00000392038.7	609	105	533	65
ENST00000392045.8	5	1	4	0
ENST00000392051.4	0	0	0	0
ENST00000392052.8	0	0	0	0
ENST00000392055.7	288	21	285	17
ENST00000392056.8	0	0	0	0
ENST00000392062.7	169	6	175	4
ENST00000392070.7	0	0	0	0
ENST00000392102.6	304	69	299	50
ENST00000392122.3	1	4	1	4
ENST00000392129.10	961	192	956	139
ENST00000392133.7	3512	1095	3441	779
ENST00000392142.9	562	110	550	81
ENST00000392153.7	112	8	79	5
ENST00000392161.4	89	6	54	1
ENST00000392167.4	1	0	0	0
ENST00000392170.6	151	7	87	4
ENST00000392173.6	33	3	20	3
ENST00000392185.8	796	104	786	79
ENST00000392197.7	0	0	0	0
ENST00000392213.8	0	0	0	0
ENST00000392221.5	130	93	1487	575
ENST00000392238.3	250	1	229	1
ENST00000392246.7	75	15	520	45
ENST00000392257.7	0	0	0	0
ENST00000392271.6	549	184	535	144
ENST00000392283.9	314	27	318	18
ENST00000392288.6	9	2	3	0
ENST00000392318.8	2674	605	2563	440
ENST00000392321.3	70	7	50	5
ENST00000392325.9	370	99	484	80
ENST00000392328.6	97	7	96	4
ENST00000392329.7	302	30	271	21
ENST00000392343.3	56	45	52	33
ENST00000392358.6	1305	354	1301	276
ENST00000392359.8	300	51	227	38
ENST00000392370.8	18	0	19	0
ENST00000392379.6	255	12	248	11
ENST00000392386.8	1102	345	1033	278
ENST00000392391.7	278	23	278	21
ENST00000392396.7	4128	1024	4070	775
ENST00000392403.8	1160	344	1132	265
ENST00000392413.5	3	0	3	0
ENST00000392414.7	2	1	0	0
ENST00000392429.1	8	0	8	0
ENST00000392452.3	316	4	305	4
ENST00000392455.9	730	70	699	57
ENST00000392476.6	674	91	760	73
ENST00000392481.6	1149	171	1100	123
ENST00000392485.2	806	538	602	67
ENST00000392487.1	0	0	0	0
ENST00000392490.5	56	2	54	2
ENST00000392492.7	2	0	2	0
ENST00000392499.6	0	0	0	0
ENST00000392505.6	149	11	140	10
ENST00000392509.6	360	181	606	182
ENST00000392518.8	61	5	58	5
ENST00000392519.7	26	3	26	3
ENST00000392521.7	1004	122	959	87
ENST00000392523.8	336	92	242	57
ENST00000392524.6	25	23	1921	864
ENST00000392533.8	388	44	381	36
ENST00000392539.4	7	3	7	3
ENST00000392547.6	376	66	350	57
ENST00000392550.8	99	35	99	28
ENST00000392552.6	46	1	43	1
ENST00000392554.7	182	106	254	104
ENST00000392562.5	679	103	683	76
ENST00000392568.7	148	31	145	26
ENST00000392588.5	425	50	410	42
ENST00000392593.9	0	1	0	0
ENST00000392607.7	0	0	0	0
ENST00000392614.8	0	0	0	0
ENST00000392619.2	0	0	0	0
ENST00000392621.6	0	0	0	0
ENST00000392627.7	34	0	34	0
ENST00000392634.9	1063	288	980	218
ENST00000392644.9	72	8	72	6
ENST00000392647.7	366	22	344	15
ENST00000392650.8	1	0	1	0
ENST00000392653.3	0	0	0	0
ENST00000392664.2	0	0	0	0
ENST00000392676.8	146	24	142	18
ENST00000392678.7	12	7	13	4
ENST00000392687.4	624	29	627	23
ENST00000392690.3	18	0	17	0
ENST00000392692.7	1709	302	1681	225
ENST00000392701.8	99	4	96	2
ENST00000392708.9	1996	309	1955	231
ENST00000392711.5	1463	271	1538	219
ENST00000392745.8	130	54	125	43
ENST00000392750.7	755	107	745	81
ENST00000392769.6	94	7	92	4
ENST00000392770.6	0	0	0	0
ENST00000392783.7	272	59	267	44
ENST00000392790.6	2	6	1	5
ENST00000392793.5	0	1	0	0
ENST00000392795.7	1	0	1	0
ENST00000392806.4	0	0	0	0
ENST00000392818.7	180	27	173	23
ENST00000392825.8	11	1	10	1
ENST00000392827.2	2	0	2	0
ENST00000392837.9	284	21	272	14
ENST00000392842.5	0	0	0	0
ENST00000392863.6	133	10	130	9
ENST00000392869.6	116	7	112	5
ENST00000392870.3	648	184	628	123
ENST00000392872.8	381	51	832	70
ENST00000392876.8	192	1	192	2
ENST00000392886.6	0	0	0	0
ENST00000392915.6	0	0	0	0
ENST00000392920.8	88	43	90	33
ENST00000392927.7	0	0	0	0
ENST00000392951.9	1163	539	1051	373
ENST00000392959.5	116	4	111	4
ENST00000392976.5	254	27	255	25
ENST00000392977.8	263	32	259	27
ENST00000392981.6	916	75	900	57
ENST00000392982.8	0	0	0	0
ENST00000392993.7	352	10	353	8
ENST00000393033.9	637	201	590	156
ENST00000393035.6	486	43	471	35
ENST00000393040.7	980	334	948	266
ENST00000393045.7	555	85	540	69
ENST00000393047.8	242	29	235	24
ENST00000393056.8	0	0	0	0
ENST00000393067.8	0	0	0	0
ENST00000393077.2	315	20	310	14
ENST00000393081.5	9	4	10	1
ENST00000393085.4	570	113	567	82
ENST00000393092.7	0	0	0	0
ENST00000393094.7	572	38	556	32
ENST00000393106.6	496	39	468	30
ENST00000393114.7	187	46	178	37
ENST00000393115.7	143	13	125	11
ENST00000393119.7	360	17	355	14
ENST00000393127.6	1	0	1	0
ENST00000393132.2	227	21	226	16
ENST00000393140.6	0	0	0	0
ENST00000393147.6	0	0	0	0
ENST00000393158.7	191	3	182	2
ENST00000393165.7	1	0	0	0
ENST00000393190.4	0	0	0	0
ENST00000393196.7	331	314	369	275
ENST00000393197.3	0	0	0	0
ENST00000393203.3	1716	237	1681	190
ENST00000393216.2	0	0	0	0
ENST00000393217.7	29	6	29	6
ENST00000393218.6	680	80	821	73
ENST00000393229.4	1	0	1	0
ENST00000393230.6	340	23	330	17
ENST00000393238.7	163	22	162	17
ENST00000393261.8	279	25	277	20
ENST00000393274.6	2	2	2	0
ENST00000393284.7	3	0	3	0
ENST00000393295.8	0	0	11	1
ENST00000393316.8	0	0	0	0
ENST00000393328.6	652	71	620	52
ENST00000393330.6	15	2	15	2
ENST00000393346.8	1575	226	1452	168
ENST00000393354.7	0	0	0	0
ENST00000393359.7	380	74	382	59
ENST00000393366.7	435	113	608	132
ENST00000393370.6	847	208	820	165
ENST00000393371.6	0	0	0	0
ENST00000393381.3	395	56	606	55
ENST00000393382.7	2	1	2	1
ENST00000393386.7	7	0	7	0
ENST00000393405.6	247	51	232	34
ENST00000393408.7	362	125	712	139
ENST00000393409.2	485	168	412	112
ENST00000393437.8	1	0	1	0
ENST00000393451.7	392	39	372	34
ENST00000393459.5	435	91	433	79
ENST00000393469.8	392	21	372	11
ENST00000393473.6	71	8	69	5
ENST00000393483.8	7	0	6	0
ENST00000393486.5	289	25	286	19
ENST00000393537.5	120	11	119	12
ENST00000393545.9	72	4	70	2
ENST00000393562.10	1661	369	1562	278
ENST00000393565.5	302	511	293	396
ENST00000393567.7	0	0	0	0
ENST00000393586.1	335	45	321	34
ENST00000393593.8	235	24	236	16
ENST00000393599.3	45	3	45	2
ENST00000393600.8	841	334	773	252
ENST00000393609.7	818	225	803	192
ENST00000393623.6	548	76	520	64
ENST00000393627.6	0	0	0	0
ENST00000393630.8	1023	112	992	85
ENST00000393640.8	104	34	102	27
ENST00000393651.8	695	137	835	130
ENST00000393655.4	0	0	0	0
ENST00000393667.7	1543	410	1495	330
ENST00000393674.7	239	12	236	10
ENST00000393677.8	242	43	234	24
ENST00000393679.5	129	9	116	7
ENST00000393693.7	0	0	0	0
ENST00000393695.8	1969	576	1916	469
ENST00000393700.8	5	0	5	0
ENST00000393708.3	33	29	16	15
ENST00000393716.6	0	0	0	0
ENST00000393743.8	158	12	143	8
ENST00000393752.3	1	0	1	0
ENST00000393760.6	364	101	373	77
ENST00000393774.7	0	0	0	0
ENST00000393775.7	2	0	1	0
ENST00000393784.8	1090	259	1075	222
ENST00000393791.8	1	0	1	0
ENST00000393792.3	285	65	282	51
ENST00000393795.7	404	129	397	87
ENST00000393796.4	0	0	0	0
ENST00000393800.6	1865	306	1781	222
ENST00000393812.4	804	122	793	81
ENST00000393818.3	667	199	661	161
ENST00000393822.7	0	0	0	0
ENST00000393825.5	10	0	9	0
ENST00000393829.6	844	86	811	65
ENST00000393845.9	3	50	1	22
ENST00000393860.7	822	169	730	120
ENST00000393868.7	1087	195	1037	145
ENST00000393869.8	135	5	62	1
ENST00000393878.5	0	0	0	0
ENST00000393892.8	1176	252	1131	199
ENST00000393909.7	916	122	924	96
ENST00000393913.8	66	4	57	1
ENST00000393915.9	1228	184	1164	133
ENST00000393917.6	1	0	0	0
ENST00000393927.9	111	14	91	7
ENST00000393931.8	671	41	648	34
ENST00000393946.6	509	92	491	69
ENST00000393950.7	69	16	62	11
ENST00000393952.3	175	195	163	152
ENST00000393964.1	675	240	440	67
ENST00000393976.6	4	1	2	0
ENST00000393989.1	0	0	0	0
ENST00000393992.5	1	0	1	0
ENST00000393997.8	1	7	1	5
ENST00000394001.1	0	0	0	0
ENST00000394008.1	0	0	0	0
ENST00000394009.5	40	3	36	2
ENST00000394014.2	0	0	0	0
ENST00000394015.3	0	0	0	0
ENST00000394019.6	0	0	0	0
ENST00000394030.8	870	105	826	82
ENST00000394048.9	1759	231	1764	186
ENST00000394052.5	0	0	0	0
ENST00000394053.7	764	139	1156	154
ENST00000394056.6	336	47	323	42
ENST00000394070.7	541	93	530	58
ENST00000394077.8	209	278	1275	803
ENST00000394095.7	163	17	158	15
ENST00000394106.6	98	6	96	4
ENST00000394109.7	252	44	238	38
ENST00000394123.7	1775	467	2044	361
ENST00000394128.7	1158	246	1120	205
ENST00000394132.7	98	20	91	16
ENST00000394140.9	732	86	773	64
ENST00000394143.6	0	0	0	0
ENST00000394144.9	694	50	698	41
ENST00000394147.5	283	46	271	33
ENST00000394149.8	0	0	0	0
ENST00000394152.7	114	23	94	17
ENST00000394162.5	12	0	13	0
ENST00000394164.5	601	41	589	29
ENST00000394166.8	437	54	335	35
ENST00000394169.5	287	17	276	15
ENST00000394170.6	189	32	174	23
ENST00000394186.3	135	70	266	57
ENST00000394196.9	631	245	627	187
ENST00000394222.8	421	56	412	41
ENST00000394224.3	361	96	352	77
ENST00000394231.8	235	49	233	43
ENST00000394232.5	20	3	20	2
ENST00000394235.6	393	50	547	43
ENST00000394236.9	152	9	253	16
ENST00000394249.8	2043	564	68	12
ENST00000394252.4	59	0	54	0
ENST00000394253.7	38	44	38	32
ENST00000394258.6	367	104	355	87
ENST00000394264.7	172	11	160	8
ENST00000394272.8	125	13	122	11
ENST00000394282.8	56	0	53	0
ENST00000394295.6	775	84	755	74
ENST00000394303.8	33	15	31	13
ENST00000394308.8	1393	247	1697	214
ENST00000394319.8	20	0	18	0
ENST00000394323.3	8	0	8	0
ENST00000394329.8	1491	111	1425	89
ENST00000394334.7	949	80	918	59
ENST00000394363.5	170	30	165	22
ENST00000394391.9	513	110	979	111
ENST00000394412.8	184	99	174	83
ENST00000394419.8	2442	1301	2008	881
ENST00000394422.8	782	158	377	34
ENST00000394427.3	0	0	0	0
ENST00000394434.7	3101	800	3137	603
ENST00000394440.8	2358	652	2392	465
ENST00000394456.10	834	314	814	251
ENST00000394458.7	104	38	49	29
ENST00000394468.7	0	0	0	0
ENST00000394480.6	0	0	0	0
ENST00000394485.5	89	5	50	1
ENST00000394507.5	549	117	534	87
ENST00000394518.7	868	105	839	71
ENST00000394532.7	205	20	198	21
ENST00000394540.4	0	0	0	0
ENST00000394549.7	0	0	0	0
ENST00000394552.3	171	11	79	0
ENST00000394553.6	348	81	338	58
ENST00000394555.6	2515	599	2445	445
ENST00000394562.5	362	44	252	9
ENST00000394566.5	5	1	0	0
ENST00000394570.6	1	0	1	0
ENST00000394571.3	0	0	0	0
ENST00000394573.6	1	0	1	0
ENST00000394576.3	3	0	2	0
ENST00000394607.7	376	23	387	20
ENST00000394609.6	1077	268	1054	190
ENST00000394620.2	0	0	0	0
ENST00000394621.7	1	0	1	0
ENST00000394634.6	1	0	1	0
ENST00000394636.9	99	16	97	15
ENST00000394650.7	54	5	48	3
ENST00000394654.3	26	0	24	0
ENST00000394657.12	48	0	112	5
ENST00000394666.7	52	2	50	2
ENST00000394668.2	166	216	884	425
ENST00000394670.8	1171	240	1344	179
ENST00000394671.7	162	28	152	19
ENST00000394672.8	405	99	386	73
ENST00000394684.8	447	37	433	26
ENST00000394685.8	206	37	207	27
ENST00000394689.2	159	60	675	150
ENST00000394703.9	442	104	406	67
ENST00000394705.3	0	5	0	5
ENST00000394708.7	259	15	251	15
ENST00000394709.2	82	1	64	0
ENST00000394718.4	67	9	64	6
ENST00000394747.5	1	0	1	0
ENST00000394752.8	395	46	395	42
ENST00000394754.5	0	0	0	0
ENST00000394767.3	36	0	35	0
ENST00000394773.6	508	160	477	130
ENST00000394775.3	26	13	58	13
ENST00000394780.8	410	48	372	32
ENST00000394785.9	174	14	164	8
ENST00000394795.6	653	93	614	65
ENST00000394804.6	157	36	491	64
ENST00000394805.8	0	0	0	0
ENST00000394809.9	687	42	655	27
ENST00000394810.3	0	0	0	0
ENST00000394815.3	894	193	874	157
ENST00000394818.8	926	274	874	208
ENST00000394833.6	547	34	515	21
ENST00000394835.7	7	0	6	0
ENST00000394836.7	118	23	107	26
ENST00000394854.8	1059	85	1032	59
ENST00000394855.7	244	33	244	28
ENST00000394857.8	122	34	120	22
ENST00000394859.8	277	40	270	32
ENST00000394863.8	901	165	873	136
ENST00000394869.7	510	81	487	63
ENST00000394872.6	131	10	120	10
ENST00000394885.8	1131	237	1099	180
ENST00000394886.7	1010	124	973	97
ENST00000394894.8	2391	619	2379	451
ENST00000394899.6	0	0	0	0
ENST00000394900.7	450	58	442	48
ENST00000394905.2	9	0	9	0
ENST00000394907.8	123	6	116	2
ENST00000394908.9	921	183	915	138
ENST00000394919.5	697	47	674	35
ENST00000394926.7	51	7	50	4
ENST00000394936.8	2534	845	2451	649
ENST00000394942.2	298	13	302	12
ENST00000394945.6	1628	363	1561	278
ENST00000394947.8	1292	178	1318	154
ENST00000394951.5	650	123	638	95
ENST00000394955.3	2	3	3	3
ENST00000394957.8	180	8	172	8
ENST00000394963.9	983	93	955	75
ENST00000394965.6	1093	201	1055	146
ENST00000394967.3	0	0	0	0
ENST00000394975.3	728	204	739	166
ENST00000394976.4	503	60	487	51
ENST00000394980.5	1	0	1	0
ENST00000394991.8	434	109	437	95
ENST00000395018.6	0	0	0	0
ENST00000395040.6	4	0	3	0
ENST00000395042.2	141	9	132	9
ENST00000395047.6	338	254	1752	482
ENST00000395048.6	6	0	5	0
ENST00000395052.8	0	0	0	0
ENST00000395064.3	213	21	192	18
ENST00000395065.8	8	0	7	0
ENST00000395074.6	20	3	19	3
ENST00000395076.9	474	39	535	37
ENST00000395079.2	0	0	0	0
ENST00000395080.8	3	0	3	0
ENST00000395097.7	323	27	313	19
ENST00000395102.8	0	0	0	0
ENST00000395104.5	5	5	5	4
ENST00000395116.1	1	5	1	4
ENST00000395123.6	1211	167	1177	125
ENST00000395131.5	527	114	514	88
ENST00000395145.3	9	0	5	0
ENST00000395159.7	209	22	278	19
ENST00000395176.3	264	31	246	26
ENST00000395184.6	14	5	14	5
ENST00000395209.7	2	3	1	2
ENST00000395216.3	38	9	35	7
ENST00000395224.6	1	1	1	1
ENST00000395245.9	750	197	727	148
ENST00000395254.8	95	0	95	0
ENST00000395275.7	0	0	0	0
ENST00000395284.8	1394	230	1388	172
ENST00000395297.6	0	0	0	0
ENST00000395307.6	2	0	2	0
ENST00000395310.7	2645	430	2550	311
ENST00000395314.8	3554	1501	3502	1063
ENST00000395321.6	293	22	284	20
ENST00000395323.9	277	16	283	13
ENST00000395325.7	84	3	83	3
ENST00000395326.8	208	11	276	14
ENST00000395334.6	33	6	342	13
ENST00000395348.7	196	15	191	6
ENST00000395353.5	1020	168	988	142
ENST00000395366.3	1740	194	1592	141
ENST00000395384.9	420	66	380	61
ENST00000395386.6	831	143	819	105
ENST00000395388.7	1	0	1	0
ENST00000395395.7	26	5	21	3
ENST00000395407.7	12	3	12	2
ENST00000395422.4	206	114	837	244
ENST00000395443.7	1144	149	1119	112
ENST00000395456.7	0	3	0	3
ENST00000395468.9	349	38	625	50
ENST00000395471.7	306	26	496	44
ENST00000395473.7	1	0	0	0
ENST00000395477.6	67	13	65	10
ENST00000395499.5	342	43	336	6
ENST00000395503.9	7	4	6	2
ENST00000395510.6	152	32	1048	111
ENST00000395511.7	372	40	373	31
ENST00000395512.5	6	13	0	0
ENST00000395523.5	53	14	58	13
ENST00000395526.9	13	0	4	0
ENST00000395544.9	48	17	47	13
ENST00000395550.7	479	91	458	72
ENST00000395587.5	19	26	0	0
ENST00000395595.7	29	3	7	0
ENST00000395601.7	122	0	120	0
ENST00000395609.5	80	6	12	0
ENST00000395611.7	410	31	368	21
ENST00000395630.5	23	2	12	0
ENST00000395631.6	2289	518	2249	375
ENST00000395645.3	0	7	0	0
ENST00000395650.6	0	44	0	35
ENST00000395665.9	0	1	0	2
ENST00000395671.9	294	191	46	8
ENST00000395675.5	15	0	1	0
ENST00000395686.8	1169	95	1157	79
ENST00000395694.7	609	131	578	109
ENST00000395699.5	353	27	259	20
ENST00000395715.7	599	62	572	49
ENST00000395718.6	741	69	722	58
ENST00000395728.7	798	160	771	124
ENST00000395738.2	34	0	33	0
ENST00000395743.8	9	0	8	0
ENST00000395744.7	477	152	463	133
ENST00000395748.8	4	0	3	0
ENST00000395761.4	1	0	0	0
ENST00000395762.7	99	14	89	12
ENST00000395783.5	410	49	399	46
ENST00000395787.4	252	28	565	28
ENST00000395792.7	13	1	10	1
ENST00000395797.1	105	9	95	9
ENST00000395799.8	778	250	746	178
ENST00000395809.5	0	0	0	0
ENST00000395825.4	44	4	38	4
ENST00000395833.7	0	0	0	0
ENST00000395834.5	601	60	538	32
ENST00000395840.6	1041	132	1030	109
ENST00000395842.3	53	26	48	18
ENST00000395860.7	90	15	103	11
ENST00000395863.8	0	0	0	0
ENST00000395867.7	79	15	60	11
ENST00000395871.7	0	0	0	0
ENST00000395876.6	0	0	0	0
ENST00000395878.8	615	83	742	81
ENST00000395879.5	311	60	306	46
ENST00000395891.7	136	21	132	17
ENST00000395905.8	15	2	15	2
ENST00000395906.8	1	0	0	0
ENST00000395923.5	4	0	4	0
ENST00000395925.8	188	8	179	4
ENST00000395930.6	1	0	1	0
ENST00000395952.8	388	54	22	3
ENST00000395957.6	130	56	1654	491
ENST00000395961.7	0	0	0	0
ENST00000395965.8	500	37	493	24
ENST00000395987.8	9	2	9	1
ENST00000396005.8	0	1	0	0
ENST00000396024.7	742	1002	2975	1959
ENST00000396026.7	80	14	64	9
ENST00000396033.6	3406	1475	4404	1408
ENST00000396037.8	0	0	0	0
ENST00000396049.5	827	105	789	79
ENST00000396052.3	217	12	210	7
ENST00000396056.7	145	14	130	12
ENST00000396057.6	1	0	1	0
ENST00000396060.7	425	35	480	34
ENST00000396065.3	2	0	2	0
ENST00000396073.4	0	0	0	0
ENST00000396076.5	298	261	467	202
ENST00000396077.8	344	28	320	19
ENST00000396081.5	292	40	284	34
ENST00000396083.7	515	30	596	25
ENST00000396094.6	0	0	0	0
ENST00000396124.9	289	35	263	27
ENST00000396128.9	276	15	269	12
ENST00000396137.5	346	34	325	26
ENST00000396138.8	0	0	0	0
ENST00000396147.5	1	0	0	0
ENST00000396153.7	1130	249	1118	177
ENST00000396154.7	101	12	70	5
ENST00000396161.10	185	21	131	18
ENST00000396168.1	0	0	0	0
ENST00000396169.7	0	0	0	0
ENST00000396193.5	59	10	54	10
ENST00000396197.8	389	34	382	17
ENST00000396200.3	182	11	178	10
ENST00000396203.7	221	270	1335	745
ENST00000396209.5	954	305	919	202
ENST00000396212.6	511	68	514	51
ENST00000396229.6	13	1	13	1
ENST00000396265.4	664	237	622	186
ENST00000396268.7	330	59	316	45
ENST00000396271.8	472	42	457	35
ENST00000396275.2	0	0	0	0
ENST00000396300.6	51	1	49	1
ENST00000396307.6	304	20	287	14
ENST00000396308.3	89	7	81	6
ENST00000396319.6	1714	330	1696	251
ENST00000396328.5	30	2	33	2
ENST00000396330.6	98	2	97	2
ENST00000396333.3	0	3	0	3
ENST00000396334.8	259	18	252	14
ENST00000396355.5	505	49	484	40
ENST00000396365.6	0	0	0	0
ENST00000396368.8	515	58	513	49
ENST00000396373.9	350	29	347	20
ENST00000396385.4	69	2	68	1
ENST00000396394.6	495	105	124	19
ENST00000396396.6	6	0	13	1
ENST00000396398.8	526	51	515	39
ENST00000396400.4	1	0	0	0
ENST00000396402.6	1	0	1	0
ENST00000396403.9	36	2	11	0
ENST00000396408.8	110	2	26	1
ENST00000396410.9	857	192	1458	300
ENST00000396418.7	15	1	14	1
ENST00000396424.5	0	0	0	0
ENST00000396426.7	10	0	10	0
ENST00000396432.7	241	146	662	266
ENST00000396444.7	837	146	1053	126
ENST00000396477.4	0	0	0	0
ENST00000396478.4	379	20	377	14
ENST00000396496.7	278	24	261	19
ENST00000396505.7	255	30	248	17
ENST00000396516.6	1263	216	1247	164
ENST00000396533.5	0	0	0	0
ENST00000396553.6	24	2	23	2
ENST00000396556.6	929	190	917	148
ENST00000396560.6	14	0	15	0
ENST00000396578.8	308	64	295	48
ENST00000396581.6	0	0	0	0
ENST00000396591.8	983	127	959	83
ENST00000396593.6	355	36	318	24
ENST00000396596.2	0	0	0	0
ENST00000396600.6	0	0	0	0
ENST00000396602.7	487	25	471	18
ENST00000396623.8	17	1	6	1
ENST00000396625.5	744	113	749	89
ENST00000396628.6	508	105	497	78
ENST00000396634.5	457	410	137	78
ENST00000396638.7	6	0	6	0
ENST00000396641.6	0	0	0	0
ENST00000396651.8	384	449	1372	829
ENST00000396654.7	188	10	0	0
ENST00000396659.8	12	1	12	0
ENST00000396663.2	138	13	656	54
ENST00000396667.7	898	63	844	48
ENST00000396679.6	886	114	888	86
ENST00000396684.3	498	249	471	190
ENST00000396703.6	568	54	494	34
ENST00000396705.10	500	803	1760	1385
ENST00000396706.2	288	65	286	52
ENST00000396720.7	128	34	120	30
ENST00000396738.7	133	38	133	32
ENST00000396741.3	410	102	368	67
ENST00000396751.6	1406	418	1364	104
ENST00000396776.6	0	0	0	0
ENST00000396789.4	0	11	0	9
ENST00000396801.7	463	62	422	39
ENST00000396806.3	0	0	0	0
ENST00000396811.6	185	40	172	26
ENST00000396813.5	258	12	250	9
ENST00000396819.8	444	157	409	127
ENST00000396821.7	2302	584	2175	430
ENST00000396825.4	229	4	223	4
ENST00000396832.6	0	0	0	0
ENST00000396842.7	407	25	397	18
ENST00000396852.9	140	39	124	32
ENST00000396857.7	2	0	2	0
ENST00000396861.5	774	1740	2758	3267
ENST00000396862.2	14	2	14	2
ENST00000396864.8	110	5	0	0
ENST00000396865.7	561	24	552	17
ENST00000396872.7	20	1	30	1
ENST00000396878.8	76	26	66	20
ENST00000396884.8	0	0	0	0
ENST00000396908.8	108	3	105	4
ENST00000396912.2	240	19	147	12
ENST00000396914.4	210	25	332	31
ENST00000396925.1	0	0	1	0
ENST00000396946.8	2	0	2	0
ENST00000396950.4	0	0	0	0
ENST00000396952.6	0	0	0	0
ENST00000396954.8	305	37	314	30
ENST00000396958.8	194	35	167	23
ENST00000396976.6	284	55	230	42
ENST00000396981.6	460	41	465	35
ENST00000396987.7	464	90	525	74
ENST00000396988.7	0	0	0	0
ENST00000397016.6	1	0	0	0
ENST00000397033.7	100	6	96	3
ENST00000397041.8	250	51	221	37
ENST00000397049.2	404	79	391	56
ENST00000397056.1	234	8	227	6
ENST00000397060.8	0	0	0	0
ENST00000397061.3	402	15	405	13
ENST00000397062.8	1370	209	1361	149
ENST00000397066.9	970	145	967	126
ENST00000397081.8	4	0	5	0
ENST00000397092.5	2	3	2	3
ENST00000397095.2	2	2	2	2
ENST00000397098.8	536	125	533	110
ENST00000397104.5	1	0	0	0
ENST00000397118.7	0	0	0	0
ENST00000397126.9	1	1	0	0
ENST00000397128.6	1756	221	1674	181
ENST00000397132.6	586	50	550	28
ENST00000397133.2	255	59	248	0
ENST00000397146.7	0	0	0	0
ENST00000397149.4	1077	144	2094	181
ENST00000397163.8	1	3	0	0
ENST00000397165.7	1	0	0	0
ENST00000397166.7	560	93	542	71
ENST00000397167.5	34	12	34	10
ENST00000397180.6	0	0	0	0
ENST00000397183.6	0	0	0	0
ENST00000397195.10	1117	187	1375	160
ENST00000397196.7	135	21	113	18
ENST00000397224.8	748	112	729	94
ENST00000397225.2	353	88	349	65
ENST00000397238.7	292	115	280	86
ENST00000397256.5	0	0	0	0
ENST00000397261.7	385	64	426	47
ENST00000397262.5	0	0	0	0
ENST00000397267.5	3	0	2	0
ENST00000397272.7	0	0	0	0
ENST00000397281.6	186	75	163	66
ENST00000397292.8	1487	153	1461	110
ENST00000397298.8	93	12	280	31
ENST00000397299.9	32	0	31	0
ENST00000397332.2	4	1	4	1
ENST00000397333.4	262	66	255	52
ENST00000397356.8	243	59	236	44
ENST00000397358.7	164	10	155	6
ENST00000397367.6	50	3	50	1
ENST00000397374.8	48	7	48	3
ENST00000397375.7	798	452	759	221
ENST00000397404.5	652	137	606	94
ENST00000397410.10	539	111	539	95
ENST00000397412.8	194	68	175	49
ENST00000397420.9	1149	373	1083	267
ENST00000397452.5	0	2	0	1
ENST00000397456.2	0	0	0	0
ENST00000397457.7	211	5	61	2
ENST00000397461.5	1	0	1	0
ENST00000397463.3	16	7	16	5
ENST00000397501.5	55	10	55	9
ENST00000397510.7	65	24	66	15
ENST00000397525.5	395	54	393	43
ENST00000397527.6	450	161	437	130
ENST00000397537.3	0	0	0	0
ENST00000397541.6	0	0	0	0
ENST00000397542.7	0	0	0	0
ENST00000397545.9	60	14	55	10
ENST00000397558.6	0	0	0	0
ENST00000397560.7	83	8	77	6
ENST00000397566.5	38	8	34	7
ENST00000397581.6	768	43	755	35
ENST00000397583.8	93	14	86	12
ENST00000397588.8	561	109	525	79
ENST00000397609.6	883	104	951	85
ENST00000397621.6	188	22	192	17
ENST00000397622.7	1319	63	1305	49
ENST00000397625.8	539	72	533	49
ENST00000397637.5	467	157	444	96
ENST00000397640.6	0	0	0	0
ENST00000397641.8	666	92	663	80
ENST00000397676.8	875	164	887	133
ENST00000397677.6	408	84	407	70
ENST00000397712.7	548	61	796	64
ENST00000397728.8	871	158	862	127
ENST00000397732.8	0	0	0	0
ENST00000397747.5	21	0	20	0
ENST00000397752.7	2557	301	2477	232
ENST00000397762.6	174	6	170	4
ENST00000397764.8	74	13	250	22
ENST00000397766.4	42	6	42	5
ENST00000397770.8	2	10	1	8
ENST00000397771.6	734	141	711	117
ENST00000397778.7	144	17	137	16
ENST00000397786.7	1072	136	1070	107
ENST00000397799.2	12	1	12	1
ENST00000397801.6	2	0	1	0
ENST00000397802.8	522	88	508	69
ENST00000397809.10	366	47	359	32
ENST00000397820.5	0	0	0	0
ENST00000397821.8	260	71	265	60
ENST00000397826.7	81	24	323	34
ENST00000397843.7	631	148	621	110
ENST00000397850.6	13	3	12	2
ENST00000397861.7	0	0	0	0
ENST00000397885.3	1390	273	1464	213
ENST00000397890.6	397	62	361	50
ENST00000397899.7	0	0	0	0
ENST00000397901.8	541	84	539	69
ENST00000397902.6	13	3	6	2
ENST00000397906.6	540	47	530	42
ENST00000397907.1	0	0	0	0
ENST00000397910.8	94	18	80	8
ENST00000397911.5	0	0	0	0
ENST00000397928.5	99	15	97	11
ENST00000397936.8	0	0	0	0
ENST00000397938.6	1107	532	1922	542
ENST00000397940.5	3	0	2	0
ENST00000397942.4	248	42	301	30
ENST00000397944.8	0	0	0	0
ENST00000397956.7	67	7	58	0
ENST00000397967.5	0	0	0	0
ENST00000397968.4	99	5	100	4
ENST00000397977.8	1156	297	1116	231
ENST00000397983.7	408	56	407	53
ENST00000398000.7	0	0	0	0
ENST00000398004.4	307	8	299	7
ENST00000398015.8	0	0	0	0
ENST00000398019.7	23	0	21	0
ENST00000398022.7	1292	128	1275	103
ENST00000398023.3	0	0	0	0
ENST00000398027.6	10	0	7	0
ENST00000398052.9	5	2	4	2
ENST00000398055.8	74	10	73	8
ENST00000398056.6	0	0	0	0
ENST00000398073.7	345	76	367	55
ENST00000398075.4	32	10	32	9
ENST00000398092.4	12	7	3	0
ENST00000398117.1	34	4	31	3
ENST00000398125.5	1158	175	1164	136
ENST00000398136.7	806	62	784	51
ENST00000398138.4	0	0	0	0
ENST00000398145.6	179	49	177	33
ENST00000398146.4	0	0	0	0
ENST00000398148.7	1132	361	1256	286
ENST00000398153.7	531	100	493	65
ENST00000398186.5	0	0	0	0
ENST00000398189.4	0	0	0	0
ENST00000398193.8	0	0	0	0
ENST00000398208.3	473	75	480	51
ENST00000398213.4	253	46	250	35
ENST00000398226.7	559	115	526	93
ENST00000398238.8	496	64	1360	143
ENST00000398246.8	78	9	74	6
ENST00000398250.6	3	0	2	0
ENST00000398290.7	0	0	0	0
ENST00000398291.4	3	0	2	0
ENST00000398319.6	673	149	671	118
ENST00000398322.7	44	5	46	5
ENST00000398333.7	0	0	1	0
ENST00000398344.8	0	0	0	0
ENST00000398389.8	39	15	38	9
ENST00000398392.2	381	28	361	22
ENST00000398399.7	205	19	199	14
ENST00000398411.5	366	76	318	51
ENST00000398449.7	41	7	40	4
ENST00000398455.3	0	0	0	0
ENST00000398458.4	0	0	0	0
ENST00000398462.6	0	0	0	0
ENST00000398468.4	0	0	0	0
ENST00000398470.1	0	0	0	0
ENST00000398472.1	1	0	0	0
ENST00000398473.7	1070	136	1278	127
ENST00000398475.5	3	0	3	0
ENST00000398484.6	309	102	295	87
ENST00000398531.3	0	0	0	0
ENST00000398532.9	337	214	312	168
ENST00000398534.4	0	0	0	0
ENST00000398536.6	0	0	0	0
ENST00000398538.5	519	269	501	194
ENST00000398540.8	159	24	154	18
ENST00000398545.5	3	0	2	0
ENST00000398548.5	252	49	238	36
ENST00000398559.7	1081	142	1062	108
ENST00000398568.6	411	55	408	41
ENST00000398571.7	1350	318	1326	221
ENST00000398576.6	0	0	0	0
ENST00000398587.7	5	0	3	0
ENST00000398594.4	4	1	4	1
ENST00000398600.6	139	10	133	10
ENST00000398604.2	1	0	0	0
ENST00000398606.10	1329	1120	1237	818
ENST00000398610.2	34	2	23	0
ENST00000398612.3	8	2	5	1
ENST00000398631.3	2	0	2	0
ENST00000398634.7	0	0	0	0
ENST00000398636.8	0	0	0	0
ENST00000398637.10	1887	257	1857	203
ENST00000398640.7	0	0	0	0
ENST00000398664.4	0	0	0	0
ENST00000398665.8	358	138	343	106
ENST00000398675.8	311	19	359	9
ENST00000398682.4	0	0	0	0
ENST00000398706.6	383	120	380	73
ENST00000398712.7	263	72	248	67
ENST00000398714.3	0	0	0	0
ENST00000398718.1	0	0	0	0
ENST00000398721.5	0	0	0	0
ENST00000398733.8	479	110	412	67
ENST00000398742.2	0	0	0	0
ENST00000398752.11	2325	1179	3053	1077
ENST00000398754.1	0	0	0	0
ENST00000398776.2	0	0	0	0
ENST00000398793.6	221	64	245	57
ENST00000398795.7	9	0	8	0
ENST00000398802.5	30	5	29	5
ENST00000398805.8	1133	125	1125	105
ENST00000398814.8	0	0	0	0
ENST00000398838.8	91	0	86	1
ENST00000398844.7	1062	78	1055	68
ENST00000398864.7	798	91	760	77
ENST00000398868.8	1573	114	1555	87
ENST00000398882.8	10	4	11	3
ENST00000398884.7	436	210	3	1
ENST00000398904.6	9	0	8	0
ENST00000398938.7	2	0	2	0
ENST00000398944.7	1	1	0	0
ENST00000398955.2	0	0	0	0
ENST00000399002.7	213	19	207	10
ENST00000399004.7	238	8	236	7
ENST00000399006.6	1275	254	1226	203
ENST00000399017.6	595	291	1054	347
ENST00000399022.9	676	99	618	62
ENST00000399044.1	0	0	0	0
ENST00000399061.3	600	60	471	45
ENST00000399069.8	554	62	561	48
ENST00000399080.2	0	0	0	0
ENST00000399120.5	268	38	259	32
ENST00000399134.5	1	0	0	0
ENST00000399137.5	0	0	0	0
ENST00000399138.5	541	113	521	92
ENST00000399143.9	0	0	0	0
ENST00000399147.8	0	3	0	1
ENST00000399151.3	41	4	41	4
ENST00000399163.6	0	0	0	0
ENST00000399215.5	175	25	165	17
ENST00000399232.8	3	0	3	0
ENST00000399262.7	597	128	574	92
ENST00000399273.5	0	0	0	0
ENST00000399277.6	188	36	172	27
ENST00000399285.5	0	0	0	0
ENST00000399286.3	0	0	0	0
ENST00000399298.8	0	0	0	0
ENST00000399300.6	541	96	516	74
ENST00000399302.7	1332	141	1277	109
ENST00000399312.3	369	66	408	67
ENST00000399332.6	1546	457	1507	351
ENST00000399336.9	11	0	0	0
ENST00000399363.4	0	0	0	0
ENST00000399395.7	299	51	262	16
ENST00000399397.5	28	0	28	0
ENST00000399398.2	0	0	0	0
ENST00000399409.7	360	43	344	33
ENST00000399410.8	2729	396	2630	336
ENST00000399422.4	0	0	0	0
ENST00000399429.8	0	0	0	0
ENST00000399444.7	0	0	0	0
ENST00000399451.6	965	156	941	102
ENST00000399464.7	296	190	294	165
ENST00000399503.4	378	42	372	32
ENST00000399518.3	0	0	0	0
ENST00000399564.5	1	0	0	0
ENST00000399575.7	0	0	0	0
ENST00000399583.4	1	0	1	0
ENST00000399598.7	173	8	286	7
ENST00000399599.7	184	18	192	13
ENST00000399602.9	249	38	165	18
ENST00000399609.7	4	0	4	0
ENST00000399635.4	0	0	0	0
ENST00000399653.8	75	0	64	0
ENST00000399668.7	1214	166	1145	127
ENST00000399672.5	274	31	309	23
ENST00000399676.3	0	0	0	0
ENST00000399677.4	0	0	0	0
ENST00000399682.1	0	0	0	0
ENST00000399685.1	0	0	0	0
ENST00000399703.6	94	32	20	1
ENST00000399722.6	573	148	565	106
ENST00000399728.5	893	436	907	331
ENST00000399742.7	0	0	0	0
ENST00000399744.8	154	32	152	27
ENST00000399770.2	0	0	0	0
ENST00000399775.3	2	0	2	0
ENST00000399784.6	0	0	0	0
ENST00000399788.7	1414	270	1390	205
ENST00000399793.6	161	10	143	8
ENST00000399794.6	105	16	28	3
ENST00000399799.3	1135	203	1212	178
ENST00000399808.5	255	129	255	49
ENST00000399810.7	0	0	0	0
ENST00000399816.4	0	0	0	0
ENST00000399820.8	417	63	405	45
ENST00000399837.8	0	0	0	0
ENST00000399878.8	988	202	987	166
ENST00000399881.8	22	0	19	0
ENST00000399889.4	0	0	0	0
ENST00000399892.7	1003	76	1005	59
ENST00000399899.2	0	0	0	0
ENST00000399910.5	0	0	0	0
ENST00000399921.5	448	48	435	30
ENST00000399932.8	701	167	698	125
ENST00000399933.8	175	79	168	59
ENST00000399935.6	2	3	2	2
ENST00000399949.6	2	0	1	0
ENST00000399974.5	0	0	0	0
ENST00000399975.7	677	126	666	102
ENST00000399992.5	0	0	0	0
ENST00000400000.7	731	102	1066	27
ENST00000400004.6	0	0	0	0
ENST00000400017.6	0	0	0	0
ENST00000400068.7	196	27	163	23
ENST00000400079.1	0	0	0	0
ENST00000400081.7	0	0	0	0
ENST00000400085.7	0	0	0	0
ENST00000400093.3	407	119	634	110
ENST00000400113.8	1	0	0	0
ENST00000400120.3	0	0	0	0
ENST00000400137.9	32	21	0	0
ENST00000400150.7	0	0	0	0
ENST00000400156.4	0	0	0	0
ENST00000400159.6	50	4	43	3
ENST00000400181.9	2002	429	1921	329
ENST00000400183.6	694	172	676	125
ENST00000400198.8	496	351	478	268
ENST00000400206.7	0	0	0	0
ENST00000400230.6	0	0	0	0
ENST00000400237.2	0	0	0	0
ENST00000400256.5	0	0	0	0
ENST00000400314.5	0	0	0	0
ENST00000400324.9	2043	367	2017	288
ENST00000400331.10	2	0	2	0
ENST00000400335.8	17	13	17	8
ENST00000400358.8	1	0	0	0
ENST00000400365.3	0	0	0	0
ENST00000400368.1	0	0	0	0
ENST00000400372.1	0	0	0	0
ENST00000400374.4	0	0	0	0
ENST00000400375.1	0	0	0	0
ENST00000400379.7	1	0	3	0
ENST00000400382.6	0	0	0	0
ENST00000400384.7	3	0	2	0
ENST00000400405.4	0	0	0	0
ENST00000400419.2	0	0	0	0
ENST00000400441.7	15	58	14	32
ENST00000400445.7	257	23	283	21
ENST00000400451.7	58	9	44	8
ENST00000400454.6	0	0	0	0
ENST00000400457.3	0	0	0	0
ENST00000400485.6	490	39	467	25
ENST00000400520.7	0	0	0	0
ENST00000400521.7	453	105	426	86
ENST00000400522.8	0	0	0	0
ENST00000400546.6	251	28	245	21
ENST00000400549.1	0	0	0	0
ENST00000400552.1	0	0	0	0
ENST00000400556.7	846	180	834	137
ENST00000400566.6	1	0	1	0
ENST00000400577.4	1	0	1	0
ENST00000400590.7	326	20	545	20
ENST00000400606.6	0	0	0	0
ENST00000400613.4	0	0	0	0
ENST00000400633.2	0	0	0	0
ENST00000400664.2	0	0	0	0
ENST00000400677.5	0	0	0	0
ENST00000400723.8	0	1	0	1
ENST00000400752.6	3	0	3	0
ENST00000400788.9	234	22	311	18
ENST00000400809.8	328	275	303	227
ENST00000400889.3	0	0	0	0
ENST00000400897.8	0	1	0	1
ENST00000400900.6	0	0	0	0
ENST00000400906.1	0	0	0	0
ENST00000400999.6	8	0	9	0
ENST00000401053.8	0	0	0	0
ENST00000401061.9	236	18	232	18
ENST00000401073.7	599	116	578	101
ENST00000401088.9	288	65	283	49
ENST00000401095.8	0	0	0	0
ENST00000401401.7	0	0	0	0
ENST00000401408.6	53	7	52	7
ENST00000401445.4	0	0	0	0
ENST00000401500.7	455	127	430	89
ENST00000401525.7	722	211	655	147
ENST00000401528.5	1	6	1	5
ENST00000401533.7	18	6	15	4
ENST00000401542.3	0	0	0	0
ENST00000401548.8	81	33	83	30
ENST00000401558.7	3285	832	3235	600
ENST00000401604.8	72	5	69	5
ENST00000401642.8	510	46	498	37
ENST00000401695.8	656	1282	1089	1284
ENST00000401707.7	618	84	598	72
ENST00000401722.7	1908	737	2045	565
ENST00000401743.6	0	0	0	0
ENST00000401752.6	110	19	99	14
ENST00000401756.5	0	0	0	0
ENST00000401804.5	41	11	35	9
ENST00000401815.1	0	0	0	0
ENST00000401827.8	197	18	186	10
ENST00000401850.5	294	57	268	45
ENST00000401867.5	1206	155	1165	130
ENST00000401878.8	547	94	518	65
ENST00000401924.5	0	0	0	0
ENST00000401950.7	366	64	351	43
ENST00000401959.6	597	117	643	96
ENST00000402030.6	3	0	2	0
ENST00000402034.6	0	0	0	0
ENST00000402038.7	322	58	720	100
ENST00000402050.7	221	69	208	67
ENST00000402119.8	76	0	40	0
ENST00000402198.7	768	329	718	255
ENST00000402217.8	0	0	0	0
ENST00000402219.7	474	68	464	51
ENST00000402255.5	0	0	0	0
ENST00000402280.6	0	0	0	0
ENST00000402291.6	306	25	280	20
ENST00000402297.6	340	26	325	10
ENST00000402306.7	440	90	442	73
ENST00000402357.6	0	0	0	0
ENST00000402377.3	2	0	1	0
ENST00000402394.6	262	27	236	15
ENST00000402395.5	309	85	315	71
ENST00000402412.5	223	44	229	33
ENST00000402418.7	238	17	225	11
ENST00000402432.4	0	0	0	0
ENST00000402465.8	0	0	0	0
ENST00000402508.5	762	78	759	49
ENST00000402510.2	0	0	0	0
ENST00000402538.7	12	0	12	0
ENST00000402558.6	326	46	320	37
ENST00000402673.7	823	61	795	45
ENST00000402676.7	3271	1125	3091	852
ENST00000402685.7	0	0	0	0
ENST00000402693.4	78	40	66	35
ENST00000402696.9	0	0	0	0
ENST00000402738.6	9	0	11	0
ENST00000402744.9	719	87	708	60
ENST00000402764.6	26	0	25	0
ENST00000402774.8	1055	122	1033	92
ENST00000402802.7	67	0	63	0
ENST00000402825.7	0	0	0	0
ENST00000402868.8	97	14	469	93
ENST00000402918.7	65	5	58	5
ENST00000402924.5	656	95	609	75
ENST00000402938.4	0	1	0	0
ENST00000402971.3	0	0	0	0
ENST00000402988.6	0	0	0	0
ENST00000403058.6	0	0	0	0
ENST00000403092.5	1	0	1	0
ENST00000403107.5	0	0	0	0
ENST00000403245.8	433	76	426	55
ENST00000403263.6	143	9	141	6
ENST00000403290.5	214	26	213	19
ENST00000403299.5	271	131	256	116
ENST00000403305.6	7	1	6	1
ENST00000403376.4	2	0	1	0
ENST00000403437.2	1	0	0	0
ENST00000403458.9	1	0	1	0
ENST00000403491.8	372	11	372	8
ENST00000403528.6	0	0	0	0
ENST00000403610.9	0	0	0	0
ENST00000403625.6	223	45	216	36
ENST00000403627.7	207	37	199	31
ENST00000403633.6	650	223	653	86
ENST00000403660.3	0	0	0	1
ENST00000403662.8	0	0	0	0
ENST00000403663.6	340	55	313	46
ENST00000403665.7	0	0	0	0
ENST00000403681.6	5	0	6	0
ENST00000403683.1	1	0	0	0
ENST00000403707.7	422	125	421	99
ENST00000403714.8	1	0	1	0
ENST00000403729.7	39	0	41	0
ENST00000403733.8	1044	265	1036	209
ENST00000403734.2	4	0	0	1
ENST00000403751.8	0	0	0	0
ENST00000403766.8	757	74	749	59
ENST00000403799.8	0	0	0	0
ENST00000403807.4	0	0	0	0
ENST00000403825.8	918	241	889	156
ENST00000403888.7	141	17	131	12
ENST00000403892.7	309	20	301	19
ENST00000403897.4	0	0	0	0
ENST00000403903.7	0	1	0	1
ENST00000403906.8	0	0	0	0
ENST00000403915.5	1	3	1	3
ENST00000403975.1	0	0	0	0
ENST00000403994.9	1991	1431	1563	936
ENST00000404031.5	0	0	0	0
ENST00000404072.7	357	69	354	62
ENST00000404092.5	0	0	0	0
ENST00000404125.6	1976	340	1952	253
ENST00000404138.5	425	104	396	79
ENST00000404141.6	294	57	290	43
ENST00000404158.5	676	106	662	87
ENST00000404190.2	0	0	0	0
ENST00000404249.8	93	34	15	0
ENST00000404286.6	3	2	2	0
ENST00000404366.7	430	64	430	46
ENST00000404369.8	4	0	0	0
ENST00000404377.3	0	0	0	0
ENST00000404433.5	0	0	0	0
ENST00000404459.1	0	0	0	0
ENST00000404464.7	0	0	0	0
ENST00000404537.6	722	165	666	131
ENST00000404568.4	1	0	1	0
ENST00000404625.5	71	2	70	1
ENST00000404648.7	6	0	5	0
ENST00000404743.9	0	0	0	0
ENST00000404767.8	1739	759	1704	589
ENST00000404795.4	4	6	4	6
ENST00000404796.3	7	0	8	0
ENST00000404801.2	28	7	16	1
ENST00000404816.7	1688	265	1608	191
ENST00000404826.7	135	6	135	5
ENST00000404895.7	139	4	136	3
ENST00000404898.5	0	0	0	0
ENST00000404914.8	588	131	572	112
ENST00000404922.8	93	1	90	1
ENST00000404929.6	348	75	334	48
ENST00000404933.7	278	88	1224	228
ENST00000404938.6	15	0	13	0
ENST00000404991.2	0	0	0	0
ENST00000405006.8	696	70	681	50
ENST00000405044.6	0	0	0	0
ENST00000405091.6	0	0	0	0
ENST00000405093.8	0	0	0	0
ENST00000405094.1	479	67	475	51
ENST00000405109.5	0	0	0	0
ENST00000405141.5	178	22	169	14
ENST00000405154.6	603	95	590	77
ENST00000405158.2	1	0	0	0
ENST00000405201.5	1881	692	1788	528
ENST00000405204.6	223	29	228	22
ENST00000405239.5	0	0	0	0
ENST00000405260.5	219	48	200	33
ENST00000405266.5	1289	274	1277	216
ENST00000405303.7	254	15	243	14
ENST00000405308.6	278	37	273	32
ENST00000405312.8	54	2	9	0
ENST00000405315.9	1276	350	1255	298
ENST00000405322.8	0	0	0	0
ENST00000405335.5	2	0	2	0
ENST00000405356.5	2094	525	2099	377
ENST00000405375.5	456	87	438	71
ENST00000405413.6	353	19	335	11
ENST00000405415.5	0	0	0	0
ENST00000405430.5	85	21	83	18
ENST00000405460.9	7	2	8	1
ENST00000405510.5	1028	247	1028	203
ENST00000405598.5	513	73	643	71
ENST00000405617.4	4	0	4	0
ENST00000405623.5	0	0	0	0
ENST00000405633.4	0	0	0	0
ENST00000405640.1	220	26	215	22
ENST00000405659.5	7	6	5	5
ENST00000405666.5	181	77	291	76
ENST00000405679.3	0	0	0	0
ENST00000405709.7	328	18	321	12
ENST00000405764.7	0	0	0	0
ENST00000405799.3	0	0	0	0
ENST00000405846.5	0	0	0	0
ENST00000405858.6	454	39	299	23
ENST00000405863.6	0	0	0	0
ENST00000405954.2	29	4	29	4
ENST00000406070.7	0	0	0	0
ENST00000406189.4	390	33	370	26
ENST00000406217.7	97	10	94	10
ENST00000406226.1	13	0	13	0
ENST00000406246.8	699	113	709	91
ENST00000406256.8	4	2	3	1
ENST00000406334.3	22	8	6	0
ENST00000406361.6	0	0	0	0
ENST00000406384.5	217	10	215	9
ENST00000406397.1	0	0	0	0
ENST00000406427.6	8	0	6	0
ENST00000406432.5	1	0	0	0
ENST00000406438.5	398	58	387	47
ENST00000406452.8	546	54	515	33
ENST00000406462.6	765	111	759	66
ENST00000406470.6	14	2	12	2
ENST00000406487.6	4	0	1	0
ENST00000406506.4	0	0	0	0
ENST00000406581.6	799	388	860	334
ENST00000406606.7	506	115	486	87
ENST00000406610.7	117	2	119	1
ENST00000406686.7	90	4	86	2
ENST00000406697.5	1345	232	1311	173
ENST00000406725.6	0	0	0	0
ENST00000406797.5	416	75	410	57
ENST00000406818.7	83	14	83	10
ENST00000406846.7	0	0	0	0
ENST00000406854.6	509	115	487	85
ENST00000406869.5	529	119	3	0
ENST00000406870.7	189	18	174	16
ENST00000406875.8	222	38	215	29
ENST00000406877.8	1130	262	1091	220
ENST00000406902.6	94	20	89	11
ENST00000406915.4	1	0	1	0
ENST00000406925.6	511	240	577	199
ENST00000406938.3	133	83	129	68
ENST00000407008.8	119	36	116	23
ENST00000407010.7	43	3	45	2
ENST00000407071.7	394	56	374	36
ENST00000407086.7	276	16	277	14
ENST00000407106.5	627	73	614	61
ENST00000407149.7	100	20	98	20
ENST00000407184.5	0	0	0	0
ENST00000407217.7	492	140	433	111
ENST00000407236.5	51	6	49	5
ENST00000407242.6	11	0	11	0
ENST00000407280.4	1028	193	0	0
ENST00000407315.6	485	151	469	127
ENST00000407364.8	124	10	569	20
ENST00000407418.8	418	37	403	31
ENST00000407422.8	937	215	887	163
ENST00000407426.8	1465	286	1402	172
ENST00000407479.5	1	10	1	5
ENST00000407528.6	3	0	3	0
ENST00000407540.8	328	36	311	22
ENST00000407559.8	233	65	222	48
ENST00000407572.6	2	0	2	0
ENST00000407573.5	0	0	0	0
ENST00000407595.3	8	0	7	0
ENST00000407599.3	0	0	0	0
ENST00000407627.7	1143	146	1079	114
ENST00000407689.8	21	3	22	3
ENST00000407690.6	617	130	608	75
ENST00000407693.7	1043	184	1102	139
ENST00000407775.7	79	6	78	6
ENST00000407800.2	354	84	344	71
ENST00000407818.8	1235	160	1197	120
ENST00000407834.4	0	0	0	0
ENST00000407838.7	0	0	0	0
ENST00000407847.5	15	0	16	0
ENST00000407950.5	7	2	7	1
ENST00000407970.7	0	0	0	0
ENST00000407991.3	0	0	0	0
ENST00000407997.4	0	0	0	0
ENST00000408888.8	956	173	919	140
ENST00000408890.6	0	0	0	0
ENST00000408895.4	0	0	0	0
ENST00000408901.8	540	86	526	56
ENST00000408903.7	451	24	426	20
ENST00000408907.5	0	0	0	0
ENST00000408911.8	4	2	5	1
ENST00000408916.1	0	0	0	0
ENST00000408923.8	20	0	22	0
ENST00000408925.4	34	9	31	8
ENST00000408926.8	0	0	0	0
ENST00000408930.6	0	0	0	0
ENST00000408931.4	42	0	62	0
ENST00000408936.7	220	62	203	54
ENST00000408939.4	52	2	20	1
ENST00000408945.5	0	0	0	0
ENST00000408947.4	0	0	0	0
ENST00000408953.4	136	8	132	7
ENST00000408954.8	133	16	131	15
ENST00000408955.2	0	0	0	0
ENST00000408957.6	31	10	89	7
ENST00000408959.2	11	7	11	0
ENST00000408964.4	0	9	0	5
ENST00000408965.4	393	102	366	79
ENST00000408973.3	0	0	0	0
ENST00000408978.8	0	0	0	0
ENST00000408979.2	0	0	0	0
ENST00000408989.6	0	0	0	0
ENST00000408991.4	4	0	3	0
ENST00000408999.4	0	0	0	0
ENST00000409012.6	57	34	53	32
ENST00000409016.8	257	37	252	30
ENST00000409031.5	544	131	1041	199
ENST00000409035.1	0	0	0	0
ENST00000409057.5	1209	181	1158	132
ENST00000409061.2	2	6	2	6
ENST00000409074.7	63	17	82	11
ENST00000409085.9	269	20	262	14
ENST00000409086.7	1902	151	1873	107
ENST00000409093.1	49	5	47	1
ENST00000409105.5	431	58	553	64
ENST00000409109.6	120	33	117	27
ENST00000409110.6	0	0	0	0
ENST00000409115.7	113	236	862	1001
ENST00000409122.7	0	0	0	0
ENST00000409134.8	827	195	1521	246
ENST00000409137.7	0	0	0	0
ENST00000409140.8	1073	206	1051	150
ENST00000409149.7	0	0	0	0
ENST00000409150.8	263	16	259	14
ENST00000409155.8	200	14	196	11
ENST00000409168.7	0	0	0	0
ENST00000409170.3	54	3	0	0
ENST00000409175.6	1215	142	1175	102
ENST00000409177.6	1145	307	1108	230
ENST00000409186.1	0	0	0	0
ENST00000409190.8	712	143	648	96
ENST00000409202.8	4	0	4	0
ENST00000409204.4	0	0	0	0
ENST00000409212.5	1258	259	1196	196
ENST00000409223.2	33	4	30	2
ENST00000409230.5	4	0	4	0
ENST00000409235.8	1	1	0	0
ENST00000409241.5	1	0	1	0
ENST00000409255.1	192	145	31	1
ENST00000409257.9	323	46	300	26
ENST00000409261.6	75	18	72	14
ENST00000409262.7	156	36	151	26
ENST00000409270.5	21	27	19	23
ENST00000409293.6	270	86	238	58
ENST00000409299.8	138	7	127	5
ENST00000409300.5	9	0	9	0
ENST00000409333.1	874	300	1827	300
ENST00000409344.7	26	15	24	13
ENST00000409358.1	0	3	0	2
ENST00000409363.5	0	0	0	0
ENST00000409379.8	355	171	350	125
ENST00000409382.7	2	0	2	0
ENST00000409404.6	9	2	9	2
ENST00000409406.1	127	20	49	6
ENST00000409413.4	0	0	0	0
ENST00000409414.2	37	3	41	2
ENST00000409418.9	285	21	286	18
ENST00000409433.2	569	92	550	75
ENST00000409446.7	4	0	14	0
ENST00000409448.1	0	0	0	0
ENST00000409466.6	136	5	108	2
ENST00000409474.8	9	1	9	1
ENST00000409501.7	573	108	573	88
ENST00000409508.8	16	15	16	2
ENST00000409511.6	0	0	0	0
ENST00000409520.7	463	33	436	27
ENST00000409535.6	376	49	372	41
ENST00000409544.5	1371	326	1348	254
ENST00000409548.7	21	27	21	24
ENST00000409556.5	672	117	660	97
ENST00000409558.8	237	45	228	36
ENST00000409561.1	0	0	0	0
ENST00000409571.5	0	0	0	0
ENST00000409573.7	329	9	316	6
ENST00000409579.5	296	10	289	8
ENST00000409580.5	481	31	469	26
ENST00000409587.5	1112	270	1074	235
ENST00000409592.7	784	122	778	100
ENST00000409599.5	2	0	2	0
ENST00000409600.6	720	106	1876	303
ENST00000409602.1	0	0	0	0
ENST00000409606.5	401	109	380	75
ENST00000409607.4	0	0	0	0
ENST00000409618.5	919	134	904	90
ENST00000409624.1	247	30	153	11
ENST00000409642.8	46	2	44	2
ENST00000409644.5	512	115	487	92
ENST00000409651.5	10	0	8	0
ENST00000409652.5	86	5	85	5
ENST00000409668.1	63	1	64	2
ENST00000409672.5	97	4	78	4
ENST00000409678.8	5	0	5	0
ENST00000409682.8	1300	215	1310	173
ENST00000409685.4	0	0	0	0
ENST00000409687.5	107	21	147	25
ENST00000409690.4	25	2	27	1
ENST00000409697.7	554	185	534	131
ENST00000409699.6	0	0	0	0
ENST00000409745.2	0	0	0	0
ENST00000409746.5	318	13	313	8
ENST00000409749.7	0	0	0	0
ENST00000409753.8	765	196	774	145
ENST00000409757.9	298	62	288	53
ENST00000409784.8	779	180	846	159
ENST00000409785.9	498	73	492	62
ENST00000409789.5	447	65	408	43
ENST00000409790.6	496	45	480	38
ENST00000409792.3	1355	308	1322	237
ENST00000409796.5	50	5	48	2
ENST00000409806.8	1	0	1	0
ENST00000409840.7	1442	215	1381	154
ENST00000409850.5	300	32	291	25
ENST00000409852.2	3	0	3	0
ENST00000409858.8	301	50	299	44
ENST00000409860.1	168	38	153	26
ENST00000409867.5	0	0	0	0
ENST00000409874.9	618	73	610	51
ENST00000409878.8	0	0	0	0
ENST00000409883.7	788	125	792	103
ENST00000409885.1	2	0	2	0
ENST00000409886.4	1	0	0	0
ENST00000409900.9	396	67	387	53
ENST00000409906.9	495	250	627	277
ENST00000409907.8	255	26	242	20
ENST00000409914.7	5	6	0	0
ENST00000409939.8	605	139	556	92
ENST00000409947.5	603	47	587	34
ENST00000409959.8	907	90	892	69
ENST00000409968.6	0	3	0	1
ENST00000409977.2	0	0	0	0
ENST00000409978.6	42	0	36	0
ENST00000409983.7	0	0	0	0
ENST00000409990.7	257	7	240	5
ENST00000409993.6	466	25	471	22
ENST00000409999.4	0	0	0	0
ENST00000410005.2	0	0	0	0
ENST00000410009.5	0	0	0	0
ENST00000410014.5	139	11	141	9
ENST00000410016.5	0	0	0	0
ENST00000410023.6	108	6	109	5
ENST00000410042.1	2	0	3	0
ENST00000410053.8	530	105	506	79
ENST00000410061.4	1	0	0	0
ENST00000410066.7	5	0	5	0
ENST00000410080.7	2270	407	2215	314
ENST00000410087.8	4	3	2	2
ENST00000410092.7	355	42	349	34
ENST00000410096.5	0	0	0	0
ENST00000411432.5	225	18	212	15
ENST00000411486.7	1045	172	974	133
ENST00000411528.4	0	0	0	0
ENST00000411539.6	180	26	175	23
ENST00000411641.7	0	0	0	0
ENST00000411646.2	439	45	403	38
ENST00000411696.6	278	82	270	60
ENST00000411744.6	842	169	826	129
ENST00000411767.7	476	86	468	64
ENST00000411948.7	70	55	410	129
ENST00000412050.8	24	0	23	0
ENST00000412055.6	83	8	79	8
ENST00000412090.2	0	0	0	0
ENST00000412168.7	0	0	0	0
ENST00000412172.4	0	0	0	0
ENST00000412232.3	71	32	68	23
ENST00000412278.2	0	0	0	0
ENST00000412307.3	0	0	0	0
ENST00000412356.5	1	0	2	0
ENST00000412389.5	2	4	2	1
ENST00000412391.6	25	0	3	0
ENST00000412399.2	0	0	0	0
ENST00000412401.3	28	2	27	1
ENST00000412468.3	0	1	0	0
ENST00000412523.3	0	0	0	0
ENST00000412531.5	0	6	0	0
ENST00000412566.5	0	4	0	4
ENST00000412585.7	581	339	129	20
ENST00000412678.7	0	5	0	5
ENST00000412716.8	438	93	557	68
ENST00000412723.6	4	2	3	1
ENST00000412770.7	739	211	730	170
ENST00000412830.8	1184	158	1172	122
ENST00000412916.7	516	81	507	73
ENST00000412920.7	71	26	67	16
ENST00000412923.6	0	0	0	0
ENST00000413034.3	70	3	168	9
ENST00000413052.6	768	183	754	142
ENST00000413199.1	0	0	0	0
ENST00000413219.6	585	68	1098	68
ENST00000413242.6	0	0	0	0
ENST00000413272.7	0	0	0	0
ENST00000413299.6	0	0	0	0
ENST00000413302.6	19	12	31	13
ENST00000413366.8	1301	165	1187	118
ENST00000413369.8	2	0	2	0
ENST00000413518.5	363	54	0	0
ENST00000413619.3	0	0	0	0
ENST00000413687.3	14	0	20	0
ENST00000413702.5	0	0	0	0
ENST00000413767.2	0	0	0	0
ENST00000413817.8	39	5	35	4
ENST00000413830.6	198	8	187	5
ENST00000413834.5	12	1	0	0
ENST00000413851.3	0	0	0	0
ENST00000413988.2	0	0	0	0
ENST00000414031.5	3350	2022	3197	1574
ENST00000414069.2	0	0	0	0
ENST00000414097.6	608	104	583	80
ENST00000414150.6	0	0	0	0
ENST00000414155.5	5	0	2	0
ENST00000414202.7	768	141	747	107
ENST00000414264.6	1	0	1	0
ENST00000414305.5	0	0	0	0
ENST00000414416.2	167	31	160	27
ENST00000414417.6	0	0	0	0
ENST00000414423.8	1057	176	1023	144
ENST00000414429.5	212	38	166	25
ENST00000414468.3	133	2	88	0
ENST00000414487.7	54	10	630	98
ENST00000414542.6	153	23	149	19
ENST00000414645.6	601	50	702	38
ENST00000414691.7	2	0	2	0
ENST00000414773.5	71	4	69	3
ENST00000414820.6	42	1	25	0
ENST00000414822.8	436	124	399	97
ENST00000414849.6	0	0	2	0
ENST00000415041.1	0	0	0	0
ENST00000415050.2	168	13	182	16
ENST00000415061.8	193	16	193	15
ENST00000415083.7	839	49	823	35
ENST00000415229.6	130	17	121	13
ENST00000415259.5	410	109	381	79
ENST00000415431.5	0	0	0	0
ENST00000415576.6	0	0	0	0
ENST00000415645.6	1	5	0	0
ENST00000415669.3	1	4	0	0
ENST00000415673.6	262	50	113	7
ENST00000415691.2	1	0	1	0
ENST00000415757.7	1	10	0	5
ENST00000415807.7	1439	142	1420	108
ENST00000415858.3	0	0	0	0
ENST00000415876.6	1	0	1	0
ENST00000415895.8	0	0	0	0
ENST00000415912.6	2022	517	1973	422
ENST00000415913.5	1177	183	1327	150
ENST00000415914.4	330	15	543	24
ENST00000415919.2	0	0	0	0
ENST00000415949.5	546	149	534	97
ENST00000416007.9	471	19	443	15
ENST00000416044.1	0	0	0	0
ENST00000416165.6	299	46	287	40
ENST00000416167.7	0	0	0	0
ENST00000416247.4	105	11	105	9
ENST00000416274.7	195	16	192	11
ENST00000416284.7	9	0	9	0
ENST00000416321.5	61	2	60	2
ENST00000416503.6	55	14	4	3
ENST00000416569.3	0	0	0	0
ENST00000416614.7	1120	200	1087	142
ENST00000416617.3	5	0	5	0
ENST00000416649.6	489	106	483	86
ENST00000416904.5	198	10	193	10
ENST00000416929.2	0	0	0	0
ENST00000416943.1	0	0	0	0
ENST00000417098.6	35	4	35	4
ENST00000417133.6	211	26	192	25
ENST00000417201.4	429	38	429	29
ENST00000417209.2	0	0	0	0
ENST00000417220.6	219	60	218	51
ENST00000417245.6	4	0	4	0
ENST00000417256.3	0	0	0	0
ENST00000417257.6	29	4	30	3
ENST00000417314.2	14	0	14	0
ENST00000417339.3	0	0	0	0
ENST00000417368.7	184	29	178	24
ENST00000417443.3	0	0	0	0
ENST00000417456.1	0	0	0	0
ENST00000417535.7	0	0	9	0
ENST00000417545.5	0	0	0	0
ENST00000417547.1	0	0	0	0
ENST00000417550.6	134	12	117	9
ENST00000417563.3	0	0	0	0
ENST00000417564.3	513	101	473	79
ENST00000417570.6	0	0	0	0
ENST00000417606.3	0	1	0	1
ENST00000417640.7	1	0	1	0
ENST00000417647.7	887	389	1678	499
ENST00000417669.6	0	0	0	0
ENST00000417775.5	698	70	635	52
ENST00000417816.2	59	4	58	3
ENST00000417826.3	0	0	0	0
ENST00000417856.5	586	185	535	133
ENST00000417901.5	900	229	881	170
ENST00000417912.6	49	18	48	16
ENST00000417945.1	0	0	0	0
ENST00000417955.5	122	15	121	10
ENST00000417996.2	0	0	0	0
ENST00000418063.3	0	0	0	0
ENST00000418100.6	9	0	6	0
ENST00000418107.3	2	0	2	0
ENST00000418115.6	1313	812	1311	606
ENST00000418176.1	0	0	0	0
ENST00000418265.1	0	0	0	0
ENST00000418316.1	0	0	0	0
ENST00000418331.7	1593	200	1533	149
ENST00000418378.5	2	0	2	0
ENST00000418388.6	76	53	74	45
ENST00000418390.6	767	280	726	217
ENST00000418404.8	0	4	0	0
ENST00000418458.6	1732	423	1740	326
ENST00000418460.2	0	0	0	0
ENST00000418476.2	1417	290	1373	234
ENST00000418511.6	2	2	2	2
ENST00000418519.5	0	3	0	4
ENST00000418532.6	5	0	5	0
ENST00000418543.8	127	24	123	15
ENST00000418577.1	278	15	278	12
ENST00000418596.7	118	8	115	6
ENST00000418703.6	2	0	2	0
ENST00000418710.2	0	0	0	0
ENST00000418814.6	161	30	153	24
ENST00000418842.7	0	0	0	0
ENST00000418929.7	366	137	353	121
ENST00000418931.7	0	0	0	0
ENST00000418976.1	477	75	464	70
ENST00000419060.5	304	22	292	0
ENST00000419091.6	416	20	397	17
ENST00000419098.6	0	0	0	0
ENST00000419119.1	775	87	760	61
ENST00000419194.3	0	0	0	0
ENST00000419198.6	273	41	263	30
ENST00000419234.9	457	53	449	39
ENST00000419235.6	77	2	65	2
ENST00000419275.2	0	0	0	0
ENST00000419277.5	0	0	0	0
ENST00000419291.6	0	0	0	0
ENST00000419304.7	0	0	0	0
ENST00000419308.6	0	0	0	0
ENST00000419421.3	0	3	0	3
ENST00000419445.6	333	13	589	31
ENST00000419474.5	0	0	0	0
ENST00000419482.7	0	0	0	0
ENST00000419583.2	0	1	0	1
ENST00000419585.5	1296	228	1508	203
ENST00000419617.7	452	22	428	19
ENST00000419735.7	137	7	114	4
ENST00000419743.7	4	1	4	0
ENST00000419755.3	3	2	0	0
ENST00000419782.4	0	0	0	0
ENST00000419795.5	0	0	0	0
ENST00000419869.7	1442	422	1822	323
ENST00000419916.8	142	13	140	11
ENST00000419982.3	0	0	0	0
ENST00000420022.3	0	2	0	2
ENST00000420124.4	169	128	170	97
ENST00000420162.7	0	0	0	0
ENST00000420175.3	0	0	0	0
ENST00000420283.3	285	30	253	19
ENST00000420323.6	9	0	7	0
ENST00000420353.7	71	3	77	2
ENST00000420398.2	0	0	0	0
ENST00000420428.7	2	0	2	0
ENST00000420504.2	48	13	46	12
ENST00000420578.6	45	0	45	0
ENST00000420581.7	0	0	0	0
ENST00000420613.7	669	114	643	89
ENST00000420652.5	12	0	11	0
ENST00000420696.7	816	71	760	54
ENST00000420702.6	349	24	364	25
ENST00000420713.2	0	0	0	0
ENST00000420770.7	0	0	0	0
ENST00000420826.7	48	19	199	45
ENST00000420843.7	77	7	77	6
ENST00000420878.7	76	15	63	11
ENST00000420910.6	132	12	142	8
ENST00000420911.2	0	0	0	0
ENST00000420922.6	13	0	12	0
ENST00000420993.7	746	227	734	184
ENST00000420999.2	3	0	3	0
ENST00000421025.3	0	0	0	0
ENST00000421030.7	0	0	0	0
ENST00000421033.5	1	1	0	0
ENST00000421160.6	1	0	0	0
ENST00000421176.4	106	3	0	0
ENST00000421177.6	0	0	1	0
ENST00000421239.7	0	0	0	0
ENST00000421241.6	94	21	97	19
ENST00000421244.6	72	35	412	114
ENST00000421285.3	0	0	0	0
ENST00000421351.4	725	181	823	162
ENST00000421367.7	850	69	851	59
ENST00000421388.3	0	0	0	0
ENST00000421491.4	278	24	256	18
ENST00000421544.6	336	40	327	27
ENST00000421587.7	761	67	766	52
ENST00000421673.7	0	8	0	2
ENST00000421688.5	0	0	0	0
ENST00000421699.7	1101	360	1131	268
ENST00000421715.2	0	0	0	0
ENST00000421745.6	1790	178	1758	142
ENST00000421798.5	0	0	12	0
ENST00000421807.7	367	68	357	56
ENST00000421812.3	110	10	90	5
ENST00000421828.7	64	2	66	2
ENST00000421832.3	170	24	174	24
ENST00000421852.6	230	20	228	17
ENST00000421865.2	9	3	10	1
ENST00000421952.3	50	8	50	6
ENST00000421990.6	35	4	49	4
ENST00000421999.8	627	115	655	88
ENST00000422003.6	89	5	88	6
ENST00000422046.6	31	12	82	12
ENST00000422113.7	1	0	0	0
ENST00000422135.5	208	25	197	17
ENST00000422142.7	0	0	0	0
ENST00000422154.6	1477	639	1400	417
ENST00000422223.6	0	0	0	0
ENST00000422265.6	0	0	0	0
ENST00000422285.7	1460	353	1269	222
ENST00000422318.7	1067	727	1013	588
ENST00000422359.2	0	0	0	0
ENST00000422365.7	1	0	1	0
ENST00000422424.7	335	80	332	62
ENST00000422437.5	0	0	0	1
ENST00000422440.7	695	73	683	59
ENST00000422447.8	1230	1028	2477	1184
ENST00000422452.2	1	0	1	0
ENST00000422514.7	91	114	1226	785
ENST00000422538.8	0	2	0	2
ENST00000422556.1	141	30	132	19
ENST00000422652.5	0	0	0	0
ENST00000422670.7	0	0	0	0
ENST00000422689.3	1	0	0	0
ENST00000422706.5	19	3	15	0
ENST00000422725.4	31	0	31	0
ENST00000422774.2	879	111	826	73
ENST00000422806.1	0	0	0	0
ENST00000422843.8	27	0	27	0
ENST00000422861.2	3	0	3	0
ENST00000422970.6	0	0	0	0
ENST00000422989.5	214	8	206	5
ENST00000423007.5	705	73	663	55
ENST00000423014.3	118	17	117	13
ENST00000423027.7	289	33	275	25
ENST00000423041.6	462	57	438	44
ENST00000423059.9	11	0	10	0
ENST00000423137.1	43	9	9	0
ENST00000423158.4	0	0	0	0
ENST00000423207.6	462	44	445	38
ENST00000423312.6	347	138	318	105
ENST00000423313.6	79	4	75	3
ENST00000423316.6	731	873	1486	1210
ENST00000423345.5	0	0	0	0
ENST00000423368.6	333	30	327	22
ENST00000423387.3	0	0	0	0
ENST00000423391.3	41	7	21	3
ENST00000423407.7	1	0	1	0
ENST00000423484.3	8	0	6	0
ENST00000423485.6	5269	1855	5178	1348
ENST00000423537.7	0	0	0	0
ENST00000423556.6	465	75	447	59
ENST00000423557.1	0	0	0	0
ENST00000423632.3	0	0	0	0
ENST00000423656.5	1265	266	1242	202
ENST00000423661.1	0	0	0	0
ENST00000423729.3	83	3	81	1
ENST00000423730.3	0	0	0	0
ENST00000423738.4	36	7	32	6
ENST00000423777.7	46	11	46	5
ENST00000423778.7	0	2	0	2
ENST00000423828.5	1694	423	1687	334
ENST00000423893.7	0	0	0	0
ENST00000423902.7	288	68	285	49
ENST00000423955.7	32	1	27	1
ENST00000423981.1	0	0	0	0
ENST00000424011.6	170	5	168	4
ENST00000424014.7	870	130	859	99
ENST00000424061.6	0	0	0	0
ENST00000424086.5	141	7	131	4
ENST00000424120.5	506	93	493	69
ENST00000424157.3	0	1	0	0
ENST00000424173.6	110	4	102	4
ENST00000424189.6	12	5	12	3
ENST00000424201.6	2	0	3	0
ENST00000424279.5	217	40	119	16
ENST00000424280.5	243	40	319	30
ENST00000424296.6	70	5	64	3
ENST00000424301.6	0	1	0	0
ENST00000424325.6	95	80	876	562
ENST00000424337.6	887	313	993	282
ENST00000424340.5	0	6	1	0
ENST00000424362.6	452	151	426	117
ENST00000424383.4	19	5	14	4
ENST00000424439.3	0	0	0	0
ENST00000424479.7	224	17	199	11
ENST00000424491.5	52	5	0	0
ENST00000424496.2	5	1	0	0
ENST00000424542.7	408	129	402	106
ENST00000424576.6	153	207	1900	1347
ENST00000424583.7	2	0	2	0
ENST00000424685.2	0	0	0	0
ENST00000424728.6	9	2	8	2
ENST00000424747.1	1	0	0	0
ENST00000424749.7	0	0	0	0
ENST00000424776.5	0	0	0	0
ENST00000424789.6	856	131	838	108
ENST00000424848.3	1112	57	1108	45
ENST00000424859.6	0	0	0	0
ENST00000424881.5	252	29	285	21
ENST00000424898.2	0	0	0	0
ENST00000424930.6	40	4	19	0
ENST00000424952.7	282	92	272	63
ENST00000424985.3	0	0	0	0
ENST00000425042.7	0	0	0	0
ENST00000425059.1	2	0	0	0
ENST00000425133.2	107	7	137	7
ENST00000425164.7	0	0	0	0
ENST00000425202.6	0	0	0	0
ENST00000425225.2	0	0	0	0
ENST00000425232.6	1098	179	1077	129
ENST00000425241.5	450	57	435	46
ENST00000425248.5	1087	102	1053	80
ENST00000425340.3	0	0	0	0
ENST00000425354.7	343	100	297	58
ENST00000425368.7	0	0	0	0
ENST00000425380.6	44	7	43	5
ENST00000425432.6	41	16	43	10
ENST00000425441.5	423	86	422	76
ENST00000425460.5	0	0	0	0
ENST00000425520.2	0	0	0	0
ENST00000425534.8	21	3	6	0
ENST00000425538.5	945	93	926	78
ENST00000425562.7	618	80	594	58
ENST00000425611.8	339	62	330	40
ENST00000425629.8	0	0	0	0
ENST00000425639.3	0	0	0	0
ENST00000425642.2	44	0	43	0
ENST00000425673.6	285	75	270	59
ENST00000425675.7	402	85	374	70
ENST00000425690.8	761	122	713	110
ENST00000425699.3	14	0	14	0
ENST00000425719.6	0	0	0	0
ENST00000425728.6	701	77	711	58
ENST00000425753.7	711	110	696	87
ENST00000425876.6	1	30	0	0
ENST00000425953.5	103	3	72	0
ENST00000426005.6	0	0	0	0
ENST00000426013.7	368	178	1666	397
ENST00000426077.3	388	33	367	15
ENST00000426086.2	137	86	131	68
ENST00000426126.6	557	55	541	39
ENST00000426151.6	0	0	0	0
ENST00000426154.5	924	123	902	86
ENST00000426197.2	3	0	3	0
ENST00000426263.9	1620	257	1486	183
ENST00000426333.7	2631	823	2625	620
ENST00000426395.7	91	10	87	6
ENST00000426398.2	343	22	327	19
ENST00000426406.3	0	0	0	0
ENST00000426426.3	0	0	0	0
ENST00000426455.5	2	1	111	28
ENST00000426508.7	453	83	446	68
ENST00000426595.1	24	0	0	0
ENST00000426628.6	47	2	25	0
ENST00000426633.6	772	93	712	56
ENST00000426677.7	346	88	898	173
ENST00000426726.8	3	0	2	0
ENST00000426739.7	78	17	36	7
ENST00000426790.1	0	0	0	0
ENST00000426820.7	667	53	657	42
ENST00000426824.8	2	1	2	1
ENST00000426836.5	957	122	929	84
ENST00000426837.6	3760	631	3457	451
ENST00000426895.9	4	3	4	1
ENST00000426923.2	420	45	516	34
ENST00000426928.6	0	0	0	0
ENST00000426950.6	0	0	0	0
ENST00000426955.6	0	5	0	4
ENST00000427025.6	189	13	182	9
ENST00000427043.4	0	0	0	0
ENST00000427159.7	1574	411	1508	299
ENST00000427177.6	1233	402	1150	305
ENST00000427190.5	13	0	22	0
ENST00000427197.2	157	12	150	11
ENST00000427199.3	2	0	2	0
ENST00000427231.6	0	1	0	0
ENST00000427314.6	1458	273	1689	232
ENST00000427316.6	1154	171	1082	131
ENST00000427338.2	0	0	0	0
ENST00000427358.3	409	86	397	69
ENST00000427363.6	54	6	50	4
ENST00000427369.6	0	0	0	0
ENST00000427401.9	1	0	0	0
ENST00000427411.1	1	0	0	0
ENST00000427478.6	100	2	131	1
ENST00000427482.7	34	7	33	5
ENST00000427497.3	0	0	0	0
ENST00000427569.7	16	4	14	1
ENST00000427575.6	232	20	227	24
ENST00000427587.9	157	19	102	3
ENST00000427624.2	2	3	1	3
ENST00000427686.3	0	0	0	0
ENST00000427704.6	327	30	315	27
ENST00000427716.6	51	4	49	4
ENST00000427836.8	172	6	165	3
ENST00000427926.6	697	132	671	97
ENST00000427937.1	0	0	0	0
ENST00000427980.7	120	32	131	31
ENST00000427999.6	0	0	0	0
ENST00000428041.4	0	0	0	0
ENST00000428082.6	4	0	3	0
ENST00000428135.7	400	74	390	55
ENST00000428149.6	161	23	166	19
ENST00000428202.7	342	30	332	23
ENST00000428216.4	259	46	247	33
ENST00000428239.5	626	41	609	32
ENST00000428251.2	0	0	0	0
ENST00000428304.6	730	84	720	69
ENST00000428311.1	0	0	0	0
ENST00000428314.5	3	4	4	3
ENST00000428390.3	0	0	0	0
ENST00000428432.6	0	0	0	0
ENST00000428443.8	618	56	604	45
ENST00000428468.6	1492	316	1605	247
ENST00000428559.7	730	66	722	57
ENST00000428638.5	29	5	29	5
ENST00000428649.4	0	0	0	0
ENST00000428670.7	1577	208	1541	165
ENST00000428675.6	104	18	100	15
ENST00000428701.5	17	5	0	0
ENST00000428708.6	388	48	380	42
ENST00000428726.8	1614	261	1570	194
ENST00000428746.6	3025	935	2970	694
ENST00000428797.7	0	0	0	0
ENST00000428826.7	154	51	150	36
ENST00000428845.6	0	0	0	0
ENST00000428847.3	44	12	42	10
ENST00000428849.7	828	247	800	200
ENST00000428879.5	1219	211	1354	155
ENST00000428931.6	2223	507	2149	394
ENST00000428956.7	1	1	0	0
ENST00000429029.6	125	20	649	94
ENST00000429094.6	194	12	198	8
ENST00000429149.6	9	0	8	0
ENST00000429154.7	105	5	37	1
ENST00000429204.5	27	14	25	10
ENST00000429243.7	72	20	308	48
ENST00000429260.7	168	4	163	4
ENST00000429261.2	0	0	0	0
ENST00000429299.3	0	0	0	0
ENST00000429344.7	249	63	238	50
ENST00000429354.3	0	0	0	0
ENST00000429433.3	142	16	137	15
ENST00000429436.7	677	141	640	109
ENST00000429564.1	0	0	0	0
ENST00000429565.4	0	0	0	0
ENST00000429584.3	77	3	76	3
ENST00000429586.6	896	183	877	137
ENST00000429591.4	26	1	20	1
ENST00000429602.7	156	15	249	18
ENST00000429604.5	141	20	65	7
ENST00000429642.2	761	122	993	94
ENST00000429644.7	1327	117	1327	89
ENST00000429654.7	2	0	0	0
ENST00000429667.1	0	0	0	0
ENST00000429687.7	704	118	683	90
ENST00000429690.5	0	0	0	0
ENST00000429709.7	1472	229	1402	168
ENST00000429711.7	219	239	461	325
ENST00000429722.3	283	44	278	32
ENST00000429772.7	505	143	482	90
ENST00000429828.5	0	0	0	0
ENST00000429845.6	93	8	84	5
ENST00000429849.2	0	0	0	0
ENST00000429967.3	4	0	3	0
ENST00000429972.6	2119	1219	2059	912
ENST00000429979.5	0	0	0	0
ENST00000429984.4	0	0	0	0
ENST00000429985.1	211	67	205	56
ENST00000429990.1	0	0	0	0
ENST00000430024.5	4	0	0	0
ENST00000430046.7	471	32	472	28
ENST00000430070.7	681	133	673	59
ENST00000430092.5	288	13	264	14
ENST00000430121.3	4	0	4	0
ENST00000430124.7	0	0	0	0
ENST00000430223.7	39	2	41	1
ENST00000430256.3	150	41	150	34
ENST00000430267.2	0	0	0	0
ENST00000430297.7	507	133	481	96
ENST00000430334.8	84	10	251	20
ENST00000430350.2	398	39	378	35
ENST00000430365.7	373	47	363	43
ENST00000430385.3	19	1	1	0
ENST00000430430.5	230	11	218	10
ENST00000430448.3	0	0	0	0
ENST00000430479.6	40	3	40	3
ENST00000430524.6	344	180	1025	302
ENST00000430580.6	3	4	4	0
ENST00000430627.6	1107	187	1073	145
ENST00000430669.6	147	20	146	14
ENST00000430715.6	176	8	172	7
ENST00000430816.3	0	0	0	0
ENST00000430889.3	5	6	5	4
ENST00000430952.6	1	0	0	0
ENST00000430969.5	823	283	901	261
ENST00000431011.3	0	0	0	0
ENST00000431067.3	0	0	0	0
ENST00000431078.1	1	0	1	0
ENST00000431232.7	169	110	167	89
ENST00000431350.7	451	66	613	55
ENST00000431365.3	0	0	0	0
ENST00000431388.3	101	67	134	83
ENST00000431391.1	2	0	0	0
ENST00000431443.6	0	0	0	0
ENST00000431473.4	8	2	8	2
ENST00000431480.6	807	109	766	84
ENST00000431524.1	0	0	0	0
ENST00000431561.7	276	14	244	15
ENST00000431606.4	297	21	285	15
ENST00000431635.6	1309	470	1237	352
ENST00000431670.7	765	343	753	265
ENST00000431679.6	1	0	1	0
ENST00000431683.7	0	0	0	0
ENST00000431802.5	518	124	511	98
ENST00000431843.7	188	14	177	13
ENST00000431845.3	43	9	41	8
ENST00000431877.7	1499	393	1447	291
ENST00000431922.1	1	0	1	0
ENST00000431932.6	478	63	463	52
ENST00000431975.7	101	8	98	3
ENST00000431993.3	0	0	0	0
ENST00000432056.1	0	0	0	0
ENST00000432094.6	37	11	8	1
ENST00000432126.7	512	79	489	64
ENST00000432176.7	678	61	652	43
ENST00000432196.4	0	0	0	0
ENST00000432233.8	0	0	0	0
ENST00000432237.2	1	0	1	0
ENST00000432498.5	145	48	140	35
ENST00000432560.6	1332	215	1323	182
ENST00000432561.6	136	29	131	20
ENST00000432564.3	0	0	0	0
ENST00000432566.6	0	3	5	26
ENST00000432605.1	114	40	105	32
ENST00000432622.1	0	1	0	0
ENST00000432641.3	288	10	284	9
ENST00000432648.8	313	38	365	31
ENST00000432680.7	105	19	97	13
ENST00000432710.6	1	1	1	0
ENST00000432792.6	2	0	2	0
ENST00000432825.7	198	29	192	22
ENST00000432826.2	0	0	0	0
ENST00000432829.6	114	15	109	12
ENST00000432901.4	134	26	98	21
ENST00000432920.2	0	0	3	0
ENST00000432992.6	12	0	12	0
ENST00000432997.5	0	0	0	0
ENST00000432999.6	604	126	583	92
ENST00000433030.3	0	0	0	0
ENST00000433039.1	0	0	0	0
ENST00000433055.1	87	15	30	1
ENST00000433060.3	617	61	602	46
ENST00000433078.5	204	34	203	21
ENST00000433154.6	0	0	0	0
ENST00000433179.3	7	0	6	0
ENST00000433197.4	57	7	57	6
ENST00000433211.7	6	0	6	0
ENST00000433282.6	0	0	0	0
ENST00000433342.5	3	3	1	0
ENST00000433351.7	1171	84	1146	63
ENST00000433363.7	0	0	0	0
ENST00000433389.8	0	0	0	0
ENST00000433425.4	0	0	0	0
ENST00000433436.6	911	475	981	372
ENST00000433452.6	2	4	2	4
ENST00000433477.4	27	0	29	0
ENST00000433642.3	66	0	61	0
ENST00000433688.2	51	8	50	7
ENST00000433731.7	367	40	346	30
ENST00000433765.3	7	0	6	0
ENST00000433866.7	425	93	470	79
ENST00000433867.5	273	60	266	47
ENST00000433881.5	8	1	8	0
ENST00000433922.6	1586	339	1561	253
ENST00000433931.7	348	29	345	22
ENST00000433935.6	4	0	3	0
ENST00000433957.7	28	2	27	1
ENST00000433976.6	126	24	77	9
ENST00000433985.7	112	10	109	9
ENST00000434006.2	0	0	0	0
ENST00000434106.7	826	265	785	207
ENST00000434127.2	0	0	0	0
ENST00000434130.5	0	0	0	0
ENST00000434178.6	95	30	95	28
ENST00000434239.4	0	0	0	0
ENST00000434248.6	111	14	39	2
ENST00000434316.7	787	236	752	192
ENST00000434325.7	629	65	582	50
ENST00000434342.5	419	87	400	68
ENST00000434396.1	1	0	1	0
ENST00000434410.5	230	33	217	30
ENST00000434415.6	54	43	40	24
ENST00000434423.4	150	40	30	2
ENST00000434436.8	300	165	21	10
ENST00000434457.6	815	82	803	57
ENST00000434505.5	0	0	0	0
ENST00000434507.5	204	47	198	37
ENST00000434551.2	0	0	0	0
ENST00000434581.7	214	4	208	3
ENST00000434632.5	0	0	0	0
ENST00000434634.7	471	64	456	44
ENST00000434643.6	405	17	373	12
ENST00000434646.6	2	0	2	0
ENST00000434687.5	28	0	22	0
ENST00000434704.2	1	0	1	0
ENST00000434737.6	0	0	0	0
ENST00000434739.3	0	0	0	0
ENST00000434748.2	135	52	132	39
ENST00000434752.4	22	19	21	14
ENST00000434758.7	193	1	184	1
ENST00000434772.8	0	0	0	0
ENST00000434815.1	0	0	0	0
ENST00000434821.7	570	63	556	53
ENST00000434824.2	1	0	1	0
ENST00000434826.3	0	0	0	0
ENST00000434837.8	17	7	17	4
ENST00000434883.3	0	0	0	0
ENST00000434937.2	0	0	0	0
ENST00000434992.1	0	0	0	0
ENST00000435029.6	14	3	0	0
ENST00000435030.6	97	5	85	1
ENST00000435041.3	484	54	469	36
ENST00000435050.1	37	0	30	0
ENST00000435064.6	921	144	877	107
ENST00000435159.2	0	0	0	0
ENST00000435205.6	277	19	270	11
ENST00000435213.6	16	7	16	4
ENST00000435218.6	3	2	3	1
ENST00000435224.3	334	62	323	50
ENST00000435339.3	4	0	4	0
ENST00000435363.7	0	0	0	0
ENST00000435364.7	261	50	155	20
ENST00000435456.7	671	28	668	24
ENST00000435504.9	521	60	506	43
ENST00000435505.6	535	66	522	31
ENST00000435506.7	339	118	295	77
ENST00000435532.7	862	83	829	66
ENST00000435564.5	616	100	614	74
ENST00000435607.3	1	0	0	0
ENST00000435634.3	245	8	237	6
ENST00000435680.6	282	37	275	9
ENST00000435706.6	2802	704	2746	530
ENST00000435765.5	1523	330	1778	300
ENST00000435803.6	24	0	22	1
ENST00000435817.7	105	31	103	26
ENST00000435822.5	278	26	272	19
ENST00000435881.6	435	88	451	75
ENST00000435893.6	195	76	179	61
ENST00000435962.7	76	4	68	1
ENST00000435989.7	2	4	1	0
ENST00000436022.2	2	0	2	0
ENST00000436027.9	2	4	6	2
ENST00000436041.5	0	0	0	0
ENST00000436063.7	1722	343	1685	247
ENST00000436066.4	44	0	43	0
ENST00000436072.7	5	0	5	0
ENST00000436106.3	73	18	70	16
ENST00000436120.7	87	11	46	4
ENST00000436261.5	60	7	28	5
ENST00000436302.6	12	0	5	0
ENST00000436390.5	595	359	541	249
ENST00000436404.6	0	0	0	0
ENST00000436407.7	0	0	0	0
ENST00000436428.3	0	22	0	0
ENST00000436535.4	0	0	0	0
ENST00000436583.5	0	0	0	0
ENST00000436587.7	276	13	326	12
ENST00000436629.3	0	0	0	0
ENST00000436639.6	265	23	262	15
ENST00000436644.6	377	62	1582	326
ENST00000436693.6	93	8	68	5
ENST00000436697.3	145	5	143	3
ENST00000436752.3	0	0	0	0
ENST00000436784.7	114	16	105	14
ENST00000436874.6	431	76	432	53
ENST00000436881.2	11	3	13	3
ENST00000436886.7	58	12	24	2
ENST00000437033.6	0	0	0	0
ENST00000437043.8	45	7	40	6
ENST00000437048.7	941	110	932	82
ENST00000437139.7	131	5	118	2
ENST00000437150.7	89	2	88	1
ENST00000437161.7	16	1	19	1
ENST00000437192.8	0	0	0	0
ENST00000437198.7	816	124	833	97
ENST00000437212.8	0	0	0	0
ENST00000437300.2	0	0	0	0
ENST00000437304.6	575	63	568	52
ENST00000437316.7	0	0	0	0
ENST00000437464.1	279	134	253	98
ENST00000437508.6	157	18	153	14
ENST00000437525.2	0	0	0	0
ENST00000437553.6	98	49	118	44
ENST00000437570.6	683	83	660	60
ENST00000437605.3	0	0	0	0
ENST00000437633.6	204	43	195	33
ENST00000437635.3	0	0	0	0
ENST00000437807.6	254	36	252	25
ENST00000437809.5	439	167	442	133
ENST00000437810.6	0	0	0	0
ENST00000437818.1	0	0	0	0
ENST00000437823.4	0	0	0	0
ENST00000437936.2	7	0	7	0
ENST00000438032.6	1460	348	1448	255
ENST00000438075.7	0	0	0	0
ENST00000438120.5	1576	449	1442	369
ENST00000438146.7	590	95	547	56
ENST00000438167.8	0	0	1	0
ENST00000438251.3	0	0	0	0
ENST00000438320.6	345	76	339	56
ENST00000438323.2	295	40	277	32
ENST00000438331.5	845	170	835	137
ENST00000438419.6	451	24	416	16
ENST00000438447.2	237	67	231	49
ENST00000438495.6	421	15	394	11
ENST00000438525.3	0	0	0	0
ENST00000438528.7	123	4	122	4
ENST00000438567.6	0	0	0	0
ENST00000438607.2	27	42	65	58
ENST00000438661.2	12	9	7	3
ENST00000438731.6	0	0	0	0
ENST00000438747.7	221	51	581	125
ENST00000438782.5	0	3	0	2
ENST00000438828.4	11	0	10	0
ENST00000438926.6	0	0	0	0
ENST00000438980.6	127	28	122	22
ENST00000438998.7	211	54	203	45
ENST00000439040.5	2156	333	2112	247
ENST00000439062.6	382	28	372	17
ENST00000439096.3	63	5	62	4
ENST00000439140.6	0	0	0	0
ENST00000439151.6	1166	312	1142	243
ENST00000439174.7	566	41	536	28
ENST00000439211.7	2	0	133	3
ENST00000439251.3	0	0	0	0
ENST00000439262.6	0	0	0	0
ENST00000439326.8	0	0	0	0
ENST00000439350.1	0	0	0	0
ENST00000439351.5	1133	237	1136	177
ENST00000439373.3	0	0	0	0
ENST00000439374.6	251	57	237	45
ENST00000439428.5	0	0	0	0
ENST00000439435.3	0	0	0	0
ENST00000439461.6	177	12	107	5
ENST00000439466.3	0	0	0	0
ENST00000439500.5	0	0	0	0
ENST00000439502.6	247	38	247	33
ENST00000439556.3	0	0	0	0
ENST00000439602.7	181	287	1130	1073
ENST00000439617.8	23	0	9	0
ENST00000439649.7	0	0	0	0
ENST00000439682.2	0	0	0	0
ENST00000439741.4	50	29	47	22
ENST00000439742.6	179	30	168	26
ENST00000439765.4	6	0	8	0
ENST00000439785.5	38	8	26	6
ENST00000439922.6	0	0	0	0
ENST00000439958.7	717	115	715	89
ENST00000439977.7	709	72	699	57
ENST00000440121.1	30	9	30	6
ENST00000440215.4	0	0	0	0
ENST00000440264.5	23	2	23	2
ENST00000440314.7	0	0	0	0
ENST00000440411.7	229	45	228	33
ENST00000440460.7	383	42	381	35
ENST00000440486.7	70	3	58	1
ENST00000440582.1	0	0	0	0
ENST00000440685.6	444	85	429	63
ENST00000440823.1	0	0	0	0
ENST00000440859.8	421	53	395	39
ENST00000440890.7	197	5	198	4
ENST00000440926.3	0	0	0	0
ENST00000440940.7	1195	184	1139	142
ENST00000440944.6	317	60	298	42
ENST00000440961.6	0	0	0	0
ENST00000440973.5	0	0	0	0
ENST00000441025.2	0	0	0	0
ENST00000441037.7	8	0	8	0
ENST00000441065.3	0	0	0	0
ENST00000441159.7	0	0	38	0
ENST00000441174.8	119	25	110	23
ENST00000441178.2	2	2	0	0
ENST00000441222.8	201	17	196	12
ENST00000441223.3	0	0	0	0
ENST00000441248.5	14	9	1	0
ENST00000441259.2	0	0	0	0
ENST00000441310.7	410	53	401	38
ENST00000441330.3	0	0	0	0
ENST00000441339.3	0	0	0	0
ENST00000441366.6	0	0	0	0
ENST00000441448.7	580	85	812	82
ENST00000441493.7	235	226	230	184
ENST00000441508.4	0	0	0	0
ENST00000441525.4	0	0	0	0
ENST00000441542.6	17	0	17	0
ENST00000441594.6	0	0	0	0
ENST00000441623.1	51	5	45	3
ENST00000441711.6	124	15	362	23
ENST00000441788.6	519	112	512	93
ENST00000441802.7	4550	488	4377	370
ENST00000441824.2	2	0	2	0
ENST00000441843.5	83	1	84	1
ENST00000441993.6	1	0	1	0
ENST00000442011.7	4456	3892	4244	2731
ENST00000442034.5	1211	195	1166	138
ENST00000442039.3	168	26	167	19
ENST00000442047.2	0	0	0	0
ENST00000442080.6	3	0	3	0
ENST00000442111.6	1	0	1	0
ENST00000442196.7	2068	240	1971	182
ENST00000442218.3	146	3	146	2
ENST00000442241.9	554	98	534	72
ENST00000442253.3	40	1	39	1
ENST00000442267.3	332	52	323	44
ENST00000442287.6	604	229	593	168
ENST00000442371.5	60	1	60	1
ENST00000442396.6	68	36	75	29
ENST00000442437.2	2	0	0	0
ENST00000442466.1	0	2	0	2
ENST00000442488.7	0	0	0	0
ENST00000442510.8	0	1	0	0
ENST00000442544.7	0	0	0	0
ENST00000442561.7	0	0	0	0
ENST00000442628.7	328	103	342	85
ENST00000442633.1	0	0	0	0
ENST00000442682.7	0	0	0	0
ENST00000442687.6	0	0	0	0
ENST00000442697.7	314	26	505	17
ENST00000442738.7	463	218	446	178
ENST00000442744.7	519	252	623	196
ENST00000442788.5	0	0	0	0
ENST00000442789.6	0	0	0	0
ENST00000442898.5	1	0	274	125
ENST00000442966.6	31	2	21	2
ENST00000442986.5	35	7	32	7
ENST00000442999.3	0	0	0	0
ENST00000443029.5	339	25	332	21
ENST00000443071.6	273	93	260	65
ENST00000443119.7	0	0	0	0
ENST00000443124.5	179	11	188	7
ENST00000443173.6	11	1	11	1
ENST00000443185.7	2	0	2	0
ENST00000443272.3	925	137	711	87
ENST00000443313.5	0	0	0	0
ENST00000443314.5	1189	102	1174	73
ENST00000443358.6	392	95	373	78
ENST00000443381.7	69	57	65	26
ENST00000443439.7	735	72	690	56
ENST00000443512.1	0	0	0	0
ENST00000443585.6	90	16	91	11
ENST00000443597.7	90	31	79	21
ENST00000443617.7	1029	217	1001	164
ENST00000443632.2	14	5	14	5
ENST00000443649.8	0	0	0	0
ENST00000443659.6	142	9	137	7
ENST00000443698.5	250	15	244	13
ENST00000443739.6	0	2	0	1
ENST00000443758.6	0	0	0	0
ENST00000443779.3	3	2	1	0
ENST00000443824.5	472	56	470	42
ENST00000443866.2	0	0	0	0
ENST00000443905.6	3	0	1	0
ENST00000443950.6	1427	387	1234	278
ENST00000443968.2	56	2	53	1
ENST00000444035.6	495	107	467	81
ENST00000444122.2	10	0	0	0
ENST00000444124.7	0	0	0	0
ENST00000444129.7	1447	177	1583	131
ENST00000444136.6	0	0	0	0
ENST00000444149.7	5	0	3	0
ENST00000444197.3	0	0	0	0
ENST00000444204.2	0	0	0	0
ENST00000444264.1	0	0	0	0
ENST00000444294.7	0	0	0	0
ENST00000444310.4	1	0	0	0
ENST00000444313.8	4	0	6	0
ENST00000444321.2	0	0	0	0
ENST00000444335.1	0	0	0	0
ENST00000444387.7	24	3	25	3
ENST00000444469.4	99	13	93	11
ENST00000444565.1	0	0	0	0
ENST00000444610.7	53	4	9	0
ENST00000444614.8	57	5	55	5
ENST00000444623.5	44	67	39	50
ENST00000444643.7	470	46	477	36
ENST00000444723.3	0	0	0	0
ENST00000444739.7	341	39	252	21
ENST00000444836.5	1355	211	1336	169
ENST00000444837.6	0	0	0	0
ENST00000444870.7	11	0	11	0
ENST00000444881.5	447	32	431	20
ENST00000445061.6	1311	440	1263	359
ENST00000445067.6	1	0	1	0
ENST00000445091.3	0	0	0	0
ENST00000445101.4	3	0	2	0
ENST00000445132.2	0	0	0	0
ENST00000445148.1	0	0	0	0
ENST00000445193.7	264	31	37	7
ENST00000445202.2	0	0	0	0
ENST00000445220.5	27	43	23	32
ENST00000445224.6	0	0	0	0
ENST00000445307.4	0	0	0	0
ENST00000445323.7	643	76	624	63
ENST00000445355.8	0	0	0	0
ENST00000445369.3	0	0	0	0
ENST00000445385.2	0	0	0	0
ENST00000445590.3	0	0	0	0
ENST00000445632.7	4	0	4	0
ENST00000445716.6	29	8	394	37
ENST00000445819.5	1	20	1	12
ENST00000445895.2	8	1	8	1
ENST00000445902.3	836	139	819	109
ENST00000445907.6	0	0	0	0
ENST00000445922.2	739	81	727	64
ENST00000445927.7	0	0	0	0
ENST00000445946.4	7	0	6	0
ENST00000446044.5	365	81	347	64
ENST00000446108.5	632	284	778	224
ENST00000446113.7	303	22	293	14
ENST00000446157.3	0	0	0	0
ENST00000446160.7	0	0	0	0
ENST00000446176.7	604	66	584	47
ENST00000446197.8	356	90	334	68
ENST00000446231.7	696	249	1458	313
ENST00000446240.1	0	0	0	0
ENST00000446284.6	557	99	548	79
ENST00000446378.3	5	0	5	0
ENST00000446444.2	0	0	0	0
ENST00000446461.2	0	0	0	0
ENST00000446465.3	645	74	579	50
ENST00000446477.6	0	0	0	0
ENST00000446488.7	392	67	377	44
ENST00000446510.6	161	13	196	13
ENST00000446524.1	0	0	0	0
ENST00000446526.8	792	113	736	93
ENST00000446544.6	427	34	424	27
ENST00000446597.5	558	115	559	86
ENST00000446620.1	0	0	0	0
ENST00000446632.6	0	0	0	0
ENST00000446656.4	0	1	0	1
ENST00000446702.7	0	0	0	0
ENST00000446747.6	383	65	261	35
ENST00000446818.6	688	34	686	30
ENST00000446859.7	0	0	0	0
ENST00000446864.1	0	0	0	0
ENST00000447017.7	11	7	10	7
ENST00000447092.5	546	92	516	72
ENST00000447110.5	0	0	0	0
ENST00000447116.6	81	9	67	7
ENST00000447204.6	11	0	10	0
ENST00000447234.7	0	0	0	0
ENST00000447266.7	933	199	897	144
ENST00000447313.7	1	0	0	0
ENST00000447353.6	8	0	7	0
ENST00000447370.6	0	0	0	0
ENST00000447388.7	481	47	616	39
ENST00000447419.6	2	0	2	0
ENST00000447459.7	0	1	0	0
ENST00000447467.6	40	5	37	2
ENST00000447513.7	183	31	174	26
ENST00000447540.5	698	174	680	127
ENST00000447544.7	6	0	6	0
ENST00000447601.6	298	47	279	38
ENST00000447630.5	138	37	169	30
ENST00000447648.7	142	39	138	31
ENST00000447654.5	199	67	450	131
ENST00000447750.7	1013	267	963	199
ENST00000447769.1	22	0	22	0
ENST00000447857.8	1	0	0	0
ENST00000447866.5	956	470	1589	438
ENST00000447869.5	238	28	229	19
ENST00000447906.8	270	37	542	46
ENST00000447944.7	972	154	1096	123
ENST00000447966.7	300	42	275	28
ENST00000447998.6	968	68	958	51
ENST00000448012.6	0	0	0	0
ENST00000448108.7	706	225	677	157
ENST00000448116.7	809	461	887	405
ENST00000448182.7	0	0	0	0
ENST00000448223.7	939	162	931	124
ENST00000448276.7	489	81	471	62
ENST00000448331.7	0	0	0	0
ENST00000448372.5	571	84	566	63
ENST00000448384.2	0	0	0	0
ENST00000448387.6	0	0	0	0
ENST00000448456.3	0	0	0	0
ENST00000448493.7	502	79	502	68
ENST00000448504.6	76	7	73	5
ENST00000448521.5	810	257	765	221
ENST00000448552.7	282	57	129	8
ENST00000448599.2	0	0	0	0
ENST00000448612.6	17	19	13	14
ENST00000448666.7	767	134	739	111
ENST00000448696.4	2	5	2	5
ENST00000448775.4	366	25	356	22
ENST00000448797.2	0	0	0	0
ENST00000448803.6	132	6	107	4
ENST00000448843.6	1	0	1	0
ENST00000448878.6	412	157	849	194
ENST00000448903.7	724	110	688	89
ENST00000448921.5	1	0	1	0
ENST00000448923.2	0	0	0	0
ENST00000448984.1	0	0	0	0
ENST00000449022.7	409	45	387	30
ENST00000449058.7	541	72	518	61
ENST00000449076.6	0	0	0	0
ENST00000449082.3	0	5	0	1
ENST00000449105.8	906	109	895	78
ENST00000449187.6	1818	556	1704	421
ENST00000449188.2	0	0	0	0
ENST00000449191.1	0	0	0	0
ENST00000449193.7	32	4	31	4
ENST00000449199.7	3	0	2	0
ENST00000449247.6	1578	248	1785	207
ENST00000449250.3	42	4	48	1
ENST00000449264.3	0	0	0	0
ENST00000449283.2	6	0	5	0
ENST00000449290.6	0	0	0	0
ENST00000449291.7	551	106	523	88
ENST00000449302.8	0	0	0	0
ENST00000449309.2	222	20	197	13
ENST00000449337.6	4	0	4	0
ENST00000449352.7	155	60	149	45
ENST00000449465.2	0	0	0	0
ENST00000449549.4	205	14	190	11
ENST00000449561.3	0	0	0	0
ENST00000449590.6	0	0	0	0
ENST00000449592.7	198	16	188	11
ENST00000449599.4	4	0	4	0
ENST00000449606.7	577	68	551	58
ENST00000449682.2	0	0	0	6
ENST00000449692.3	321	48	314	40
ENST00000449726.6	69	12	185	17
ENST00000449742.7	0	0	0	0
ENST00000449771.7	3	6	3	4
ENST00000449802.5	422	46	416	35
ENST00000449825.5	646	62	628	49
ENST00000449870.5	1955	783	1885	616
ENST00000449934.7	424	53	252	19
ENST00000449956.2	2	0	2	0
ENST00000449977.7	0	0	0	0
ENST00000450049.7	0	0	0	0
ENST00000450053.8	349	114	344	103
ENST00000450114.7	724	88	713	65
ENST00000450136.1	584	64	565	58
ENST00000450142.7	1710	241	1669	175
ENST00000450168.2	22	7	23	5
ENST00000450169.7	568	74	545	42
ENST00000450195.6	299	45	266	46
ENST00000450251.5	221	24	214	19
ENST00000450253.6	73	13	877	65
ENST00000450269.5	50	12	52	10
ENST00000450295.5	18	0	18	0
ENST00000450361.2	214	14	269	18
ENST00000450403.3	140	10	139	9
ENST00000450454.7	107	13	101	10
ENST00000450456.2	0	0	0	0
ENST00000450510.2	46	6	44	4
ENST00000450525.7	223	79	210	67
ENST00000450536.6	535	42	529	35
ENST00000450554.6	1574	644	1534	479
ENST00000450593.5	10	2	11	1
ENST00000450660.3	0	0	0	0
ENST00000450673.4	3	1	0	0
ENST00000450689.7	294	34	287	25
ENST00000450727.5	0	0	0	0
ENST00000450735.7	8	2	9	2
ENST00000450736.6	68	4	60	3
ENST00000450764.6	519	254	499	196
ENST00000450780.6	0	0	0	0
ENST00000450845.6	94	3	91	2
ENST00000450849.7	0	0	0	0
ENST00000450892.7	0	0	1	1
ENST00000450894.7	116	17	109	11
ENST00000450895.2	0	0	0	0
ENST00000450966.5	613	94	607	71
ENST00000450979.2	0	0	0	0
ENST00000450993.7	14	3	14	3
ENST00000451024.5	0	0	0	0
ENST00000451037.7	0	0	0	0
ENST00000451055.6	0	0	0	0
ENST00000451085.5	0	0	0	0
ENST00000451127.3	2	6	2	2
ENST00000451130.6	682	102	666	80
ENST00000451137.7	1983	814	1903	626
ENST00000451172.5	0	0	0	0
ENST00000451188.7	0	0	0	0
ENST00000451237.3	17	0	17	0
ENST00000451249.6	497	55	523	44
ENST00000451261.6	0	1	0	0
ENST00000451287.6	17	0	17	0
ENST00000451315.7	733	182	724	148
ENST00000451321.6	385	30	377	25
ENST00000451436.6	2	0	2	0
ENST00000451493.5	1411	191	1402	145
ENST00000451531.6	0	0	0	0
ENST00000451548.6	0	0	0	0
ENST00000451558.5	0	0	0	0
ENST00000451590.5	192	63	180	46
ENST00000451604.7	0	0	0	0
ENST00000451608.2	0	0	0	0
ENST00000451682.5	77	15	25	3
ENST00000451739.6	856	247	814	198
ENST00000451791.7	1	0	1	0
ENST00000451794.6	0	0	0	0
ENST00000451882.3	136	13	116	6
ENST00000451899.7	286	45	286	35
ENST00000451997.6	0	0	0	0
ENST00000452015.9	12	3	12	3
ENST00000452027.3	1	0	1	0
ENST00000452032.6	0	0	2	0
ENST00000452089.5	2	58	1	22
ENST00000452123.3	0	0	0	0
ENST00000452135.6	523	95	483	57
ENST00000452145.6	0	0	0	0
ENST00000452211.5	278	11	270	8
ENST00000452236.3	66	11	64	10
ENST00000452267.1	0	0	0	0
ENST00000452271.7	0	0	0	0
ENST00000452313.5	0	0	0	0
ENST00000452319.5	185	56	166	28
ENST00000452335.2	0	0	0	0
ENST00000452361.5	0	0	0	0
ENST00000452400.7	416	24	416	17
ENST00000452443.3	0	0	0	0
ENST00000452510.7	2373	742	2319	551
ENST00000452633.5	0	0	0	0
ENST00000452647.2	22	7	26	9
ENST00000452699.5	379	128	367	96
ENST00000452733.7	269	86	249	61
ENST00000452853.6	770	237	713	176
ENST00000452881.5	0	0	0	0
ENST00000452892.3	1	0	1	0
ENST00000452918.7	630	231	611	175
ENST00000453061.7	780	93	761	75
ENST00000453089.2	150	5	140	4
ENST00000453097.7	8	0	8	0
ENST00000453129.2	0	0	0	0
ENST00000453153.7	440	44	475	33
ENST00000453190.7	1828	186	1788	144
ENST00000453212.5	107	15	105	15
ENST00000453304.6	23	3	24	1
ENST00000453318.6	701	99	679	68
ENST00000453321.8	405	28	399	23
ENST00000453372.7	238	13	138	1
ENST00000453386.7	1348	360	1327	292
ENST00000453407.7	0	0	0	0
ENST00000453424.7	81	7	73	3
ENST00000453464.3	2	0	2	0
ENST00000453495.2	222	109	218	92
ENST00000453707.6	7	0	5	0
ENST00000453908.8	11	12	11	9
ENST00000453996.7	304	53	296	35
ENST00000454002.6	214	29	212	25
ENST00000454073.7	121	11	106	8
ENST00000454109.1	0	0	0	0
ENST00000454136.7	0	0	0	0
ENST00000454158.7	224	0	223	0
ENST00000454207.2	0	0	0	0
ENST00000454214.1	335	59	608	86
ENST00000454309.6	39	0	40	0
ENST00000454349.7	571	65	550	49
ENST00000454366.2	895	197	785	118
ENST00000454402.7	801	114	777	81
ENST00000454449.3	0	0	0	0
ENST00000454498.6	248	67	238	48
ENST00000454545.5	0	0	0	0
ENST00000454575.6	1129	105	1088	72
ENST00000454584.6	0	0	0	0
ENST00000454608.3	0	0	0	0
ENST00000454652.6	267	20	269	16
ENST00000454677.3	0	0	0	0
ENST00000454678.7	427	93	396	76
ENST00000454679.7	0	0	0	0
ENST00000454744.7	0	0	0	0
ENST00000454765.7	3	0	3	0
ENST00000454782.3	0	0	0	0
ENST00000454783.5	0	0	0	0
ENST00000454853.7	0	0	0	0
ENST00000454856.4	0	0	0	0
ENST00000454872.6	125	8	124	6
ENST00000454971.2	0	0	0	0
ENST00000454994.3	0	0	0	0
ENST00000455077.5	895	73	852	51
ENST00000455140.7	558	46	553	37
ENST00000455146.8	586	35	598	27
ENST00000455147.6	579	59	584	52
ENST00000455236.4	0	0	0	0
ENST00000455345.6	1	0	1	0
ENST00000455511.7	1218	172	1183	127
ENST00000455521.5	130	12	51	3
ENST00000455537.7	3	0	4	0
ENST00000455566.6	383	93	352	61
ENST00000455584.2	1	0	1	0
ENST00000455600.1	746	191	719	157
ENST00000455694.6	0	0	0	0
ENST00000455783.3	0	0	0	0
ENST00000455784.7	6	2	6	1
ENST00000455809.5	515	42	498	36
ENST00000455827.2	0	0	0	0
ENST00000455833.7	327	49	287	32
ENST00000455843.5	0	0	0	0
ENST00000455884.7	3	0	3	0
ENST00000455895.6	418	94	412	75
ENST00000455905.1	0	0	0	0
ENST00000455915.6	1253	460	1217	352
ENST00000456015.6	0	0	0	0
ENST00000456047.2	0	0	0	0
ENST00000456080.5	0	0	0	0
ENST00000456145.2	0	0	0	0
ENST00000456256.6	18	1	17	1
ENST00000456283.7	78	7	10	2
ENST00000456318.5	689	95	610	78
ENST00000456324.5	408	62	214	20
ENST00000456354.7	1	0	0	0
ENST00000456397.7	502	42	480	29
ENST00000456430.6	200	24	187	16
ENST00000456448.2	0	0	0	0
ENST00000456475.1	0	0	0	0
ENST00000456517.2	470	60	448	45
ENST00000456556.5	23	16	6	2
ENST00000456570.5	0	0	0	0
ENST00000456692.6	636	57	639	41
ENST00000456733.2	108	21	105	17
ENST00000456783.3	0	0	0	0
ENST00000456790.2	53	8	50	6
ENST00000456806.3	0	0	0	0
ENST00000456829.7	343	29	338	22
ENST00000456909.6	381	56	375	52
ENST00000456935.7	464	95	464	85
ENST00000456936.4	116	7	118	4
ENST00000456951.5	0	0	0	0
ENST00000457020.3	0	0	0	0
ENST00000457052.3	0	0	0	0
ENST00000457054.6	1539	232	2209	218
ENST00000457056.6	0	0	0	0
ENST00000457091.2	0	0	0	0
ENST00000457167.9	1354	318	1438	219
ENST00000457222.6	0	0	0	0
ENST00000457308.6	696	82	682	71
ENST00000457326.3	1	0	1	0
ENST00000457354.7	977	139	998	104
ENST00000457363.1	0	0	0	0
ENST00000457408.7	594	79	524	62
ENST00000457416.6	455	66	417	46
ENST00000457500.6	633	101	613	73
ENST00000457511.7	140	21	135	18
ENST00000457514.3	0	0	0	0
ENST00000457542.7	283	83	272	63
ENST00000457543.4	0	1	0	0
ENST00000457692.5	0	0	0	0
ENST00000457714.5	1	0	0	0
ENST00000457717.5	9	0	10	0
ENST00000457736.1	0	0	0	0
ENST00000457749.7	90	4	19	0
ENST00000457775.3	0	2	0	0
ENST00000457928.7	1189	50	1360	43
ENST00000457977.3	0	0	0	0
ENST00000458013.7	582	15	565	13
ENST00000458022.6	3	0	2	0
ENST00000458035.3	90	10	11	0
ENST00000458043.6	0	4	0	1
ENST00000458091.4	0	0	0	0
ENST00000458121.6	5	0	5	0
ENST00000458128.3	4	6	0	0
ENST00000458174.6	12	0	11	0
ENST00000458187.5	0	0	0	0
ENST00000458198.3	195	47	240	44
ENST00000458218.3	0	0	0	0
ENST00000458257.5	0	0	0	0
ENST00000458385.7	652	67	625	42
ENST00000458420.7	4	0	4	0
ENST00000458448.5	1	0	1	0
ENST00000458472.1	0	0	0	0
ENST00000458537.7	1138	84	1095	57
ENST00000458549.7	249	7	243	7
ENST00000458573.3	0	0	0	0
ENST00000458580.6	1	0	1	0
ENST00000458591.7	967	107	967	82
ENST00000458629.1	0	1	0	1
ENST00000458637.6	11	7	9	5
ENST00000458640.5	1619	611	0	0
ENST00000458657.6	7	2	7	1
ENST00000458663.6	54	100	49	73
ENST00000458694.6	0	0	0	0
ENST00000458705.6	173	16	48	2
ENST00000459757.6	55	9	29	2
ENST00000460006.6	492	25	484	18
ENST00000460012.6	1	0	1	0
ENST00000460241.2	0	0	0	0
ENST00000460469.1	1053	132	1304	109
ENST00000460680.6	645	240	646	187
ENST00000460843.6	895	228	858	186
ENST00000460851.6	1399	256	1370	195
ENST00000460911.5	630	136	625	110
ENST00000461166.5	1257	115	1234	85
ENST00000461287.1	0	0	0	0
ENST00000461366.2	0	0	0	0
ENST00000461548.1	0	0	0	0
ENST00000461554.5	218	89	217	63
ENST00000461685.5	172	12	167	11
ENST00000461742.6	2	6	2	4
ENST00000461745.5	14	1	13	1
ENST00000461940.5	0	0	0	0
ENST00000461988.6	1254	300	1245	240
ENST00000462107.1	121	21	117	18
ENST00000462138.6	3595	2741	3464	2076
ENST00000462322.3	1	0	1	0
ENST00000462446.6	0	1	0	0
ENST00000462576.5	41	62	1431	1017
ENST00000462683.6	524	23	513	17
ENST00000462790.8	154	16	106	17
ENST00000462833.5	0	0	0	0
ENST00000463117.6	0	0	0	0
ENST00000463439.2	0	2	0	0
ENST00000463569.5	11	5	2	1
ENST00000463745.6	132	3	131	2
ENST00000463781.8	2	0	2	0
ENST00000464121.3	1	0	0	0
ENST00000464295.5	44	4	42	3
ENST00000464300.7	0	0	0	0
ENST00000464356.6	424	74	357	50
ENST00000464488.3	108	3	106	3
ENST00000464506.2	386	24	423	24
ENST00000464606.5	1216	67	1166	52
ENST00000464664.3	0	0	0	0
ENST00000464755.1	0	0	0	0
ENST00000464845.6	735	190	664	137
ENST00000464847.6	0	0	0	0
ENST00000464848.5	456	23	450	17
ENST00000464942.7	0	0	0	0
ENST00000465049.6	0	0	0	0
ENST00000465127.1	0	0	0	0
ENST00000465139.6	670	537	660	261
ENST00000465148.3	94	11	108	9
ENST00000465271.6	562	58	595	47
ENST00000465301.2	2	0	2	0
ENST00000465342.4	0	0	0	0
ENST00000465419.7	0	0	0	0
ENST00000465482.2	0	0	0	0
ENST00000465518.2	60	15	191	18
ENST00000465530.2	5	0	5	0
ENST00000465784.7	865	207	854	164
ENST00000465804.5	883	124	874	101
ENST00000465829.5	1	0	0	0
ENST00000465995.6	238	10	230	7
ENST00000466072.5	1026	146	1025	118
ENST00000466202.5	3	0	3	0
ENST00000466387.5	2	0	2	0
ENST00000466444.7	399	134	602	128
ENST00000466490.7	951	131	936	125
ENST00000466675.5	66	9	65	5
ENST00000466681.2	762	119	753	99
ENST00000466830.6	283	36	369	29
ENST00000467087.5	320	35	314	29
ENST00000467132.5	0	0	0	0
ENST00000467148.1	54	26	52	16
ENST00000467460.6	0	0	0	0
ENST00000467482.6	1	0	1	0
ENST00000467614.2	3	11	0	0
ENST00000467728.5	192	37	182	34
ENST00000467889.1	2	4	1	0
ENST00000467963.6	817	354	731	265
ENST00000468148.6	481	49	457	30
ENST00000468317.3	0	0	0	0
ENST00000468472.1	0	0	0	0
ENST00000468529.1	33	2	30	2
ENST00000468660.6	1	0	0	0
ENST00000468695.5	313	36	472	34
ENST00000468739.2	0	0	0	0
ENST00000468812.6	114	63	575	517
ENST00000468888.6	1170	140	1115	106
ENST00000469044.6	415	48	422	38
ENST00000469083.1	0	0	0	0
ENST00000469257.2	443	264	817	310
ENST00000469408.6	1152	110	1105	91
ENST00000469520.6	604	46	615	32
ENST00000470229.6	966	127	930	100
ENST00000470487.6	1482	440	1447	325
ENST00000470495.1	0	0	0	0
ENST00000470691.2	0	0	0	0
ENST00000470747.4	0	0	0	0
ENST00000470794.2	1	3	0	2
ENST00000471115.6	343	75	334	61
ENST00000471389.6	986	69	991	51
ENST00000471521.5	0	0	0	0
ENST00000471583.5	137	8	135	5
ENST00000471646.6	0	0	0	0
ENST00000471696.6	156	19	331	28
ENST00000471702.2	0	0	0	0
ENST00000471714.5	1	1	1	1
ENST00000471841.6	970	128	1218	112
ENST00000471889.5	6	0	5	0
ENST00000472091.2	0	0	0	0
ENST00000472174.7	767	138	758	111
ENST00000472186.5	6	0	6	0
ENST00000472487.6	162	30	159	27
ENST00000472572.7	13	0	13	0
ENST00000472644.6	971	97	928	58
ENST00000472726.3	0	0	0	0
ENST00000472886.5	4	0	4	0
ENST00000473183.7	135	27	129	25
ENST00000473265.3	0	0	0	0
ENST00000473414.6	753	100	660	67
ENST00000473520.1	0	0	0	0
ENST00000473559.5	0	0	0	0
ENST00000473731.5	927	165	913	132
ENST00000473835.7	2078	509	2196	376
ENST00000473942.5	541	52	550	43
ENST00000473989.8	241	15	232	10
ENST00000474037.6	40	3	11	0
ENST00000474359.7	0	0	0	0
ENST00000474455.1	0	0	0	0
ENST00000474524.5	5	2	5	0
ENST00000474627.8	262	25	265	21
ENST00000474629.7	469	39	458	29
ENST00000474710.5	98	1	93	1
ENST00000474718.5	0	0	0	0
ENST00000474759.6	559	96	529	58
ENST00000474781.5	396	65	375	44
ENST00000474844.5	358	25	338	18
ENST00000474879.7	979	204	936	161
ENST00000474889.6	113	2	111	2
ENST00000475092.4	89	11	65	2
ENST00000475153.6	182	15	160	7
ENST00000475243.6	678	82	626	63
ENST00000475381.7	417	9	406	7
ENST00000475390.2	0	0	0	0
ENST00000475541.1	0	0	0	0
ENST00000475668.6	0	0	0	0
ENST00000475866.3	10	7	10	5
ENST00000476049.1	0	0	0	0
ENST00000476120.1	52	1	10	0
ENST00000476151.5	0	0	11	0
ENST00000476166.6	0	0	0	0
ENST00000476257.5	0	0	0	0
ENST00000476279.5	465	102	452	75
ENST00000476287.3	638	68	583	44
ENST00000476371.1	464	51	458	42
ENST00000476379.6	3	9	3	4
ENST00000476781.6	853	159	865	114
ENST00000476832.2	417	63	403	54
ENST00000476907.6	179	45	172	40
ENST00000476941.6	153	21	141	18
ENST00000476993.2	15	0	15	0
ENST00000477224.6	3	0	2	0
ENST00000477305.5	134	15	0	0
ENST00000477313.5	461	41	451	34
ENST00000477616.2	0	0	0	0
ENST00000477703.6	312	33	288	30
ENST00000477717.6	0	0	0	0
ENST00000477724.6	0	0	0	0
ENST00000477737.6	1	0	0	0
ENST00000477853.6	2228	341	2208	249
ENST00000477892.5	615	65	602	48
ENST00000477922.3	0	0	0	0
ENST00000478136.6	0	0	0	0
ENST00000478244.6	113	39	105	29
ENST00000478262.2	1	0	0	0
ENST00000478300.6	0	0	0	0
ENST00000478399.5	11	0	11	0
ENST00000478497.5	5	3	6	1
ENST00000478722.5	699	44	712	39
ENST00000478753.5	269	83	273	68
ENST00000478815.1	0	0	0	0
ENST00000478945.1	0	0	0	0
ENST00000479035.7	543	794	1044	1223
ENST00000479054.5	456	178	425	125
ENST00000479141.6	3	0	3	0
ENST00000479191.2	0	0	0	0
ENST00000479209.1	335	102	318	74
ENST00000479548.2	0	0	0	0
ENST00000479633.2	0	0	0	0
ENST00000479665.6	475	107	467	71
ENST00000479870.6	208	9	953	67
ENST00000479950.5	236	14	219	14
ENST00000479961.1	0	0	0	0
ENST00000480294.1	0	0	0	0
ENST00000480336.1	0	0	0	0
ENST00000480456.6	0	0	0	0
ENST00000480502.5	2	0	1	0
ENST00000480687.5	385	45	370	30
ENST00000480744.2	0	0	0	0
ENST00000480796.6	0	0	0	0
ENST00000480798.2	0	0	0	0
ENST00000480945.6	541	35	519	25
ENST00000481138.6	59	3	44	3
ENST00000481195.6	1506	334	1314	198
ENST00000481247.6	151	5	156	2
ENST00000481490.3	25	0	25	0
ENST00000481508.1	785	135	806	103
ENST00000481533.5	39	12	38	13
ENST00000481739.2	474	132	438	109
ENST00000481752.6	613	68	593	47
ENST00000481848.6	0	0	0	0
ENST00000481882.7	0	0	0	0
ENST00000481909.2	217	19	224	16
ENST00000482026.5	0	0	0	0
ENST00000482387.6	59	0	57	0
ENST00000482457.4	0	0	0	0
ENST00000483063.2	350	47	343	31
ENST00000483095.6	1	0	0	0
ENST00000483209.5	464	51	462	38
ENST00000483233.5	478	76	478	59
ENST00000483273.2	1	17	0	0
ENST00000483466.5	309	50	294	36
ENST00000483722.2	0	0	0	0
ENST00000483725.8	0	0	0	0
ENST00000483754.1	0	0	0	0
ENST00000483851.6	41	12	33	8
ENST00000484259.3	241	25	290	24
ENST00000484302.3	6	0	4	1
ENST00000484457.6	204	16	202	13
ENST00000484532.6	0	0	0	0
ENST00000484558.3	267	92	296	71
ENST00000484800.6	960	101	944	82
ENST00000484928.5	4	0	4	0
ENST00000485303.6	1152	96	1116	74
ENST00000485477.5	6	0	2	0
ENST00000485511.6	896	157	869	98
ENST00000485713.5	1315	528	1223	387
ENST00000485876.6	233	108	245	63
ENST00000485960.6	868	58	864	45
ENST00000485972.6	433	66	461	61
ENST00000486111.5	622	68	594	55
ENST00000486180.5	0	0	0	0
ENST00000486257.5	0	0	0	0
ENST00000486333.1	0	0	0	0
ENST00000486442.6	203	45	196	35
ENST00000486685.3	26	4	26	2
ENST00000486715.6	1407	211	1400	168
ENST00000486975.1	0	0	0	0
ENST00000487099.7	8	2	8	2
ENST00000487137.6	90	41	85	31
ENST00000487179.1	0	0	0	0
ENST00000487273.7	2829	658	2775	517
ENST00000487349.6	0	0	0	0
ENST00000487416.6	274	33	269	28
ENST00000487519.6	922	87	1013	82
ENST00000487577.5	435	69	337	41
ENST00000487874.1	0	0	0	0
ENST00000487903.5	572	57	562	43
ENST00000487941.6	0	0	0	0
ENST00000488034.5	741	248	730	200
ENST00000488300.6	406	101	396	82
ENST00000488417.2	0	0	0	0
ENST00000488423.2	127	14	167	9
ENST00000488495.2	0	0	0	0
ENST00000488633.2	617	109	603	83
ENST00000488757.5	0	0	0	0
ENST00000488788.2	0	0	0	0
ENST00000488794.5	0	0	0	0
ENST00000489090.2	0	0	0	0
ENST00000489294.2	342	45	330	35
ENST00000489418.6	870	157	851	119
ENST00000489711.6	1	0	1	0
ENST00000490035.7	0	0	0	0
ENST00000490103.5	980	169	964	137
ENST00000490107.6	561	64	546	51
ENST00000490341.3	7	1	2	0
ENST00000490531.3	83	2	76	1
ENST00000490605.3	1	0	1	0
ENST00000490879.8	0	0	0	0
ENST00000491143.3	18	0	17	0
ENST00000491148.5	1	0	1	0
ENST00000491306.6	476	747	692	867
ENST00000491415.7	536	47	498	36
ENST00000491431.2	79	11	73	8
ENST00000491614.6	926	116	918	96
ENST00000491677.6	0	0	0	0
ENST00000491806.6	0	0	0	0
ENST00000491935.5	1213	421	1146	302
ENST00000491959.5	2	0	2	0
ENST00000492112.3	746	121	998	111
ENST00000492259.6	0	0	0	0
ENST00000492406.6	394	28	385	19
ENST00000492590.6	80	7	76	2
ENST00000493111.7	238	29	218	19
ENST00000493196.2	457	43	458	28
ENST00000493333.5	189	24	178	19
ENST00000493422.3	0	0	0	0
ENST00000493429.5	5	1	5	0
ENST00000493442.2	670	21	663	20
ENST00000493463.2	0	0	0	0
ENST00000493662.6	0	0	0	0
ENST00000493763.7	142	40	898	134
ENST00000493964.5	1	0	0	0
ENST00000494082.2	0	0	0	0
ENST00000494292.6	523	60	512	40
ENST00000494383.1	0	0	0	0
ENST00000494426.2	332	84	321	74
ENST00000494481.5	0	0	0	0
ENST00000494664.6	713	121	649	89
ENST00000494695.4	227	29	13	1
ENST00000494857.6	368	21	358	17
ENST00000495027.5	0	0	0	0
ENST00000495075.5	960	105	939	79
ENST00000495186.6	252	98	279	83
ENST00000495204.5	330	55	324	46
ENST00000495273.5	2104	503	2066	365
ENST00000495461.6	174	29	347	34
ENST00000495514.5	3	0	3	0
ENST00000495723.1	0	0	0	0
ENST00000495827.3	31	0	31	0
ENST00000495880.2	227	14	196	11
ENST00000495893.7	568	56	563	44
ENST00000496166.6	1	0	0	0
ENST00000496259.5	75	9	68	7
ENST00000496384.7	205	18	261	15
ENST00000496391.5	257	41	260	37
ENST00000496455.7	1852	361	2148	309
ENST00000496514.5	4	0	3	0
ENST00000496613.6	3	0	3	0
ENST00000496634.2	0	0	0	0
ENST00000496811.6	2042	278	2027	214
ENST00000496902.7	0	0	0	0
ENST00000497194.6	1	5	0	4
ENST00000497454.6	144	36	140	33
ENST00000497473.6	452	72	452	55
ENST00000497524.5	104	6	98	4
ENST00000497547.2	698	202	678	135
ENST00000497571.6	406	45	373	37
ENST00000497771.6	18	0	15	0
ENST00000498165.6	182	3	180	2
ENST00000498273.2	0	0	0	0
ENST00000498286.6	803	80	795	58
ENST00000498508.6	0	0	0	0
ENST00000498682.3	2	0	2	0
ENST00000498697.3	0	0	0	0
ENST00000498707.5	0	0	0	0
ENST00000498729.8	1	0	1	0
ENST00000498737.8	657	154	617	127
ENST00000498907.3	5	0	3	0
ENST00000498926.7	523	58	491	50
ENST00000499023.7	1235	143	1185	109
ENST00000499247.3	1070	159	981	106
ENST00000499536.2	8	0	8	0
ENST00000499666.7	281	3	293	4
ENST00000500337.6	502	47	486	35
ENST00000500893.4	105	42	100	30
ENST00000500968.3	16	2	12	1
ENST00000501748.3	351	40	256	31
ENST00000502346.2	100	4	384	0
ENST00000502399.7	450	66	423	50
ENST00000502412.1	200	26	164	12
ENST00000502486.6	1	0	0	0
ENST00000502527.2	0	0	0	0
ENST00000502583.6	0	0	0	0
ENST00000502664.6	0	0	0	0
ENST00000502717.6	487	172	472	134
ENST00000502732.6	546	50	520	42
ENST00000502773.6	404	51	397	40
ENST00000502798.7	116	5	116	3
ENST00000502935.6	821	77	847	70
ENST00000502976.5	1081	444	1007	328
ENST00000502978.1	0	0	0	0
ENST00000502994.5	0	0	0	0
ENST00000503004.5	364	15	351	14
ENST00000503008.5	4	5	5	5
ENST00000503032.2	0	0	0	0
ENST00000503143.3	0	0	0	0
ENST00000503173.5	66	2	34	0
ENST00000503176.6	403	42	386	32
ENST00000503184.2	0	0	0	0
ENST00000503322.1	0	0	0	0
ENST00000503335.7	0	0	0	0
ENST00000503362.2	1044	168	1031	125
ENST00000503366.5	26	3	23	1
ENST00000503462.3	247	26	240	19
ENST00000503525.2	0	0	0	0
ENST00000503566.6	3	2	4	2
ENST00000503581.6	6	2	5	0
ENST00000503585.6	189	12	182	10
ENST00000503640.5	0	0	0	0
ENST00000503687.2	8	0	0	0
ENST00000503752.5	256	23	243	14
ENST00000503771.2	89	28	82	20
ENST00000503780.6	444	30	433	20
ENST00000503781.7	1650	500	1566	372
ENST00000503787.6	969	133	926	85
ENST00000503804.5	4	0	4	0
ENST00000503906.1	31	8	45	13
ENST00000504030.6	0	0	0	0
ENST00000504061.1	0	0	0	0
ENST00000504087.6	523	59	505	45
ENST00000504104.1	0	0	0	0
ENST00000504110.2	229	34	227	25
ENST00000504120.4	2	0	2	0
ENST00000504148.3	147	18	313	38
ENST00000504156.7	1394	387	1355	307
ENST00000504169.2	1013	168	971	126
ENST00000504209.1	0	0	0	0
ENST00000504273.5	102	37	136	28
ENST00000504329.1	0	0	0	0
ENST00000504404.1	0	0	0	0
ENST00000504449.2	0	0	0	0
ENST00000504481.1	0	0	0	0
ENST00000504543.1	0	0	0	0
ENST00000504548.4	234	23	227	16
ENST00000504595.2	0	0	0	0
ENST00000504686.2	7	4	0	0
ENST00000504764.5	0	0	0	0
ENST00000504771.3	358	25	340	21
ENST00000504830.6	0	0	0	0
ENST00000504904.8	0	0	0	0
ENST00000504924.6	353	9	331	8
ENST00000504942.6	6	0	6	0
ENST00000504953.5	58	2	60	1
ENST00000504986.6	818	79	810	55
ENST00000505019.5	294	40	289	32
ENST00000505035.1	0	0	0	0
ENST00000505065.1	154	8	150	7
ENST00000505139.1	0	0	0	0
ENST00000505242.6	166	12	61	0
ENST00000505354.2	0	0	0	0
ENST00000505374.6	1	0	0	0
ENST00000505416.5	105	4	106	3
ENST00000505459.6	326	25	489	32
ENST00000505490.3	1154	317	1229	298
ENST00000505560.5	974	153	959	114
ENST00000505624.5	23	3	24	3
ENST00000505658.6	1352	950	1303	718
ENST00000505667.6	2548	460	2416	323
ENST00000505747.6	369	44	354	25
ENST00000505820.6	165	72	161	60
ENST00000505920.1	2	0	0	0
ENST00000506030.5	2174	236	2096	176
ENST00000506113.5	358	99	338	69
ENST00000506151.1	0	0	0	0
ENST00000506197.2	134	5	133	2
ENST00000506259.5	1089	458	1236	394
ENST00000506351.6	2352	556	3348	554
ENST00000506382.2	0	0	0	0
ENST00000506414.1	0	0	0	0
ENST00000506447.5	731	110	712	85
ENST00000506502.2	0	0	5	0
ENST00000506577.5	0	10	0	0
ENST00000506599.2	0	0	0	0
ENST00000506618.4	1	0	1	0
ENST00000506720.5	123	9	123	8
ENST00000506729.6	0	0	0	0
ENST00000506738.6	0	0	0	0
ENST00000506757.7	0	0	0	0
ENST00000506796.5	0	0	0	0
ENST00000506823.6	5	0	5	0
ENST00000506868.1	0	0	0	0
ENST00000507110.6	1546	271	1501	235
ENST00000507116.5	1412	163	1346	126
ENST00000507142.6	422	78	417	62
ENST00000507152.6	0	0	0	0
ENST00000507166.5	0	0	0	0
ENST00000507227.1	0	0	0	0
ENST00000507311.1	0	0	0	0
ENST00000507359.3	7	0	7	0
ENST00000507450.5	0	0	0	0
ENST00000507489.2	414	64	399	42
ENST00000507492.5	0	0	0	0
ENST00000507606.3	127	28	257	32
ENST00000507668.7	206	8	202	7
ENST00000507680.6	0	0	0	0
ENST00000507754.9	125	42	153	40
ENST00000507824.6	0	0	0	0
ENST00000507866.6	3	0	3	0
ENST00000507897.5	0	0	0	0
ENST00000507918.5	0	0	0	0
ENST00000508048.5	0	0	0	0
ENST00000508053.5	4372	476	4190	365
ENST00000508064.7	0	0	0	0
ENST00000508164.6	87	42	86	34
ENST00000508177.5	696	100	676	78
ENST00000508190.1	64	17	54	12
ENST00000508296.5	0	0	0	0
ENST00000508394.6	149	38	133	31
ENST00000508487.3	0	0	0	0
ENST00000508501.5	1134	1069	1104	807
ENST00000508593.6	341	46	324	35
ENST00000508632.6	331	25	343	15
ENST00000508821.6	17	0	15	0
ENST00000508856.2	0	0	44	2
ENST00000508859.7	0	0	0	0
ENST00000508883.5	0	0	0	0
ENST00000508903.7	204	44	188	41
ENST00000508987.1	253	76	448	104
ENST00000509081.5	27	0	27	0
ENST00000509156.5	797	197	891	152
ENST00000509176.5	21	0	19	0
ENST00000509271.1	0	0	0	0
ENST00000509311.7	0	0	0	0
ENST00000509403.6	1	0	0	0
ENST00000509430.5	909	162	882	113
ENST00000509437.6	211	11	282	16
ENST00000509479.6	29	9	28	6
ENST00000509578.1	170	63	461	132
ENST00000509580.2	0	0	0	0
ENST00000509660.1	0	0	0	0
ENST00000509734.5	279	64	325	58
ENST00000509841.1	88	5	92	7
ENST00000509867.6	1975	322	1887	245
ENST00000509910.2	267	28	437	37
ENST00000510025.7	1739	245	1824	192
ENST00000510118.5	117	73	102	55
ENST00000510175.6	1	0	0	0
ENST00000510224.5	14	0	11	0
ENST00000510439.7	0	0	0	0
ENST00000510461.6	629	64	603	49
ENST00000510508.4	0	0	0	0
ENST00000510585.3	101	7	96	6
ENST00000510636.5	1	0	1	0
ENST00000510708.6	160	0	182	0
ENST00000510756.5	2091	544	2053	410
ENST00000510838.2	1	0	0	0
ENST00000510861.5	0	0	0	0
ENST00000510882.4	1	0	0	0
ENST00000510979.5	39	3	0	0
ENST00000510994.5	284	46	281	42
ENST00000511113.6	0	0	0	0
ENST00000511148.2	0	0	0	0
ENST00000511166.1	0	0	0	0
ENST00000511190.5	1	0	1	0
ENST00000511216.6	122	38	113	20
ENST00000511217.1	32	5	31	4
ENST00000511280.1	0	0	0	0
ENST00000511320.6	555	102	524	73
ENST00000511367.6	2399	976	2344	708
ENST00000511437.6	605	68	599	53
ENST00000511455.7	82	62	74	52
ENST00000511568.1	0	0	0	0
ENST00000511577.5	429	49	371	31
ENST00000511600.5	384	62	539	60
ENST00000511601.5	174	21	170	15
ENST00000511664.6	807	43	714	38
ENST00000511674.5	0	0	0	0
ENST00000511681.1	0	0	0	0
ENST00000511685.6	693	114	666	91
ENST00000511689.5	1283	377	1238	283
ENST00000511817.1	569	22	542	19
ENST00000511828.1	6	0	6	0
ENST00000511833.3	104	18	20	4
ENST00000511885.6	15	1	12	0
ENST00000511912.6	562	67	550	57
ENST00000512047.2	0	0	0	0
ENST00000512055.5	0	0	0	0
ENST00000512104.5	16	0	15	0
ENST00000512123.4	1009	74	986	51
ENST00000512175.3	9	0	8	0
ENST00000512194.2	0	0	4	0
ENST00000512227.1	0	0	0	0
ENST00000512369.2	3	0	3	0
ENST00000512439.6	7	1	5	0
ENST00000512524.4	0	0	0	0
ENST00000512528.3	303	9	290	7
ENST00000512576.2	1344	366	2391	423
ENST00000512626.2	0	0	0	0
ENST00000512701.6	246	14	244	7
ENST00000512729.5	4	0	4	0
ENST00000512733.5	231	17	234	14
ENST00000512783.5	149	14	152	13
ENST00000512796.1	0	0	0	0
ENST00000512805.6	2112	1895	2182	1454
ENST00000512944.6	1662	492	1605	385
ENST00000512953.5	170	51	150	25
ENST00000512982.4	0	0	0	0
ENST00000513000.5	84	6	84	4
ENST00000513042.6	201	20	200	13
ENST00000513104.6	0	0	0	0
ENST00000513200.7	1158	55	1115	36
ENST00000513209.1	0	0	0	0
ENST00000513312.3	42	3	43	3
ENST00000513398.2	2	0	1	0
ENST00000513440.6	188	23	185	19
ENST00000513458.9	228	19	313	23
ENST00000513610.6	3865	1512	3766	1197
ENST00000513710.3	1536	107	1516	77
ENST00000513874.5	0	0	0	0
ENST00000513876.4	0	0	0	0
ENST00000513963.1	0	0	0	0
ENST00000513973.6	933	66	931	44
ENST00000514116.6	0	0	0	0
ENST00000514170.6	0	0	0	0
ENST00000514199.1	34	73	33	60
ENST00000514213.6	1281	183	1278	129
ENST00000514226.5	0	0	0	0
ENST00000514251.5	1813	366	1748	284
ENST00000514387.6	279	85	281	68
ENST00000514667.1	0	0	3	0
ENST00000514747.6	137	47	134	38
ENST00000514819.7	1	7	0	0
ENST00000514853.3	0	0	0	0
ENST00000515030.5	204	20	197	15
ENST00000515098.5	333	50	318	37
ENST00000515165.5	137	38	134	28
ENST00000515206.5	9	2	10	0
ENST00000515279.6	556	13	530	12
ENST00000515340.2	0	0	0	5
ENST00000515384.1	0	0	0	0
ENST00000515425.6	14	2	13	2
ENST00000515560.1	3	0	3	0
ENST00000515566.1	0	0	0	0
ENST00000515574.1	0	0	0	0
ENST00000515604.5	0	0	0	0
ENST00000515673.7	707	64	700	52
ENST00000515683.6	0	0	0	0
ENST00000515777.5	0	0	0	0
ENST00000515780.6	2	0	2	0
ENST00000515823.2	0	0	0	0
ENST00000515837.7	126	11	111	8
ENST00000517294.5	5	0	2	0
ENST00000517309.6	1492	225	1503	175
ENST00000517349.2	0	0	0	0
ENST00000517392.5	215	35	390	39
ENST00000517399.2	44	0	40	0
ENST00000517417.2	8	0	8	0
ENST00000517434.3	8	5	6	5
ENST00000517490.6	908	28	868	21
ENST00000517492.5	119	9	79	3
ENST00000517503.1	345	96	348	72
ENST00000517562.3	187	13	182	7
ENST00000517566.6	425	44	490	28
ENST00000517649.6	0	0	19	29
ENST00000517746.6	357	17	346	16
ENST00000517870.2	0	0	0	0
ENST00000517876.5	733	66	710	45
ENST00000517883.2	0	0	0	0
ENST00000517894.5	2	2	2	2
ENST00000517956.5	716	58	699	40
ENST00000517970.6	267	59	382	56
ENST00000518047.5	1514	609	1481	460
ENST00000518069.1	2	0	0	0
ENST00000518137.6	142	29	132	26
ENST00000518149.5	10	0	7	0
ENST00000518156.3	62	4	63	0
ENST00000518237.6	0	0	0	0
ENST00000518322.6	138	16	364	28
ENST00000518325.2	22	0	16	0
ENST00000518421.5	204	15	205	12
ENST00000518448.5	3	0	3	0
ENST00000518476.6	0	0	0	0
ENST00000518498.1	0	0	0	0
ENST00000518525.5	0	0	0	0
ENST00000518529.6	1	0	1	0
ENST00000518547.5	4	1	3	1
ENST00000518568.3	0	0	0	0
ENST00000518632.2	0	0	0	0
ENST00000518659.5	326	49	312	40
ENST00000518698.6	1	0	1	0
ENST00000518699.4	0	0	0	0
ENST00000518721.6	686	136	661	102
ENST00000518738.2	859	66	842	52
ENST00000518817.1	0	0	0	0
ENST00000518868.5	158	10	155	7
ENST00000519065.6	1757	341	1722	248
ENST00000519106.2	7	0	7	0
ENST00000519253.5	1599	361	1554	255
ENST00000519289.1	0	0	0	0
ENST00000519374.6	427	127	457	99
ENST00000519449.5	721	158	704	113
ENST00000519479.1	0	0	0	0
ENST00000519499.2	0	0	0	0
ENST00000519541.1	0	0	0	0
ENST00000519560.6	22	4	21	4
ENST00000519561.6	15	0	1	0
ENST00000519638.3	533	47	515	36
ENST00000519676.6	212	12	209	8
ENST00000519728.6	310	15	287	10
ENST00000519811.5	440	153	433	128
ENST00000519824.6	958	94	981	71
ENST00000519846.5	0	0	0	0
ENST00000519895.5	25	0	25	0
ENST00000519948.4	255	22	187	10
ENST00000519973.6	151	74	138	62
ENST00000520113.6	0	0	0	0
ENST00000520164.6	0	0	0	0
ENST00000520262.6	176	41	169	33
ENST00000520309.5	47	9	45	7
ENST00000520311.5	120	4	118	2
ENST00000520347.5	115	18	326	38
ENST00000520358.7	264	23	265	20
ENST00000520429.6	548	66	541	46
ENST00000520509.5	463	29	456	16
ENST00000520547.3	0	4	2	0
ENST00000520694.6	513	77	506	63
ENST00000520790.1	3	0	2	0
ENST00000520876.7	124	17	119	15
ENST00000520908.7	391	30	373	17
ENST00000520915.5	0	3	0	0
ENST00000521022.6	456	42	454	28
ENST00000521072.7	10	0	10	0
ENST00000521180.5	222	28	229	23
ENST00000521262.5	158	208	468	258
ENST00000521268.6	0	0	0	0
ENST00000521288.2	256	90	249	84
ENST00000521291.5	650	477	900	384
ENST00000521315.5	0	0	0	0
ENST00000521374.6	6	9	6	5
ENST00000521381.6	323	29	319	23
ENST00000521389.6	320	103	324	72
ENST00000521400.6	4	0	4	0
ENST00000521476.5	133	29	565	77
ENST00000521485.5	1	0	1	0
ENST00000521508.2	408	26	270	6
ENST00000521530.5	0	0	0	0
ENST00000521545.7	921	197	1205	154
ENST00000521578.6	14	3	14	1
ENST00000521580.3	314	33	304	26
ENST00000521604.7	99	27	1133	180
ENST00000521654.6	171	13	170	13
ENST00000521688.6	524	183	625	144
ENST00000521764.3	9	14	0	0
ENST00000521776.2	41	34	0	0
ENST00000521861.6	1413	418	1402	318
ENST00000521871.5	28	12	28	9
ENST00000521978.5	18	0	12	0
ENST00000521988.6	142	7	139	7
ENST00000522038.5	717	93	675	70
ENST00000522111.3	48	4	45	4
ENST00000522154.1	0	0	0	0
ENST00000522212.6	2	0	4	0
ENST00000522232.3	5	0	1	0
ENST00000522353.3	2	0	2	0
ENST00000522362.7	102	4	97	3
ENST00000522452.2	0	0	0	0
ENST00000522605.1	13	2	12	1
ENST00000522677.7	636	66	615	48
ENST00000522678.5	0	0	0	0
ENST00000522684.5	861	232	835	176
ENST00000522781.6	0	2	0	1
ENST00000522796.1	0	0	0	0
ENST00000522826.5	2	0	2	0
ENST00000522909.5	0	0	0	0
ENST00000522917.5	2	0	1	0
ENST00000522938.5	14	0	15	0
ENST00000523016.1	401	78	450	62
ENST00000523047.4	0	0	0	0
ENST00000523111.7	542	85	591	64
ENST00000523189.6	165	22	168	17
ENST00000523207.2	0	0	0	0
ENST00000523211.5	5	0	5	0
ENST00000523374.5	29	4	9	3
ENST00000523377.2	200	17	293	19
ENST00000523390.1	13	4	11	3
ENST00000523505.3	100	9	100	8
ENST00000523638.6	193	20	97	10
ENST00000523677.6	0	0	0	0
ENST00000523731.6	641	66	643	45
ENST00000523908.5	1622	243	1549	187
ENST00000523950.5	200	20	188	15
ENST00000523953.5	0	0	0	0
ENST00000524087.5	0	4	0	0
ENST00000524142.5	419	72	404	59
ENST00000524189.6	24	10	24	8
ENST00000524230.7	184	15	167	11
ENST00000524240.6	0	0	0	0
ENST00000524270.5	68	14	65	8
ENST00000524300.6	415	21	499	16
ENST00000524365.5	0	0	0	0
ENST00000524377.5	3	0	3	0
ENST00000524391.6	0	0	0	0
ENST00000524413.5	207	21	199	16
ENST00000524542.2	0	0	0	0
ENST00000524555.3	0	0	0	0
ENST00000524558.5	1923	1063	2062	899
ENST00000524591.7	3	0	3	0
ENST00000524625.5	595	101	600	80
ENST00000524669.5	0	0	0	0
ENST00000524717.6	174	30	169	24
ENST00000524765.1	0	0	0	0
ENST00000524782.6	830	146	770	107
ENST00000524796.6	32	0	31	0
ENST00000524803.6	669	88	660	71
ENST00000524821.6	130	1	129	1
ENST00000524871.6	3	2	3	2
ENST00000524913.3	10	0	9	0
ENST00000524958.6	67	39	0	0
ENST00000524981.9	29	1	27	1
ENST00000524983.3	0	0	0	0
ENST00000524993.6	0	0	0	0
ENST00000525074.5	214	37	200	27
ENST00000525077.2	95	8	79	3
ENST00000525123.6	10	0	5	0
ENST00000525144.7	0	0	0	0
ENST00000525199.1	0	0	0	0
ENST00000525239.5	860	225	844	180
ENST00000525263.5	1	0	0	0
ENST00000525361.5	130	24	119	16
ENST00000525428.6	798	149	1008	116
ENST00000525451.6	919	923	1365	842
ENST00000525462.1	0	0	0	0
ENST00000525566.6	3087	1524	3037	1111
ENST00000525590.2	0	0	0	0
ENST00000525596.5	0	0	0	0
ENST00000525621.6	384	196	377	161
ENST00000525634.6	393	291	1083	460
ENST00000525748.6	0	0	0	0
ENST00000525754.5	243	39	217	33
ENST00000525778.5	0	0	0	0
ENST00000525815.6	488	17	479	11
ENST00000525899.6	0	0	0	0
ENST00000525908.6	162	18	160	9
ENST00000525919.5	417	54	408	39
ENST00000525929.2	0	0	0	0
ENST00000526060.5	647	53	624	45
ENST00000526104.5	632	177	611	149
ENST00000526117.6	0	0	0	0
ENST00000526136.2	0	0	0	0
ENST00000526148.5	3161	1633	3061	1168
ENST00000526355.7	23	1	25	1
ENST00000526406.5	148	21	148	19
ENST00000526415.5	213	28	203	18
ENST00000526438.5	0	0	0	0
ENST00000526495.5	532	97	521	70
ENST00000526589.5	382	31	326	12
ENST00000526627.1	20	0	18	0
ENST00000526639.3	209	28	204	25
ENST00000526678.5	24	9	22	9
ENST00000526683.6	1559	351	1498	286
ENST00000526727.5	258	76	256	60
ENST00000526812.4	0	0	0	0
ENST00000526816.6	0	0	0	0
ENST00000526900.1	0	0	0	0
ENST00000526929.1	0	0	0	0
ENST00000526991.3	752	133	735	108
ENST00000526995.6	193	9	279	6
ENST00000527080.1	0	0	0	0
ENST00000527095.7	0	0	0	0
ENST00000527139.6	7	0	7	0
ENST00000527246.3	0	0	0	0
ENST00000527323.5	1369	315	1317	251
ENST00000527353.1	122	18	0	0
ENST00000527372.6	301	208	278	170
ENST00000527447.1	313	189	292	156
ENST00000527478.6	287	41	331	35
ENST00000527482.2	0	0	0	0
ENST00000527524.8	0	0	0	0
ENST00000527598.1	26	0	25	0
ENST00000527604.1	3	3	0	0
ENST00000527614.6	838	69	814	47
ENST00000527616.1	0	0	0	0
ENST00000527670.5	4	0	4	0
ENST00000527673.2	238	220	897	465
ENST00000527733.7	2026	355	1977	255
ENST00000527748.5	0	0	0	0
ENST00000527786.7	14	0	14	0
ENST00000527879.2	19	10	17	6
ENST00000527881.1	674	163	620	133
ENST00000527958.6	693	68	844	59
ENST00000527972.5	0	0	0	0
ENST00000528052.5	0	0	0	0
ENST00000528080.6	461	14	443	9
ENST00000528157.7	860	230	837	183
ENST00000528252.5	10	0	9	0
ENST00000528266.6	0	0	0	0
ENST00000528368.3	0	0	0	0
ENST00000528386.4	0	0	0	0
ENST00000528405.1	0	0	0	0
ENST00000528416.6	652	102	688	81
ENST00000528446.1	0	0	0	0
ENST00000528616.4	0	0	0	0
ENST00000528655.5	180	31	173	26
ENST00000528667.7	647	178	619	136
ENST00000528718.6	333	43	327	33
ENST00000528737.5	181	18	173	14
ENST00000528743.4	0	0	0	0
ENST00000528793.5	376	170	449	149
ENST00000528838.6	596	240	577	193
ENST00000528848.3	1	3	0	0
ENST00000528880.3	0	0	0	0
ENST00000528896.7	1450	953	1422	746
ENST00000528919.5	302	80	296	58
ENST00000528972.1	0	0	0	0
ENST00000529006.7	863	157	843	127
ENST00000529010.6	910	86	882	70
ENST00000529054.5	0	0	0	0
ENST00000529108.5	0	0	0	0
ENST00000529166.5	0	0	0	0
ENST00000529221.5	123	8	120	7
ENST00000529230.6	3404	911	3375	680
ENST00000529246.3	26	8	22	4
ENST00000529308.6	118	59	112	46
ENST00000529310.6	1	0	0	0
ENST00000529415.7	47	60	46	0
ENST00000529419.3	0	7	0	7
ENST00000529487.3	15	1	15	1
ENST00000529513.5	42	3	39	3
ENST00000529533.6	0	0	0	0
ENST00000529555.1	2	0	0	0
ENST00000529559.1	0	0	0	0
ENST00000529681.5	1	0	1	0
ENST00000529689.5	416	33	450	30
ENST00000529694.6	0	0	0	0
ENST00000529716.5	0	0	0	0
ENST00000529803.1	0	0	0	0
ENST00000529816.1	2	0	0	0
ENST00000529859.2	0	0	0	0
ENST00000529983.3	1	0	1	0
ENST00000530028.3	830	263	800	227
ENST00000530059.2	0	0	0	0
ENST00000530122.1	0	0	0	0
ENST00000530128.5	0	0	0	0
ENST00000530162.2	0	0	0	0
ENST00000530167.1	296	15	157	3
ENST00000530210.1	0	0	0	0
ENST00000530217.2	0	0	0	0
ENST00000530311.6	0	0	0	0
ENST00000530339.2	0	0	0	0
ENST00000530349.2	125	50	125	46
ENST00000530374.5	224	43	219	32
ENST00000530393.6	65	31	57	21
ENST00000530443.3	0	0	0	0
ENST00000530447.5	0	0	0	0
ENST00000530464.2	0	0	0	0
ENST00000530484.1	0	0	0	0
ENST00000530611.1	25	0	0	0
ENST00000530705.6	467	725	830	745
ENST00000530719.5	0	0	0	0
ENST00000530758.2	356	118	367	94
ENST00000530797.5	547	515	740	478
ENST00000530810.1	0	0	0	0
ENST00000530878.5	12	0	12	0
ENST00000530950.2	0	0	0	0
ENST00000531066.6	46	11	43	7
ENST00000531072.1	343	75	284	62
ENST00000531107.5	39	2	38	1
ENST00000531120.6	1954	538	1971	339
ENST00000531165.5	1208	86	1173	66
ENST00000531188.6	697	1159	1754	2131
ENST00000531224.6	403	143	2137	399
ENST00000531293.1	0	0	0	0
ENST00000531323.1	188	64	182	58
ENST00000531380.2	123	8	117	6
ENST00000531382.5	540	110	509	93
ENST00000531399.5	0	0	0	0
ENST00000531433.5	0	0	0	0
ENST00000531445.3	0	0	0	0
ENST00000531598.6	0	0	0	0
ENST00000531613.2	0	0	0	0
ENST00000531618.1	0	0	0	0
ENST00000531678.1	0	0	0	0
ENST00000531743.5	415	401	750	424
ENST00000531783.5	0	0	0	0
ENST00000531837.2	36	0	36	0
ENST00000531909.5	99	6	96	4
ENST00000531945.1	0	0	0	0
ENST00000532059.5	0	0	0	0
ENST00000532090.3	238	36	231	23
ENST00000532097.6	1231	204	1167	149
ENST00000532205.5	121	38	111	30
ENST00000532208.5	58	5	63	2
ENST00000532219.5	7	3	8	0
ENST00000532223.2	0	0	0	0
ENST00000532254.1	0	0	0	0
ENST00000532297.5	836	161	809	106
ENST00000532404.6	0	0	0	0
ENST00000532411.2	0	0	0	0
ENST00000532414.3	133	47	124	43
ENST00000532437.1	618	186	587	160
ENST00000532485.6	322	16	351	12
ENST00000532498.7	1	0	1	0
ENST00000532602.2	0	0	0	0
ENST00000532620.5	0	0	0	0
ENST00000532622.7	0	0	0	0
ENST00000532636.5	1803	1610	4099	2019
ENST00000532692.1	116	14	131	11
ENST00000532699.1	0	0	0	0
ENST00000532791.5	430	63	382	47
ENST00000532798.3	0	0	0	0
ENST00000532828.7	23	7	11	2
ENST00000532917.3	0	0	0	0
ENST00000532942.5	1	0	0	0
ENST00000532967.5	0	0	0	0
ENST00000532971.2	33	3	31	3
ENST00000533028.8	49	0	58	1
ENST00000533050.6	293	9	283	7
ENST00000533099.5	216	50	264	42
ENST00000533122.3	0	0	0	0
ENST00000533152.3	0	0	0	0
ENST00000533166.5	244	140	474	156
ENST00000533191.5	0	0	0	0
ENST00000533211.5	1074	556	1015	471
ENST00000533231.5	322	89	316	66
ENST00000533244.6	236	37	231	31
ENST00000533250.1	0	0	0	0
ENST00000533256.5	389	84	370	61
ENST00000533342.6	126	5	117	6
ENST00000533400.6	350	21	321	9
ENST00000533448.1	0	0	0	0
ENST00000533467.1	0	0	0	0
ENST00000533473.1	0	4	0	3
ENST00000533475.6	310	37	302	29
ENST00000533486.5	320	13	303	8
ENST00000533490.7	0	0	0	0
ENST00000533544.6	270	33	263	26
ENST00000533551.5	0	0	0	0
ENST00000533558.5	52	0	50	0
ENST00000533601.7	19	13	21	10
ENST00000533608.7	1199	119	1192	103
ENST00000533626.5	462	141	1344	341
ENST00000533632.6	498	54	492	39
ENST00000533663.5	0	0	0	0
ENST00000533682.2	358	30	347	27
ENST00000533683.7	459	103	424	78
ENST00000533716.2	0	0	0	0
ENST00000533783.2	0	0	0	0
ENST00000533852.6	2	0	0	0
ENST00000533854.6	1	0	1	0
ENST00000533871.7	0	0	0	0
ENST00000533940.5	28	6	29	3
ENST00000534000.6	419	51	408	35
ENST00000534025.6	436	18	433	15
ENST00000534061.6	0	0	0	0
ENST00000534064.6	429	53	732	68
ENST00000534070.5	716	81	699	58
ENST00000534094.1	0	0	0	0
ENST00000534126.5	0	0	0	0
ENST00000534127.5	727	264	724	210
ENST00000534261.3	0	0	0	0
ENST00000534324.5	30	5	30	6
ENST00000534327.5	0	0	0	0
ENST00000534331.6	0	0	0	0
ENST00000534355.6	167	106	162	90
ENST00000534420.1	0	0	0	0
ENST00000534507.5	299	55	529	82
ENST00000534548.7	1402	230	1397	176
ENST00000534797.5	985	181	946	126
ENST00000534854.6	233	12	230	6
ENST00000534898.9	0	0	0	0
ENST00000534921.2	0	0	0	0
ENST00000534928.5	521	71	634	67
ENST00000534947.5	692	130	676	94
ENST00000534961.5	188	4	188	3
ENST00000534999.6	3	0	3	0
ENST00000535015.5	283	27	268	24
ENST00000535040.4	200	11	195	10
ENST00000535094.7	11	0	11	0
ENST00000535286.5	428	42	420	34
ENST00000535355.5	32	30	32	18
ENST00000535366.5	138	4	124	4
ENST00000535373.5	612	37	599	27
ENST00000535401.5	1068	229	1030	181
ENST00000535420.5	275	69	256	60
ENST00000535431.1	24	3	0	0
ENST00000535453.5	17	17	16	15
ENST00000535454.5	0	0	0	0
ENST00000535456.7	46	2	40	1
ENST00000535490.2	0	0	0	0
ENST00000535523.5	0	0	0	0
ENST00000535540.1	0	0	0	0
ENST00000535601.5	1444	375	1379	285
ENST00000535612.6	755	127	746	103
ENST00000535679.5	0	0	0	0
ENST00000535759.1	0	0	0	0
ENST00000535842.5	0	0	0	0
ENST00000535844.1	0	0	0	0
ENST00000535902.6	90	4	74	3
ENST00000535923.6	1200	410	1232	333
ENST00000536163.6	142	10	137	6
ENST00000536178.3	26	6	26	4
ENST00000536220.5	94	5	50	1
ENST00000536235.5	4	0	3	0
ENST00000536254.6	132	15	79	9
ENST00000536262.3	0	0	0	0
ENST00000536300.2	5	0	5	0
ENST00000536311.5	1	0	0	0
ENST00000536324.4	0	0	0	0
ENST00000536354.3	1	0	0	0
ENST00000536435.7	66	13	34	10
ENST00000536438.5	353	48	348	41
ENST00000536441.7	689	43	687	34
ENST00000536459.6	65	3	28	2
ENST00000536498.5	0	0	0	0
ENST00000536525.6	132	22	132	14
ENST00000536534.7	0	0	0	0
ENST00000536543.5	0	0	0	0
ENST00000536549.5	296	19	292	15
ENST00000536551.6	0	0	0	0
ENST00000536561.5	0	0	0	0
ENST00000536621.5	13	0	13	0
ENST00000536630.5	240	53	240	39
ENST00000536668.2	19	0	12	0
ENST00000536681.8	351	31	362	23
ENST00000536684.3	0	0	0	0
ENST00000536716.1	63	4	59	3
ENST00000536718.2	0	0	0	0
ENST00000536769.1	636	504	72	62
ENST00000536814.1	1	0	1	0
ENST00000536831.5	985	135	956	90
ENST00000536861.5	0	0	0	0
ENST00000537025.6	1404	531	2722	634
ENST00000537040.6	0	0	0	0
ENST00000537055.4	0	0	0	0
ENST00000537075.3	0	0	0	0
ENST00000537098.7	1094	133	1073	103
ENST00000537107.5	0	0	0	0
ENST00000537147.5	0	0	0	0
ENST00000537178.5	876	290	857	235
ENST00000537226.2	62	9	51	6
ENST00000537309.1	0	0	0	0
ENST00000537328.6	371	57	340	45
ENST00000537425.2	0	0	0	0
ENST00000537469.2	76	16	71	12
ENST00000537494.1	0	0	0	0
ENST00000537503.2	1	7	1	6
ENST00000537505.6	984	282	950	216
ENST00000537592.6	0	0	0	0
ENST00000537611.3	0	0	0	0
ENST00000537686.6	244	47	240	38
ENST00000537690.7	0	0	0	0
ENST00000537763.6	0	0	0	0
ENST00000537817.5	192	18	169	15
ENST00000537858.2	0	0	0	0
ENST00000537866.5	431	30	425	22
ENST00000537894.5	0	0	0	0
ENST00000537909.4	0	0	0	0
ENST00000537935.1	0	0	0	0
ENST00000537981.5	609	147	1173	168
ENST00000538035.6	1	0	0	0
ENST00000538039.6	925	107	924	80
ENST00000538065.5	203	41	194	32
ENST00000538173.1	14	18	1	0
ENST00000538183.7	105	27	22	0
ENST00000538197.6	99	4	85	3
ENST00000538234.5	152	20	215	14
ENST00000538274.5	70	21	68	13
ENST00000538312.5	0	0	0	0
ENST00000538320.5	32	1	28	1
ENST00000538426.5	905	162	918	135
ENST00000538474.5	0	2	0	2
ENST00000538487.7	0	0	0	0
ENST00000538488.2	0	0	0	0
ENST00000538490.2	0	0	0	0
ENST00000538576.5	2026	348	1945	242
ENST00000538603.6	0	0	0	0
ENST00000538666.6	0	0	0	0
ENST00000538716.7	270	33	255	29
ENST00000538724.5	0	0	0	0
ENST00000538771.5	448	103	443	80
ENST00000538779.6	0	0	0	0
ENST00000538780.2	0	3	0	2
ENST00000538789.5	319	14	305	7
ENST00000538862.6	594	113	624	81
ENST00000538872.6	0	0	0	0
ENST00000538904.6	114	33	108	29
ENST00000538906.5	142	18	130	15
ENST00000538922.8	0	0	0	0
ENST00000538936.7	357	40	365	31
ENST00000538986.1	0	5	0	3
ENST00000539033.1	0	0	0	0
ENST00000539111.7	274	39	274	33
ENST00000539247.5	64	7	178	8
ENST00000539261.6	48	3	47	2
ENST00000539276.7	3876	988	3722	755
ENST00000539294.6	961	79	934	56
ENST00000539465.5	0	0	0	0
ENST00000539479.6	749	33	742	24
ENST00000539517.7	0	0	0	0
ENST00000539526.5	0	0	0	0
ENST00000539556.6	0	0	0	0
ENST00000539585.1	0	0	0	0
ENST00000539589.5	799	296	762	257
ENST00000539644.5	206	41	140	19
ENST00000539652.1	0	0	0	0
ENST00000539664.3	1	0	1	0
ENST00000539706.5	4	3	2	2
ENST00000539719.6	172	18	166	13
ENST00000539745.1	488	0	279	0
ENST00000539798.1	96	13	95	8
ENST00000539827.5	199	26	190	21
ENST00000539842.5	0	0	0	0
ENST00000539850.1	0	0	0	0
ENST00000539867.6	10	0	1	0
ENST00000539869.3	293	40	294	30
ENST00000539896.1	0	0	0	0
ENST00000539905.5	0	0	0	0
ENST00000539909.6	1206	158	1213	102
ENST00000539966.5	945	279	1041	212
ENST00000540040.2	0	0	0	0
ENST00000540052.5	254	48	247	39
ENST00000540069.7	0	0	0	0
ENST00000540096.2	34	0	22	0
ENST00000540200.6	963	306	945	246
ENST00000540229.1	0	0	0	0
ENST00000540264.2	18	0	17	0
ENST00000540288.5	1040	278	1003	196
ENST00000540303.6	0	0	0	0
ENST00000540331.1	42	2	16	1
ENST00000540385.2	0	0	0	0
ENST00000540393.6	281	54	266	35
ENST00000540400.1	0	0	0	0
ENST00000540461.2	0	0	0	0
ENST00000540549.5	331	26	315	20
ENST00000540557.1	0	0	0	0
ENST00000540656.5	0	2	0	1
ENST00000540677.5	29	6	26	2
ENST00000540732.3	0	0	0	0
ENST00000540757.6	230	28	199	20
ENST00000541110.5	161	35	157	21
ENST00000541158.6	3	0	3	0
ENST00000541182.1	896	366	818	248
ENST00000541212.6	335	52	267	33
ENST00000541323.1	152	14	153	9
ENST00000541347.5	0	0	0	0
ENST00000541377.5	1091	111	1037	88
ENST00000541398.6	0	0	0	0
ENST00000541412.5	580	133	341	54
ENST00000541421.2	0	0	0	0
ENST00000541515.3	0	0	0	0
ENST00000541538.1	0	0	0	0
ENST00000541595.6	0	0	0	0
ENST00000541638.6	95	5	93	4
ENST00000541640.5	161	6	154	4
ENST00000541669.6	1	1	1	0
ENST00000541738.5	1118	99	1089	69
ENST00000541790.3	452	1	133	0
ENST00000541814.1	0	0	0	0
ENST00000541899.2	0	0	0	0
ENST00000541916.5	1359	193	1340	148
ENST00000541961.5	710	107	715	92
ENST00000541970.6	360	78	462	80
ENST00000542196.2	0	0	0	0
ENST00000542198.3	0	0	0	0
ENST00000542230.7	169	6	199	9
ENST00000542236.5	168	14	149	5
ENST00000542267.7	546	28	531	22
ENST00000542353.5	0	0	0	0
ENST00000542433.1	0	0	0	0
ENST00000542437.1	0	0	0	0
ENST00000542475.3	8	0	8	0
ENST00000542499.5	0	0	0	0
ENST00000542507.5	835	123	1248	125
ENST00000542527.7	95	6	87	6
ENST00000542554.5	152	15	163	12
ENST00000542575.6	1485	403	1409	311
ENST00000542579.5	2	0	3	0
ENST00000542587.5	32	4	31	3
ENST00000542590.2	0	0	0	0
ENST00000542664.3	0	0	0	0
ENST00000542678.5	149	24	146	19
ENST00000542735.2	0	5	0	1
ENST00000542739.2	0	0	0	0
ENST00000542802.7	587	221	566	164
ENST00000542838.6	131	55	526	172
ENST00000542859.6	134	28	132	19
ENST00000542869.3	10	0	9	0
ENST00000542893.2	89	6	90	4
ENST00000542910.1	0	0	0	0
ENST00000542965.2	182	50	177	38
ENST00000543010.5	1	0	1	0
ENST00000543039.2	95	5	89	2
ENST00000543086.7	922	169	891	132
ENST00000543095.7	1021	107	396	30
ENST00000543160.5	0	0	0	0
ENST00000543184.5	766	125	694	91
ENST00000543214.1	0	2	0	1
ENST00000543215.5	0	0	0	0
ENST00000543227.5	49	3	9	2
ENST00000543253.5	145	6	117	4
ENST00000543262.5	166	26	165	22
ENST00000543264.7	0	0	0	0
ENST00000543341.7	652	38	640	31
ENST00000543440.7	0	0	0	0
ENST00000543473.2	237	59	428	68
ENST00000543494.1	0	0	0	0
ENST00000543500.3	0	0	0	0
ENST00000543571.6	652	32	629	28
ENST00000543610.6	91	17	89	3
ENST00000543626.4	0	0	0	0
ENST00000543662.4	0	0	1	0
ENST00000543753.5	0	1	0	0
ENST00000543774.6	469	81	424	64
ENST00000543779.6	613	131	606	91
ENST00000543780.5	0	0	0	0
ENST00000543796.6	516	428	1565	669
ENST00000543802.2	207	5	103	4
ENST00000543818.5	0	0	0	0
ENST00000543823.1	4	0	2	0
ENST00000543831.5	0	0	0	0
ENST00000543872.6	816	100	764	75
ENST00000543880.6	0	0	0	0
ENST00000543909.5	0	0	0	0
ENST00000543919.1	2	10	2	0
ENST00000543927.6	488	74	469	0
ENST00000543942.7	0	0	0	0
ENST00000544216.7	734	129	885	126
ENST00000544246.5	9	2	9	1
ENST00000544301.7	2953	2617	2650	1902
ENST00000544303.1	0	0	0	0
ENST00000544369.5	0	4	0	3
ENST00000544374.2	0	0	0	0
ENST00000544381.4	1509	209	1535	161
ENST00000544440.7	1372	351	1359	254
ENST00000544604.7	123	12	112	9
ENST00000544612.6	142	15	179	13
ENST00000544665.9	0	0	0	0
ENST00000544708.2	0	0	0	0
ENST00000544766.5	0	0	0	0
ENST00000544814.6	1	0	0	0
ENST00000544822.2	0	0	0	0
ENST00000544824.2	0	0	0	0
ENST00000544844.6	398	210	614	265
ENST00000544848.2	264	31	151	17
ENST00000544855.5	333	53	322	40
ENST00000544916.6	10	4	182	17
ENST00000544987.2	17	0	15	0
ENST00000545030.1	0	0	0	0
ENST00000545075.3	0	0	0	0
ENST00000545097.1	0	0	0	0
ENST00000545121.5	746	37	714	22
ENST00000545127.1	291	89	286	75
ENST00000545128.5	0	0	1	0
ENST00000545135.5	81	14	79	14
ENST00000545145.6	524	128	523	99
ENST00000545234.6	43	1	42	1
ENST00000545279.6	749	39	698	26
ENST00000545336.5	544	62	535	45
ENST00000545558.5	737	181	809	138
ENST00000545588.5	0	0	0	0
ENST00000545606.6	2614	408	2573	305
ENST00000545661.5	55	8	52	8
ENST00000545712.7	292	47	282	42
ENST00000545770.7	0	0	0	0
ENST00000545797.7	742	221	718	192
ENST00000545871.1	0	0	0	0
ENST00000545940.6	0	0	0	0
ENST00000545947.5	1782	209	1740	165
ENST00000545950.2	0	0	0	0
ENST00000545955.5	0	0	0	0
ENST00000545968.6	0	0	0	0
ENST00000545985.5	385	16	385	13
ENST00000546034.1	142	26	127	20
ENST00000546087.5	0	0	0	1
ENST00000546188.5	85	1	81	1
ENST00000546254.3	0	0	0	0
ENST00000546333.1	0	0	0	0
ENST00000546354.6	32	3	32	3
ENST00000546355.4	0	0	0	0
ENST00000546361.7	771	102	683	53
ENST00000546378.1	62	5	50	5
ENST00000546390.2	0	0	0	0
ENST00000546455.6	23	0	22	0
ENST00000546463.6	1323	475	1803	403
ENST00000546495.5	18	0	12	0
ENST00000546500.5	87	52	0	0
ENST00000546591.6	32	41	194	178
ENST00000546815.6	1155	213	1121	161
ENST00000546910.6	0	0	0	0
ENST00000546954.2	205	29	201	25
ENST00000547026.5	104	21	100	16
ENST00000547167.6	22	2	21	2
ENST00000547270.1	0	0	0	0
ENST00000547302.3	0	0	3	0
ENST00000547315.6	49	14	38	10
ENST00000547379.6	632	11	619	5
ENST00000547473.1	0	0	0	0
ENST00000547488.6	232	55	220	41
ENST00000547525.6	0	0	0	0
ENST00000547530.7	297	73	286	55
ENST00000547588.5	0	22	0	16
ENST00000547628.2	0	0	0	0
ENST00000547649.5	1020	1232	949	839
ENST00000547754.6	171	22	170	14
ENST00000547776.6	45	2	45	3
ENST00000547848.5	0	0	0	0
ENST00000547889.6	0	0	0	0
ENST00000548055.1	0	0	0	0
ENST00000548058.6	0	0	0	0
ENST00000548065.7	755	116	748	81
ENST00000548125.5	361	70	352	55
ENST00000548198.5	156	26	149	20
ENST00000548249.5	1134	229	1130	160
ENST00000548364.6	0	0	0	0
ENST00000548380.6	0	0	0	0
ENST00000548523.6	0	0	0	0
ENST00000548553.1	186	3	197	3
ENST00000548615.1	0	0	0	0
ENST00000548645.5	4	0	4	0
ENST00000548729.5	0	0	0	0
ENST00000548747.5	21	0	21	0
ENST00000548825.6	59	25	62	7
ENST00000548884.5	1	0	1	0
ENST00000548925.5	122	20	149	28
ENST00000549091.5	179	181	172	149
ENST00000549115.5	93	23	109	19
ENST00000549117.5	1518	777	1517	589
ENST00000549185.5	0	0	3	0
ENST00000549441.7	21	2	21	2
ENST00000549446.6	0	0	0	0
ENST00000549578.6	702	108	684	78
ENST00000549621.5	61	47	59	37
ENST00000549701.6	1532	189	1462	145
ENST00000549706.5	0	0	0	0
ENST00000549724.2	32	2	18	0
ENST00000549920.6	832	746	1121	671
ENST00000549982.5	532	49	550	40
ENST00000549987.1	0	0	0	0
ENST00000550104.5	674	66	654	45
ENST00000550164.6	1008	210	1008	160
ENST00000550308.6	0	0	0	0
ENST00000550383.1	1	2	1	0
ENST00000550389.5	220	17	210	12
ENST00000550402.6	1	1	1	1
ENST00000550412.5	0	0	2	1
ENST00000550584.6	19	3	18	3
ENST00000550708.1	0	0	0	0
ENST00000550735.7	211	86	208	60
ENST00000550765.6	552	87	523	63
ENST00000550804.6	410	78	409	65
ENST00000550896.1	15	2	13	2
ENST00000550916.6	2	0	2	0
ENST00000550948.1	1	0	1	0
ENST00000550983.1	0	0	1	4
ENST00000551018.5	774	301	787	219
ENST00000551150.5	339	405	1635	1650
ENST00000551171.6	0	0	0	0
ENST00000551177.6	0	0	0	0
ENST00000551295.7	0	0	0	0
ENST00000551312.6	0	0	0	0
ENST00000551346.2	0	0	0	0
ENST00000551590.5	300	29	290	24
ENST00000551659.5	487	122	478	82
ENST00000551765.6	291	31	306	26
ENST00000551809.1	0	0	0	0
ENST00000551812.5	917	173	905	140
ENST00000551956.2	11	0	8	0
ENST00000551964.6	486	29	484	20
ENST00000552014.5	173	19	166	16
ENST00000552029.1	116	19	111	14
ENST00000552032.7	0	1	0	0
ENST00000552242.5	611	279	838	250
ENST00000552283.6	926	98	923	73
ENST00000552360.4	38	0	37	0
ENST00000552374.7	155	11	153	9
ENST00000552397.5	35	0	35	0
ENST00000552471.1	0	0	0	0
ENST00000552551.5	374	338	848	309
ENST00000552695.6	68	2	67	1
ENST00000552788.1	0	0	0	0
ENST00000552810.6	393	126	383	94
ENST00000552864.5	3	0	3	0
ENST00000552951.7	343	24	340	18
ENST00000553066.5	263	144	219	102
ENST00000553106.6	1	0	1	0
ENST00000553110.8	0	0	9	9
ENST00000553127.5	765	139	751	108
ENST00000553264.5	131	53	130	43
ENST00000553380.1	119	3	81	2
ENST00000553443.5	2	0	2	0
ENST00000553456.5	0	0	0	0
ENST00000553458.6	243	4	231	2
ENST00000553484.5	0	0	0	0
ENST00000553521.5	1244	418	1216	322
ENST00000553530.5	0	0	0	0
ENST00000553532.6	1179	334	1165	253
ENST00000553558.6	0	6	0	0
ENST00000553612.6	554	19	519	15
ENST00000553645.7	234	20	231	10
ENST00000553804.6	97	23	95	17
ENST00000553811.1	7	0	0	0
ENST00000553849.1	0	0	0	0
ENST00000553851.3	102	31	96	28
ENST00000553888.5	378	30	373	24
ENST00000553909.1	4	0	0	0
ENST00000553935.6	225	53	218	41
ENST00000554012.5	0	0	0	0
ENST00000554015.5	567	66	558	55
ENST00000554048.3	0	0	1	0
ENST00000554054.5	1	0	1	0
ENST00000554311.1	108	5	105	5
ENST00000554335.6	129	16	122	11
ENST00000554581.5	495	304	428	210
ENST00000554643.5	22	0	21	0
ENST00000554659.6	264	118	353	89
ENST00000554752.6	32	20	31	12
ENST00000554880.5	348	74	311	55
ENST00000554914.1	0	0	0	0
ENST00000554922.5	23	6	23	2
ENST00000554943.5	857	134	820	112
ENST00000555003.5	151	23	147	20
ENST00000555004.2	9	0	9	0
ENST00000555019.6	2	0	2	0
ENST00000555044.6	495	77	12	1
ENST00000555095.5	0	0	0	0
ENST00000555099.1	0	0	0	0
ENST00000555147.1	0	0	0	0
ENST00000555238.5	383	42	371	32
ENST00000555265.6	422	77	421	62
ENST00000555309.5	393	346	578	140
ENST00000555531.1	3	0	0	3
ENST00000555567.6	4	0	4	0
ENST00000555572.1	63	14	46	4
ENST00000555619.6	453	61	441	45
ENST00000555633.3	0	0	0	0
ENST00000555661.5	51	1	52	1
ENST00000555702.5	2	0	2	0
ENST00000555748.5	3	0	3	0
ENST00000555815.6	0	0	0	0
ENST00000555835.3	51	0	0	0
ENST00000555846.2	296	60	278	46
ENST00000555868.2	0	0	0	0
ENST00000555938.1	0	0	1	0
ENST00000556095.5	255	11	256	9
ENST00000556143.6	159	23	150	19
ENST00000556147.5	76	11	74	8
ENST00000556230.2	139	202	456	444
ENST00000556440.7	415	112	398	81
ENST00000556489.3	0	2	0	0
ENST00000556492.6	175	15	170	12
ENST00000556509.5	3	0	2	0
ENST00000556526.1	0	0	0	0
ENST00000556529.4	2	4	0	0
ENST00000556551.2	48	0	1	0
ENST00000556564.6	133	23	121	19
ENST00000556573.6	0	0	0	0
ENST00000556816.6	175	7	208	7
ENST00000556826.6	0	0	0	0
ENST00000556883.1	196	32	192	25
ENST00000556922.1	0	1	0	0
ENST00000556994.5	1116	109	1128	86
ENST00000557000.2	0	0	0	0
ENST00000557008.2	0	0	0	0
ENST00000557010.5	560	94	521	79
ENST00000557016.6	478	120	677	108
ENST00000557068.5	0	0	0	0
ENST00000557284.6	0	0	0	0
ENST00000557342.6	666	225	754	163
ENST00000557385.2	777	51	748	36
ENST00000557395.5	0	0	0	0
ENST00000557413.6	3	0	3	0
ENST00000557540.7	204	20	222	10
ENST00000557565.1	0	0	0	0
ENST00000557640.2	0	0	0	0
ENST00000557649.5	0	0	0	0
ENST00000557752.1	1	0	0	0
ENST00000557943.6	1351	248	1341	187
ENST00000558012.6	0	1	0	2
ENST00000558017.5	22	0	25	0
ENST00000558195.2	0	0	23	0
ENST00000558311.5	947	170	935	132
ENST00000558402.5	3	0	3	0
ENST00000558468.2	0	0	0	0
ENST00000558480.6	1	0	1	0
ENST00000558518.6	1370	167	1272	133
ENST00000558530.1	0	0	0	0
ENST00000558555.6	12	18	39	18
ENST00000558583.3	0	0	0	0
ENST00000558939.5	769	74	679	50
ENST00000559000.6	1	0	1	0
ENST00000559055.2	0	0	0	0
ENST00000559089.5	0	2	0	2
ENST00000559239.2	136	85	129	51
ENST00000559313.5	99	28	93	24
ENST00000559390.5	0	0	0	0
ENST00000559471.6	601	91	591	68
ENST00000559488.7	420	20	408	14
ENST00000559717.6	109	43	101	33
ENST00000559844.6	1128	177	1116	142
ENST00000560031.6	427	37	424	23
ENST00000560079.7	246	64	267	70
ENST00000560104.2	1	0	1	0
ENST00000560346.5	2	0	1	0
ENST00000560572.5	0	0	0	0
ENST00000560601.4	0	0	0	0
ENST00000560626.6	553	178	533	148
ENST00000560778.3	0	0	0	0
ENST00000560869.6	538	75	521	60
ENST00000560955.5	815	206	796	149
ENST00000560985.5	629	127	599	87
ENST00000561028.6	2	0	2	0
ENST00000561100.2	143	32	137	23
ENST00000561129.2	0	0	0	0
ENST00000561208.6	289	48	263	33
ENST00000561311.5	844	157	828	128
ENST00000561509.2	0	0	0	0
ENST00000561573.1	0	0	0	0
ENST00000561639.5	5	0	5	0
ENST00000561678.6	330	13	328	12
ENST00000561734.5	333	101	327	93
ENST00000561754.4	0	0	0	0
ENST00000561878.2	68	3	68	0
ENST00000561882.1	0	0	0	0
ENST00000561890.1	2	0	1	0
ENST00000561908.1	0	0	0	0
ENST00000561981.3	0	0	0	0
ENST00000562103.2	516	195	565	173
ENST00000562188.6	246	42	246	25
ENST00000562196.5	0	0	0	0
ENST00000562197.3	1	0	1	0
ENST00000562285.1	0	0	0	0
ENST00000562295.1	0	0	0	0
ENST00000562336.5	920	608	890	482
ENST00000562435.6	457	93	485	71
ENST00000562505.1	0	0	0	0
ENST00000562532.3	0	0	0	0
ENST00000562767.2	0	0	1	0
ENST00000562771.1	0	0	0	0
ENST00000562783.1	0	0	0	0
ENST00000562787.6	329	83	320	69
ENST00000562833.2	0	0	0	0
ENST00000562855.7	0	0	0	0
ENST00000562889.5	69	5	64	4
ENST00000563027.1	0	0	0	0
ENST00000563137.6	1	0	1	0
ENST00000563197.6	511	92	486	70
ENST00000563237.3	0	0	0	0
ENST00000563281.2	420	327	399	259
ENST00000563290.6	252	34	246	28
ENST00000563468.5	1697	469	1017	161
ENST00000563496.2	2	0	2	0
ENST00000563544.5	223	34	220	30
ENST00000563588.6	285	88	277	64
ENST00000563594.5	194	44	301	47
ENST00000563694.6	274	163	260	131
ENST00000563710.6	0	0	0	0
ENST00000563719.3	209	19	204	16
ENST00000563924.6	0	0	0	0
ENST00000563965.5	60	4	58	4
ENST00000564065.5	0	4	0	4
ENST00000564079.6	839	93	821	64
ENST00000564080.1	0	0	0	0
ENST00000564088.5	525	238	504	184
ENST00000564104.5	36	0	34	0
ENST00000564138.6	26	2	27	2
ENST00000564146.3	0	1	0	0
ENST00000564448.5	0	0	0	0
ENST00000564536.2	0	0	0	0
ENST00000564543.1	0	0	0	0
ENST00000564644.5	483	65	465	48
ENST00000564719.2	0	0	0	0
ENST00000564754.6	1321	184	1325	140
ENST00000564831.6	0	0	0	0
ENST00000564996.6	72	29	63	24
ENST00000565211.1	0	0	0	0
ENST00000565263.6	373	17	366	13
ENST00000565308.2	9	16	0	0
ENST00000565365.1	2	4	2	4
ENST00000565422.1	0	0	0	0
ENST00000565468.6	0	0	0	0
ENST00000565469.4	0	1	0	1
ENST00000565488.6	1125	119	1118	88
ENST00000565659.2	0	0	0	0
ENST00000565678.5	268	137	844	226
ENST00000565886.1	33	0	30	0
ENST00000566044.5	872	165	864	127
ENST00000566157.6	1008	150	1064	120
ENST00000566228.6	420	29	478	33
ENST00000566264.2	0	0	0	0
ENST00000566339.6	248	44	246	11
ENST00000566423.5	274	39	386	40
ENST00000566435.3	1	0	1	0
ENST00000566454.5	606	47	572	34
ENST00000566621.6	303	15	311	11
ENST00000566740.1	1	2	0	0
ENST00000566780.6	90	6	78	6
ENST00000566848.5	287	76	273	54
ENST00000566855.4	0	0	0	0
ENST00000567020.6	76	5	81	4
ENST00000567109.6	445	57	441	39
ENST00000567119.1	0	14	0	12
ENST00000567180.3	35	0	34	0
ENST00000567252.2	3	0	3	0
ENST00000567390.6	0	0	0	0
ENST00000567435.5	717	106	704	78
ENST00000567659.3	1	1	2	1
ENST00000567759.5	207	76	192	48
ENST00000567887.5	829	350	792	262
ENST00000567927.1	0	0	0	0
ENST00000567955.3	13	0	0	0
ENST00000567970.2	17	2	15	1
ENST00000568000.6	76	25	69	19
ENST00000568028.1	0	0	0	0
ENST00000568223.7	152	80	144	60
ENST00000568225.2	345	82	320	66
ENST00000568305.5	0	0	0	0
ENST00000568344.5	2	0	1	0
ENST00000568449.6	16	8	15	6
ENST00000568479.2	285	12	284	9
ENST00000568484.6	0	0	0	0
ENST00000568546.6	1042	199	1012	170
ENST00000568584.6	3	0	0	0
ENST00000568606.5	89	1	88	1
ENST00000568638.1	358	47	335	32
ENST00000568641.1	0	0	0	0
ENST00000568909.5	1664	332	1610	243
ENST00000568954.5	87	14	92	10
ENST00000568956.1	71	18	67	13
ENST00000569052.1	0	0	0	0
ENST00000569055.2	0	0	0	0
ENST00000569103.2	0	0	0	0
ENST00000569170.5	0	0	0	0
ENST00000569275.1	0	0	0	0
ENST00000569360.1	0	0	0	0
ENST00000569430.6	0	0	0	0
ENST00000569437.5	158	81	151	56
ENST00000569446.3	0	0	0	0
ENST00000569529.6	275	37	255	31
ENST00000569547.1	0	0	0	0
ENST00000569591.3	3	0	0	0
ENST00000569669.6	1284	554	1255	471
ENST00000569673.2	0	0	0	0
ENST00000569691.2	93	2	92	2
ENST00000569704.1	1	0	1	0
ENST00000569714.6	0	0	0	0
ENST00000569795.6	39	53	36	40
ENST00000569840.6	391	73	376	55
ENST00000569961.5	0	0	0	0
ENST00000570010.6	205	7	149	3
ENST00000570101.5	240	16	233	13
ENST00000570137.7	126	27	117	21
ENST00000570156.6	117	425	90	266
ENST00000570319.5	725	228	697	155
ENST00000570440.2	40	10	93	13
ENST00000570495.5	114	20	85	13
ENST00000570628.6	1204	439	1189	362
ENST00000570682.2	0	0	0	0
ENST00000570896.5	136	24	138	15
ENST00000571133.6	1880	542	1923	403
ENST00000571244.3	2	0	2	0
ENST00000571252.3	2	0	2	0
ENST00000571589.6	642	43	627	36
ENST00000571664.1	0	0	0	0
ENST00000571688.5	760	204	732	139
ENST00000571730.1	0	0	0	0
ENST00000571838.1	1	0	1	0
ENST00000571841.1	0	2	0	2
ENST00000571995.6	81	24	56	14
ENST00000572195.3	238	37	29	2
ENST00000572272.6	132	155	120	115
ENST00000572447.6	280	27	357	24
ENST00000572449.6	1	0	0	0
ENST00000572467.5	0	0	0	0
ENST00000572493.2	0	0	0	0
ENST00000572621.5	5973	1765	5937	1381
ENST00000572681.6	391	178	381	145
ENST00000572705.1	3	12	0	5
ENST00000572844.1	727	121	689	87
ENST00000572888.5	0	0	0	0
ENST00000572919.1	0	0	0	0
ENST00000572933.5	1	0	1	0
ENST00000573034.7	348	50	314	27
ENST00000573100.1	1	0	0	0
ENST00000573128.5	0	0	0	0
ENST00000573315.2	0	0	0	0
ENST00000573331.5	0	0	1	0
ENST00000573382.3	0	0	0	0
ENST00000573521.1	17	1	10	1
ENST00000573584.6	1483	304	1459	219
ENST00000573854.6	1	0	0	0
ENST00000574002.1	0	0	0	0
ENST00000574081.6	0	0	0	0
ENST00000574154.5	0	0	0	0
ENST00000574322.6	127	84	233	65
ENST00000574385.5	449	112	453	75
ENST00000574401.5	374	24	0	0
ENST00000574481.6	4	0	3	0
ENST00000574538.2	177	24	163	16
ENST00000574590.6	584	81	575	60
ENST00000574617.1	4	0	4	0
ENST00000574733.5	582	150	574	110
ENST00000574788.6	0	0	0	0
ENST00000574814.2	0	0	0	0
ENST00000574882.5	59	0	49	0
ENST00000574912.1	0	0	0	0
ENST00000574946.5	2	0	2	0
ENST00000574980.5	301	89	281	71
ENST00000575125.5	0	0	0	0
ENST00000575195.2	307	103	314	81
ENST00000575734.5	0	0	0	0
ENST00000575751.1	0	0	0	0
ENST00000575771.5	606	184	574	158
ENST00000575779.2	73	27	44	9
ENST00000575785.2	14	1	0	0
ENST00000575842.5	1707	4018	1029	1518
ENST00000575882.6	685	89	676	66
ENST00000575898.5	271	33	207	25
ENST00000576060.5	0	0	0	0
ENST00000576178.6	1	0	0	0
ENST00000576222.2	5	1	5	1
ENST00000576409.5	682	81	651	60
ENST00000576479.4	0	0	0	0
ENST00000576629.5	2	2	0	0
ENST00000576634.6	565	67	552	48
ENST00000576655.5	2	0	2	0
ENST00000576730.5	129	19	130	16
ENST00000576892.8	93	9	174	9
ENST00000576930.5	314	239	77	35
ENST00000576985.6	0	1	0	0
ENST00000577138.1	0	0	0	0
ENST00000577222.5	461	700	707	738
ENST00000577390.6	0	0	0	0
ENST00000577395.5	165	39	157	27
ENST00000577412.5	7	9	1	1
ENST00000577647.2	0	0	0	0
ENST00000577662.1	0	0	0	0
ENST00000577745.2	66	2	64	2
ENST00000577809.6	402	39	383	31
ENST00000577830.6	267	99	253	72
ENST00000577856.2	7	3	0	0
ENST00000577949.5	0	0	0	0
ENST00000577985.5	373	131	490	116
ENST00000578049.4	369	125	1046	166
ENST00000578186.2	0	0	0	0
ENST00000578584.5	0	0	0	0
ENST00000578681.5	1591	463	1566	352
ENST00000578689.2	2	5	2	4
ENST00000578794.2	1	7	6	5
ENST00000578921.6	590	88	619	74
ENST00000579016.6	143	21	145	17
ENST00000579022.5	0	0	0	0
ENST00000579310.5	59	7	55	7
ENST00000579408.5	0	0	126	211
ENST00000579436.7	10	1	11	1
ENST00000579455.2	0	0	0	0
ENST00000579469.2	0	0	0	0
ENST00000579490.5	0	0	0	0
ENST00000579512.2	0	0	0	0
ENST00000579534.5	188	16	179	14
ENST00000579690.5	935	188	889	138
ENST00000579794.1	0	0	0	0
ENST00000579849.6	1	0	1	0
ENST00000579991.3	303	27	275	20
ENST00000580018.4	466	105	828	112
ENST00000580059.7	256	42	264	31
ENST00000580155.5	0	0	0	0
ENST00000580243.2	104	63	98	34
ENST00000580256.3	0	0	0	0
ENST00000580279.2	0	1	0	0
ENST00000580553.1	2	0	0	0
ENST00000580732.6	250	31	251	22
ENST00000581066.2	400	192	543	168
ENST00000581138.3	0	0	0	0
ENST00000581164.1	0	0	0	0
ENST00000581193.5	386	124	191	34
ENST00000581208.2	387	54	578	53
ENST00000581216.6	464	43	443	34
ENST00000581287.5	1669	789	1563	622
ENST00000581310.5	0	0	0	0
ENST00000581312.6	502	60	491	45
ENST00000581322.6	246	56	254	45
ENST00000581347.2	0	4	0	2
ENST00000581374.5	0	0	0	0
ENST00000581407.5	135	22	125	17
ENST00000581486.5	1262	321	1857	296
ENST00000581492.3	0	0	0	0
ENST00000581521.5	18	1	14	1
ENST00000581851.1	0	0	0	0
ENST00000581977.7	105	24	96	21
ENST00000582163.3	0	0	0	0
ENST00000582401.6	542	50	524	42
ENST00000582441.1	0	0	0	0
ENST00000582471.1	0	0	0	0
ENST00000582621.6	0	0	0	0
ENST00000582693.5	530	41	535	36
ENST00000582783.5	194	25	185	13
ENST00000582970.5	2205	595	2101	458
ENST00000583023.1	0	0	0	0
ENST00000583088.6	8	2	0	0
ENST00000583097.5	325	61	325	41
ENST00000583195.2	0	0	0	0
ENST00000583313.7	241	116	855	300
ENST00000583337.3	1	0	0	0
ENST00000583509.7	120	24	117	13
ENST00000583535.6	3	2	1	0
ENST00000583600.5	19	0	19	0
ENST00000583666.2	0	0	0	0
ENST00000583866.9	0	0	0	0
ENST00000583931.6	1255	372	1146	276
ENST00000583937.5	0	0	0	0
ENST00000584068.3	7	0	0	0
ENST00000584164.6	178	227	362	247
ENST00000584306.5	1	3	0	0
ENST00000584307.5	565	50	683	34
ENST00000584436.7	26	1	25	1
ENST00000584437.5	0	0	0	0
ENST00000584486.5	5	2	0	0
ENST00000584667.6	739	123	741	95
ENST00000584701.2	0	0	0	0
ENST00000584895.5	21	1	0	0
ENST00000584969.5	30	7	27	6
ENST00000585124.6	917	211	819	159
ENST00000585245.2	0	0	0	0
ENST00000585281.5	14	0	1	0
ENST00000585313.5	246	42	248	34
ENST00000585316.3	26	7	26	7
ENST00000585477.2	0	0	0	0
ENST00000585482.6	129	17	126	8
ENST00000585527.1	0	0	0	0
ENST00000585580.4	1	1	1	0
ENST00000585603.6	441	48	445	36
ENST00000585807.5	21	20	21	20
ENST00000585809.6	670	88	638	74
ENST00000585860.2	88	2	0	0
ENST00000585916.6	339	27	327	22
ENST00000585933.2	270	27	262	22
ENST00000585934.1	34	0	35	0
ENST00000585937.1	0	0	0	0
ENST00000586012.1	0	0	0	0
ENST00000586020.1	1	0	0	0
ENST00000586178.6	253	30	245	25
ENST00000586426.5	186	17	151	9
ENST00000586534.6	814	274	779	219
ENST00000586539.6	386	27	338	16
ENST00000586569.3	47	0	46	0
ENST00000586582.6	32	20	31	18
ENST00000586600.5	73	22	65	20
ENST00000586602.5	550	21	354	12
ENST00000586606.6	0	0	0	0
ENST00000586659.5	777	147	736	128
ENST00000586696.5	0	4	0	0
ENST00000586783.5	16	3	17	3
ENST00000586790.6	154	23	146	20
ENST00000586802.5	225	143	210	106
ENST00000586855.6	0	0	0	0
ENST00000587086.2	4	0	3	0
ENST00000587091.6	21	0	21	0
ENST00000587230.6	437	161	427	126
ENST00000587250.4	14	0	15	0
ENST00000587252.5	120	10	116	4
ENST00000587303.5	1593	305	1370	217
ENST00000587304.3	8	5	8	5
ENST00000587331.7	0	0	0	0
ENST00000587424.2	245	25	237	26
ENST00000587459.1	19	5	0	0
ENST00000587539.2	0	0	0	0
ENST00000587557.5	151	7	84	4
ENST00000587708.7	125	5	154	5
ENST00000587758.5	230	87	218	79
ENST00000587834.6	378	70	374	54
ENST00000587848.3	1	0	0	0
ENST00000588001.2	0	0	0	0
ENST00000588030.5	579	128	532	121
ENST00000588072.6	144	25	225	25
ENST00000588173.1	350	108	339	99
ENST00000588184.2	0	0	0	0
ENST00000588234.6	422	168	434	129
ENST00000588258.6	87	8	85	6
ENST00000588408.6	0	0	0	0
ENST00000588460.5	545	35	526	28
ENST00000588525.1	0	0	0	0
ENST00000588623.5	322	74	316	62
ENST00000588649.7	405	145	887	249
ENST00000588705.1	0	0	0	0
ENST00000588735.3	0	0	0	0
ENST00000588750.5	29	3	28	3
ENST00000588751.5	0	0	0	0
ENST00000588756.5	0	0	0	0
ENST00000588776.8	18	4	11	0
ENST00000588790.5	10	4	9	3
ENST00000588815.5	1189	298	1163	224
ENST00000588872.2	249	73	232	63
ENST00000588891.1	0	0	0	0
ENST00000588982.5	2	0	2	0
ENST00000589042.5	1	31	0	17
ENST00000589057.5	0	0	0	0
ENST00000589093.5	3	0	3	0
ENST00000589097.6	202	57	190	48
ENST00000589258.1	0	0	1	0
ENST00000589332.7	116	8	94	5
ENST00000589334.5	516	95	510	75
ENST00000589378.5	0	0	0	0
ENST00000589410.2	2	0	0	0
ENST00000589578.5	311	35	285	19
ENST00000589666.6	283	69	254	50
ENST00000589717.2	33	2	16	0
ENST00000589721.5	2	0	2	0
ENST00000589804.1	390	81	346	1
ENST00000589807.1	4	0	4	0
ENST00000589838.5	1831	727	1783	552
ENST00000589913.6	623	611	1032	655
ENST00000590071.7	24	3	17	3
ENST00000590083.5	50	24	48	17
ENST00000590089.5	237	24	152	14
ENST00000590151.5	4073	1317	3942	986
ENST00000590202.3	51	6	29	2
ENST00000590208.5	440	129	425	91
ENST00000590230.5	1	0	1	0
ENST00000590247.7	247	106	483	144
ENST00000590317.4	0	0	0	0
ENST00000590327.5	0	0	0	0
ENST00000590360.2	0	0	0	0
ENST00000590474.7	311	16	292	13
ENST00000590532.2	0	0	0	0
ENST00000590536.5	17	3	15	3
ENST00000590542.1	0	0	0	0
ENST00000590602.5	20	5	18	4
ENST00000590720.6	1174	287	1167	208
ENST00000590722.2	83	1	0	0
ENST00000590798.1	0	0	0	0
ENST00000590918.6	2	0	2	0
ENST00000591022.6	284	69	278	52
ENST00000591046.1	58	19	53	15
ENST00000591058.5	0	0	0	0
ENST00000591090.5	763	146	760	108
ENST00000591228.4	0	0	0	0
ENST00000591247.6	5	0	610	39
ENST00000591340.6	218	10	154	2
ENST00000591344.2	0	2	0	0
ENST00000591399.5	551	70	549	60
ENST00000591470.5	534	97	521	80
ENST00000591504.6	58	2	60	2
ENST00000591589.3	0	0	0	0
ENST00000591613.2	0	0	1	0
ENST00000591620.1	0	0	0	0
ENST00000591679.5	3	0	8	0
ENST00000591680.6	683	189	672	146
ENST00000591793.1	9	0	0	0
ENST00000591812.2	71	13	69	10
ENST00000591834.1	0	0	0	0
ENST00000591885.5	100	8	99	7
ENST00000591899.8	0	0	0	0
ENST00000591954.3	0	0	0	0
ENST00000591998.6	86	3	57	1
ENST00000592014.6	0	0	0	0
ENST00000592062.5	654	236	694	212
ENST00000592141.6	505	217	529	173
ENST00000592179.6	133	28	120	17
ENST00000592199.5	690	141	544	79
ENST00000592224.5	1400	415	1335	318
ENST00000592502.2	160	14	130	11
ENST00000592524.6	327	28	319	23
ENST00000592529.5	193	17	112	4
ENST00000592540.5	392	45	371	28
ENST00000592554.2	0	0	0	0
ENST00000592588.6	169	229	885	692
ENST00000592782.5	1116	284	1084	206
ENST00000592875.6	354	12	367	11
ENST00000592904.6	128	52	70	23
ENST00000592949.5	104	5	92	2
ENST00000592954.2	0	0	0	0
ENST00000593039.5	0	0	0	0
ENST00000593135.6	626	79	586	69
ENST00000593184.5	18	5	1	0
ENST00000593495.3	3	1	0	0
ENST00000593537.1	0	0	1	0
ENST00000593646.5	342	88	332	65
ENST00000593662.1	0	0	0	0
ENST00000593682.1	0	0	0	0
ENST00000593685.5	134	29	126	24
ENST00000593690.5	307	76	286	58
ENST00000593726.5	283	87	0	0
ENST00000593731.1	0	0	0	0
ENST00000593751.7	0	0	0	0
ENST00000593756.6	4	0	3	0
ENST00000593767.3	618	96	584	81
ENST00000593810.2	0	0	0	0
ENST00000593829.6	532	277	523	231
ENST00000593851.5	0	0	0	0
ENST00000594009.5	25	4	25	3
ENST00000594117.4	0	0	0	0
ENST00000594136.2	0	0	0	0
ENST00000594199.3	0	0	0	0
ENST00000594211.2	0	0	0	0
ENST00000594239.5	115	4	574	110
ENST00000594295.5	82	16	51	7
ENST00000594369.6	53	5	47	4
ENST00000594436.5	0	0	0	0
ENST00000594442.2	105	15	102	13
ENST00000594617.7	0	0	0	0
ENST00000594710.2	0	0	0	0
ENST00000594797.6	88	90	298	138
ENST00000594800.5	0	0	0	0
ENST00000594814.6	0	0	0	0
ENST00000594824.5	750	233	724	174
ENST00000594947.6	1	0	0	0
ENST00000595042.5	0	0	0	0
ENST00000595065.5	0	0	0	0
ENST00000595090.6	1311	383	1279	314
ENST00000595224.5	21	0	21	0
ENST00000595228.4	0	0	0	0
ENST00000595235.5	0	0	0	0
ENST00000595290.6	0	0	0	0
ENST00000595358.5	110	17	109	15
ENST00000595396.1	0	0	0	0
ENST00000595412.5	0	0	0	0
ENST00000595464.3	16	0	16	0
ENST00000595559.1	33	4	4	0
ENST00000595607.6	20	0	16	2
ENST00000595635.5	89	11	28	2
ENST00000595646.6	63	13	10	0
ENST00000595661.5	146	33	135	23
ENST00000595689.3	0	0	0	0
ENST00000595753.6	324	44	275	29
ENST00000595793.6	0	0	0	0
ENST00000595796.5	1550	240	1462	182
ENST00000595820.6	0	0	0	0
ENST00000595891.1	0	0	0	0
ENST00000595923.5	0	0	0	0
ENST00000595948.5	3	0	2	0
ENST00000595962.6	273	20	109	10
ENST00000596046.1	769	652	1282	691
ENST00000596148.3	404	49	386	43
ENST00000596217.1	769	155	712	119
ENST00000596251.6	118	15	121	15
ENST00000596288.7	2507	713	2491	556
ENST00000596358.6	853	242	833	208
ENST00000596399.2	0	0	0	0
ENST00000596516.2	14	10	109	19
ENST00000596535.3	0	0	0	0
ENST00000596536.5	60	3	61	2
ENST00000596542.1	0	0	0	0
ENST00000596731.7	484	136	0	0
ENST00000596755.1	76	3	5	0
ENST00000596831.1	0	0	0	0
ENST00000597186.5	34	10	32	8
ENST00000597188.6	58	67	56	51
ENST00000597198.5	448	87	435	66
ENST00000597229.2	179	129	79	60
ENST00000597252.5	43	3	19	2
ENST00000597279.5	827	159	786	119
ENST00000597436.5	565	148	548	117
ENST00000597505.5	4	0	4	0
ENST00000597510.6	0	0	0	0
ENST00000597595.6	3	0	3	0
ENST00000597597.1	29	20	11	7
ENST00000597630.2	0	0	0	0
ENST00000597664.6	1	0	1	0
ENST00000597761.7	1	0	0	0
ENST00000597850.2	0	0	0	0
ENST00000597853.5	0	0	0	0
ENST00000597960.7	866	440	980	384
ENST00000598087.3	1	0	0	0
ENST00000598088.5	126	41	124	34
ENST00000598234.6	5	8	3	8
ENST00000598239.5	0	0	0	0
ENST00000598245.2	176	13	6	0
ENST00000598249.6	4	0	4	0
ENST00000598265.1	0	0	0	0
ENST00000598334.5	98	4	94	3
ENST00000598361.4	0	0	0	0
ENST00000598383.3	0	0	0	0
ENST00000598398.5	0	0	0	0
ENST00000598409.6	0	0	0	0
ENST00000598418.6	193	43	185	35
ENST00000598441.6	1093	577	1036	471
ENST00000598475.1	0	0	0	0
ENST00000598513.5	1	0	0	0
ENST00000598519.2	71	7	65	8
ENST00000598523.3	258	11	254	8
ENST00000598581.3	0	0	0	0
ENST00000598664.5	0	0	4	0
ENST00000598742.6	666	779	978	704
ENST00000598753.1	0	0	0	0
ENST00000598776.1	0	1	0	0
ENST00000598884.1	0	0	0	0
ENST00000598935.5	0	0	0	0
ENST00000598963.3	0	0	0	0
ENST00000599117.5	1271	359	1253	290
ENST00000599164.5	1	0	1	0
ENST00000599174.3	0	0	0	0
ENST00000599180.2	1	0	0	0
ENST00000599218.6	133	23	134	20
ENST00000599263.6	1	0	1	0
ENST00000599312.1	5	0	0	0
ENST00000599359.1	1	0	1	0
ENST00000599405.3	0	0	0	0
ENST00000599531.2	0	0	0	0
ENST00000599538.5	228	24	216	17
ENST00000599599.6	33	17	26	13
ENST00000599612.3	248	24	244	21
ENST00000599672.6	708	177	710	134
ENST00000599795.5	0	3	0	0
ENST00000599812.5	12	0	3	0
ENST00000599837.3	0	0	0	0
ENST00000599840.5	130	20	121	17
ENST00000599845.3	0	0	0	0
ENST00000599921.6	27	3	25	3
ENST00000599962.2	0	0	0	0
ENST00000599996.1	0	0	0	0
ENST00000600067.1	0	0	2	0
ENST00000600100.6	6	0	6	0
ENST00000600118.5	684	153	664	126
ENST00000600213.3	4	1	0	0
ENST00000600228.6	132	4	67	0
ENST00000600324.5	3	0	3	0
ENST00000600449.8	209	14	321	19
ENST00000600490.5	182	6	180	9
ENST00000600659.3	4	0	403	391
ENST00000600729.2	0	0	0	0
ENST00000600737.5	574	131	551	106
ENST00000600766.3	0	0	0	0
ENST00000600767.5	0	0	0	0
ENST00000600799.2	0	0	0	0
ENST00000600835.6	1	0	1	0
ENST00000600991.6	0	0	0	0
ENST00000601048.6	76	16	69	16
ENST00000601098.6	901	236	849	176
ENST00000601181.6	0	0	0	0
ENST00000601241.5	0	0	0	0
ENST00000601302.3	6	0	5	0
ENST00000601372.6	86	24	57	9
ENST00000601380.3	0	0	0	0
ENST00000601382.2	0	0	0	0
ENST00000601417.3	1	0	0	0
ENST00000601538.5	1	0	0	0
ENST00000601674.6	0	0	0	0
ENST00000601693.2	0	0	0	0
ENST00000601808.1	98	8	41	5
ENST00000602063.5	96	4	46	1
ENST00000602094.5	267	81	248	59
ENST00000602117.1	3	0	3	0
ENST00000602124.1	1	0	0	0
ENST00000602142.6	1	0	1	1
ENST00000602168.1	0	0	0	0
ENST00000602195.5	0	0	0	0
ENST00000602212.6	3	0	3	0
ENST00000602297.1	0	0	0	0
ENST00000602312.2	0	0	0	0
ENST00000602318.5	325	52	397	46
ENST00000602369.3	0	0	0	0
ENST00000602384.5	0	0	0	0
ENST00000602390.5	7	0	0	0
ENST00000602398.3	1348	168	1306	125
ENST00000602402.6	911	50	910	41
ENST00000602452.3	0	0	0	0
ENST00000602465.5	235	17	231	12
ENST00000602501.5	3	0	3	0
ENST00000602548.2	0	0	0	0
ENST00000602593.6	0	0	8	0
ENST00000602624.7	1296	271	1301	221
ENST00000602676.6	388	543	377	431
ENST00000602710.5	215	23	398	39
ENST00000602795.6	1409	412	1390	321
ENST00000602845.2	128	23	122	20
ENST00000602956.5	0	0	0	0
ENST00000603017.2	42	6	40	3
ENST00000603027.5	0	0	0	0
ENST00000603197.6	0	0	0	0
ENST00000603357.2	264	18	256	14
ENST00000603540.2	3	0	14	0
ENST00000603640.6	0	0	0	0
ENST00000603700.1	0	0	0	0
ENST00000603767.1	0	0	0	0
ENST00000603798.6	66	3	65	2
ENST00000603928.3	29	22	29	11
ENST00000603943.6	4	0	2	0
ENST00000604000.4	662	39	646	31
ENST00000604011.5	0	0	0	0
ENST00000604062.6	0	0	0	0
ENST00000604093.2	3	0	2	0
ENST00000604404.5	0	0	0	0
ENST00000604458.1	0	0	0	0
ENST00000604534.5	0	0	0	0
ENST00000604567.5	291	114	271	88
ENST00000604629.5	0	0	0	0
ENST00000604641.6	2	0	2	0
ENST00000604646.1	1	0	0	0
ENST00000604834.6	0	0	0	0
ENST00000604952.1	3	0	0	0
ENST00000604957.1	264	37	253	26
ENST00000605259.2	0	0	1	0
ENST00000605424.6	1	0	1	0
ENST00000605587.2	0	0	0	0
ENST00000605786.5	229	7	212	5
ENST00000605844.6	1676	892	1583	574
ENST00000605895.6	670	120	652	95
ENST00000606025.5	0	0	0	0
ENST00000606080.2	7	0	7	0
ENST00000606098.1	280	19	248	13
ENST00000606109.1	1	0	1	0
ENST00000606117.2	127	22	121	14
ENST00000606162.6	187	41	238	35
ENST00000606183.4	0	0	0	0
ENST00000606214.5	244	17	235	13
ENST00000606293.5	0	0	0	0
ENST00000606320.6	379	81	369	61
ENST00000606589.1	0	0	0	0
ENST00000606738.3	175	25	176	18
ENST00000606794.1	0	0	0	0
ENST00000606812.5	46	12	45	11
ENST00000606888.3	39	3	38	3
ENST00000606911.6	909	128	859	94
ENST00000607016.2	262	62	263	53
ENST00000607093.1	0	0	0	0
ENST00000607124.1	541	2	97	0
ENST00000607197.6	359	67	359	48
ENST00000607355.2	0	0	0	0
ENST00000607357.2	231	72	237	76
ENST00000607367.5	92	19	3	0
ENST00000607484.6	369	86	370	70
ENST00000607574.2	0	0	0	0
ENST00000607714.6	849	218	845	177
ENST00000607772.6	45	0	46	0
ENST00000607778.2	204	10	255	12
ENST00000607829.5	374	25	0	0
ENST00000608263.5	0	0	0	0
ENST00000608372.5	248	11	259	9
ENST00000608382.5	191	17	182	11
ENST00000608416.5	72	2	19	1
ENST00000608424.6	1823	573	1793	485
ENST00000608872.6	514	116	529	91
ENST00000608933.6	99	1	98	1
ENST00000608990.6	0	1	0	0
ENST00000608999.6	75	19	100	13
ENST00000609104.5	249	34	245	27
ENST00000609129.2	0	0	0	0
ENST00000609256.1	18	0	18	0
ENST00000609261.6	339	52	317	39
ENST00000609375.1	81	10	0	0
ENST00000609421.1	322	49	883	221
ENST00000609438.2	24	0	24	0
ENST00000609451.5	1	0	1	0
ENST00000609480.4	0	0	0	0
ENST00000609618.2	9	3	0	0
ENST00000609664.2	0	0	0	0
ENST00000609684.2	14	0	10	0
ENST00000609686.3	0	0	0	0
ENST00000609713.2	2	0	2	0
ENST00000609812.6	0	0	0	0
ENST00000609879.2	12	0	1	0
ENST00000609883.1	11	0	10	0
ENST00000609923.6	108	11	103	8
ENST00000610020.2	392	14	439	11
ENST00000610140.7	400	34	793	38
ENST00000610189.2	822	160	816	117
ENST00000610212.3	0	0	0	0
ENST00000610213.6	359	22	349	14
ENST00000610222.2	0	0	0	0
ENST00000610261.6	0	0	0	0
ENST00000610322.5	702	146	685	109
ENST00000610343.4	1061	186	991	145
ENST00000610350.3	0	0	0	0
ENST00000610402.5	2342	480	3249	455
ENST00000610426.5	274	111	1107	257
ENST00000610442.1	0	0	0	0
ENST00000610445.2	0	0	0	0
ENST00000610495.1	0	0	0	0
ENST00000610511.4	7	0	6	0
ENST00000610521.1	0	0	0	0
ENST00000610540.4	46	6	47	2
ENST00000610581.4	2	4	2	3
ENST00000610595.4	1	3	0	0
ENST00000610598.4	0	0	0	0
ENST00000610657.2	0	0	0	0
ENST00000610660.1	0	0	0	0
ENST00000610664.5	0	0	0	0
ENST00000610672.4	223	46	202	34
ENST00000610704.5	363	59	310	50
ENST00000610722.4	11	1	11	2
ENST00000610726.4	2961	1274	3009	809
ENST00000610738.5	6	0	6	0
ENST00000610745.5	854	113	782	70
ENST00000610772.4	10	0	8	0
ENST00000610801.1	0	0	0	0
ENST00000610821.4	0	2	0	1
ENST00000610854.2	1	2	1	2
ENST00000610913.2	0	0	0	0
ENST00000610928.4	1	0	1	0
ENST00000610935.2	226	32	154	24
ENST00000610966.5	0	0	0	0
ENST00000610970.1	1	0	1	0
ENST00000611002.4	72	14	39	4
ENST00000611028.3	0	0	0	0
ENST00000611050.4	102	242	1301	900
ENST00000611055.4	672	131	659	68
ENST00000611074.4	870	104	860	89
ENST00000611155.4	507	148	499	118
ENST00000611156.4	0	0	0	0
ENST00000611161.2	117	18	112	15
ENST00000611185.4	647	85	1130	96
ENST00000611208.4	412	49	609	47
ENST00000611217.4	0	0	0	0
ENST00000611255.5	65	5	64	3
ENST00000611257.4	0	0	0	0
ENST00000611299.4	6	0	6	0
ENST00000611388.1	0	0	0	0
ENST00000611392.5	0	0	0	0
ENST00000611444.2	2	0	0	0
ENST00000611517.4	316	15	310	12
ENST00000611551.1	18	0	18	0
ENST00000611618.1	63	31	59	20
ENST00000611620.4	0	0	0	0
ENST00000611621.2	45	17	44	15
ENST00000611638.4	1	0	1	0
ENST00000611639.1	2	0	0	0
ENST00000611641.1	0	0	0	0
ENST00000611660.5	0	0	0	0
ENST00000611665.4	782	178	788	134
ENST00000611668.4	0	0	0	0
ENST00000611712.4	362	35	352	29
ENST00000611745.2	4	0	4	0
ENST00000611864.4	0	0	0	0
ENST00000611870.5	0	0	0	0
ENST00000611884.5	670	78	700	66
ENST00000611898.4	0	0	0	0
ENST00000611905.2	0	0	0	0
ENST00000611927.2	0	0	0	0
ENST00000611976.1	344	15	373	13
ENST00000611977.2	1	0	0	0
ENST00000611999.4	0	0	0	0
ENST00000612042.4	1	1	1	0
ENST00000612078.5	0	0	0	0
ENST00000612130.4	102	24	165	23
ENST00000612133.4	253	46	253	39
ENST00000612146.4	1	0	1	0
ENST00000612183.4	0	0	0	0
ENST00000612221.1	1	0	1	0
ENST00000612278.4	0	0	0	0
ENST00000612286.4	0	0	0	0
ENST00000612339.4	70	0	67	0
ENST00000612363.2	174	15	137	2
ENST00000612377.2	0	0	0	0
ENST00000612399.4	502	85	1486	181
ENST00000612460.5	211	35	200	22
ENST00000612501.2	209	328	199	249
ENST00000612570.4	910	90	891	72
ENST00000612591.4	0	0	0	0
ENST00000612612.5	0	0	0	0
ENST00000612661.2	648	134	609	119
ENST00000612677.6	1	0	1	0
ENST00000612714.1	0	0	0	0
ENST00000612727.4	0	0	0	0
ENST00000612742.4	346	24	394	20
ENST00000612748.1	2111	498	2027	338
ENST00000612750.5	948	140	1321	129
ENST00000612771.5	0	0	0	0
ENST00000612813.4	5	0	5	0
ENST00000612814.5	375	29	377	11
ENST00000612867.4	10	1	25	3
ENST00000612892.4	278	7	272	6
ENST00000612898.1	225	1	60	0
ENST00000612899.5	435	54	422	47
ENST00000612907.2	0	0	0	0
ENST00000612929.2	0	0	0	0
ENST00000612935.4	44	7	32	6
ENST00000612958.1	0	0	0	0
ENST00000612966.3	7	0	0	0
ENST00000613019.4	1	0	1	0
ENST00000613058.4	735	122	851	115
ENST00000613069.4	3	0	3	0
ENST00000613071.1	2	0	2	0
ENST00000613099.4	983	153	954	109
ENST00000613102.5	997	169	966	137
ENST00000613122.5	487	84	464	69
ENST00000613128.4	0	0	0	0
ENST00000613157.2	0	0	0	0
ENST00000613174.2	385	0	47	0
ENST00000613183.1	196	56	209	50
ENST00000613219.4	166	14	165	11
ENST00000613244.1	0	0	0	0
ENST00000613252.5	0	0	0	0
ENST00000613266.4	441	33	559	31
ENST00000613296.5	558	100	482	80
ENST00000613312.4	131	118	128	87
ENST00000613322.4	586	124	560	99
ENST00000613326.4	556	200	284	79
ENST00000613352.1	0	0	0	0
ENST00000613358.4	1056	390	1038	322
ENST00000613385.4	95	8	0	0
ENST00000613394.4	281	83	275	62
ENST00000613397.4	298	57	253	35
ENST00000613411.4	0	0	0	0
ENST00000613416.4	587	93	572	71
ENST00000613466.4	78	2	102	2
ENST00000613478.2	213	15	216	9
ENST00000613482.2	5	0	5	0
ENST00000613488.3	5	0	2	0
ENST00000613503.5	262	73	91	13
ENST00000613525.4	0	0	0	0
ENST00000613533.4	194	35	185	24
ENST00000613549.3	0	0	1	0
ENST00000613569.4	615	57	886	60
ENST00000613597.1	0	0	0	0
ENST00000613675.5	514	115	901	137
ENST00000613694.5	159	19	156	11
ENST00000613726.4	0	0	0	0
ENST00000613744.4	3	0	0	0
ENST00000613773.4	0	0	0	0
ENST00000613788.1	0	0	0	0
ENST00000613854.2	564	0	307	0
ENST00000613886.4	3	0	3	0
ENST00000613894.3	0	0	0	0
ENST00000613904.1	494	56	479	31
ENST00000613922.2	0	0	0	0
ENST00000613979.5	0	1	0	0
ENST00000614012.4	243	12	261	16
ENST00000614032.5	74	4	68	3
ENST00000614034.5	80	5	73	4
ENST00000614049.5	32	9	25	7
ENST00000614055.2	0	0	0	0
ENST00000614058.4	1630	268	1575	201
ENST00000614072.1	0	0	0	0
ENST00000614091.4	51	0	42	0
ENST00000614127.4	0	0	0	0
ENST00000614158.1	0	0	0	0
ENST00000614167.2	94	9	86	5
ENST00000614228.1	0	0	0	0
ENST00000614239.1	0	0	0	0
ENST00000614247.2	543	0	374	0
ENST00000614302.5	265	28	264	19
ENST00000614341.5	2	0	2	0
ENST00000614342.1	42	0	41	0
ENST00000614378.1	675	2	187	2
ENST00000614404.1	351	406	163	71
ENST00000614411.1	353	58	344	43
ENST00000614428.4	2113	432	2058	332
ENST00000614443.2	258	59	246	43
ENST00000614444.4	0	0	0	0
ENST00000614445.4	484	192	661	135
ENST00000614476.4	348	51	307	30
ENST00000614490.4	0	0	0	0
ENST00000614491.1	0	0	0	0
ENST00000614497.5	0	0	0	0
ENST00000614499.4	688	78	671	59
ENST00000614556.5	710	70	711	61
ENST00000614557.1	0	0	0	0
ENST00000614558.2	376	65	365	54
ENST00000614565.5	0	0	0	0
ENST00000614616.4	1521	240	1472	179
ENST00000614623.4	702	249	680	200
ENST00000614628.5	424	38	421	30
ENST00000614654.2	93	35	90	27
ENST00000614722.2	0	0	0	0
ENST00000614757.4	1	3	0	0
ENST00000614766.5	134	20	129	17
ENST00000614790.5	307	61	289	46
ENST00000614806.1	0	0	0	0
ENST00000614830.5	624	149	605	124
ENST00000614839.4	0	0	0	0
ENST00000614847.1	3	0	4	0
ENST00000614859.5	0	0	0	0
ENST00000614891.5	2	0	2	0
ENST00000614894.4	0	0	0	0
ENST00000614923.1	0	0	0	0
ENST00000614924.5	0	0	0	0
ENST00000614971.4	1004	101	983	76
ENST00000614987.5	255	14	250	11
ENST00000615007.4	0	0	0	0
ENST00000615035.3	0	0	0	0
ENST00000615050.2	0	0	0	0
ENST00000615107.6	0	0	0	0
ENST00000615129.4	0	0	0	0
ENST00000615133.2	0	0	0	0
ENST00000615164.2	713	0	333	0
ENST00000615182.5	409	69	403	50
ENST00000615189.5	87	14	86	10
ENST00000615198.4	6	1	5	1
ENST00000615230.4	13	0	13	0
ENST00000615234.5	620	227	670	200
ENST00000615244.4	0	0	0	0
ENST00000615277.5	146	11	138	7
ENST00000615281.4	0	1	0	0
ENST00000615301.4	714	90	703	69
ENST00000615353.1	365	0	198	0
ENST00000615358.4	0	0	0	0
ENST00000615367.4	0	0	0	0
ENST00000615383.5	687	76	669	51
ENST00000615421.4	6	5	1	0
ENST00000615430.4	0	0	0	0
ENST00000615439.5	1	0	1	0
ENST00000615526.1	1	0	1	0
ENST00000615527.1	284	74	276	63
ENST00000615540.4	1594	206	1425	138
ENST00000615541.3	4	4	0	0
ENST00000615550.5	467	44	1041	50
ENST00000615575.5	4	3	4	0
ENST00000615612.2	18	2	16	1
ENST00000615637.3	6	0	6	0
ENST00000615670.5	248	56	241	38
ENST00000615746.4	4	0	4	0
ENST00000615748.4	0	0	0	0
ENST00000615808.5	0	0	0	0
ENST00000615853.1	0	0	0	0
ENST00000615863.2	0	0	0	0
ENST00000615868.2	599	0	283	0
ENST00000615887.4	0	0	0	0
ENST00000615891.2	120	9	121	6
ENST00000615905.5	0	0	0	0
ENST00000615911.4	323	25	312	21
ENST00000615966.2	16	0	0	0
ENST00000615982.4	172	57	168	44
ENST00000615984.4	161	15	176	18
ENST00000616035.4	236	46	14	7
ENST00000616054.2	0	0	0	0
ENST00000616056.4	0	0	0	0
ENST00000616101.4	0	0	0	0
ENST00000616140.2	857	309	870	259
ENST00000616144.4	322	49	369	47
ENST00000616146.4	382	39	468	28
ENST00000616182.2	425	1	129	0
ENST00000616191.4	0	0	0	0
ENST00000616199.4	303	65	295	48
ENST00000616258.3	0	0	0	0
ENST00000616265.4	318	20	313	19
ENST00000616288.4	958	179	858	121
ENST00000616305.2	166	8	125	2
ENST00000616316.1	182	22	115	9
ENST00000616365.2	5	0	1	0
ENST00000616371.4	68	0	115	0
ENST00000616416.4	1	0	1	0
ENST00000616417.5	120	1	116	0
ENST00000616433.4	0	0	0	0
ENST00000616445.4	9	5	9	4
ENST00000616524.4	31	6	31	4
ENST00000616559.4	102	33	93	25
ENST00000616600.5	694	163	664	113
ENST00000616623.4	148	16	150	12
ENST00000616640.1	286	33	271	23
ENST00000616645.4	0	0	0	0
ENST00000616661.5	405	54	378	50
ENST00000616694.1	0	0	0	0
ENST00000616701.5	319	75	305	62
ENST00000616721.6	0	0	0	0
ENST00000616725.4	0	0	0	0
ENST00000616727.4	4	0	4	0
ENST00000616763.4	0	0	0	0
ENST00000616793.5	6	1	6	1
ENST00000616804.5	0	0	0	0
ENST00000616824.1	0	0	0	0
ENST00000616978.5	26	0	29	0
ENST00000616979.4	0	0	0	0
ENST00000616987.5	0	0	0	0
ENST00000617053.2	0	0	0	0
ENST00000617101.4	0	0	0	0
ENST00000617120.4	0	0	0	0
ENST00000617146.5	9	2	9	1
ENST00000617152.1	0	0	0	0
ENST00000617190.4	865	202	848	160
ENST00000617224.3	0	0	0	0
ENST00000617233.2	2	0	2	0
ENST00000617275.5	1088	108	1058	84
ENST00000617285.5	1866	371	1796	281
ENST00000617311.1	0	0	0	0
ENST00000617313.4	15	1	15	1
ENST00000617316.2	210	16	166	10
ENST00000617388.4	33	3	29	2
ENST00000617421.4	0	0	0	0
ENST00000617428.3	370	66	364	59
ENST00000617429.5	469	56	463	43
ENST00000617444.5	82	7	67	2
ENST00000617445.4	173	18	166	14
ENST00000617453.1	0	0	0	0
ENST00000617501.5	309	62	238	38
ENST00000617533.4	666	104	635	78
ENST00000617537.5	3	0	2	0
ENST00000617558.2	0	0	0	0
ENST00000617569.2	484	0	249	0
ENST00000617575.5	0	0	0	0
ENST00000617607.4	2	0	1	0
ENST00000617612.3	4	0	4	0
ENST00000617620.1	0	0	0	0
ENST00000617633.5	1057	134	1044	95
ENST00000617690.2	0	0	0	0
ENST00000617704.1	0	0	0	0
ENST00000617706.4	0	0	0	0
ENST00000617714.2	40	6	39	5
ENST00000617716.4	30	9	0	0
ENST00000617752.1	0	0	0	0
ENST00000617768.5	97	14	97	12
ENST00000617804.1	0	2	0	1
ENST00000617807.2	0	0	0	0
ENST00000617811.5	0	0	0	0
ENST00000617859.4	145	15	139	14
ENST00000617875.6	288	220	260	175
ENST00000617889.5	0	0	0	0
ENST00000617897.2	0	0	0	0
ENST00000617928.5	1613	215	1509	181
ENST00000617931.4	1	6	0	0
ENST00000617979.5	563	82	559	73
ENST00000617991.4	4	0	3	0
ENST00000617999.4	2	0	2	0
ENST00000618007.4	1	0	0	0
ENST00000618014.1	1440	232	1351	159
ENST00000618052.2	598	0	294	0
ENST00000618098.4	147	15	143	15
ENST00000618099.4	502	126	472	101
ENST00000618116.4	0	0	0	0
ENST00000618123.4	715	90	677	67
ENST00000618136.1	0	0	0	0
ENST00000618155.3	0	0	0	0
ENST00000618156.5	329	45	138	5
ENST00000618172.4	1345	341	1322	284
ENST00000618231.3	0	0	0	0
ENST00000618236.1	0	0	0	0
ENST00000618250.4	170	39	169	30
ENST00000618262.4	1319	491	1295	377
ENST00000618265.5	2	0	4	0
ENST00000618305.2	8	0	0	0
ENST00000618348.1	0	0	0	0
ENST00000618403.5	148	8	146	5
ENST00000618404.5	0	0	0	0
ENST00000618457.5	2	0	2	0
ENST00000618468.4	67	14	64	13
ENST00000618518.3	96	62	93	50
ENST00000618534.4	127	14	119	8
ENST00000618539.4	1480	301	1428	211
ENST00000618548.4	6	6	6	4
ENST00000618550.5	7	1	6	1
ENST00000618562.2	82	3	81	2
ENST00000618629.1	0	0	0	0
ENST00000618634.2	0	0	0	0
ENST00000618655.2	351	64	333	54
ENST00000618691.5	1062	623	2055	573
ENST00000618699.2	0	0	0	0
ENST00000618712.4	0	0	0	0
ENST00000618722.4	0	0	0	0
ENST00000618742.3	0	0	0	0
ENST00000618787.5	105	27	62	12
ENST00000618804.5	151	21	151	16
ENST00000618819.5	396	29	368	20
ENST00000618847.5	0	0	0	0
ENST00000618852.5	350	69	735	73
ENST00000618853.5	115	22	107	19
ENST00000618957.4	0	0	0	0
ENST00000618958.2	340	1	70	0
ENST00000619012.4	1	1	1	0
ENST00000619038.5	7	2	0	0
ENST00000619039.4	371	112	313	79
ENST00000619044.1	2	0	1	0
ENST00000619087.4	25	2	23	2
ENST00000619133.4	103	59	404	86
ENST00000619162.5	18	5	4	0
ENST00000619167.1	0	0	0	0
ENST00000619168.4	645	77	583	49
ENST00000619189.5	274	38	263	28
ENST00000619208.6	5	2	5	2
ENST00000619213.1	0	0	0	0
ENST00000619236.1	1	0	1	0
ENST00000619243.1	0	0	0	0
ENST00000619269.4	393	84	377	57
ENST00000619286.5	0	0	0	0
ENST00000619301.4	312	11	346	9
ENST00000619363.2	1	0	1	0
ENST00000619375.1	0	0	0	0
ENST00000619387.5	1230	284	1244	231
ENST00000619416.4	694	55	681	40
ENST00000619423.4	0	4	0	0
ENST00000619426.5	1168	418	1242	335
ENST00000619466.2	408	0	78	0
ENST00000619537.4	0	0	0	0
ENST00000619541.4	610	38	598	32
ENST00000619559.4	0	0	0	0
ENST00000619594.5	299	35	351	25
ENST00000619609.1	0	0	0	0
ENST00000619701.5	1	0	0	0
ENST00000619707.5	122	7	124	6
ENST00000619721.6	0	0	0	0
ENST00000619850.2	1333	209	1273	159
ENST00000619866.5	0	0	0	0
ENST00000619888.4	0	0	0	0
ENST00000619895.4	0	0	0	0
ENST00000619898.5	652	168	628	124
ENST00000619903.4	0	0	0	0
ENST00000619913.4	666	143	658	111
ENST00000619918.1	0	0	0	0
ENST00000619920.4	1645	859	1888	755
ENST00000619922.1	1	0	0	0
ENST00000619929.5	596	575	567	466
ENST00000619989.1	0	0	0	0
ENST00000619998.1	0	0	0	0
ENST00000620016.2	0	0	0	0
ENST00000620048.6	105	9	99	7
ENST00000620094.4	104	28	84	25
ENST00000620105.5	195	5	190	4
ENST00000620116.5	6	0	2	0
ENST00000620120.3	7	0	7	0
ENST00000620123.4	854	127	831	103
ENST00000620134.4	591	70	579	62
ENST00000620151.2	0	0	0	0
ENST00000620157.4	895	42	1191	41
ENST00000620173.4	230	17	257	17
ENST00000620210.1	0	0	0	0
ENST00000620215.2	0	0	0	0
ENST00000620247.1	0	0	0	0
ENST00000620250.1	0	0	0	0
ENST00000620254.5	466	87	445	65
ENST00000620260.5	2	5	1	2
ENST00000620264.4	0	0	0	0
ENST00000620267.1	0	0	0	0
ENST00000620284.5	10	2	12	2
ENST00000620338.4	416	41	417	31
ENST00000620350.5	8	0	9	0
ENST00000620364.5	0	0	0	0
ENST00000620438.1	106	0	74	0
ENST00000620443.2	1	0	0	0
ENST00000620473.4	3	4	2	1
ENST00000620492.4	0	0	0	0
ENST00000620528.5	6	0	0	0
ENST00000620565.4	866	204	1562	296
ENST00000620612.5	0	1	0	0
ENST00000620652.4	0	0	0	0
ENST00000620654.2	0	0	0	0
ENST00000620693.4	0	0	0	0
ENST00000620704.5	0	0	0	0
ENST00000620771.4	542	154	334	72
ENST00000620793.2	0	0	0	0
ENST00000620804.1	0	0	0	0
ENST00000620827.4	55	6	14	3
ENST00000620911.6	0	0	0	0
ENST00000620995.5	26	2	10	0
ENST00000621003.4	276	28	262	17
ENST00000621034.1	0	0	0	0
ENST00000621039.5	0	0	0	0
ENST00000621053.1	0	0	0	0
ENST00000621082.1	0	0	0	0
ENST00000621083.4	188	21	126	14
ENST00000621112.2	229	0	115	0
ENST00000621116.4	666	148	638	100
ENST00000621158.5	573	60	559	50
ENST00000621161.5	5	0	5	0
ENST00000621162.1	1	0	1	0
ENST00000621169.1	0	0	0	0
ENST00000621172.4	0	0	0	0
ENST00000621179.5	0	0	0	0
ENST00000621198.5	0	1	0	0
ENST00000621226.2	0	0	0	0
ENST00000621267.4	1616	625	1719	477
ENST00000621332.5	150	119	144	124
ENST00000621356.3	3	2	1110	914
ENST00000621372.4	42	2	39	1
ENST00000621411.3	827	1	437	0
ENST00000621421.4	567	152	671	129
ENST00000621426.6	188	30	188	25
ENST00000621432.2	0	0	0	0
ENST00000621437.4	656	394	602	260
ENST00000621441.5	526	70	880	73
ENST00000621465.5	84	13	80	9
ENST00000621500.2	0	0	0	0
ENST00000621517.1	0	0	0	0
ENST00000621525.4	0	0	0	0
ENST00000621536.4	5	0	5	0
ENST00000621565.4	435	41	424	32
ENST00000621587.1	0	0	0	0
ENST00000621592.7	1637	759	1523	586
ENST00000621615.1	0	0	0	0
ENST00000621632.5	1932	484	1914	384
ENST00000621648.4	188	7	176	6
ENST00000621650.2	276	10	6	0
ENST00000621654.2	40	8	39	8
ENST00000621663.4	329	88	316	70
ENST00000621676.4	471	59	459	45
ENST00000621723.4	174	35	67	12
ENST00000621744.4	0	0	0	0
ENST00000621771.1	0	0	0	0
ENST00000621775.2	42	7	32	6
ENST00000621784.4	371	67	364	52
ENST00000621943.4	897	137	881	89
ENST00000621994.3	5	0	1	0
ENST00000621999.5	698	32	710	30
ENST00000622030.2	0	0	0	0
ENST00000622132.5	6	2	5	1
ENST00000622138.4	0	0	0	0
ENST00000622142.5	133	19	123	13
ENST00000622186.4	891	60	916	52
ENST00000622206.1	0	0	0	0
ENST00000622211.4	1	0	0	0
ENST00000622235.5	281	59	268	53
ENST00000622277.4	561	92	556	72
ENST00000622299.4	243	45	252	38
ENST00000622339.4	0	0	0	0
ENST00000622362.1	114	18	123	12
ENST00000622375.4	106	43	103	23
ENST00000622395.4	314	79	300	59
ENST00000622421.2	0	0	0	0
ENST00000622429.1	9	4	36	17
ENST00000622447.4	0	0	0	0
ENST00000622479.4	19	3	179	32
ENST00000622495.4	924	114	920	95
ENST00000622500.2	0	0	0	0
ENST00000622513.4	581	54	579	43
ENST00000622536.6	0	0	0	0
ENST00000622544.4	18	0	18	0
ENST00000622548.4	0	0	0	0
ENST00000622567.4	273	16	267	16
ENST00000622588.1	0	0	0	0
ENST00000622602.2	158	30	125	5
ENST00000622669.4	884	91	901	72
ENST00000622683.5	397	235	568	242
ENST00000622694.4	336	27	316	16
ENST00000622735.2	0	0	18	15
ENST00000622744.4	0	0	0	0
ENST00000622746.4	6	0	6	0
ENST00000622749.2	0	0	0	0
ENST00000622764.3	0	1	0	1
ENST00000622789.5	311	71	291	65
ENST00000622804.1	269	82	541	108
ENST00000622824.1	0	0	0	0
ENST00000622845.5	319	27	322	24
ENST00000622872.4	0	0	0	0
ENST00000622895.1	0	0	0	0
ENST00000622971.2	0	0	0	0
ENST00000623042.1	0	0	0	0
ENST00000623063.3	1262	402	185	72
ENST00000623167.1	0	0	0	0
ENST00000623247.2	0	0	0	0
ENST00000623276.3	115	14	96	11
ENST00000623286.1	0	0	0	0
ENST00000623385.3	0	0	0	0
ENST00000623400.3	142	16	7	0
ENST00000623441.1	0	0	0	0
ENST00000623476.2	0	0	0	0
ENST00000623491.1	0	0	0	0
ENST00000623527.4	0	0	0	0
ENST00000623530.1	0	0	0	0
ENST00000623535.2	239	18	240	14
ENST00000623603.3	0	0	0	0
ENST00000623617.2	1	0	0	0
ENST00000623662.3	0	0	0	0
ENST00000623711.3	299	114	393	103
ENST00000623787.3	0	0	0	0
ENST00000623806.3	0	0	0	0
ENST00000623824.2	0	0	0	0
ENST00000623849.1	0	0	0	0
ENST00000623876.2	50	30	48	22
ENST00000623907.1	0	0	0	0
ENST00000623922.1	0	0	0	0
ENST00000623927.1	0	0	0	0
ENST00000623930.1	0	0	0	0
ENST00000623960.4	0	0	2	0
ENST00000624081.1	0	0	0	0
ENST00000624187.1	0	0	0	0
ENST00000624207.1	0	0	0	0
ENST00000624297.2	0	0	0	0
ENST00000624304.3	0	0	0	0
ENST00000624396.1	1	0	0	0
ENST00000624419.2	0	0	0	0
ENST00000624510.3	0	0	0	0
ENST00000624552.3	2	0	1	0
ENST00000624596.1	0	0	0	0
ENST00000624618.1	0	0	0	0
ENST00000624688.2	0	0	0	0
ENST00000624776.3	179	26	174	20
ENST00000624801.3	0	0	0	0
ENST00000624868.1	0	0	0	0
ENST00000624922.6	0	0	0	0
ENST00000624951.1	0	0	0	0
ENST00000624978.1	0	0	0	0
ENST00000625019.3	0	0	0	0
ENST00000625065.3	0	1	0	0
ENST00000625099.4	7	0	8	0
ENST00000625106.4	0	0	0	0
ENST00000625129.1	0	2	0	2
ENST00000625203.2	0	0	0	0
ENST00000625258.1	0	0	0	0
ENST00000625293.3	397	24	0	0
ENST00000625672.2	0	1	0	0
ENST00000625761.2	95	25	89	17
ENST00000625842.2	557	63	542	46
ENST00000625904.2	0	0	0	0
ENST00000625924.1	96	2	91	1
ENST00000626538.2	0	0	0	0
ENST00000626650.3	13	5	12	4
ENST00000626839.2	2	0	1	0
ENST00000627059.2	0	0	2	0
ENST00000627148.2	107	10	102	8
ENST00000627399.3	3	0	2	0
ENST00000627532.3	231	26	254	27
ENST00000627814.3	0	0	0	0
ENST00000628444.1	0	0	0	0
ENST00000628453.2	13	2	6	1
ENST00000628514.2	45	1	42	1
ENST00000628545.1	135	17	118	13
ENST00000629237.2	1	0	0	0
ENST00000629319.2	0	0	0	0
ENST00000629372.3	0	0	0	0
ENST00000629482.3	40	3	37	2
ENST00000629816.3	0	0	0	0
ENST00000629843.2	0	0	0	0
ENST00000630330.2	689	33	663	14
ENST00000630369.2	0	0	0	0
ENST00000631683.2	0	0	0	0
ENST00000631941.2	470	159	459	127
ENST00000632009.1	96	15	93	13
ENST00000632372.3	0	0	0	0
ENST00000632600.1	0	0	0	0
ENST00000632897.1	0	0	0	0
ENST00000633214.1	0	0	0	0
ENST00000633222.1	0	0	0	0
ENST00000633531.1	1317	267	1236	198
ENST00000633556.3	135	12	132	9
ENST00000633875.4	0	0	0	0
ENST00000633930.1	4	0	4	0
ENST00000634258.3	236	99	235	73
ENST00000634318.1	17	0	0	0
ENST00000634353.1	3	0	2	0
ENST00000634540.1	0	0	0	0
ENST00000634597.1	334	162	311	116
ENST00000634607.1	1116	265	1078	185
ENST00000634648.1	0	0	0	0
ENST00000634661.1	18	2	17	2
ENST00000634670.1	0	0	0	0
ENST00000634733.1	34	3	19	0
ENST00000634734.2	758	436	764	342
ENST00000634804.2	0	0	0	0
ENST00000634811.1	329	21	181	12
ENST00000634842.1	0	0	0	0
ENST00000634879.1	1189	337	1132	244
ENST00000634901.1	966	364	929	293
ENST00000634910.1	9	0	0	0
ENST00000634944.1	236	75	295	83
ENST00000634965.2	17	19	14	15
ENST00000635017.1	0	0	0	0
ENST00000635031.1	50	28	72	28
ENST00000635041.1	1	0	1	0
ENST00000635120.2	2	0	2	0
ENST00000635206.1	8	7	7	3
ENST00000635466.1	48	1	44	1
ENST00000635491.1	765	0	334	0
ENST00000635625.1	539	98	1247	140
ENST00000635641.1	53	0	2	0
ENST00000635674.1	6	0	6	0
ENST00000635736.1	84	17	82	15
ENST00000635765.1	191	32	186	28
ENST00000635789.1	0	0	0	0
ENST00000635795.1	0	0	0	0
ENST00000635820.1	0	0	0	0
ENST00000635855.1	19	0	0	0
ENST00000635887.1	0	0	0	0
ENST00000635918.2	3	1	0	0
ENST00000635921.1	0	0	0	0
ENST00000635964.1	0	0	0	0
ENST00000635976.1	0	0	0	0
ENST00000635992.1	0	0	0	0
ENST00000636016.2	875	158	847	124
ENST00000636079.1	0	0	0	0
ENST00000636087.1	0	0	0	0
ENST00000636096.2	0	0	0	0
ENST00000636099.1	266	5	257	3
ENST00000636125.1	0	0	0	0
ENST00000636136.1	0	0	0	0
ENST00000636151.1	0	0	0	0
ENST00000636166.1	0	0	0	0
ENST00000636174.1	63	38	60	27
ENST00000636176.1	0	0	0	0
ENST00000636183.2	275	14	279	7
ENST00000636203.1	119	30	111	18
ENST00000636213.3	0	0	0	0
ENST00000636215.2	281	32	290	27
ENST00000636216.1	0	0	0	0
ENST00000636229.1	1	0	1	0
ENST00000636231.2	2	0	2	0
ENST00000636267.1	0	0	0	0
ENST00000636296.1	0	0	0	0
ENST00000636302.1	0	0	0	0
ENST00000636331.1	0	0	0	0
ENST00000636372.1	0	0	0	0
ENST00000636395.1	11	27	9	17
ENST00000636397.1	0	0	0	0
ENST00000636427.3	10	0	9	0
ENST00000636465.1	0	0	0	0
ENST00000636493.2	7	0	6	0
ENST00000636502.1	0	0	0	0
ENST00000636508.1	0	0	0	0
ENST00000636536.1	0	0	0	0
ENST00000636578.2	0	0	0	0
ENST00000636580.2	1016	154	1181	118
ENST00000636584.1	0	0	0	0
ENST00000636672.1	0	0	0	0
ENST00000636696.4	0	0	0	0
ENST00000636752.1	0	0	0	0
ENST00000636757.1	0	0	0	0
ENST00000636793.1	0	0	0	0
ENST00000636804.1	0	0	0	0
ENST00000636805.1	19	10	17	5
ENST00000636849.1	197	7	197	5
ENST00000636854.3	6	2	6	1
ENST00000636930.2	810	150	785	125
ENST00000636933.1	21	1	21	1
ENST00000636986.1	0	0	0	0
ENST00000637017.1	0	0	0	0
ENST00000637084.1	0	0	0	0
ENST00000637125.1	229	18	220	16
ENST00000637128.2	0	0	0	0
ENST00000637218.2	0	0	0	0
ENST00000637233.1	0	0	0	2
ENST00000637303.1	0	0	0	0
ENST00000637401.1	686	58	672	33
ENST00000637493.1	0	0	0	0
ENST00000637503.1	0	0	0	0
ENST00000637508.1	3	0	3	0
ENST00000637513.2	40	5	39	5
ENST00000637559.1	0	0	1	0
ENST00000637610.1	0	0	0	0
ENST00000637645.1	0	0	0	0
ENST00000637658.2	0	0	0	0
ENST00000637680.1	0	0	0	0
ENST00000637698.1	1	0	1	0
ENST00000637759.1	0	0	0	0
ENST00000637790.2	676	76	674	54
ENST00000637795.1	0	0	0	0
ENST00000637797.1	14	11	13	7
ENST00000637812.1	307	85	305	73
ENST00000637854.1	115	21	0	0
ENST00000637878.2	0	0	0	0
ENST00000637938.1	38	13	32	8
ENST00000637944.1	161	36	150	30
ENST00000637986.2	0	0	0	0
ENST00000638043.2	70	25	64	21
ENST00000638088.1	885	90	1401	98
ENST00000638089.2	703	133	556	75
ENST00000638102.1	0	0	0	0
ENST00000638108.1	39	3	37	2
ENST00000638147.2	0	0	0	0
ENST00000638166.1	0	0	0	0
ENST00000638170.2	35	5	25	5
ENST00000638240.1	0	0	4	0
ENST00000638257.1	112	6	76	5
ENST00000638280.1	0	0	0	0
ENST00000638408.1	0	0	0	0
ENST00000638483.1	0	0	0	0
ENST00000638486.2	0	0	0	0
ENST00000638572.2	31	7	29	6
ENST00000638617.1	4	1	1	0
ENST00000638636.2	0	0	0	0
ENST00000638668.1	0	0	0	0
ENST00000638705.1	116	13	107	12
ENST00000638719.3	0	0	0	0
ENST00000638723.1	0	0	0	0
ENST00000638741.1	0	0	0	0
ENST00000638767.1	0	0	1	0
ENST00000638842.1	0	0	0	0
ENST00000638862.1	37	6	8	1
ENST00000638915.1	0	0	0	0
ENST00000639028.1	0	0	0	0
ENST00000639037.1	0	0	0	0
ENST00000639059.1	0	0	0	0
ENST00000639073.1	0	0	0	0
ENST00000639081.1	0	0	0	0
ENST00000639213.1	0	0	0	0
ENST00000639401.1	0	0	0	0
ENST00000639435.1	0	0	0	0
ENST00000639563.2	1	0	1	0
ENST00000639579.1	0	0	0	0
ENST00000639584.1	0	0	0	0
ENST00000639602.1	2	0	0	0
ENST00000639673.1	0	0	0	0
ENST00000639722.1	0	0	0	0
ENST00000639756.1	1	0	0	0
ENST00000639785.2	0	0	0	0
ENST00000639810.2	2	0	1	0
ENST00000639812.1	0	0	0	0
ENST00000639828.1	69	13	78	6
ENST00000639862.1	0	0	0	0
ENST00000639952.1	155	16	154	10
ENST00000639955.1	312	10	362	10
ENST00000639969.1	0	0	0	0
ENST00000640006.1	0	0	0	0
ENST00000640051.2	31	6	60	4
ENST00000640117.1	0	0	0	0
ENST00000640159.1	0	0	0	0
ENST00000640173.1	0	0	0	0
ENST00000640217.1	3	0	2	0
ENST00000640218.2	3846	1775	3979	1392
ENST00000640237.1	1	4	1	3
ENST00000640252.2	715	65	718	53
ENST00000640258.1	72	10	75	8
ENST00000640271.2	0	0	0	0
ENST00000640275.1	0	0	0	0
ENST00000640283.2	0	0	0	0
ENST00000640302.1	0	0	0	0
ENST00000640310.1	0	0	0	0
ENST00000640345.1	0	0	0	0
ENST00000640558.1	0	0	0	0
ENST00000640559.2	0	0	0	0
ENST00000640607.1	296	67	130	8
ENST00000640655.2	0	0	0	0
ENST00000640669.1	0	0	0	0
ENST00000640769.2	508	69	493	50
ENST00000640803.1	0	0	0	0
ENST00000640805.1	0	0	0	0
ENST00000640821.3	0	0	0	0
ENST00000640846.1	0	0	0	0
ENST00000640853.1	826	19	804	13
ENST00000640888.2	263	13	253	10
ENST00000640959.1	0	0	0	0
ENST00000640961.2	569	27	558	20
ENST00000641002.1	0	0	0	0
ENST00000641015.1	0	0	0	0
ENST00000641019.1	0	0	0	0
ENST00000641027.1	0	0	0	0
ENST00000641042.1	0	0	0	0
ENST00000641044.1	0	0	0	0
ENST00000641045.1	0	0	0	0
ENST00000641068.1	0	0	0	0
ENST00000641069.1	0	0	0	0
ENST00000641076.1	0	0	0	0
ENST00000641086.1	0	0	0	0
ENST00000641090.1	0	0	0	0
ENST00000641093.1	0	0	0	0
ENST00000641113.1	0	0	0	0
ENST00000641114.1	0	0	0	0
ENST00000641124.1	0	0	0	0
ENST00000641125.1	0	0	0	0
ENST00000641129.1	0	0	0	0
ENST00000641131.1	0	0	0	0
ENST00000641137.1	0	0	0	0
ENST00000641139.1	0	0	0	0
ENST00000641141.1	0	0	0	0
ENST00000641149.1	0	0	0	0
ENST00000641156.1	0	0	0	0
ENST00000641159.1	0	0	0	0
ENST00000641164.1	0	0	0	0
ENST00000641167.1	0	0	0	0
ENST00000641181.1	0	0	0	0
ENST00000641185.1	0	0	0	0
ENST00000641193.1	0	0	0	0
ENST00000641196.1	0	0	0	0
ENST00000641198.1	1279	316	1704	317
ENST00000641199.1	0	0	0	0
ENST00000641200.1	0	0	0	0
ENST00000641202.1	0	0	0	0
ENST00000641206.2	466	100	441	73
ENST00000641211.1	0	0	0	0
ENST00000641220.1	0	0	0	0
ENST00000641240.1	0	0	0	0
ENST00000641244.1	0	0	0	0
ENST00000641251.1	0	0	0	0
ENST00000641256.1	0	0	0	0
ENST00000641258.1	0	0	0	0
ENST00000641268.1	0	0	0	0
ENST00000641276.1	0	0	0	0
ENST00000641288.1	0	0	0	0
ENST00000641291.1	0	0	0	0
ENST00000641310.1	0	0	0	0
ENST00000641318.1	0	0	0	0
ENST00000641320.1	0	0	0	0
ENST00000641329.1	0	0	0	0
ENST00000641342.1	0	0	0	0
ENST00000641350.1	0	2	0	1
ENST00000641359.1	0	0	0	0
ENST00000641363.1	0	0	0	0
ENST00000641364.1	0	0	0	0
ENST00000641380.1	0	0	0	0
ENST00000641389.1	34	11	27	10
ENST00000641394.1	0	0	0	0
ENST00000641398.1	0	0	0	0
ENST00000641412.1	0	0	0	0
ENST00000641417.1	0	0	0	0
ENST00000641419.1	0	0	0	0
ENST00000641429.1	0	0	0	0
ENST00000641432.1	0	0	0	0
ENST00000641439.1	0	0	0	0
ENST00000641440.1	0	0	0	0
ENST00000641449.1	0	0	0	0
ENST00000641450.1	0	0	0	0
ENST00000641451.1	0	0	0	0
ENST00000641461.1	0	0	0	0
ENST00000641462.2	2	0	1	0
ENST00000641470.1	0	0	0	0
ENST00000641490.1	0	0	0	0
ENST00000641492.1	0	0	0	0
ENST00000641512.1	0	0	0	0
ENST00000641517.1	0	0	0	0
ENST00000641521.1	0	0	0	0
ENST00000641524.1	0	0	0	0
ENST00000641526.1	0	0	0	0
ENST00000641528.1	0	0	0	0
ENST00000641530.1	0	0	0	0
ENST00000641540.1	0	0	0	0
ENST00000641541.1	0	0	0	0
ENST00000641544.1	0	0	0	0
ENST00000641546.1	0	0	0	0
ENST00000641559.1	0	0	0	0
ENST00000641568.1	0	0	0	0
ENST00000641569.1	0	0	0	0
ENST00000641576.1	0	0	0	0
ENST00000641580.1	0	0	0	0
ENST00000641585.1	0	0	0	0
ENST00000641592.1	0	0	0	0
ENST00000641597.1	2160	874	2083	697
ENST00000641600.1	0	0	0	0
ENST00000641605.1	0	0	0	0
ENST00000641622.1	0	0	0	0
ENST00000641626.1	0	0	0	0
ENST00000641627.1	0	0	0	0
ENST00000641644.1	1	0	1	0
ENST00000641645.1	0	0	0	0
ENST00000641646.1	0	0	0	0
ENST00000641649.1	0	0	0	0
ENST00000641651.1	0	0	0	0
ENST00000641652.1	0	0	0	0
ENST00000641659.1	0	0	0	0
ENST00000641662.1	0	0	0	0
ENST00000641663.1	0	0	0	0
ENST00000641664.1	0	0	0	0
ENST00000641665.1	0	0	0	0
ENST00000641668.1	0	0	0	0
ENST00000641670.1	0	0	0	0
ENST00000641672.1	0	0	0	0
ENST00000641673.1	0	0	0	0
ENST00000641687.1	0	0	0	0
ENST00000641692.1	0	0	0	0
ENST00000641693.1	0	0	0	0
ENST00000641698.1	0	0	0	0
ENST00000641700.1	0	0	0	0
ENST00000641714.1	0	0	0	0
ENST00000641726.1	0	0	0	0
ENST00000641732.1	0	0	0	0
ENST00000641760.1	0	0	0	0
ENST00000641768.1	0	0	0	0
ENST00000641771.1	0	0	0	0
ENST00000641792.1	1	0	0	0
ENST00000641793.1	0	0	0	0
ENST00000641801.1	1	0	0	0
ENST00000641802.1	0	0	0	0
ENST00000641804.1	0	0	0	0
ENST00000641810.1	0	0	0	0
ENST00000641816.1	0	0	0	0
ENST00000641817.1	0	0	0	0
ENST00000641819.1	0	0	0	0
ENST00000641822.1	0	0	0	0
ENST00000641833.1	0	0	0	0
ENST00000641840.1	0	0	0	0
ENST00000641841.1	0	0	0	0
ENST00000641846.1	0	0	0	0
ENST00000641850.1	1	0	0	0
ENST00000641863.1	19	5	0	0
ENST00000641865.1	0	0	0	0
ENST00000641866.1	0	0	0	0
ENST00000641868.1	0	0	0	0
ENST00000641874.1	0	0	0	0
ENST00000641879.1	0	0	0	0
ENST00000641885.1	0	0	0	0
ENST00000641895.1	0	0	0	0
ENST00000641896.1	0	0	0	0
ENST00000641898.1	0	0	0	0
ENST00000641900.1	0	0	0	0
ENST00000641905.1	0	0	0	0
ENST00000641918.1	0	0	0	0
ENST00000641921.1	0	0	0	0
ENST00000641925.1	0	0	0	0
ENST00000641926.1	0	0	0	0
ENST00000641930.1	0	0	0	0
ENST00000641945.1	1	0	0	0
ENST00000641960.1	0	0	0	0
ENST00000641962.1	0	0	0	0
ENST00000641972.1	0	0	0	0
ENST00000641976.1	0	0	0	0
ENST00000641981.1	0	0	0	0
ENST00000641992.1	0	0	0	0
ENST00000641993.1	0	0	0	0
ENST00000642005.1	0	0	0	0
ENST00000642017.2	574	31	560	26
ENST00000642029.1	0	0	0	0
ENST00000642030.1	0	0	0	0
ENST00000642046.1	0	0	0	0
ENST00000642047.1	0	0	0	0
ENST00000642050.1	1313	322	1278	264
ENST00000642051.1	0	0	0	0
ENST00000642055.1	0	0	0	0
ENST00000642057.1	0	0	0	0
ENST00000642058.1	0	0	0	0
ENST00000642064.1	0	0	0	0
ENST00000642069.1	0	0	0	0
ENST00000642080.1	0	0	0	0
ENST00000642090.1	0	0	0	0
ENST00000642092.1	0	0	0	0
ENST00000642097.1	0	0	0	0
ENST00000642104.1	0	0	0	0
ENST00000642108.1	0	0	0	0
ENST00000642119.1	0	0	0	0
ENST00000642125.1	0	0	0	0
ENST00000642195.1	537	93	526	75
ENST00000642238.1	352	42	335	29
ENST00000642278.1	432	31	424	27
ENST00000642319.1	599	79	604	60
ENST00000642343.1	0	0	0	0
ENST00000642384.2	0	0	0	0
ENST00000642385.2	893	91	878	72
ENST00000642475.1	2396	364	2373	272
ENST00000642555.1	474	150	471	112
ENST00000642566.1	0	0	0	0
ENST00000642603.2	0	0	0	0
ENST00000642629.2	6	2	2	0
ENST00000642691.1	128	29	123	27
ENST00000642696.1	94	15	94	13
ENST00000642706.1	0	0	0	0
ENST00000642720.2	0	0	0	0
ENST00000642841.1	48	8	30	5
ENST00000642864.1	62	5	56	3
ENST00000642889.1	11	0	7	0
ENST00000642900.1	1248	255	1635	234
ENST00000642911.1	0	0	0	0
ENST00000642920.2	0	0	0	0
ENST00000642948.1	0	0	0	0
ENST00000642955.1	732	98	683	62
ENST00000642985.1	0	0	0	0
ENST00000643008.1	0	0	0	0
ENST00000643046.1	0	0	0	0
ENST00000643116.3	1358	453	1315	374
ENST00000643121.1	0	0	0	0
ENST00000643144.2	319	28	2	0
ENST00000643185.1	0	0	0	0
ENST00000643221.1	49	2	0	0
ENST00000643224.2	0	0	0	0
ENST00000643230.2	1	0	1	0
ENST00000643237.3	432	43	415	36
ENST00000643257.2	1569	452	1488	352
ENST00000643258.1	0	0	0	0
ENST00000643273.2	642	76	637	54
ENST00000643316.1	0	0	0	0
ENST00000643349.1	0	0	0	0
ENST00000643396.1	0	0	0	0
ENST00000643460.2	3	0	3	0
ENST00000643483.1	918	92	856	67
ENST00000643536.1	0	0	0	0
ENST00000643581.1	581	53	561	41
ENST00000643606.3	0	0	0	0
ENST00000643607.2	0	0	0	0
ENST00000643617.1	197	54	199	46
ENST00000643663.1	0	0	0	0
ENST00000643721.1	179	41	175	32
ENST00000643759.2	2	0	1	0
ENST00000643777.3	0	0	0	0
ENST00000643871.1	180	22	176	20
ENST00000643876.1	0	0	0	0
ENST00000643905.1	6	0	3	0
ENST00000643927.1	77	8	75	6
ENST00000643940.1	0	0	0	0
ENST00000643944.2	731	91	580	45
ENST00000644024.2	0	0	0	0
ENST00000644067.1	1420	324	1483	265
ENST00000644072.2	608	46	606	39
ENST00000644144.2	563	174	0	0
ENST00000644178.1	841	189	802	137
ENST00000644200.2	74	14	71	12
ENST00000644224.2	30	4	31	3
ENST00000644252.3	829	228	978	198
ENST00000644266.1	0	0	0	0
ENST00000644269.2	9	0	10	0
ENST00000644350.1	1	0	1	0
ENST00000644354.1	0	0	0	0
ENST00000644371.2	758	71	748	59
ENST00000644474.1	599	130	580	102
ENST00000644480.2	0	0	0	0
ENST00000644486.2	297	11	245	4
ENST00000644495.1	562	77	546	62
ENST00000644510.2	1054	163	1039	119
ENST00000644529.1	0	0	0	0
ENST00000644531.1	30	15	17	2
ENST00000644544.1	1	0	0	0
ENST00000644580.2	3	1	2	1
ENST00000644604.1	0	0	2	0
ENST00000644613.1	0	0	0	0
ENST00000644635.1	170	16	169	15
ENST00000644641.2	0	0	0	0
ENST00000644646.1	558	86	557	61
ENST00000644661.1	1	0	0	0
ENST00000644715.2	372	41	458	39
ENST00000644719.2	0	0	0	0
ENST00000644744.1	469	28	459	18
ENST00000644773.1	182	4	176	4
ENST00000644787.1	6	0	6	0
ENST00000644793.1	922	140	932	114
ENST00000644802.2	252	36	523	47
ENST00000644820.1	21	0	22	0
ENST00000644823.1	1	0	0	0
ENST00000644824.1	6	0	6	0
ENST00000644859.2	0	0	0	0
ENST00000644866.2	468	86	450	60
ENST00000644874.2	243	16	241	11
ENST00000644876.1	2231	622	1662	286
ENST00000644903.1	0	0	0	0
ENST00000644917.1	1	1	1	1
ENST00000644946.1	198	60	177	29
ENST00000644974.1	361	125	342	96
ENST00000645002.1	201	69	171	52
ENST00000645022.1	482	251	9	5
ENST00000645032.1	124	11	121	8
ENST00000645057.1	0	0	0	0
ENST00000645147.1	0	0	0	0
ENST00000645188.1	511	67	503	47
ENST00000645190.1	443	84	424	61
ENST00000645214.2	453	21	443	17
ENST00000645237.2	765	68	742	49
ENST00000645271.1	0	15	0	15
ENST00000645284.1	1	0	1	0
ENST00000645291.2	1	0	1	0
ENST00000645320.1	4245	1323	4143	981
ENST00000645361.2	0	0	0	3
ENST00000645393.1	0	0	0	0
ENST00000645439.1	491	73	456	60
ENST00000645440.1	302	299	1120	821
ENST00000645453.2	7	0	6	0
ENST00000645481.2	248	63	197	47
ENST00000645489.1	0	0	0	0
ENST00000645495.2	985	177	1694	203
ENST00000645496.1	56	29	1416	763
ENST00000645526.1	455	20	444	14
ENST00000645548.1	22	78	21	54
ENST00000645567.1	1287	286	1239	213
ENST00000645590.1	0	0	0	0
ENST00000645632.1	754	164	754	116
ENST00000645635.1	0	0	0	0
ENST00000645668.2	313	49	420	38
ENST00000645694.3	90	12	78	11
ENST00000645793.1	256	41	241	28
ENST00000645818.2	405	129	389	101
ENST00000645831.2	314	54	246	29
ENST00000645843.1	223	13	219	11
ENST00000645898.1	156	37	152	28
ENST00000645972.2	0	0	0	0
ENST00000646001.2	411	11	397	6
ENST00000646038.1	23	18	22	16
ENST00000646065.1	319	56	300	34
ENST00000646076.1	817	130	802	106
ENST00000646100.2	0	0	1	0
ENST00000646102.1	633	57	630	41
ENST00000646118.1	0	3	0	0
ENST00000646124.2	313	86	318	72
ENST00000646139.2	0	0	0	0
ENST00000646142.1	12	0	0	0
ENST00000646150.1	0	0	0	0
ENST00000646158.1	0	0	0	0
ENST00000646160.1	3	0	2	0
ENST00000646171.1	0	0	0	0
ENST00000646262.1	0	0	0	0
ENST00000646299.1	345	16	357	17
ENST00000646357.1	0	0	0	0
ENST00000646375.1	4	1	4	1
ENST00000646385.1	0	0	0	0
ENST00000646438.1	0	0	0	0
ENST00000646441.1	667	80	661	57
ENST00000646446.1	0	0	0	0
ENST00000646476.1	1	0	0	0
ENST00000646505.1	0	0	0	0
ENST00000646520.1	124	18	117	16
ENST00000646605.1	0	0	0	0
ENST00000646611.1	3	0	2	0
ENST00000646630.1	48	53	46	35
ENST00000646641.1	74	3	68	2
ENST00000646647.2	1180	298	1147	230
ENST00000646651.1	713	70	695	51
ENST00000646664.1	1506	3306	811	852
ENST00000646673.2	677	45	664	27
ENST00000646701.1	0	0	0	0
ENST00000646704.1	0	0	0	0
ENST00000646743.1	0	0	0	0
ENST00000646896.1	430	98	442	79
ENST00000646907.1	0	0	0	0
ENST00000646931.2	0	0	0	0
ENST00000646932.1	618	81	909	71
ENST00000646974.2	916	892	1812	1313
ENST00000646991.2	0	0	0	0
ENST00000647009.1	462	26	457	21
ENST00000647020.1	0	0	0	0
ENST00000647022.1	0	0	0	0
ENST00000647044.1	0	0	0	0
ENST00000647097.2	457	41	447	29
ENST00000647146.1	0	0	0	0
ENST00000647165.2	0	0	0	0
ENST00000647225.1	12	11	0	0
ENST00000647248.2	577	664	835	559
ENST00000647317.1	0	0	0	0
ENST00000647318.1	0	0	0	0
ENST00000647358.2	0	0	0	0
ENST00000647374.2	24	0	21	0
ENST00000647395.1	0	0	0	0
ENST00000647410.1	0	0	0	0
ENST00000647435.1	1897	2422	1530	1392
ENST00000647444.2	211	94	389	119
ENST00000647468.2	211	27	197	18
ENST00000647529.1	814	239	1030	275
ENST00000647536.1	3	0	3	0
ENST00000647543.1	0	0	0	0
ENST00000647546.1	0	0	0	0
ENST00000647561.1	1287	590	1253	468
ENST00000647563.2	0	9	0	8
ENST00000647578.1	987	83	937	68
ENST00000647584.2	581	127	581	99
ENST00000647612.1	0	0	0	0
ENST00000647633.1	4	0	8	0
ENST00000647634.2	0	0	0	0
ENST00000647659.1	672	94	649	72
ENST00000647684.1	0	0	0	0
ENST00000647725.1	0	0	0	0
ENST00000647727.1	0	0	0	0
ENST00000647760.1	0	0	0	0
ENST00000647769.1	0	0	0	0
ENST00000647773.1	57	17	0	0
ENST00000647774.1	0	0	0	0
ENST00000647775.1	0	0	0	0
ENST00000647779.1	0	0	1	0
ENST00000647789.2	1	0	0	0
ENST00000647800.2	1121	179	1132	150
ENST00000647811.1	803	382	753	282
ENST00000647814.1	10	4	10	3
ENST00000647816.1	0	0	0	0
ENST00000647833.1	0	0	0	0
ENST00000647841.1	9	12	3	43
ENST00000647861.1	44	8	40	5
ENST00000647874.1	0	0	0	0
ENST00000647887.1	64	11	268	45
ENST00000647893.1	471	9	458	10
ENST00000647897.1	477	56	448	40
ENST00000647903.1	0	0	0	0
ENST00000647937.1	0	0	0	0
ENST00000647941.2	368	34	370	28
ENST00000647945.1	0	0	0	0
ENST00000647956.2	983	135	939	101
ENST00000647958.1	3	3	3	1
ENST00000647960.1	0	0	0	0
ENST00000648006.2	1018	604	1001	423
ENST00000648009.1	3	2	3	1
ENST00000648033.1	0	0	0	0
ENST00000648057.3	3	0	2	0
ENST00000648076.2	0	0	0	0
ENST00000648086.1	1	0	1	0
ENST00000648100.1	0	0	0	0
ENST00000648112.1	0	0	0	0
ENST00000648156.1	0	0	0	0
ENST00000648164.1	0	0	0	0
ENST00000648169.1	529	50	525	39
ENST00000648174.1	0	0	0	0
ENST00000648180.1	91	8	91	4
ENST00000648193.1	0	0	0	0
ENST00000648240.1	0	0	0	0
ENST00000648244.1	0	0	0	0
ENST00000648261.1	0	0	0	0
ENST00000648268.1	2	0	2	0
ENST00000648272.1	0	0	0	0
ENST00000648304.1	0	0	0	0
ENST00000648309.1	2375	724	2251	540
ENST00000648315.1	0	0	0	0
ENST00000648319.1	197	18	191	16
ENST00000648323.1	56	2	52	1
ENST00000648336.2	884	161	1117	132
ENST00000648344.1	0	0	0	0
ENST00000648346.1	832	283	788	220
ENST00000648368.1	0	0	0	0
ENST00000648378.1	35	0	34	0
ENST00000648405.2	0	0	0	0
ENST00000648435.1	0	0	0	0
ENST00000648446.1	2123	474	1985	351
ENST00000648485.1	0	0	0	0
ENST00000648509.2	5	6	4	5
ENST00000648542.1	143	9	109	4
ENST00000648550.1	1	0	0	0
ENST00000648566.1	498	19	485	17
ENST00000648588.1	0	0	0	0
ENST00000648590.1	0	0	0	0
ENST00000648592.1	0	2	0	2
ENST00000648594.1	176	63	1156	177
ENST00000648608.1	9	4	9	4
ENST00000648610.1	38	17	34	13
ENST00000648613.1	355	39	357	28
ENST00000648713.1	0	0	0	0
ENST00000648724.2	10	4	10	3
ENST00000648817.1	1459	470	1426	357
ENST00000648824.1	0	0	1	0
ENST00000648835.1	0	0	0	0
ENST00000648836.1	0	0	0	0
ENST00000648869.1	0	0	0	0
ENST00000648873.1	0	0	0	0
ENST00000648894.1	565	279	0	0
ENST00000648908.2	219	17	211	12
ENST00000648911.1	0	0	0	0
ENST00000648915.2	678	129	666	97
ENST00000648936.2	913	93	897	73
ENST00000648947.1	460	136	450	116
ENST00000648948.2	337	11	316	14
ENST00000648957.1	438	67	423	50
ENST00000648973.1	44	2	8	0
ENST00000648987.1	203	22	199	15
ENST00000648994.1	243	12	244	10
ENST00000649030.2	0	0	0	0
ENST00000649031.1	164	12	156	10
ENST00000649044.1	0	0	0	0
ENST00000649046.1	0	0	0	0
ENST00000649063.2	342	89	330	77
ENST00000649102.1	0	0	0	0
ENST00000649117.1	477	27	450	19
ENST00000649124.1	1796	502	1793	356
ENST00000649156.2	92	5	91	4
ENST00000649162.1	0	0	0	0
ENST00000649170.1	167	11	191	8
ENST00000649191.2	144	34	8	1
ENST00000649205.1	285	31	240	16
ENST00000649213.1	0	0	0	0
ENST00000649217.2	513	43	505	31
ENST00000649238.3	0	0	0	0
ENST00000649243.1	0	0	0	0
ENST00000649256.2	0	0	0	0
ENST00000649263.1	0	0	0	0
ENST00000649276.1	160	49	132	44
ENST00000649279.2	104	2	102	2
ENST00000649286.2	409	30	502	23
ENST00000649294.1	0	0	0	0
ENST00000649295.1	995	145	945	110
ENST00000649301.1	0	0	0	0
ENST00000649368.1	54	18	50	13
ENST00000649382.2	0	0	0	0
ENST00000649389.1	661	15	634	14
ENST00000649409.2	297	15	291	7
ENST00000649416.1	0	0	0	0
ENST00000649429.1	0	0	0	0
ENST00000649488.2	0	0	0	0
ENST00000649528.2	0	0	0	2
ENST00000649529.1	405	107	374	87
ENST00000649547.1	0	0	0	0
ENST00000649564.1	3	0	4	0
ENST00000649566.1	2135	433	2135	319
ENST00000649567.1	0	0	0	0
ENST00000649586.2	0	0	0	0
ENST00000649591.1	1	8	1	4
ENST00000649598.1	6	0	6	0
ENST00000649612.2	359	88	342	70
ENST00000649620.1	0	0	0	0
ENST00000649637.2	0	0	0	0
ENST00000649644.1	105	2	237	8
ENST00000649650.1	340	45	332	30
ENST00000649689.2	1054	91	1046	70
ENST00000649764.2	1763	453	1749	352
ENST00000649765.1	19	0	15	0
ENST00000649772.1	0	0	0	0
ENST00000649779.1	0	1	0	0
ENST00000649794.3	296	135	481	150
ENST00000649796.2	868	94	776	63
ENST00000649859.1	244	40	190	27
ENST00000649896.1	7	0	2	0
ENST00000649906.1	749	110	720	80
ENST00000649912.1	229	20	0	0
ENST00000649934.3	575	30	573	18
ENST00000649979.2	68	4	63	4
ENST00000649983.1	372	24	371	21
ENST00000650012.1	2286	689	2193	506
ENST00000650031.1	0	0	0	0
ENST00000650052.1	1	1	1	1
ENST00000650058.1	0	0	0	0
ENST00000650064.2	317	15	313	11
ENST00000650066.1	0	0	0	0
ENST00000650182.1	1033	266	988	216
ENST00000650210.1	0	0	0	0
ENST00000650242.1	0	0	0	0
ENST00000650277.1	0	0	0	0
ENST00000650284.1	0	0	0	0
ENST00000650285.1	1569	206	1516	169
ENST00000650287.1	2903	1107	2787	772
ENST00000650288.1	0	0	0	0
ENST00000650309.2	515	219	570	137
ENST00000650372.1	1	0	1	0
ENST00000650426.1	0	0	0	0
ENST00000650440.1	18	10	16	8
ENST00000650449.1	622	29	580	17
ENST00000650450.2	329	39	324	31
ENST00000650454.1	834	90	830	62
ENST00000650528.1	0	0	0	0
ENST00000650601.1	0	0	0	0
ENST00000650617.1	205	36	301	39
ENST00000650623.2	150	22	151	14
ENST00000650630.1	27	1	26	1
ENST00000650645.1	1	0	1	0
ENST00000650688.1	65	16	0	0
ENST00000650722.2	0	0	0	0
ENST00000650792.2	857	99	846	78
ENST00000650807.1	693	148	2516	487
ENST00000650821.1	73	1	74	1
ENST00000650831.1	354	14	339	11
ENST00000650836.2	502	66	494	48
ENST00000650865.1	0	0	0	0
ENST00000650871.1	119	12	115	8
ENST00000650879.1	0	0	0	0
ENST00000650969.1	0	0	0	0
ENST00000650999.1	0	1	0	1
ENST00000651028.1	0	0	0	0
ENST00000651045.1	0	0	0	0
ENST00000651061.1	250	54	223	43
ENST00000651111.1	0	0	0	0
ENST00000651128.1	145	17	137	15
ENST00000651129.1	0	0	0	0
ENST00000651132.1	0	0	0	0
ENST00000651154.1	268	18	252	15
ENST00000651166.1	13	3	9	0
ENST00000651168.1	620	76	607	59
ENST00000651173.1	0	0	0	0
ENST00000651222.1	502	281	1007	431
ENST00000651235.1	1	1	3	0
ENST00000651253.2	97	6	39	1
ENST00000651255.1	0	0	3	0
ENST00000651267.1	0	0	0	0
ENST00000651284.1	0	0	0	0
ENST00000651288.1	0	0	0	0
ENST00000651314.1	8	0	0	0
ENST00000651323.1	200	32	189	26
ENST00000651354.1	879	186	908	142
ENST00000651358.1	109	6	110	5
ENST00000651372.2	0	0	0	0
ENST00000651428.1	973	153	957	112
ENST00000651487.1	8	0	6	0
ENST00000651500.1	742	94	742	67
ENST00000651502.1	0	0	0	0
ENST00000651514.1	0	0	0	0
ENST00000651525.1	0	0	0	0
ENST00000651531.1	0	0	0	0
ENST00000651534.1	414	50	307	30
ENST00000651543.1	0	0	0	0
ENST00000651546.1	89	24	85	12
ENST00000651560.1	0	0	0	0
ENST00000651561.1	0	0	0	0
ENST00000651564.1	5	0	5	0
ENST00000651566.1	0	0	0	0
ENST00000651567.1	0	0	0	0
ENST00000651615.1	0	0	1	0
ENST00000651629.1	0	6	61	12
ENST00000651641.1	395	323	870	384
ENST00000651669.1	7	0	558	404
ENST00000651671.1	1023	126	961	96
ENST00000651687.1	116	12	250	17
ENST00000651716.1	0	0	0	0
ENST00000651721.2	4068	1205	3803	801
ENST00000651725.1	0	0	0	0
ENST00000651736.1	7	1	7	1
ENST00000651767.1	642	196	627	156
ENST00000651776.1	68	7	69	5
ENST00000651785.1	922	140	913	109
ENST00000651854.1	1068	321	1064	258
ENST00000651877.1	0	0	0	0
ENST00000651883.2	0	0	0	0
ENST00000651890.1	0	1	0	0
ENST00000651894.2	4	0	0	0
ENST00000651925.1	29	2	25	2
ENST00000651931.1	1	0	1	0
ENST00000651943.2	1049	101	1034	78
ENST00000651965.1	0	0	0	0
ENST00000651974.1	281	36	281	29
ENST00000651975.1	0	0	0	0
ENST00000652011.2	95	1	103	1
ENST00000652021.1	1376	544	1876	545
ENST00000652027.2	552	94	38	6
ENST00000652041.1	1	0	1	0
ENST00000652042.1	499	167	482	123
ENST00000652046.1	548	35	523	28
ENST00000652090.1	0	0	0	0
ENST00000652175.1	0	0	0	0
ENST00000652176.1	304	48	297	39
ENST00000652192.3	0	0	0	0
ENST00000652194.1	0	0	0	0
ENST00000652203.1	280	60	254	44
ENST00000652225.2	11	2	8	2
ENST00000652263.1	0	0	0	0
ENST00000652271.1	169	31	156	22
ENST00000652273.1	364	91	333	75
ENST00000652299.1	0	0	0	0
ENST00000652304.1	1	0	0	0
ENST00000652332.1	2046	575	1950	438
ENST00000652337.1	2026	510	2647	444
ENST00000652347.1	66	6	64	4
ENST00000652395.1	0	0	0	0
ENST00000652396.1	134	29	145	20
ENST00000652409.1	0	0	0	0
ENST00000652429.1	423	78	417	60
ENST00000652448.1	0	0	0	0
ENST00000652469.1	0	0	0	0
ENST00000652471.1	1	0	1	0
ENST00000652479.1	0	0	0	0
ENST00000652508.1	0	0	0	0
ENST00000652520.1	0	0	0	0
ENST00000652536.1	1123	116	1098	83
ENST00000652542.1	3	2	2	2
ENST00000652555.1	205	35	195	27
ENST00000652575.1	0	0	0	0
ENST00000652617.1	31	0	31	0
ENST00000652664.2	8	0	8	0
ENST00000652684.1	8	5	7	3
ENST00000652689.1	1452	472	1402	325
ENST00000652691.1	2	0	2	0
ENST00000652720.1	0	0	0	0
ENST00000652721.1	33	25	5	2
ENST00000652730.1	328	25	316	17
ENST00000652743.1	1	0	0	0
ENST00000652747.1	696	41	722	36
ENST00000653668.1	0	0	0	0
ENST00000653904.1	0	0	0	0
ENST00000654597.1	2	0	2	0
ENST00000654798.1	665	284	1120	277
ENST00000655556.1	0	0	0	0
ENST00000656932.1	12	3	10	1
ENST00000657241.1	0	0	0	0
ENST00000658393.1	0	0	0	0
ENST00000658780.1	0	0	0	0
ENST00000659997.1	0	0	0	0
ENST00000661438.1	0	0	2	0
ENST00000662216.1	0	0	0	0
ENST00000662328.1	32	0	33	0
ENST00000662352.3	1	0	1	0
ENST00000662584.1	0	0	0	0
ENST00000662884.1	58	7	56	6
ENST00000663165.1	26	5	25	3
ENST00000663595.1	200	79	172	59
ENST00000664447.2	45	12	46	15
ENST00000664640.1	156	14	153	11
ENST00000665145.1	3	2	3	2
ENST00000665241.1	45	4	64	2
ENST00000665637.1	0	0	0	0
ENST00000665913.1	94	23	95	20
ENST00000666210.1	20	10	18	5
ENST00000666923.1	366	69	352	49
ENST00000667863.2	0	0	0	0
ENST00000668754.1	0	0	0	0
ENST00000669516.1	123	29	105	17
ENST00000669957.1	0	0	0	0
ENST00000671191.1	731	132	711	98
ENST00000671377.2	305	103	318	81
ENST00000671800.1	270	12	259	10
ENST00000671876.2	218	9	217	10
ENST00000671891.1	0	0	0	0
ENST00000671898.1	0	2	0	3
ENST00000671960.1	1047	139	1074	106
ENST00000672018.1	388	105	380	84
ENST00000672240.1	12	0	12	0
ENST00000672365.1	58	1	55	0
ENST00000672434.1	1715	275	1691	214
ENST00000672477.1	915	92	893	65
ENST00000672602.2	0	0	0	0
ENST00000672671.1	0	0	0	0
ENST00000672673.1	28	7	27	4
ENST00000672722.1	806	182	785	152
ENST00000672824.1	0	0	0	0
ENST00000672962.1	0	0	0	0
ENST00000672987.1	91	7	340	10
ENST00000673182.1	0	0	0	0
ENST00000673187.1	8	0	7	0
ENST00000673386.1	0	0	0	0
ENST00000673466.1	26	0	25	0
ENST00000673477.1	198	89	73	16
ENST00000673603.1	0	0	0	0
ENST00000673615.1	0	1	0	0
ENST00000673630.1	4071	1408	4006	1038
ENST00000673675.1	395	85	401	74
ENST00000673677.1	0	0	0	0
ENST00000673714.1	2	6	2	3
ENST00000673723.4	0	0	0	0
ENST00000673754.1	1	0	1	0
ENST00000673757.1	51	9	7	0
ENST00000673801.1	570	121	516	93
ENST00000673860.1	305	14	285	12
ENST00000673874.1	618	42	603	35
ENST00000673933.1	129	2	121	1
ENST00000673944.1	2	0	2	0
ENST00000673966.1	0	0	0	0
ENST00000673968.1	598	184	579	150
ENST00000673969.1	0	0	0	0
ENST00000674025.1	0	0	0	0
ENST00000674031.1	0	0	0	0
ENST00000674044.1	0	0	0	0
ENST00000674063.1	410	35	410	29
ENST00000674075.1	39	2	0	0
ENST00000674077.2	0	0	0	0
ENST00000674115.1	5	0	0	0
ENST00000674116.1	15	1	0	0
ENST00000674182.1	0	0	0	0
ENST00000674221.1	170	1	171	1
ENST00000674273.1	205	24	203	12
ENST00000674281.1	0	0	0	0
ENST00000674285.1	5	0	5	0
ENST00000674289.1	705	103	737	82
ENST00000674316.1	1	0	1	0
ENST00000674334.1	0	0	0	0
ENST00000674370.1	261	28	337	22
ENST00000674429.1	93	35	93	27
ENST00000674444.1	2	0	0	0
