gene	gene_id	transcript_id	cluster	n_processed	n_unprocessed	n_other	n_unclassified	n_total	has_processed	has_unprocessed	has_any
PRKDC	ENSG00000253729.8	ENST00000314191.7	1	0	0	0	0	0	False	False	False
MYH9	ENSG00000100345.22	ENST00000216181.11	1	0	0	0	0	0	False	False	False
FLNA	ENSG00000196924.18	ENST00000369850.10	1	1	0	0	0	1	True	False	True
MT-ND5	ENSG00000198786.2	ENST00000361567.2	1	1	0	0	1	2	True	False	True
COL1A1	ENSG00000108821.14	ENST00000225964.10	1	0	0	0	0	0	False	False	False
CLTC	ENSG00000141367.12	ENST00000269122.8	1	0	0	0	0	0	False	False	False
COL12A1	ENSG00000111799.21	ENST00000322507.13	1	0	0	0	0	0	False	False	False
HSP90AA1	ENSG00000080824.19	ENST00000216281.13	2	5	0	0	0	5	True	False	True
PRPF8	ENSG00000174231.17	ENST00000572621.5	1	0	0	0	0	0	False	False	False
HSPD1	ENSG00000144381.17	ENST00000345042.6	2	20	0	0	0	20	True	False	True
TLN1	ENSG00000137076.21	ENST00000314888.10	1	0	0	0	0	0	False	False	False
SPTAN1	ENSG00000197694.18	ENST00000372739.7	1	0	0	0	0	0	False	False	False
HSP90B1	ENSG00000166598.15	ENST00000299767.10	1	2	0	0	0	2	True	False	True
HSP90AB1	ENSG00000096384.20	ENST00000371554.2	2	11	0	0	0	11	True	False	True
FBN1	ENSG00000166147.14	ENST00000316623.10	1	0	0	0	0	0	False	False	False
AHNAK	ENSG00000124942.14	ENST00000257247.11	3	0	0	0	0	0	False	False	False
EEF1A1	ENSG00000156508.18	ENST00000316292.13	2	34	2	0	0	36	True	True	True
TOP2A	ENSG00000131747.15	ENST00000423485.6	1	0	0	0	0	0	False	False	False
ACTB	ENSG00000075624.16	ENST00000646664.1	1	12	0	1	0	13	True	False	True
TGFBI	ENSG00000120708.17	ENST00000442011.7	1	0	0	0	0	0	False	False	False
ITGB1	ENSG00000150093.19	ENST00000396033.6	1	1	0	0	0	1	True	False	True
HNRNPU	ENSG00000153187.20	ENST00000640218.2	1	1	0	0	0	1	True	False	True
THBS1	ENSG00000137801.11	ENST00000260356.6	1	0	0	0	0	0	False	False	False
PKM	ENSG00000067225.18	ENST00000335181.10	1	5	0	0	0	5	True	False	True
MAP1B	ENSG00000131711.15	ENST00000296755.12	1	0	0	0	0	0	False	False	False
HSPA8	ENSG00000109971.14	ENST00000532636.5	2	10	1	0	2	13	True	True	True
PGK1	ENSG00000102144.15	ENST00000373316.5	1	0	0	0	0	0	False	False	False
PXDN	ENSG00000130508.11	ENST00000252804.9	1	0	0	0	0	0	False	False	False
COL5A1	ENSG00000130635.16	ENST00000371817.8	1	0	0	0	0	0	False	False	False
AC021087.5	ENSG00000286001.1	ENST00000651543.1	3	0	0	0	0	0	False	False	False
CTNNB1	ENSG00000168036.18	ENST00000645320.1	1	0	0	0	0	0	False	False	False
CCT5	ENSG00000150753.12	ENST00000280326.9	1	1	0	0	0	1	True	False	True
ASPH	ENSG00000198363.18	ENST00000379454.9	1	0	0	0	0	0	False	False	False
EEF2	ENSG00000167658.16	ENST00000309311.7	1	0	0	0	0	0	False	False	False
ENO1	ENSG00000074800.16	ENST00000234590.10	1	2	0	0	1	3	True	False	True
TXNRD1	ENSG00000198431.16	ENST00000525566.6	1	0	0	0	0	0	False	False	False
AC006064.6	ENSG00000285238.2	ENST00000644480.2	3	0	0	0	0	0	False	False	False
NOTCH2	ENSG00000134250.20	ENST00000256646.7	1	0	0	0	0	0	False	False	False
COL4A1	ENSG00000187498.16	ENST00000375820.10	1	0	0	0	0	0	False	False	False
COPA	ENSG00000122218.16	ENST00000241704.8	1	0	0	0	0	0	False	False	False
ANXA2	ENSG00000182718.17	ENST00000396024.7	2	2	0	0	0	2	True	False	True
ACTG1	ENSG00000184009.12	ENST00000575842.5	1	27	0	0	0	27	True	False	True
EIF3C	ENSG00000184110.15	ENST00000395587.5	4	0	0	0	0	0	False	False	False
HSPA5	ENSG00000044574.8	ENST00000324460.7	1	2	0	0	0	2	True	False	True
TFRC	ENSG00000072274.13	ENST00000392396.7	1	0	0	0	0	0	False	False	False
LAMA4	ENSG00000112769.20	ENST00000230538.12	1	0	0	0	0	0	False	False	False
FBN2	ENSG00000138829.12	ENST00000508053.5	1	0	0	0	0	0	False	False	False
CANX	ENSG00000127022.15	ENST00000247461.9	1	0	0	0	0	0	False	False	False
EIF3CL	ENSG00000205609.13	ENST00000398944.7	4	0	0	0	0	0	False	False	False
DHFR	ENSG00000228716.7	ENST00000439211.7	4	4	0	0	0	4	True	False	True
FAT1	ENSG00000083857.14	ENST00000441802.7	1	0	0	0	0	0	False	False	False
GANAB	ENSG00000089597.18	ENST00000346178.8	1	0	0	0	0	0	False	False	False
MYO10	ENSG00000145555.15	ENST00000513610.6	1	0	0	0	0	0	False	False	False
SLC3A2	ENSG00000168003.16	ENST00000338663.11	1	0	0	0	0	0	False	False	False
PDE3A	ENSG00000172572.6	ENST00000359062.3	1	0	0	0	0	0	False	False	False
CENPF	ENSG00000117724.13	ENST00000366955.8	1	0	0	0	0	0	False	False	False
HSPG2	ENSG00000142798.20	ENST00000374695.8	1	0	0	0	0	0	False	False	False
NCL	ENSG00000115053.16	ENST00000322723.9	1	3	0	0	0	3	True	False	True
ACLY	ENSG00000131473.17	ENST00000590151.5	1	0	0	0	0	0	False	False	False
KPNB1	ENSG00000108424.10	ENST00000290158.9	1	2	0	0	0	2	True	False	True
AC079594.2	ENSG00000248710.1	ENST00000483754.1	1	0	0	0	0	0	False	False	False
CPS1	ENSG00000021826.17	ENST00000673630.1	1	0	0	0	0	0	False	False	False
PTRH2	ENSG00000141378.15	ENST00000409433.2	1	0	0	0	0	0	False	False	False
FASN	ENSG00000169710.9	ENST00000306749.4	1	0	0	0	0	0	False	False	False
IPO5	ENSG00000065150.21	ENST00000651721.2	1	1	0	0	0	1	True	False	True
IGF2R	ENSG00000197081.14	ENST00000356956.5	1	0	0	0	0	0	False	False	False
RPL4	ENSG00000174444.15	ENST00000307961.11	2	9	0	0	0	9	True	False	True
COL4A2	ENSG00000134871.19	ENST00000360467.7	1	0	0	0	0	0	False	False	False
MYOF	ENSG00000138119.17	ENST00000359263.9	1	0	0	0	0	0	False	False	False
LAMC1	ENSG00000135862.6	ENST00000258341.5	1	0	0	0	0	0	False	False	False
FADS2	ENSG00000134824.14	ENST00000278840.9	1	0	0	0	0	0	False	False	False
TKT	ENSG00000163931.16	ENST00000462138.6	1	0	0	0	0	0	False	False	False
LAMB1	ENSG00000091136.14	ENST00000222399.11	1	0	1	0	0	1	False	True	True
SNRNP200	ENSG00000144028.15	ENST00000323853.10	1	0	1	0	0	1	False	True	True
STEAP1B	ENSG00000105889.15	ENST00000404369.8	2	0	0	0	0	0	False	False	False
SLC7A5	ENSG00000103257.9	ENST00000261622.5	1	0	2	0	0	2	False	True	True
HNRNPA2B1	ENSG00000122566.21	ENST00000354667.8	1	0	0	1	0	1	False	False	True
TARS1	ENSG00000113407.13	ENST00000265112.7	1	0	0	0	0	0	False	False	False
ATP2A2	ENSG00000174437.17	ENST00000539276.7	1	0	0	0	0	0	False	False	False
MAP4	ENSG00000047849.21	ENST00000426837.6	1	0	0	0	0	0	False	False	False
FN1	ENSG00000115414.20	ENST00000354785.10	1	0	0	0	0	0	False	False	False
NUP160	ENSG00000030066.13	ENST00000378460.6	1	0	0	0	0	0	False	False	False
HUWE1	ENSG00000086758.16	ENST00000342160.7	1	0	0	0	0	0	False	False	False
TUBA1B	ENSG00000123416.15	ENST00000336023.9	4	2	0	0	0	2	True	False	True
HDLBP	ENSG00000115677.17	ENST00000391975.5	1	1	0	0	0	1	True	False	True
CTNNA1	ENSG00000044115.21	ENST00000302763.12	1	2	0	0	0	2	True	False	True
DDB1	ENSG00000167986.14	ENST00000301764.12	1	0	0	0	0	0	False	False	False
GAPDH	ENSG00000111640.15	ENST00000396861.5	2	65	2	1	1	69	True	True	True
PCBD2	ENSG00000132570.15	ENST00000512783.5	4	1	0	0	0	1	True	False	True
NUP155	ENSG00000113569.16	ENST00000231498.8	1	1	0	0	0	1	True	False	True
TNPO1	ENSG00000083312.17	ENST00000506351.6	1	3	0	0	0	3	True	False	True
XRCC5	ENSG00000079246.16	ENST00000392133.7	1	0	0	0	0	0	False	False	False
TUBB	ENSG00000196230.13	ENST00000327892.13	2	3	0	0	0	3	True	False	True
SRRM2	ENSG00000167978.17	ENST00000301740.13	1	0	0	0	0	0	False	False	False
IGSF10	ENSG00000152580.8	ENST00000282466.3	1	0	0	0	0	0	False	False	False
ITGA11	ENSG00000137809.17	ENST00000315757.9	1	0	0	0	0	0	False	False	False
KTN1	ENSG00000126777.18	ENST00000395314.8	1	0	0	0	0	0	False	False	False
AL138752.2	ENSG00000255872.3	ENST00000540557.1	1	0	0	0	0	0	False	False	False
PDXDC1	ENSG00000179889.19	ENST00000396410.9	2	0	0	0	0	0	False	False	False
IARS1	ENSG00000196305.17	ENST00000375643.7	1	0	0	0	0	0	False	False	False
AP2B1	ENSG00000006125.18	ENST00000610402.5	1	2	0	0	0	2	True	False	True
CSE1L	ENSG00000124207.17	ENST00000262982.3	1	0	0	0	0	0	False	False	False
SMC4	ENSG00000113810.16	ENST00000344722.5	1	0	1	0	0	1	False	True	True
ITGA1	ENSG00000213949.10	ENST00000282588.7	1	0	0	0	0	0	False	False	False
ITGAV	ENSG00000138448.12	ENST00000261023.8	1	0	0	0	0	0	False	False	False
XPO1	ENSG00000082898.17	ENST00000401558.7	1	0	0	0	0	0	False	False	False
NOMO2	ENSG00000185164.14	ENST00000330537.10	4	0	0	0	0	0	False	False	False
PLS3	ENSG00000102024.18	ENST00000355899.8	1	0	0	0	0	0	False	False	False
HNRNPK	ENSG00000165119.21	ENST00000376281.8	2	5	0	0	0	5	True	False	True
NOMO1	ENSG00000103512.15	ENST00000287667.12	4	0	0	0	0	0	False	False	False
MATR3	ENSG00000280987.4	ENST00000361059.7	3	2	0	0	0	2	True	False	True
NCAPD2	ENSG00000010292.13	ENST00000315579.10	1	1	0	0	0	1	True	False	True
CALR	ENSG00000179218.14	ENST00000316448.10	1	0	0	0	0	0	False	False	False
HSPA9	ENSG00000113013.15	ENST00000297185.9	1	2	0	0	0	2	True	False	True
EPRS1	ENSG00000136628.18	ENST00000366923.8	1	0	0	0	0	0	False	False	False
SMOC1	ENSG00000198732.11	ENST00000361956.8	1	0	0	0	0	0	False	False	False
UBR4	ENSG00000127481.15	ENST00000375254.8	1	0	0	0	0	0	False	False	False
CCT3	ENSG00000163468.15	ENST00000295688.8	1	1	0	0	0	1	True	False	True
EIF4G1	ENSG00000114867.21	ENST00000414031.5	1	0	0	0	0	0	False	False	False
CSDE1	ENSG00000009307.16	ENST00000610726.4	1	0	0	0	0	0	False	False	False
EIF4G2	ENSG00000110321.18	ENST00000526148.5	1	0	0	0	0	0	False	False	False
TUBA1C	ENSG00000167553.16	ENST00000301072.11	4	2	1	0	0	3	True	True	True
CALD1	ENSG00000122786.20	ENST00000361901.6	1	0	0	0	0	0	False	False	False
XRCC6	ENSG00000196419.12	ENST00000359308.8	2	5	0	0	0	5	True	False	True
ATP1A1	ENSG00000163399.16	ENST00000295598.10	1	0	0	0	0	0	False	False	False
CHD4	ENSG00000111642.16	ENST00000645022.1	3	0	0	0	0	0	False	False	False
IPO7	ENSG00000205339.10	ENST00000379719.8	1	3	0	0	0	3	True	False	True
NOMO3	ENSG00000103226.18	ENST00000399336.9	4	0	0	0	0	0	False	False	False
KIF2A	ENSG00000068796.18	ENST00000407818.8	1	1	0	0	0	1	True	False	True
KRT17	ENSG00000128422.17	ENST00000311208.13	1	1	0	0	0	1	True	False	True
LRPPRC	ENSG00000138095.19	ENST00000260665.12	1	1	0	0	0	1	True	False	True
MARCHF6	ENSG00000145495.16	ENST00000274140.10	1	0	0	0	0	0	False	False	False
NPM1	ENSG00000181163.13	ENST00000296930.9	4	47	0	0	1	48	True	False	True
LDHA	ENSG00000134333.14	ENST00000422447.8	2	3	1	0	0	4	True	True	True
VCP	ENSG00000165280.16	ENST00000358901.11	1	0	0	0	0	0	False	False	False
EIF3A	ENSG00000107581.13	ENST00000369144.8	1	0	0	0	0	0	False	False	False
LARS1	ENSG00000133706.19	ENST00000394434.7	1	0	0	0	0	0	False	False	False
CLU	ENSG00000120885.22	ENST00000316403.15	1	0	0	0	0	0	False	False	False
STAG2	ENSG00000101972.19	ENST00000371160.5	1	0	0	0	0	0	False	False	False
AP001931.2	ENSG00000288534.1	ENST00000674116.1	3	0	0	0	0	0	False	False	False
COL3A1	ENSG00000168542.16	ENST00000304636.9	1	0	0	0	0	0	False	False	False
SF3B1	ENSG00000115524.17	ENST00000335508.11	1	0	0	0	0	0	False	False	False
ACTN4	ENSG00000130402.12	ENST00000252699.7	1	1	0	0	0	1	True	False	True
TPR	ENSG00000047410.14	ENST00000367478.9	1	0	0	0	0	0	False	False	False
CKAP5	ENSG00000175216.15	ENST00000529230.6	1	0	0	0	0	0	False	False	False
ROCK2	ENSG00000134318.14	ENST00000315872.11	1	0	0	0	0	0	False	False	False
AKAP12	ENSG00000131016.17	ENST00000402676.7	1	0	0	0	0	0	False	False	False
VIM	ENSG00000026025.16	ENST00000544301.7	1	1	0	0	0	1	True	False	True
ATP5F1B	ENSG00000110955.9	ENST00000262030.8	1	1	0	0	0	1	True	False	True
UBA1	ENSG00000130985.17	ENST00000335972.11	1	0	0	0	0	0	False	False	False
GALNT2	ENSG00000143641.10	ENST00000366672.5	1	0	0	0	0	0	False	False	False
SON	ENSG00000159140.21	ENST00000356577.10	1	1	0	0	0	1	True	False	True
LRP1	ENSG00000123384.14	ENST00000243077.8	1	0	0	0	0	0	False	False	False
HOOK2	ENSG00000095066.11	ENST00000264827.9	1	0	0	0	0	0	False	False	False
ATP5F1A	ENSG00000152234.16	ENST00000398752.11	1	6	0	0	0	6	True	False	True
PALLD	ENSG00000129116.19	ENST00000505667.6	1	0	0	0	0	0	False	False	False
DHX9	ENSG00000135829.17	ENST00000367549.4	1	2	0	0	0	2	True	False	True
STT3B	ENSG00000163527.10	ENST00000295770.4	1	0	0	0	0	0	False	False	False
MATR3	ENSG00000015479.19	ENST00000394805.8	3	0	0	0	0	0	False	False	False
C12orf73	ENSG00000204954.10	ENST00000378090.9	1	0	0	0	0	0	False	False	False
DYNC1H1	ENSG00000197102.12	ENST00000360184.10	1	0	0	0	0	0	False	False	False
LPL	ENSG00000175445.17	ENST00000650287.1	1	0	0	0	0	0	False	False	False
LDHB	ENSG00000111716.14	ENST00000396076.5	3	3	0	0	0	3	True	False	True
AC010197.2	ENSG00000285854.1	ENST00000647960.1	3	0	1	0	0	1	False	True	True
AP002990.1	ENSG00000255508.7	ENST00000496634.2	4	0	0	0	0	0	False	False	False
RRM1	ENSG00000167325.15	ENST00000300738.10	1	0	0	0	0	0	False	False	False
LMNA	ENSG00000160789.20	ENST00000368300.9	1	0	0	0	0	0	False	False	False
EIF4A1	ENSG00000161960.15	ENST00000293831.13	2	13	0	0	0	13	True	False	True
RPN2	ENSG00000118705.17	ENST00000237530.11	1	0	0	0	0	0	False	False	False
KRT7	ENSG00000135480.16	ENST00000331817.6	1	0	0	0	0	0	False	False	False
APP	ENSG00000142192.21	ENST00000346798.8	1	0	0	0	0	0	False	False	False
TUBA1A	ENSG00000167552.14	ENST00000295766.9	4	2	0	0	0	2	True	False	True
FSIP1	ENSG00000150667.8	ENST00000350221.4	1	0	0	0	0	0	False	False	False
COPB2	ENSG00000184432.10	ENST00000333188.10	1	0	0	0	0	0	False	False	False
RAI14	ENSG00000039560.14	ENST00000428746.6	1	0	0	0	0	0	False	False	False
NUP205	ENSG00000155561.15	ENST00000285968.11	1	0	0	0	0	0	False	False	False
TRIO	ENSG00000038382.20	ENST00000344204.9	1	0	0	0	0	0	False	False	False
PSMD2	ENSG00000175166.17	ENST00000310118.9	1	1	0	0	0	1	True	False	True
C5orf34	ENSG00000172244.9	ENST00000306862.7	2	0	0	0	0	0	False	False	False
TCP1	ENSG00000120438.12	ENST00000321394.12	1	2	1	0	0	3	True	True	True
NUP188	ENSG00000095319.14	ENST00000372577.2	1	0	0	0	0	0	False	False	False
KIF5B	ENSG00000170759.11	ENST00000302418.5	1	0	0	0	0	0	False	False	False
STAMBPL1	ENSG00000138134.12	ENST00000371924.5	1	0	0	0	0	0	False	False	False
CHCHD3	ENSG00000106554.13	ENST00000448878.6	4	3	0	0	1	4	True	False	True
HNRNPH1	ENSG00000169045.17	ENST00000356731.9	1	3	0	0	0	3	True	False	True
TPM1	ENSG00000140416.23	ENST00000403994.9	1	4	0	0	0	4	True	False	True
DDX5	ENSG00000108654.15	ENST00000225792.10	1	1	0	0	0	1	True	False	True
CNOT1	ENSG00000125107.18	ENST00000317147.10	1	0	0	0	0	0	False	False	False
CCT6A	ENSG00000146731.11	ENST00000275603.9	1	2	0	0	0	2	True	False	True
EIF3B	ENSG00000106263.18	ENST00000360876.9	1	0	0	0	0	0	False	False	False
PLA2G4A	ENSG00000116711.10	ENST00000367466.4	1	0	0	0	0	0	False	False	False
CPNE1	ENSG00000214078.12	ENST00000352393.8	1	0	0	0	0	0	False	False	False
ACTA2	ENSG00000107796.13	ENST00000224784.10	1	0	0	0	0	0	False	False	False
PDIA3	ENSG00000167004.13	ENST00000300289.10	2	1	0	0	0	1	True	False	True
RPA1	ENSG00000132383.12	ENST00000254719.10	1	0	0	0	0	0	False	False	False
NME1-NME2	ENSG00000011052.21	ENST00000555572.1	3	2	0	0	0	2	True	False	True
SQSTM1	ENSG00000161011.20	ENST00000389805.9	1	1	1	0	0	2	True	True	True
SEC31A	ENSG00000138674.17	ENST00000395310.7	1	0	0	0	0	0	False	False	False
TPM4	ENSG00000167460.17	ENST00000646974.2	2	0	0	0	0	0	False	False	False
HSPA4	ENSG00000170606.15	ENST00000304858.7	1	0	0	0	0	0	False	False	False
AC093512.2	ENSG00000285043.1	ENST00000627059.2	3	0	0	0	0	0	False	False	False
POLR1C	ENSG00000171453.20	ENST00000642195.1	1	0	0	0	0	0	False	False	False
P4HB	ENSG00000185624.15	ENST00000331483.9	1	0	0	0	0	0	False	False	False
GNAS	ENSG00000087460.25	ENST00000371085.7	1	1	0	0	0	1	True	False	True
HIF1A	ENSG00000100644.17	ENST00000337138.9	1	0	0	0	0	0	False	False	False
ADAM9	ENSG00000168615.12	ENST00000487273.7	1	0	0	0	0	0	False	False	False
PLOD2	ENSG00000152952.12	ENST00000282903.10	1	0	0	0	0	0	False	False	False
SUPT16H	ENSG00000092201.10	ENST00000216297.7	1	1	0	0	0	1	True	False	True
MCM4	ENSG00000104738.18	ENST00000262105.6	1	0	0	0	0	0	False	False	False
ALDOA	ENSG00000149925.21	ENST00000643777.3	3	2	0	0	1	3	True	False	True
WNK1	ENSG00000060237.17	ENST00000315939.11	1	0	0	0	0	0	False	False	False
GPI	ENSG00000105220.17	ENST00000356487.11	1	0	0	0	0	0	False	False	False
KPNA2	ENSG00000182481.9	ENST00000537025.6	1	6	0	0	0	6	True	False	True
RPL3	ENSG00000100316.16	ENST00000216146.9	2	12	0	0	0	12	True	False	True
HLA-B	ENSG00000234745.11	ENST00000412585.7	2	0	0	0	0	0	False	False	False
TMPO	ENSG00000120802.13	ENST00000266732.8	1	2	0	0	0	2	True	False	True
HNRNPM	ENSG00000099783.12	ENST00000325495.9	1	2	0	0	0	2	True	False	True
ACTN1	ENSG00000072110.13	ENST00000394419.8	1	0	0	0	0	0	False	False	False
FBXO11	ENSG00000138081.21	ENST00000402508.5	1	0	0	0	0	0	False	False	False
STAT1	ENSG00000115415.20	ENST00000361099.8	1	0	0	0	0	0	False	False	False
RACK1	ENSG00000204628.12	ENST00000512805.6	1	3	0	0	0	3	True	False	True
MKI67	ENSG00000148773.14	ENST00000368654.8	1	1	0	0	0	1	True	False	True
PDE4D	ENSG00000113448.19	ENST00000507116.5	1	0	0	0	0	0	False	False	False
TOP2B	ENSG00000077097.15	ENST00000435706.6	1	0	0	0	0	0	False	False	False
TPM2	ENSG00000198467.16	ENST00000647435.1	1	0	0	1	0	1	False	False	True
GTF2I	ENSG00000263001.6	ENST00000650807.1	2	0	0	0	0	0	False	False	False
FSTL1	ENSG00000163430.12	ENST00000295633.8	1	0	0	0	0	0	False	False	False
EPHA5	ENSG00000145242.13	ENST00000273854.7	1	0	0	0	0	0	False	False	False
CAPRIN1	ENSG00000135387.21	ENST00000341394.9	1	0	0	0	0	0	False	False	False
KRT8	ENSG00000170421.12	ENST00000552551.5	2	51	0	0	0	51	True	False	True
AL359922.1	ENSG00000264545.2	ENST00000404796.3	1	0	0	0	0	0	False	False	False
PLEC	ENSG00000178209.15	ENST00000322810.8	1	0	0	0	0	0	False	False	False
VCL	ENSG00000035403.18	ENST00000211998.10	1	0	0	0	0	0	False	False	False
MSN	ENSG00000147065.17	ENST00000360270.7	1	1	0	0	0	1	True	False	True
CCT8	ENSG00000156261.13	ENST00000286788.9	1	1	0	0	0	1	True	False	True
NSUN2	ENSG00000037474.15	ENST00000264670.11	1	0	0	0	0	0	False	False	False
EDIL3	ENSG00000164176.13	ENST00000296591.10	1	0	0	0	0	0	False	False	False
HNRNPR	ENSG00000125944.20	ENST00000302271.11	1	3	0	0	0	3	True	False	True
CCT7	ENSG00000135624.16	ENST00000258091.10	1	2	0	0	0	2	True	False	True
SERBP1	ENSG00000142864.14	ENST00000370995.6	2	8	0	0	0	8	True	False	True
HNRNPC	ENSG00000092199.17	ENST00000555309.5	2	7	0	0	0	7	True	False	True
SND1	ENSG00000197157.11	ENST00000354725.8	1	0	0	0	0	0	False	False	False
NAP1L1	ENSG00000187109.14	ENST00000618691.5	2	5	0	0	0	5	True	False	True
SDHA	ENSG00000073578.17	ENST00000264932.11	3	0	0	0	0	0	False	False	False
AL121594.1	ENSG00000258790.1	ENST00000557565.1	3	0	0	0	0	0	False	False	False
HSPA1A	ENSG00000204389.10	ENST00000375651.7	4	0	0	0	0	0	False	False	False
SET	ENSG00000119335.17	ENST00000322030.13	2	11	0	0	0	11	True	False	True
WDPCP	ENSG00000143951.16	ENST00000272321.12	1	0	0	0	0	0	False	False	False
MTRNR2L12	ENSG00000269028.3	ENST00000600213.3	4	0	0	0	0	0	False	False	False
SLC38A2	ENSG00000134294.14	ENST00000256689.10	1	0	0	0	0	0	False	False	False
DNAJA1	ENSG00000086061.16	ENST00000330899.5	1	6	0	0	0	6	True	False	True
HSPA1B	ENSG00000204388.7	ENST00000375650.5	4	0	0	0	0	0	False	False	False
NIPBL	ENSG00000164190.19	ENST00000282516.13	1	0	0	0	0	0	False	False	False
EFEMP1	ENSG00000115380.20	ENST00000394555.6	1	0	0	0	0	0	False	False	False
NPR3	ENSG00000113389.16	ENST00000265074.13	1	0	0	0	0	0	False	False	False
RPL36A-HNRNPH2	ENSG00000257529.5	ENST00000409170.3	1	4	0	0	0	4	True	False	True
ARMH4	ENSG00000139971.15	ENST00000267485.7	1	0	0	0	0	0	False	False	False
DIPK1A	ENSG00000154511.12	ENST00000370310.5	2	0	0	0	0	0	False	False	False
RALY	ENSG00000125970.12	ENST00000246194.8	2	0	0	0	0	0	False	False	False
MTHFD1	ENSG00000100714.17	ENST00000652337.1	1	2	0	0	0	2	True	False	True
RAB3GAP2	ENSG00000118873.16	ENST00000358951.7	2	0	0	0	0	0	False	False	False
PCDH11X	ENSG00000102290.22	ENST00000373094.5	2	0	0	0	0	0	False	False	False
ACACA	ENSG00000278540.5	ENST00000614428.4	1	0	0	0	0	0	False	False	False
ABCC1	ENSG00000103222.19	ENST00000399410.8	1	0	0	0	0	0	False	False	False
USP9X	ENSG00000124486.13	ENST00000378308.7	1	0	0	0	0	0	False	False	False
MYO1B	ENSG00000128641.19	ENST00000392318.8	1	0	0	0	0	0	False	False	False
EIF4B	ENSG00000063046.17	ENST00000262056.13	2	9	0	0	0	9	True	False	True
DDX46	ENSG00000145833.16	ENST00000452510.7	1	0	0	0	0	0	False	False	False
PIN4	ENSG00000102309.15	ENST00000373669.8	2	2	0	0	1	3	True	False	True
FBLN1	ENSG00000077942.19	ENST00000327858.11	1	0	0	0	0	0	False	False	False
PSMD1	ENSG00000173692.13	ENST00000308696.11	1	0	0	0	0	0	False	False	False
SYNCRIP	ENSG00000135316.18	ENST00000369622.8	1	1	0	0	0	1	True	False	True
PAICS	ENSG00000128050.8	ENST00000512576.2	1	8	0	0	0	8	True	False	True
WDR1	ENSG00000071127.17	ENST00000382452.6	1	0	0	0	0	0	False	False	False
GOLGA4	ENSG00000144674.16	ENST00000356847.8	1	1	0	0	0	1	True	False	True
DSG2	ENSG00000046604.13	ENST00000261590.13	1	0	0	0	0	0	False	False	False
EEF1G	ENSG00000254772.10	ENST00000329251.5	4	8	0	0	0	8	True	False	True
CALU	ENSG00000128595.17	ENST00000449187.6	1	0	0	0	0	0	False	False	False
NUP98	ENSG00000110713.17	ENST00000324932.12	1	0	0	0	0	0	False	False	False
RPL7	ENSG00000147604.14	ENST00000352983.7	2	55	0	0	1	56	True	False	True
EFTUD2	ENSG00000108883.13	ENST00000426333.7	1	0	0	0	0	0	False	False	False
COPB1	ENSG00000129083.12	ENST00000249923.7	1	0	0	0	0	0	False	False	False
DDX3X	ENSG00000215301.10	ENST00000644876.1	1	1	0	0	0	1	True	False	True
DDX1	ENSG00000079785.15	ENST00000381341.6	1	0	0	0	0	0	False	False	False
FAM172A	ENSG00000113391.19	ENST00000395965.8	4	1	0	0	0	1	True	False	True
PSAP	ENSG00000197746.14	ENST00000394936.8	1	0	0	0	0	0	False	False	False
POLA1	ENSG00000101868.11	ENST00000379068.7	1	0	0	0	0	0	False	False	False
CBR4	ENSG00000145439.12	ENST00000306193.8	1	0	0	0	0	0	False	False	False
DROSHA	ENSG00000113360.16	ENST00000511367.6	1	0	0	0	0	0	False	False	False
OGDH	ENSG00000105953.15	ENST00000222673.6	1	0	0	0	0	0	False	False	False
FMO5	ENSG00000131781.13	ENST00000254090.9	2	0	0	0	0	0	False	False	False
NDUFS1	ENSG00000023228.14	ENST00000233190.11	1	0	0	0	0	0	False	False	False
SMARCC1	ENSG00000173473.11	ENST00000254480.10	1	0	0	0	0	0	False	False	False
ANXA5	ENSG00000164111.15	ENST00000296511.10	1	0	0	0	0	0	False	False	False
CTR9	ENSG00000198730.9	ENST00000361367.7	1	0	0	0	0	0	False	False	False
SF3B2	ENSG00000087365.16	ENST00000322535.11	1	0	0	0	0	0	False	False	False
ANXA6	ENSG00000197043.14	ENST00000354546.10	1	0	0	0	0	0	False	False	False
CCT4	ENSG00000115484.15	ENST00000394440.8	1	2	0	0	0	2	True	False	True
EIF2S3	ENSG00000130741.11	ENST00000253039.9	4	2	0	0	0	2	True	False	True
HNRNPUL2-BSCL2	ENSG00000234857.2	ENST00000403734.2	3	0	0	0	0	0	False	False	False
GARS1	ENSG00000106105.14	ENST00000389266.8	1	1	0	0	0	1	True	False	True
TUBB4B	ENSG00000188229.6	ENST00000340384.5	1	1	0	0	0	1	True	False	True
TRIM28	ENSG00000130726.12	ENST00000253024.10	1	1	0	0	0	1	True	False	True
SF3B3	ENSG00000189091.13	ENST00000302516.10	1	0	0	0	0	0	False	False	False
HNRNPL	ENSG00000104824.17	ENST00000221419.9	1	0	1	0	0	1	False	True	True
GART	ENSG00000159131.17	ENST00000381831.7	1	0	0	0	0	0	False	False	False
MTRNR2L8	ENSG00000255823.5	ENST00000536684.3	4	0	0	0	0	0	False	False	False
NONO	ENSG00000147140.16	ENST00000276079.13	2	2	0	0	0	2	True	False	True
ANLN	ENSG00000011426.11	ENST00000265748.7	1	0	0	0	0	0	False	False	False
SFPQ	ENSG00000116560.11	ENST00000357214.6	1	1	0	0	0	1	True	False	True
STIP1	ENSG00000168439.17	ENST00000305218.9	1	1	0	0	2	3	True	False	True
CCNB1	ENSG00000134057.15	ENST00000256442.10	1	0	0	0	0	0	False	False	False
SMARCA5	ENSG00000153147.6	ENST00000283131.4	1	1	0	0	1	2	True	False	True
MCM7	ENSG00000166508.18	ENST00000303887.10	1	0	0	0	0	0	False	False	False
BAZ1B	ENSG00000009954.11	ENST00000339594.9	1	0	0	0	0	0	False	False	False
RPN1	ENSG00000163902.12	ENST00000296255.8	1	0	0	0	0	0	False	False	False
NRDC	ENSG00000078618.21	ENST00000354831.11	1	0	0	0	0	0	False	False	False
CDH2	ENSG00000170558.9	ENST00000269141.8	1	0	0	0	0	0	False	False	False
NSF	ENSG00000073969.18	ENST00000398238.8	2	0	0	0	0	0	False	False	False
MT-ATP6	ENSG00000198899.2	ENST00000361899.2	2	0	0	0	0	0	False	False	False
AC068831.8	ENSG00000284946.1	ENST00000643536.1	3	0	0	0	0	0	False	False	False
ITGA5	ENSG00000161638.11	ENST00000293379.9	1	0	0	0	0	0	False	False	False
CAND1	ENSG00000111530.13	ENST00000545606.6	1	0	0	0	0	0	False	False	False
PARP1	ENSG00000143799.13	ENST00000366794.10	1	1	0	0	0	1	True	False	True
TAF15	ENSG00000270647.6	ENST00000605844.6	1	1	0	0	0	1	True	False	True
UBAP2L	ENSG00000143569.19	ENST00000428931.6	1	0	0	0	0	0	False	False	False
DLD	ENSG00000091140.14	ENST00000205402.10	1	0	0	0	0	0	False	False	False
SLC16A3	ENSG00000141526.16	ENST00000581287.5	1	0	0	0	0	0	False	False	False
MCM3	ENSG00000112118.20	ENST00000596288.7	1	0	0	0	0	0	False	False	False
GLG1	ENSG00000090863.12	ENST00000205061.9	1	0	0	0	0	0	False	False	False
MTHFD1L	ENSG00000120254.15	ENST00000367321.7	1	2	0	0	0	2	True	False	True
FRAS1	ENSG00000138759.19	ENST00000512123.4	2	0	0	0	0	0	False	False	False
TM9SF2	ENSG00000125304.10	ENST00000642475.1	1	0	0	0	0	0	False	False	False
TPX2	ENSG00000088325.16	ENST00000300403.11	1	0	0	0	0	0	False	False	False
ACTR3	ENSG00000115091.12	ENST00000263238.7	1	4	0	0	0	4	True	False	True
GCN1	ENSG00000089154.11	ENST00000300648.7	1	0	0	0	0	0	False	False	False
CCT2	ENSG00000166226.13	ENST00000299300.11	1	0	0	0	0	0	False	False	False
OSBPL9	ENSG00000117859.19	ENST00000428468.6	1	5	0	0	1	6	True	False	True
HEATR1	ENSG00000119285.11	ENST00000366582.8	1	0	0	0	0	0	False	False	False
PCBP2	ENSG00000197111.16	ENST00000546463.6	1	4	0	0	0	4	True	False	True
NASP	ENSG00000132780.17	ENST00000351223.7	1	1	0	0	0	1	True	False	True
MET	ENSG00000105976.15	ENST00000397752.7	1	0	0	0	0	0	False	False	False
SSRP1	ENSG00000149136.9	ENST00000278412.7	1	0	0	0	0	0	False	False	False
SERPINH1	ENSG00000149257.15	ENST00000524558.5	1	1	0	0	0	1	True	False	True
RUVBL1	ENSG00000175792.12	ENST00000322623.10	1	0	0	0	0	0	False	False	False
FUS	ENSG00000089280.19	ENST00000254108.12	1	0	0	0	0	0	False	False	False
DSE	ENSG00000111817.19	ENST00000644252.3	1	1	0	0	0	1	True	False	True
PFKP	ENSG00000067057.17	ENST00000381125.9	1	0	0	0	0	0	False	False	False
CRLF1	ENSG00000006016.11	ENST00000392386.8	1	0	0	0	0	0	False	False	False
MYH10	ENSG00000133026.13	ENST00000360416.8	1	0	0	0	0	0	False	False	False
SCAF11	ENSG00000139218.18	ENST00000369367.8	1	0	0	0	0	0	False	False	False
RPL7A	ENSG00000148303.17	ENST00000323345.11	2	68	2	0	1	71	True	True	True
IL6ST	ENSG00000134352.20	ENST00000381298.7	1	1	0	0	0	1	True	False	True
SLC38A1	ENSG00000111371.16	ENST00000398637.10	1	0	0	0	0	0	False	False	False
PABPC1	ENSG00000070756.16	ENST00000318607.10	1	11	1	0	0	12	True	True	True
COPG1	ENSG00000181789.14	ENST00000314797.10	1	0	0	0	0	0	False	False	False
EZR	ENSG00000092820.18	ENST00000337147.11	1	1	0	0	0	1	True	False	True
RPL5	ENSG00000122406.14	ENST00000370321.8	2	40	1	0	1	42	True	True	True
CRIM1	ENSG00000150938.10	ENST00000280527.7	1	0	0	0	0	0	False	False	False
RBBP4	ENSG00000162521.19	ENST00000373493.10	2	6	0	0	0	6	True	False	True
PYGL	ENSG00000100504.17	ENST00000216392.8	1	0	0	0	0	0	False	False	False
ITPR1	ENSG00000150995.19	ENST00000648309.1	1	0	0	0	0	0	False	False	False
GALNT1	ENSG00000141429.13	ENST00000269195.5	1	1	0	0	0	1	True	False	True
TRIM16	ENSG00000221926.13	ENST00000649191.2	4	0	0	0	0	0	False	False	False
KRT18	ENSG00000111057.11	ENST00000388837.6	2	64	3	0	3	70	True	True	True
CLTA	ENSG00000122705.17	ENST00000433436.6	1	2	0	0	0	2	True	False	True
MT-CO2	ENSG00000198712.1	ENST00000361739.1	2	0	0	0	0	0	False	False	False
HNRNPA1	ENSG00000135486.18	ENST00000546500.5	4	67	2	0	3	72	True	True	True
PCDH11Y	ENSG00000099715.14	ENST00000400457.3	2	0	0	0	0	0	False	False	False
PRDX1	ENSG00000117450.14	ENST00000262746.5	1	1	0	0	0	1	True	False	True
SMC2	ENSG00000136824.19	ENST00000286398.11	1	0	0	0	0	0	False	False	False
SLC25A3	ENSG00000075415.13	ENST00000401722.7	1	3	0	0	0	3	True	False	True
KIF20A	ENSG00000112984.12	ENST00000394894.8	1	0	0	0	0	0	False	False	False
H2BC15	ENSG00000233822.4	ENST00000612898.1	1	0	0	0	0	0	False	False	False
RPS6	ENSG00000137154.13	ENST00000380394.9	2	23	2	0	0	25	True	True	True
FSCN1	ENSG00000075618.18	ENST00000382361.8	1	1	0	0	0	1	True	False	True
ROBO1	ENSG00000169855.20	ENST00000495273.5	1	0	0	0	0	0	False	False	False
ADAR	ENSG00000160710.17	ENST00000368474.9	1	0	0	0	0	0	False	False	False
TM9SF3	ENSG00000077147.16	ENST00000371142.9	1	0	0	0	0	0	False	False	False
UGGT1	ENSG00000136731.13	ENST00000259253.11	1	0	0	0	0	0	False	False	False
RIF1	ENSG00000080345.18	ENST00000243326.9	1	0	0	0	0	0	False	False	False
SEC23A	ENSG00000100934.15	ENST00000307712.11	1	0	0	0	0	0	False	False	False
DDX17	ENSG00000100201.22	ENST00000396821.7	1	0	0	0	0	0	False	False	False
AHCTF1	ENSG00000153207.16	ENST00000366508.5	2	1	0	0	0	1	True	False	True
ASCC3	ENSG00000112249.14	ENST00000369162.7	1	0	0	0	0	0	False	False	False
NDUFS3	ENSG00000213619.10	ENST00000263774.9	1	0	0	0	0	0	False	False	False
FERMT2	ENSG00000073712.15	ENST00000395631.6	1	0	0	0	0	0	False	False	False
OXCT1	ENSG00000083720.13	ENST00000196371.10	1	0	0	0	0	0	False	False	False
CAP1	ENSG00000131236.17	ENST00000372797.7	1	2	0	0	0	2	True	False	True
PTBP1	ENSG00000011304.20	ENST00000356948.11	1	1	0	0	1	2	True	False	True
APLP2	ENSG00000084234.17	ENST00000650012.1	1	0	0	0	0	0	False	False	False
UBC	ENSG00000150991.15	ENST00000536769.1	4	2	0	0	0	2	True	False	True
ASPM	ENSG00000066279.18	ENST00000367409.9	1	0	0	0	0	0	False	False	False
PLXNB2	ENSG00000196576.15	ENST00000359337.9	1	0	0	0	0	0	False	False	False
SMC3	ENSG00000108055.10	ENST00000361804.5	1	1	0	0	0	1	True	False	True
PHGDH	ENSG00000092621.12	ENST00000641597.1	1	0	0	0	0	0	False	False	False
AQR	ENSG00000021776.11	ENST00000156471.10	1	0	0	0	0	0	False	False	False
G3BP1	ENSG00000145907.15	ENST00000394123.7	1	1	0	0	0	1	True	False	True
RBBP7	ENSG00000102054.18	ENST00000380087.7	1	1	0	0	0	1	True	False	True
SEMA3C	ENSG00000075223.14	ENST00000265361.8	1	0	0	0	0	0	False	False	False
MORF4L2	ENSG00000123562.17	ENST00000422154.6	1	1	0	0	0	1	True	False	True
SLC16A1	ENSG00000155380.12	ENST00000538576.5	1	1	0	0	0	1	True	False	True
AC005324.3	ENSG00000251537.4	ENST00000455584.2	4	0	0	0	0	0	False	False	False
ADAM10	ENSG00000137845.15	ENST00000260408.8	1	0	0	0	0	0	False	False	False
MSH6	ENSG00000116062.17	ENST00000234420.11	1	0	0	0	0	0	False	False	False
RPL6	ENSG00000089009.15	ENST00000424576.6	2	34	1	0	2	37	True	True	True
ATXN10	ENSG00000130638.17	ENST00000252934.10	1	0	0	0	0	0	False	False	False
PDIA6	ENSG00000143870.13	ENST00000272227.8	1	0	0	0	0	0	False	False	False
YWHAZ	ENSG00000164924.18	ENST00000395957.6	2	8	0	0	1	9	True	False	True
WDR41	ENSG00000164253.14	ENST00000296679.9	2	0	0	0	0	0	False	False	False
AEBP2	ENSG00000139154.16	ENST00000398864.7	2	0	0	0	0	0	False	False	False
MCM6	ENSG00000076003.5	ENST00000264156.3	1	0	0	0	0	0	False	False	False
NR3C1	ENSG00000113580.15	ENST00000343796.6	1	0	0	0	0	0	False	False	False
KARS1	ENSG00000065427.14	ENST00000319410.9	1	2	1	0	0	3	True	True	True
PTCD1	ENSG00000106246.18	ENST00000292478.9	3	0	0	0	0	0	False	False	False
AHRR	ENSG00000286169.1	ENST00000316418.9	3	0	0	0	0	0	False	False	False
DHX15	ENSG00000109606.13	ENST00000336812.5	1	0	0	0	0	0	False	False	False
ATP13A3	ENSG00000133657.15	ENST00000439040.5	1	0	0	0	0	0	False	False	False
ANKH	ENSG00000154122.14	ENST00000284268.8	1	0	0	0	0	0	False	False	False
DCTN1	ENSG00000204843.12	ENST00000361874.7	1	0	0	0	0	0	False	False	False
XPOT	ENSG00000184575.12	ENST00000332707.10	1	3	0	0	0	3	True	False	True
POLR2B	ENSG00000047315.17	ENST00000381227.5	1	0	0	0	0	0	False	False	False
TJP1	ENSG00000104067.16	ENST00000356107.10	1	0	0	0	0	0	False	False	False
YWHAE	ENSG00000108953.17	ENST00000264335.13	2	3	1	0	0	4	True	True	True
ACTR2	ENSG00000138071.13	ENST00000260641.9	2	2	0	0	0	2	True	False	True
KIF11	ENSG00000138160.6	ENST00000260731.5	1	0	0	0	0	0	False	False	False
U2SURP	ENSG00000163714.18	ENST00000473835.7	1	1	0	0	0	1	True	False	True
RAD21	ENSG00000164754.15	ENST00000297338.7	1	1	0	0	0	1	True	False	True
PIGK	ENSG00000142892.15	ENST00000370812.8	1	0	0	0	0	0	False	False	False
IMPDH2	ENSG00000178035.12	ENST00000326739.9	1	0	0	0	0	0	False	False	False
HSPH1	ENSG00000120694.20	ENST00000320027.10	1	0	0	0	0	0	False	False	False
CAST	ENSG00000153113.23	ENST00000510756.5	1	0	0	0	0	0	False	False	False
ERBIN	ENSG00000112851.14	ENST00000506030.5	1	0	0	0	0	0	False	False	False
BCAT1	ENSG00000060982.15	ENST00000261192.12	1	0	0	0	0	0	False	False	False
LMAN1	ENSG00000074695.6	ENST00000251047.6	1	0	0	0	0	0	False	False	False
HADHA	ENSG00000084754.12	ENST00000380649.8	1	2	0	0	0	2	True	False	True
HNRNPD	ENSG00000138668.19	ENST00000353341.8	1	3	0	0	0	3	True	False	True
TUBA4A	ENSG00000127824.14	ENST00000248437.9	1	7	0	0	0	7	True	False	True
AC087721.2	ENSG00000285920.2	ENST00000661438.1	3	0	0	0	0	0	False	False	False
GAPVD1	ENSG00000165219.22	ENST00000297933.11	1	0	0	0	0	0	False	False	False
ITCH	ENSG00000078747.15	ENST00000374864.9	1	0	0	0	0	0	False	False	False
LMNB1	ENSG00000113368.12	ENST00000261366.10	1	0	0	0	0	0	False	False	False
RANBP2	ENSG00000153201.16	ENST00000283195.11	1	0	0	0	0	0	False	False	False
NCKAP1	ENSG00000061676.15	ENST00000361354.9	1	1	0	0	0	1	True	False	True
PRPF40A	ENSG00000196504.18	ENST00000410080.7	1	0	0	0	0	0	False	False	False
SEPTIN7	ENSG00000122545.20	ENST00000350320.10	2	5	0	0	1	6	True	False	True
THSD4	ENSG00000187720.14	ENST00000355327.7	4	0	0	0	0	0	False	False	False
EMC1	ENSG00000127463.15	ENST00000477853.6	1	0	0	0	0	0	False	False	False
PDCD6IP	ENSG00000170248.15	ENST00000457054.6	1	0	0	0	0	0	False	False	False
MGST1	ENSG00000008394.13	ENST00000396209.5	1	0	0	0	0	0	False	False	False
HNRNPA3	ENSG00000170144.20	ENST00000392524.6	2	19	0	0	0	19	True	False	True
FXR1	ENSG00000114416.18	ENST00000357559.9	1	1	0	0	0	1	True	False	True
EIF3M	ENSG00000149100.13	ENST00000531120.6	1	1	0	0	0	1	True	False	True
TUBB6	ENSG00000176014.13	ENST00000317702.10	1	0	0	0	0	0	False	False	False
SLC25A12	ENSG00000115840.14	ENST00000422440.7	1	0	0	0	0	0	False	False	False
CCPG1	ENSG00000260916.7	ENST00000442196.7	1	0	0	0	0	0	False	False	False
GSPT1	ENSG00000103342.13	ENST00000563468.5	1	1	0	0	0	1	True	False	True
RNF111	ENSG00000157450.15	ENST00000348370.8	1	0	0	0	0	0	False	False	False
CUL4A	ENSG00000139842.15	ENST00000375440.9	1	1	0	0	0	1	True	False	True
BCLAF1	ENSG00000029363.17	ENST00000531224.6	2	2	0	0	0	2	True	False	True
GLT8D2	ENSG00000120820.12	ENST00000360814.8	4	0	0	0	0	0	False	False	False
CTTN	ENSG00000085733.16	ENST00000301843.13	1	0	0	0	0	0	False	False	False
LGALS3BP	ENSG00000108679.13	ENST00000262776.8	1	0	0	0	0	0	False	False	False
SEPTIN2	ENSG00000168385.18	ENST00000391973.6	1	1	0	0	0	1	True	False	True
FLNB	ENSG00000136068.15	ENST00000429972.6	1	1	0	0	0	1	True	False	True
PEG10	ENSG00000242265.5	ENST00000612748.1	1	0	0	0	0	0	False	False	False
EIF3E	ENSG00000104408.10	ENST00000220849.10	1	2	0	0	0	2	True	False	True
PNPLA8	ENSG00000135241.17	ENST00000257694.13	2	1	0	0	0	1	True	False	True
NOLC1	ENSG00000166197.17	ENST00000405356.5	1	2	0	0	0	2	True	False	True
SMU1	ENSG00000122692.9	ENST00000397149.4	1	1	0	0	0	1	True	False	True
TTC37	ENSG00000198677.12	ENST00000649566.1	1	0	0	0	0	0	False	False	False
NF1	ENSG00000196712.18	ENST00000356175.7	1	0	0	0	0	0	False	False	False
SLIRP	ENSG00000119705.10	ENST00000557342.6	1	2	0	0	0	2	True	False	True
RPL8	ENSG00000161016.17	ENST00000262584.7	1	4	0	0	0	4	True	False	True
DAGLB	ENSG00000164535.15	ENST00000297056.11	1	0	0	0	0	0	False	False	False
ICE1	ENSG00000164151.12	ENST00000296564.9	1	0	0	0	0	0	False	False	False
PDS5A	ENSG00000121892.15	ENST00000303538.13	1	0	0	0	0	0	False	False	False
RNF213	ENSG00000173821.19	ENST00000582970.5	1	0	0	0	0	0	False	False	False
DDX21	ENSG00000165732.13	ENST00000354185.9	1	0	0	0	0	0	False	False	False
ZBTB38	ENSG00000177311.11	ENST00000514251.5	1	0	0	0	0	0	False	False	False
NPC1	ENSG00000141458.13	ENST00000269228.10	1	0	0	0	0	0	False	False	False
WNT5A	ENSG00000114251.14	ENST00000264634.8	1	0	0	0	0	0	False	False	False
SSR1	ENSG00000124783.14	ENST00000244763.9	1	2	0	0	0	2	True	False	True
IK	ENSG00000113141.18	ENST00000417647.7	1	1	0	0	0	1	True	False	True
THRAP3	ENSG00000054118.15	ENST00000354618.10	1	3	0	0	0	3	True	False	True
MAP3K13	ENSG00000073803.14	ENST00000265026.8	2	0	0	0	1	1	False	False	True
STRAP	ENSG00000023734.11	ENST00000419869.7	1	1	0	0	0	1	True	False	True
EEF1D	ENSG00000104529.17	ENST00000423316.6	1	6	1	0	0	7	True	True	True
RPS3	ENSG00000149273.15	ENST00000531188.6	2	8	0	0	0	8	True	False	True
GMPS	ENSG00000163655.16	ENST00000496455.7	1	2	0	0	0	2	True	False	True
RARS1	ENSG00000113643.9	ENST00000231572.8	1	1	0	0	0	1	True	False	True
MTRR	ENSG00000124275.15	ENST00000440940.7	1	0	0	0	1	1	False	False	True
NUP107	ENSG00000111581.10	ENST00000229179.9	1	0	0	0	0	0	False	False	False
PRC1	ENSG00000198901.14	ENST00000394249.8	3	0	0	0	0	0	False	False	False
PRRC2C	ENSG00000117523.16	ENST00000338920.8	1	0	0	0	0	0	False	False	False
IARS2	ENSG00000067704.10	ENST00000366922.3	1	1	0	0	0	1	True	False	True
MYO1C	ENSG00000197879.17	ENST00000648446.1	1	0	0	0	0	0	False	False	False
ANTXR1	ENSG00000169604.19	ENST00000303714.8	1	0	0	0	0	0	False	False	False
NNT	ENSG00000112992.18	ENST00000264663.9	1	0	0	0	0	0	False	False	False
USP48	ENSG00000090686.16	ENST00000308271.14	1	0	0	0	0	0	False	False	False
DNMT1	ENSG00000130816.16	ENST00000340748.8	1	0	0	0	0	0	False	False	False
ILF3	ENSG00000129351.17	ENST00000449870.5	1	0	0	0	0	0	False	False	False
NQO1	ENSG00000181019.13	ENST00000320623.10	1	0	0	0	0	0	False	False	False
PSMC2	ENSG00000161057.12	ENST00000435765.5	1	2	0	0	0	2	True	False	True
CCN1	ENSG00000142871.17	ENST00000451137.7	1	0	0	0	0	0	False	False	False
GDI2	ENSG00000057608.17	ENST00000380191.9	1	2	0	0	0	2	True	False	True
KLC1	ENSG00000126214.21	ENST00000389744.8	3	0	0	0	0	0	False	False	False
B4GALT1	ENSG00000086062.12	ENST00000379731.4	1	0	0	0	0	0	False	False	False
ANKRD17	ENSG00000132466.19	ENST00000509867.6	1	0	0	0	0	0	False	False	False
TRRAP	ENSG00000196367.13	ENST00000355540.7	1	0	0	0	0	0	False	False	False
CASK	ENSG00000147044.21	ENST00000421587.7	2	0	0	0	0	0	False	False	False
FUBP1	ENSG00000162613.16	ENST00000370768.6	1	0	0	0	0	0	False	False	False
ETS2	ENSG00000157557.13	ENST00000360214.8	1	0	0	0	0	0	False	False	False
AC004922.1	ENSG00000284292.1	ENST00000638617.1	3	1	0	0	0	1	True	False	True
POLR2A	ENSG00000181222.17	ENST00000572844.1	3	0	0	0	0	0	False	False	False
PPHLN1	ENSG00000134283.18	ENST00000358314.12	1	0	0	0	0	0	False	False	False
RDX	ENSG00000137710.17	ENST00000645495.2	1	2	0	0	0	2	True	False	True
YME1L1	ENSG00000136758.18	ENST00000376016.7	1	1	0	0	0	1	True	False	True
RPL10	ENSG00000147403.16	ENST00000424325.6	2	7	0	0	1	8	True	False	True
BAIAP2L1	ENSG00000006453.14	ENST00000005260.9	2	1	0	0	0	1	True	False	True
MORF4L1	ENSG00000185787.15	ENST00000426013.7	2	6	0	0	1	7	True	False	True
BZW1	ENSG00000082153.18	ENST00000409600.6	2	1	0	0	0	1	True	False	True
ECE1	ENSG00000117298.16	ENST00000415912.6	1	0	0	0	0	0	False	False	False
CDH12	ENSG00000154162.15	ENST00000382254.6	2	0	0	0	0	0	False	False	False
YARS1	ENSG00000134684.10	ENST00000373477.8	1	0	0	0	0	0	False	False	False
MCM2	ENSG00000073111.14	ENST00000265056.12	1	0	0	0	0	0	False	False	False
CD109	ENSG00000156535.15	ENST00000287097.6	1	0	0	0	0	0	False	False	False
TRIM16L	ENSG00000108448.21	ENST00000395671.9	4	0	0	0	0	0	False	False	False
PMPCB	ENSG00000105819.14	ENST00000249269.9	1	0	0	0	0	0	False	False	False
ST13	ENSG00000100380.14	ENST00000216218.8	2	19	0	0	1	20	True	False	True
PTP4A1	ENSG00000112245.12	ENST00000648894.1	3	4	0	0	0	4	True	False	True
YBX1	ENSG00000065978.19	ENST00000321358.12	2	10	0	0	0	10	True	False	True
VDAC1	ENSG00000213585.11	ENST00000395047.6	2	10	0	0	0	10	True	False	True
OPA1	ENSG00000198836.10	ENST00000361908.8	1	0	0	0	0	0	False	False	False
PRPF6	ENSG00000101161.8	ENST00000266079.5	1	0	0	0	0	0	False	False	False
AC012213.5	ENSG00000285982.1	ENST00000649416.1	1	0	0	0	0	0	False	False	False
PALM2AKAP2	ENSG00000157654.19	ENST00000314527.9	3	0	0	0	0	0	False	False	False
PSMC3	ENSG00000165916.8	ENST00000619920.4	1	1	0	0	0	1	True	False	True
PTPN14	ENSG00000152104.12	ENST00000366956.10	1	0	0	0	0	0	False	False	False
LUC7L2	ENSG00000146963.18	ENST00000354926.9	3	0	0	0	0	0	False	False	False
TPI1	ENSG00000111669.15	ENST00000396705.10	2	4	0	0	0	4	True	False	True
ACSL3	ENSG00000123983.14	ENST00000357430.8	1	1	0	0	0	1	True	False	True
EIF2AK1	ENSG00000086232.13	ENST00000199389.11	1	1	0	0	0	1	True	False	True
TXNDC5	ENSG00000239264.9	ENST00000379757.9	1	0	0	0	0	0	False	False	False
XPO5	ENSG00000124571.18	ENST00000265351.12	1	0	0	0	0	0	False	False	False
CFL1	ENSG00000172757.13	ENST00000525451.6	1	9	1	0	0	10	True	True	True
ECPAS	ENSG00000136813.14	ENST00000338205.9	1	0	0	0	0	0	False	False	False
CTSC	ENSG00000109861.16	ENST00000227266.10	1	0	0	0	0	0	False	False	False
PDIA4	ENSG00000155660.11	ENST00000652332.1	1	0	0	0	0	0	False	False	False
SMC1A	ENSG00000072501.18	ENST00000322213.9	1	0	0	0	0	0	False	False	False
PGD	ENSG00000142657.21	ENST00000270776.13	1	2	0	0	0	2	True	False	True
CUL4B	ENSG00000158290.18	ENST00000336592.11	1	0	0	0	0	0	False	False	False
DIAPH3	ENSG00000139734.19	ENST00000400324.9	1	0	0	0	0	0	False	False	False
PFKM	ENSG00000152556.17	ENST00000359794.11	1	0	0	0	0	0	False	False	False
EIF5A	ENSG00000132507.18	ENST00000576930.5	4	3	0	0	0	3	True	False	True
PSMC5	ENSG00000087191.13	ENST00000310144.11	1	2	0	0	0	2	True	False	True
TRIP12	ENSG00000153827.13	ENST00000389045.7	1	0	0	0	0	0	False	False	False
STAT3	ENSG00000168610.14	ENST00000264657.9	1	0	0	0	0	0	False	False	False
CAPN2	ENSG00000162909.18	ENST00000295006.6	1	0	0	0	0	0	False	False	False
HMGB1	ENSG00000189403.15	ENST00000341423.10	2	32	0	0	4	36	True	False	True
PA2G4	ENSG00000170515.14	ENST00000303305.11	2	6	0	0	0	6	True	False	True
AGRN	ENSG00000188157.15	ENST00000379370.7	1	0	0	0	0	0	False	False	False
AGPS	ENSG00000018510.16	ENST00000264167.10	1	0	0	0	0	0	False	False	False
RPL17-C18orf32	ENSG00000215472.10	ENST00000584895.5	4	1	0	0	0	1	True	False	True
OSMR	ENSG00000145623.13	ENST00000274276.8	1	0	0	0	0	0	False	False	False
FMC1-LUC7L2	ENSG00000269955.2	ENST00000541515.3	3	0	0	0	0	0	False	False	False
P3H2	ENSG00000090530.10	ENST00000319332.10	1	0	0	0	0	0	False	False	False
RSL1D1	ENSG00000171490.13	ENST00000571133.6	1	1	0	0	0	1	True	False	True
NUMA1	ENSG00000137497.18	ENST00000393695.8	1	0	0	0	0	0	False	False	False
NCOR2	ENSG00000196498.13	ENST00000405201.5	1	0	0	0	0	0	False	False	False
PPM1G	ENSG00000115241.11	ENST00000344034.5	1	0	0	0	0	0	False	False	False
MTREX	ENSG00000039123.16	ENST00000230640.10	1	0	0	0	0	0	False	False	False
CLSTN1	ENSG00000171603.18	ENST00000361311.4	1	0	0	0	0	0	False	False	False
SMARCA4	ENSG00000127616.18	ENST00000344626.9	1	0	0	0	0	0	False	False	False
TMBIM6	ENSG00000139644.13	ENST00000423828.5	1	0	0	0	0	0	False	False	False
SSB	ENSG00000138385.16	ENST00000409333.1	2	7	0	0	1	8	True	False	True
AARS1	ENSG00000090861.16	ENST00000261772.13	1	1	0	0	0	1	True	False	True
NCAPG	ENSG00000109805.10	ENST00000251496.7	1	2	1	0	0	3	True	True	True
TPM3	ENSG00000143549.21	ENST00000651641.1	4	10	0	0	0	10	True	False	True
FTSJ3	ENSG00000108592.17	ENST00000427159.7	1	0	0	0	0	0	False	False	False
LAMP1	ENSG00000185896.11	ENST00000332556.5	1	2	0	0	1	3	True	False	True
GTF3C1	ENSG00000077235.18	ENST00000356183.9	1	0	0	0	0	0	False	False	False
PPP6R3	ENSG00000110075.14	ENST00000393800.6	1	1	0	0	0	1	True	False	True
EWSR1	ENSG00000182944.17	ENST00000397938.6	1	2	0	0	0	2	True	False	True
EIF5B	ENSG00000158417.11	ENST00000289371.11	1	0	0	0	0	0	False	False	False
KIF23	ENSG00000137807.15	ENST00000260363.9	1	1	0	0	0	1	True	False	True
RPS3A	ENSG00000145425.10	ENST00000274065.9	2	56	3	0	2	61	True	True	True
RSF1	ENSG00000048649.13	ENST00000308488.10	1	0	0	0	0	0	False	False	False
DMD	ENSG00000198947.15	ENST00000357033.8	1	0	0	0	0	0	False	False	False
SLC7A11	ENSG00000151012.13	ENST00000280612.9	1	0	0	0	0	0	False	False	False
SOD2	ENSG00000285441.1	ENST00000546087.5	3	0	0	0	0	0	False	False	False
DAB2	ENSG00000153071.15	ENST00000320816.11	1	0	0	0	0	0	False	False	False
PPP1CB	ENSG00000213639.10	ENST00000395366.3	1	0	0	0	0	0	False	False	False
DHX36	ENSG00000174953.14	ENST00000496811.6	1	0	0	0	0	0	False	False	False
STT3A	ENSG00000134910.14	ENST00000392708.9	1	1	0	0	0	1	True	False	True
TP53BP1	ENSG00000067369.14	ENST00000263801.7	1	0	0	0	0	0	False	False	False
ANKHD1-EIF4EBP3	ENSG00000254996.5	ENST00000532219.5	3	0	0	0	0	0	False	False	False
HNRNPUL2	ENSG00000214753.4	ENST00000301785.7	3	0	0	0	0	0	False	False	False
KDM1A	ENSG00000004487.17	ENST00000400181.9	1	0	0	0	0	0	False	False	False
USP47	ENSG00000170242.19	ENST00000527733.7	1	0	0	0	0	0	False	False	False
CD55	ENSG00000196352.16	ENST00000367064.9	1	0	0	0	0	0	False	False	False
AXL	ENSG00000167601.12	ENST00000301178.9	1	0	0	0	0	0	False	False	False
PLEKHB2	ENSG00000115762.16	ENST00000234115.10	4	1	0	0	0	1	True	False	True
SUPT6H	ENSG00000109111.15	ENST00000314616.11	1	0	0	0	0	0	False	False	False
RHOA	ENSG00000067560.12	ENST00000418115.6	1	2	0	0	0	2	True	False	True
DNM1L	ENSG00000087470.18	ENST00000549701.6	1	0	0	0	0	0	False	False	False
FDPS	ENSG00000160752.14	ENST00000447866.5	1	7	0	0	1	8	True	False	True
RPL9	ENSG00000163682.16	ENST00000645496.1	2	32	0	0	0	32	True	False	True
ANKHD1	ENSG00000131503.21	ENST00000360839.7	3	0	0	0	0	0	False	False	False
FANCI	ENSG00000140525.18	ENST00000310775.12	1	0	0	0	0	0	False	False	False
ATP6V1G2-DDX39B	ENSG00000254870.5	ENST00000376185.5	3	0	0	0	0	0	False	False	False
CACNA2D1	ENSG00000153956.16	ENST00000356253.9	1	0	0	0	0	0	False	False	False
PRKCSH	ENSG00000130175.9	ENST00000589838.5	1	0	0	0	0	0	False	False	False
LIMA1	ENSG00000050405.13	ENST00000341247.8	1	0	0	0	0	0	False	False	False
MYC	ENSG00000136997.20	ENST00000621592.7	1	0	0	0	0	0	False	False	False
SCD	ENSG00000099194.6	ENST00000370355.3	1	1	0	0	0	1	True	False	True
HNRNPUL1	ENSG00000105323.17	ENST00000392006.8	1	0	0	0	0	0	False	False	False
SERP1	ENSG00000120742.11	ENST00000479209.1	1	0	0	0	0	0	False	False	False
TSR1	ENSG00000167721.11	ENST00000301364.10	1	1	0	0	0	1	True	False	True
VPS35	ENSG00000069329.18	ENST00000299138.12	1	0	0	0	0	0	False	False	False
SMARCA1	ENSG00000102038.15	ENST00000371123.5	1	0	0	0	0	0	False	False	False
PDCD4	ENSG00000150593.18	ENST00000280154.12	1	0	0	0	0	0	False	False	False
AC001226.2	ENSG00000283208.2	ENST00000638147.2	1	0	0	0	0	0	False	False	False
DDX39B	ENSG00000198563.14	ENST00000458640.5	3	0	0	0	0	0	False	False	False
NARS1	ENSG00000134440.12	ENST00000256854.10	1	1	0	0	1	2	True	False	True
AL022238.4	ENSG00000284431.1	ENST00000639722.1	3	0	0	0	0	0	False	False	False
ATIC	ENSG00000138363.15	ENST00000236959.14	1	1	0	0	0	1	True	False	True
MYL6	ENSG00000092841.19	ENST00000547649.5	1	5	0	0	0	5	True	False	True
PDLIM5	ENSG00000163110.15	ENST00000615540.4	1	0	0	0	0	0	False	False	False
MGA	ENSG00000174197.16	ENST00000219905.11	1	0	0	0	0	0	False	False	False
AP3B1	ENSG00000132842.14	ENST00000255194.11	1	0	0	0	0	0	False	False	False
ATAD2	ENSG00000156802.13	ENST00000287394.10	1	0	0	0	0	0	False	False	False
HERC2	ENSG00000128731.18	ENST00000261609.13	2	0	0	0	0	0	False	False	False
KIF20B	ENSG00000138182.14	ENST00000260753.8	1	0	0	0	0	0	False	False	False
SPDL1	ENSG00000040275.17	ENST00000265295.9	1	0	0	0	0	0	False	False	False
PSIP1	ENSG00000164985.15	ENST00000380738.8	1	3	0	0	0	3	True	False	True
SLC39A10	ENSG00000196950.14	ENST00000409086.7	1	0	0	0	0	0	False	False	False
SF3A3	ENSG00000183431.12	ENST00000373019.5	1	2	0	0	0	2	True	False	True
RPS2	ENSG00000140988.16	ENST00000343262.9	2	57	2	0	0	59	True	True	True
ANXA1	ENSG00000135046.14	ENST00000376911.1	1	0	0	0	0	0	False	False	False
NUCKS1	ENSG00000069275.13	ENST00000367142.5	1	1	0	0	0	1	True	False	True
PAM	ENSG00000145730.20	ENST00000304400.11	1	0	0	0	0	0	False	False	False
RPLP0	ENSG00000089157.16	ENST00000551150.5	2	11	0	0	0	11	True	False	True
RPSA	ENSG00000168028.14	ENST00000301821.11	2	65	2	1	1	69	True	True	True
BRCA1	ENSG00000012048.23	ENST00000357654.9	1	0	0	0	0	0	False	False	False
CENPE	ENSG00000138778.13	ENST00000265148.9	1	0	0	0	0	0	False	False	False
NUP88	ENSG00000108559.12	ENST00000573584.6	1	0	0	0	0	0	False	False	False
SEC61A1	ENSG00000058262.10	ENST00000243253.8	1	1	0	0	0	1	True	False	True
RPS4X	ENSG00000198034.11	ENST00000316084.10	2	24	0	0	0	24	True	False	True
GNL3	ENSG00000163938.17	ENST00000418458.6	1	1	0	0	0	1	True	False	True
ME1	ENSG00000065833.9	ENST00000369705.4	1	0	0	0	0	0	False	False	False
CHD3	ENSG00000170004.17	ENST00000330494.12	1	0	0	0	0	0	False	False	False
GSTM5	ENSG00000134201.12	ENST00000256593.8	1	0	0	0	0	0	False	False	False
TRAP1	ENSG00000126602.11	ENST00000246957.10	1	0	0	0	0	0	False	False	False
RB1	ENSG00000139687.15	ENST00000267163.5	1	0	0	0	0	0	False	False	False
EGFR	ENSG00000146648.18	ENST00000275493.7	1	0	0	0	0	0	False	False	False
NAA15	ENSG00000164134.13	ENST00000296543.10	1	0	0	0	0	0	False	False	False
NPEPPS	ENSG00000141279.16	ENST00000322157.9	1	0	0	0	0	0	False	False	False
C9	ENSG00000113600.11	ENST00000263408.5	1	0	0	0	0	0	False	False	False
AL031777.2	ENSG00000282988.2	ENST00000635641.1	3	0	0	0	0	0	False	False	False
BAG6	ENSG00000204463.12	ENST00000211379.9	1	0	0	0	0	0	False	False	False
RPL19	ENSG00000108298.11	ENST00000225430.9	2	22	0	0	2	24	True	False	True
AC018523.2	ENSG00000256206.2	ENST00000555531.1	3	1	0	0	0	1	True	False	True
DDX24	ENSG00000089737.17	ENST00000621632.5	1	1	0	0	0	1	True	False	True
EIF3L	ENSG00000100129.18	ENST00000652021.1	1	3	0	0	0	3	True	False	True
NCAPG2	ENSG00000146918.20	ENST00000356309.8	1	0	0	0	0	0	False	False	False
CYP51A1	ENSG00000001630.17	ENST00000003100.13	2	3	0	0	0	3	True	False	True
PRPF19	ENSG00000110107.9	ENST00000227524.9	1	1	0	0	0	1	True	False	True
SUN1	ENSG00000164828.18	ENST00000405266.5	1	0	0	0	0	0	False	False	False
ZFR	ENSG00000056097.16	ENST00000265069.13	1	2	0	0	0	2	True	False	True
BASP1	ENSG00000176788.9	ENST00000322611.4	1	0	0	0	0	0	False	False	False
HSPE1-MOB4	ENSG00000270757.1	ENST00000604458.1	3	1	0	0	1	2	True	False	True
ATP2C1	ENSG00000017260.19	ENST00000359644.7	1	0	0	0	0	0	False	False	False
CLPTM1L	ENSG00000049656.14	ENST00000320895.10	1	1	0	0	0	1	True	False	True
RBM14-RBM4	ENSG00000248643.5	ENST00000412278.2	3	0	0	0	0	0	False	False	False
TUFM	ENSG00000178952.11	ENST00000313511.8	1	1	0	0	0	1	True	False	True
ADAM12	ENSG00000148848.14	ENST00000368679.8	1	0	0	0	0	0	False	False	False
NOC2L	ENSG00000188976.11	ENST00000327044.7	1	2	0	0	0	2	True	False	True
BUB1B	ENSG00000156970.13	ENST00000287598.11	1	0	0	0	0	0	False	False	False
NCOA4	ENSG00000266412.5	ENST00000581486.5	1	4	0	0	0	4	True	False	True
AC073610.2	ENSG00000272822.2	ENST00000398092.4	1	0	0	0	0	0	False	False	False
ILF2	ENSG00000143621.17	ENST00000361891.9	1	2	0	0	0	2	True	False	True
CS	ENSG00000062485.19	ENST00000351328.8	2	3	0	0	0	3	True	False	True
PSME4	ENSG00000068878.15	ENST00000404125.6	1	0	0	0	0	0	False	False	False
LARP1	ENSG00000155506.17	ENST00000336314.9	1	1	0	0	0	1	True	False	True
EEF1B2	ENSG00000114942.14	ENST00000392221.5	2	7	1	0	0	8	True	True	True
TNS3	ENSG00000136205.17	ENST00000311160.14	1	0	0	0	0	0	False	False	False
AP2M1	ENSG00000161203.13	ENST00000382456.7	1	0	0	0	0	0	False	False	False
MRC2	ENSG00000011028.14	ENST00000303375.10	1	0	0	0	0	0	False	False	False
NIBAN2	ENSG00000136830.12	ENST00000373312.4	1	0	0	0	0	0	False	False	False
TAX1BP1	ENSG00000106052.13	ENST00000396319.6	1	0	0	0	0	0	False	False	False
MARS1	ENSG00000166986.15	ENST00000262027.10	1	0	0	0	0	0	False	False	False
MCAM	ENSG00000076706.17	ENST00000264036.6	1	0	0	0	0	0	False	False	False
CTPS1	ENSG00000171793.16	ENST00000649124.1	1	0	0	0	0	0	False	False	False
FNDC3A	ENSG00000102531.16	ENST00000541916.5	1	1	0	0	0	1	True	False	True
CORO1C	ENSG00000110880.10	ENST00000261401.7	1	1	0	0	0	1	True	False	True
FLII	ENSG00000177731.16	ENST00000327031.9	1	0	0	0	0	0	False	False	False
NUSAP1	ENSG00000137804.14	ENST00000414849.6	3	0	0	0	0	0	False	False	False
CTNND1	ENSG00000198561.15	ENST00000361796.9	3	0	0	0	0	0	False	False	False
FH	ENSG00000091483.7	ENST00000366560.4	1	1	0	0	0	1	True	False	True
PLOD1	ENSG00000083444.17	ENST00000196061.5	1	0	0	0	0	0	False	False	False
DAG1	ENSG00000173402.12	ENST00000545947.5	1	0	0	0	0	0	False	False	False
EIF3D	ENSG00000100353.18	ENST00000216190.13	1	0	0	0	0	0	False	False	False
KYNU	ENSG00000115919.15	ENST00000264170.9	1	1	2	0	0	3	True	True	True
HNRNPDL	ENSG00000152795.17	ENST00000621267.4	1	3	1	0	1	5	True	True	True
CDC20	ENSG00000117399.14	ENST00000372462.1	1	1	0	0	0	1	True	False	True
HMGCR	ENSG00000113161.16	ENST00000287936.9	1	0	0	0	0	0	False	False	False
AKNAD1	ENSG00000162641.20	ENST00000370001.8	1	0	0	0	0	0	False	False	False
EIF3I	ENSG00000084623.11	ENST00000373586.1	1	2	0	0	0	2	True	False	True
LRRC59	ENSG00000108829.10	ENST00000225972.8	1	1	1	0	0	2	True	True	True
AC010132.3	ENSG00000256646.7	ENST00000442788.5	3	0	0	0	0	0	False	False	False
NACA	ENSG00000196531.13	ENST00000356769.7	1	6	0	0	1	7	True	False	True
HSD17B4	ENSG00000133835.17	ENST00000510025.7	1	1	0	0	0	1	True	False	True
RPL27A	ENSG00000166441.13	ENST00000314138.11	2	8	0	0	0	8	True	False	True
DHCR24	ENSG00000116133.13	ENST00000371269.9	1	0	0	0	0	0	False	False	False
PRCP	ENSG00000137509.11	ENST00000313010.8	1	1	0	0	0	1	True	False	True
DIMT1	ENSG00000086189.10	ENST00000199320.9	1	1	0	0	0	1	True	False	True
ADGRG1	ENSG00000205336.13	ENST00000568909.5	1	0	0	0	0	0	False	False	False
ATP5MF-PTCD1	ENSG00000248919.7	ENST00000413834.5	3	0	0	0	0	0	False	False	False
G6PD	ENSG00000160211.19	ENST00000393562.10	1	0	0	0	0	0	False	False	False
LAMA5	ENSG00000130702.15	ENST00000252999.7	1	0	0	0	0	0	False	False	False
USP5	ENSG00000111667.13	ENST00000389231.9	1	1	0	0	0	1	True	False	True
BMS1	ENSG00000165733.8	ENST00000374518.6	1	0	0	0	0	0	False	False	False
RAN	ENSG00000132341.12	ENST00000543796.6	2	8	0	0	0	8	True	False	True
ASNS	ENSG00000070669.17	ENST00000394308.8	1	2	0	0	0	2	True	False	True
UQCRC2	ENSG00000140740.11	ENST00000268379.9	1	2	0	0	0	2	True	False	True
PDCD6	ENSG00000249915.8	ENST00000264933.9	3	0	0	0	0	0	False	False	False
ACIN1	ENSG00000100813.14	ENST00000262710.5	1	0	0	0	0	0	False	False	False
ATP5PB	ENSG00000116459.11	ENST00000369722.8	1	8	0	0	0	8	True	False	True
PTPRK	ENSG00000152894.14	ENST00000368226.8	1	0	0	0	0	0	False	False	False
TAGLN2	ENSG00000158710.15	ENST00000368097.9	1	2	0	0	0	2	True	False	True
EHD2	ENSG00000024422.12	ENST00000263277.8	1	0	0	0	0	0	False	False	False
EIF4A3	ENSG00000141543.12	ENST00000649764.2	1	1	0	0	0	1	True	False	True
HFM1	ENSG00000162669.16	ENST00000370425.8	4	0	0	0	0	0	False	False	False
TBCA	ENSG00000171530.14	ENST00000380377.8	2	2	0	0	0	2	True	False	True
RPL17	ENSG00000265681.7	ENST00000579408.5	4	56	1	0	2	59	True	True	True
NKIRAS1	ENSG00000197885.10	ENST00000443659.6	2	0	0	0	0	0	False	False	False
YWHAB	ENSG00000166913.13	ENST00000372839.7	1	2	0	0	0	2	True	False	True
LIFR	ENSG00000113594.10	ENST00000453190.7	1	0	0	0	0	0	False	False	False
GLS	ENSG00000115419.13	ENST00000320717.8	1	0	0	0	0	0	False	False	False
TRAM1	ENSG00000067167.8	ENST00000262213.7	1	0	0	0	0	0	False	False	False
VDAC2	ENSG00000165637.13	ENST00000332211.10	2	7	0	0	0	7	True	False	True
AC017083.3	ENSG00000273398.6	ENST00000406334.3	3	0	0	0	0	0	False	False	False
KIAA0825	ENSG00000185261.14	ENST00000513200.7	1	0	0	0	0	0	False	False	False
KHDRBS1	ENSG00000121774.18	ENST00000327300.12	1	0	0	0	0	0	False	False	False
FAM120A	ENSG00000048828.17	ENST00000277165.11	1	0	0	0	0	0	False	False	False
DCAF6	ENSG00000143164.15	ENST00000367840.3	1	1	0	0	0	1	True	False	True
RRM2	ENSG00000171848.15	ENST00000641198.1	1	2	0	0	0	2	True	False	True
SPAG5	ENSG00000076382.17	ENST00000321765.10	1	0	0	0	0	0	False	False	False
U2AF2	ENSG00000063244.12	ENST00000450554.6	1	0	0	0	0	0	False	False	False
WDR6	ENSG00000178252.18	ENST00000608424.6	1	0	0	0	0	0	False	False	False
ABCD3	ENSG00000117528.14	ENST00000370214.9	1	0	0	0	0	0	False	False	False
ETF1	ENSG00000120705.13	ENST00000360541.10	1	4	0	0	0	4	True	False	True
CKAP4	ENSG00000136026.14	ENST00000378026.5	1	0	0	0	0	0	False	False	False
OLFM1	ENSG00000130558.19	ENST00000371793.7	1	0	0	0	0	0	False	False	False
AL139300.1	ENSG00000256500.6	ENST00000472726.3	3	0	0	0	0	0	False	False	False
ESYT1	ENSG00000139641.12	ENST00000394048.9	1	0	0	0	0	0	False	False	False
FKBP4	ENSG00000004478.8	ENST00000001008.6	1	5	0	0	0	5	True	False	True
UBA2	ENSG00000126261.13	ENST00000246548.9	1	3	0	0	0	3	True	False	True
ARID4B	ENSG00000054267.22	ENST00000264183.9	1	0	0	0	0	0	False	False	False
ACADM	ENSG00000117054.14	ENST00000370841.9	1	0	0	0	0	0	False	False	False
RCC1	ENSG00000180198.16	ENST00000373833.10	1	1	0	0	0	1	True	False	True
SLC25A5	ENSG00000005022.6	ENST00000317881.9	1	9	0	0	0	9	True	False	True
TOP1	ENSG00000198900.6	ENST00000361337.3	1	1	0	0	0	1	True	False	True
DSEL	ENSG00000171451.14	ENST00000310045.8	1	0	0	0	0	0	False	False	False
LAMP2	ENSG00000005893.16	ENST00000200639.9	1	0	0	0	0	0	False	False	False
TOR1AIP2	ENSG00000169905.12	ENST00000367612.7	3	0	0	0	0	0	False	False	False
CPD	ENSG00000108582.12	ENST00000225719.9	1	0	0	0	0	0	False	False	False
UQCRC1	ENSG00000010256.11	ENST00000203407.6	1	0	0	0	0	0	False	False	False
PSMC1	ENSG00000100764.14	ENST00000261303.13	2	13	0	0	0	13	True	False	True
HYOU1	ENSG00000149428.19	ENST00000617285.5	1	0	0	0	0	0	False	False	False
ADNP	ENSG00000101126.18	ENST00000371602.9	1	0	0	0	0	0	False	False	False
UBR5	ENSG00000104517.13	ENST00000220959.8	1	0	0	0	0	0	False	False	False
CD63	ENSG00000135404.11	ENST00000549117.5	1	0	0	0	0	0	False	False	False
GLB1	ENSG00000170266.16	ENST00000307363.10	1	0	0	0	0	0	False	False	False
ECT2	ENSG00000114346.13	ENST00000392692.7	1	1	0	0	0	1	True	False	True
EIF2S2	ENSG00000125977.7	ENST00000374980.3	2	6	0	0	0	6	True	False	True
TUSC3	ENSG00000104723.21	ENST00000382020.8	1	0	0	0	0	0	False	False	False
IGF1R	ENSG00000140443.15	ENST00000650285.1	1	0	0	0	0	0	False	False	False
HDAC2	ENSG00000196591.12	ENST00000519065.6	1	1	0	0	0	1	True	False	True
ATP7A	ENSG00000165240.20	ENST00000341514.11	1	0	0	0	0	0	False	False	False
MTOR	ENSG00000198793.13	ENST00000361445.9	1	0	0	0	0	0	False	False	False
AC036214.3	ENSG00000276418.5	ENST00000522938.5	3	0	0	0	0	0	False	False	False
TGFB1	ENSG00000105329.10	ENST00000221930.6	1	0	0	0	0	0	False	False	False
MAGED2	ENSG00000102316.17	ENST00000375053.6	1	0	0	0	0	0	False	False	False
MYBBP1A	ENSG00000132382.14	ENST00000254718.8	1	0	0	0	0	0	False	False	False
USP1	ENSG00000162607.13	ENST00000339950.5	1	0	0	0	0	0	False	False	False
LTBP1	ENSG00000049323.16	ENST00000404816.7	1	0	0	0	0	0	False	False	False
SAFB	ENSG00000160633.13	ENST00000592224.5	1	1	0	0	0	1	True	False	True
ADH5	ENSG00000197894.11	ENST00000296412.13	2	5	0	0	0	5	True	False	True
ATRX	ENSG00000085224.22	ENST00000373344.10	1	0	0	0	0	0	False	False	False
SPOCK1	ENSG00000152377.14	ENST00000394945.6	1	0	0	0	0	0	False	False	False
DSTN	ENSG00000125868.16	ENST00000246069.12	1	4	1	0	0	5	True	True	True
SCARB1	ENSG00000073060.16	ENST00000261693.11	1	1	0	0	0	1	True	False	True
CCDC47	ENSG00000108588.14	ENST00000225726.10	1	0	0	0	0	0	False	False	False
RPS7	ENSG00000171863.15	ENST00000462576.5	2	19	0	0	0	19	True	False	True
L1CAM	ENSG00000198910.14	ENST00000370060.7	1	0	0	0	0	0	False	False	False
HELLS	ENSG00000119969.15	ENST00000348459.10	1	0	0	0	0	0	False	False	False
PRKAR1A	ENSG00000108946.15	ENST00000392711.5	1	1	0	0	0	1	True	False	True
PSMD14	ENSG00000115233.12	ENST00000409682.8	1	1	0	0	0	1	True	False	True
TRIP13	ENSG00000071539.14	ENST00000166345.8	1	1	0	0	0	1	True	False	True
HEG1	ENSG00000173706.14	ENST00000311127.9	1	0	0	0	0	0	False	False	False
RACGAP1	ENSG00000161800.13	ENST00000427314.6	1	2	0	0	0	2	True	False	True
CD44	ENSG00000026508.19	ENST00000428726.8	1	0	0	0	0	0	False	False	False
MELK	ENSG00000165304.8	ENST00000298048.7	1	0	0	0	0	0	False	False	False
XPO6	ENSG00000169180.11	ENST00000304658.9	1	1	0	0	0	1	True	False	True
IMMT	ENSG00000132305.20	ENST00000449247.6	1	1	0	0	0	1	True	False	True
RCC2	ENSG00000179051.14	ENST00000375436.9	1	9	0	0	0	9	True	False	True
PCOLCE	ENSG00000106333.13	ENST00000223061.6	1	0	0	0	0	0	False	False	False
CBL	ENSG00000110395.7	ENST00000264033.6	1	0	0	0	0	0	False	False	False
PRKAA1	ENSG00000132356.11	ENST00000397128.6	1	0	0	0	0	0	False	False	False
ELP2	ENSG00000134759.14	ENST00000358232.11	1	0	0	0	0	0	False	False	False
G3BP2	ENSG00000138757.14	ENST00000359707.8	1	0	0	0	0	0	False	False	False
SH3D19	ENSG00000109686.18	ENST00000304527.8	2	0	0	0	0	0	False	False	False
H1-2	ENSG00000187837.4	ENST00000343677.4	1	0	0	0	0	0	False	False	False
TAF10	ENSG00000166337.10	ENST00000299424.9	1	2	0	0	0	2	True	False	True
IPO9	ENSG00000198700.10	ENST00000361565.9	1	0	0	0	0	0	False	False	False
PPP2R1A	ENSG00000105568.18	ENST00000322088.11	1	0	0	0	0	0	False	False	False
UBQLN1	ENSG00000135018.14	ENST00000376395.9	1	1	0	0	0	1	True	False	True
CAPZB	ENSG00000077549.19	ENST00000264202.8	1	0	0	0	0	0	False	False	False
GLA	ENSG00000102393.12	ENST00000218516.4	1	0	0	0	0	0	False	False	False
PFN1	ENSG00000108518.8	ENST00000225655.6	1	9	0	0	1	10	True	False	True
RPS24	ENSG00000138326.21	ENST00000645440.1	2	34	0	0	1	35	True	False	True
SEC16A	ENSG00000148396.18	ENST00000313050.11	1	0	0	0	0	0	False	False	False
CAD	ENSG00000084774.14	ENST00000264705.9	1	0	0	0	0	0	False	False	False
MCM5	ENSG00000100297.16	ENST00000216122.9	1	0	0	0	0	0	False	False	False
PSMA7	ENSG00000101182.15	ENST00000370873.9	1	1	0	0	0	1	True	False	True
WARS1	ENSG00000140105.18	ENST00000355338.6	1	0	0	0	0	0	False	False	False
RTN4	ENSG00000115310.18	ENST00000394609.6	1	0	0	0	0	0	False	False	False
CDK5RAP2	ENSG00000136861.18	ENST00000349780.9	1	0	0	0	0	0	False	False	False
HEXB	ENSG00000049860.14	ENST00000261416.12	1	0	0	0	0	0	False	False	False
HM13	ENSG00000101294.18	ENST00000340852.9	1	0	0	0	0	0	False	False	False
MTCH1	ENSG00000137409.19	ENST00000373627.9	1	2	0	0	0	2	True	False	True
RBMX	ENSG00000147274.14	ENST00000320676.11	4	5	0	0	0	5	True	False	True
APOO	ENSG00000184831.14	ENST00000379226.9	2	5	0	0	0	5	True	False	True
C1QBP	ENSG00000108561.8	ENST00000225698.8	1	2	0	0	1	3	True	False	True
MDH1	ENSG00000014641.20	ENST00000544381.4	1	2	0	0	0	2	True	False	True
UTP20	ENSG00000120800.5	ENST00000261637.5	1	0	0	0	0	0	False	False	False
ODC1	ENSG00000115758.13	ENST00000234111.9	1	2	0	0	0	2	True	False	True
PAIP1	ENSG00000172239.14	ENST00000436644.6	2	2	0	0	0	2	True	False	True
ATP6V1A	ENSG00000114573.10	ENST00000273398.8	1	0	0	0	0	0	False	False	False
SLC26A5	ENSG00000170615.15	ENST00000306312.8	1	0	0	0	0	0	False	False	False
SNX32	ENSG00000172803.18	ENST00000308342.7	1	0	0	0	0	0	False	False	False
JAK1	ENSG00000162434.13	ENST00000672434.1	1	0	0	0	0	0	False	False	False
PJA2	ENSG00000198961.10	ENST00000361189.7	1	0	0	0	0	0	False	False	False
SARS1	ENSG00000031698.13	ENST00000234677.7	1	0	0	0	0	0	False	False	False
AC116366.3	ENSG00000283782.2	ENST00000640655.2	3	0	0	0	0	0	False	False	False
THOC2	ENSG00000125676.20	ENST00000245838.13	1	0	0	0	0	0	False	False	False
ANAPC1	ENSG00000153107.13	ENST00000341068.8	2	0	0	0	0	0	False	False	False
ANP32A	ENSG00000140350.15	ENST00000465139.6	1	2	0	0	0	2	True	False	True
CBX3	ENSG00000122565.19	ENST00000337620.8	2	9	0	0	0	9	True	False	True
MAPK6	ENSG00000069956.12	ENST00000261845.7	1	5	0	0	0	5	True	False	True
TMOD3	ENSG00000138594.14	ENST00000308580.12	1	0	0	0	0	0	False	False	False
BIRC6	ENSG00000115760.14	ENST00000421745.6	1	0	0	0	0	0	False	False	False
SLC1A5	ENSG00000105281.12	ENST00000542575.6	1	0	0	0	0	0	False	False	False
CCAR1	ENSG00000060339.14	ENST00000265872.11	1	0	0	0	0	0	False	False	False
RECQL	ENSG00000004700.16	ENST00000444129.7	1	0	0	0	0	0	False	False	False
SEPTIN9	ENSG00000184640.18	ENST00000427177.6	1	0	0	0	0	0	False	False	False
SLC39A7	ENSG00000112473.18	ENST00000374677.8	1	0	0	0	0	0	False	False	False
HNRNPF	ENSG00000169813.16	ENST00000443950.6	1	1	0	0	0	1	True	False	True
CPT1A	ENSG00000110090.13	ENST00000265641.10	1	0	0	0	0	0	False	False	False
NUP93	ENSG00000102900.13	ENST00000308159.10	1	0	0	0	0	0	False	False	False
LGR4	ENSG00000205213.14	ENST00000379214.9	1	0	0	0	0	0	False	False	False
ACO1	ENSG00000122729.19	ENST00000309951.8	1	0	0	0	0	0	False	False	False
CPSF2	ENSG00000165934.13	ENST00000298875.9	1	0	0	0	0	0	False	False	False
YWHAQ	ENSG00000134308.14	ENST00000381844.8	1	9	0	0	0	9	True	False	True
GHITM	ENSG00000165678.21	ENST00000372134.6	1	0	0	0	0	0	False	False	False
IPO11	ENSG00000086200.16	ENST00000325324.10	1	0	0	0	0	0	False	False	False
MLH1	ENSG00000076242.16	ENST00000231790.8	1	0	0	0	0	0	False	False	False
NOP58	ENSG00000055044.11	ENST00000264279.10	1	1	0	0	0	1	True	False	True
PTGES3	ENSG00000110958.16	ENST00000262033.11	2	4	0	0	0	4	True	False	True
RABGAP1	ENSG00000011454.17	ENST00000373647.9	1	0	0	0	0	0	False	False	False
DTL	ENSG00000143476.18	ENST00000366991.5	1	0	0	0	0	0	False	False	False
RBM39	ENSG00000131051.24	ENST00000361162.10	1	1	0	0	0	1	True	False	True
USP22	ENSG00000124422.12	ENST00000261497.9	1	0	0	0	0	0	False	False	False
HMGCS1	ENSG00000112972.15	ENST00000325110.11	1	1	0	0	0	1	True	False	True
HNRNPAB	ENSG00000197451.12	ENST00000506259.5	1	1	0	0	0	1	True	False	True
RAP1B	ENSG00000127314.18	ENST00000250559.14	2	3	0	0	0	3	True	False	True
PSMA4	ENSG00000041357.16	ENST00000044462.12	1	1	0	0	0	1	True	False	True
SLC2A1	ENSG00000117394.23	ENST00000426263.9	1	0	1	0	0	1	False	True	True
SLC39A6	ENSG00000141424.13	ENST00000269187.10	1	0	0	0	0	0	False	False	False
ARHGAP17	ENSG00000140750.17	ENST00000289968.11	1	2	0	0	0	2	True	False	True
COL8A1	ENSG00000144810.16	ENST00000261037.7	1	0	0	0	0	0	False	False	False
ATL3	ENSG00000184743.13	ENST00000398868.8	1	0	0	0	0	0	False	False	False
SLC4A10	ENSG00000144290.17	ENST00000415876.6	2	0	0	0	0	0	False	False	False
UBB	ENSG00000170315.14	ENST00000614404.1	4	3	0	0	0	3	True	False	True
MRPL3	ENSG00000114686.9	ENST00000264995.8	1	0	1	0	0	1	False	True	True
PTGFRN	ENSG00000134247.10	ENST00000393203.3	1	0	0	0	0	0	False	False	False
PAK2	ENSG00000180370.10	ENST00000327134.7	1	1	0	0	0	1	True	False	True
RPS8	ENSG00000142937.12	ENST00000396651.8	2	7	0	0	0	7	True	False	True
AHCYL1	ENSG00000168710.18	ENST00000369799.10	1	0	0	0	0	0	False	False	False
ABCE1	ENSG00000164163.11	ENST00000296577.9	2	3	0	0	0	3	True	False	True
RPL14	ENSG00000188846.14	ENST00000396203.7	2	7	0	0	0	7	True	False	True
PGAM1	ENSG00000171314.9	ENST00000334828.6	4	14	0	0	0	14	True	False	True
HP1BP3	ENSG00000127483.19	ENST00000438032.6	1	0	0	0	0	0	False	False	False
PTPRS	ENSG00000105426.17	ENST00000587303.5	1	0	0	0	0	0	False	False	False
CSNK1A1	ENSG00000113712.18	ENST00000261798.10	1	3	0	0	0	3	True	False	True
MTRNR2L1	ENSG00000256618.2	ENST00000540040.2	1	0	0	0	0	0	False	False	False
AL035078.4	ENSG00000285283.1	ENST00000532942.5	4	0	0	0	0	0	False	False	False
CCNA2	ENSG00000145386.10	ENST00000618014.1	1	0	0	0	0	0	False	False	False
BZW2	ENSG00000136261.15	ENST00000433922.6	1	1	0	0	0	1	True	False	True
BRIX1	ENSG00000113460.13	ENST00000336767.6	1	1	0	0	0	1	True	False	True
GNB1	ENSG00000078369.18	ENST00000378609.9	1	0	0	0	0	0	False	False	False
INTS1	ENSG00000164880.16	ENST00000404767.8	1	0	0	0	0	0	False	False	False
SLC38A5	ENSG00000017483.15	ENST00000595796.5	1	0	0	0	0	0	False	False	False
EXOC3	ENSG00000180104.16	ENST00000512944.6	1	0	0	0	0	0	False	False	False
PPIB	ENSG00000166794.5	ENST00000300026.4	1	0	0	0	0	0	False	False	False
RCN1	ENSG00000049449.10	ENST00000054950.4	4	2	0	0	0	2	True	False	True
CEBPZ	ENSG00000115816.15	ENST00000234170.10	1	0	0	0	0	0	False	False	False
WDR3	ENSG00000065183.16	ENST00000349139.6	1	0	0	0	0	0	False	False	False
AHCY	ENSG00000101444.13	ENST00000217426.7	1	5	0	0	2	7	True	False	True
BUB3	ENSG00000154473.18	ENST00000368858.9	1	1	0	0	0	1	True	False	True
ASB3	ENSG00000115239.24	ENST00000263634.8	1	0	0	0	0	0	False	False	False
NOL11	ENSG00000130935.10	ENST00000253247.9	1	1	0	0	0	1	True	False	True
VMP1	ENSG00000062716.13	ENST00000262291.9	1	0	0	0	0	0	False	False	False
NAP1L4	ENSG00000205531.13	ENST00000380542.9	1	3	0	0	1	4	True	False	True
SF1	ENSG00000168066.20	ENST00000377390.7	1	0	0	0	0	0	False	False	False
AC079447.1	ENSG00000241962.9	ENST00000424491.5	1	1	0	0	0	1	True	False	True
RPL15	ENSG00000174748.22	ENST00000611050.4	2	23	0	0	0	23	True	False	True
MDH2	ENSG00000146701.12	ENST00000315758.10	1	0	0	0	0	0	False	False	False
TM4SF1	ENSG00000169908.12	ENST00000305366.8	1	0	0	0	0	0	False	False	False
DNAJC10	ENSG00000077232.18	ENST00000264065.12	1	0	0	0	0	0	False	False	False
WLS	ENSG00000116729.14	ENST00000262348.9	1	0	0	0	0	0	False	False	False
ITGA3	ENSG00000005884.18	ENST00000320031.13	1	1	0	0	0	1	True	False	True
AKR1C3	ENSG00000196139.14	ENST00000380554.5	1	0	0	0	0	0	False	False	False
CLSPN	ENSG00000092853.14	ENST00000318121.8	1	0	0	0	0	0	False	False	False
EPHX1	ENSG00000143819.12	ENST00000614058.4	1	0	0	0	0	0	False	False	False
AL135905.2	ENSG00000285976.2	ENST00000370651.7	3	0	0	0	0	0	False	False	False
PFAS	ENSG00000178921.14	ENST00000314666.11	1	0	0	0	0	0	False	False	False
PPIA	ENSG00000196262.14	ENST00000468812.6	2	82	0	0	3	85	True	False	True
AL136295.1	ENSG00000254692.1	ENST00000530611.1	3	0	0	0	0	0	False	False	False
PPP1R12A	ENSG00000058272.19	ENST00000450142.7	1	0	0	0	0	0	False	False	False
PLK1	ENSG00000166851.15	ENST00000300093.9	1	2	0	0	0	2	True	False	True
KLHL13	ENSG00000003096.14	ENST00000262820.7	1	0	0	0	0	0	False	False	False
SMG1	ENSG00000157106.17	ENST00000446231.7	2	0	0	0	0	0	False	False	False
LHFPL3	ENSG00000187416.12	ENST00000424859.6	2	0	0	0	0	0	False	False	False
BTBD3	ENSG00000132640.15	ENST00000399006.6	1	0	0	0	0	0	False	False	False
DNTTIP2	ENSG00000067334.14	ENST00000436063.7	1	0	0	0	0	0	False	False	False
TPP2	ENSG00000134900.12	ENST00000376065.8	1	0	0	0	0	0	False	False	False
PC	ENSG00000173599.15	ENST00000651854.1	1	0	0	0	0	0	False	False	False
RAB7A	ENSG00000075785.13	ENST00000265062.8	1	0	0	0	0	0	False	False	False
PSMA1	ENSG00000129084.17	ENST00000396394.6	3	1	0	0	0	1	True	False	True
STAU1	ENSG00000124214.19	ENST00000371856.6	1	0	1	0	0	1	False	True	True
AKR1B1	ENSG00000085662.14	ENST00000285930.9	1	9	0	0	0	9	True	False	True
EXOSC10	ENSG00000171824.14	ENST00000376936.9	1	0	0	0	0	0	False	False	False
SERINC1	ENSG00000111897.7	ENST00000339697.5	1	0	0	0	0	0	False	False	False
CORO7-PAM16	ENSG00000103426.12	ENST00000572467.5	1	0	0	0	0	0	False	False	False
OS9	ENSG00000135506.16	ENST00000315970.12	1	0	0	0	0	0	False	False	False
DKC1	ENSG00000130826.18	ENST00000369550.10	1	0	0	0	0	0	False	False	False
ADK	ENSG00000156110.14	ENST00000539909.6	1	0	0	0	0	0	False	False	False
CLINT1	ENSG00000113282.13	ENST00000523908.5	1	0	0	0	0	0	False	False	False
AFAP1	ENSG00000196526.10	ENST00000358461.6	1	0	0	0	0	0	False	False	False
C2orf88	ENSG00000187699.10	ENST00000340623.4	2	0	0	0	0	0	False	False	False
PPP2CA	ENSG00000113575.10	ENST00000481195.6	1	0	1	0	0	1	False	True	True
NME1	ENSG00000239672.7	ENST00000393196.7	3	1	0	0	0	1	True	False	True
PRORP	ENSG00000100890.16	ENST00000534898.9	3	0	0	0	0	0	False	False	False
GPC1	ENSG00000063660.9	ENST00000264039.7	1	0	0	0	0	0	False	False	False
LOXL2	ENSG00000134013.16	ENST00000389131.8	1	0	0	0	0	0	False	False	False
RAD1	ENSG00000113456.19	ENST00000382038.7	1	1	0	0	0	1	True	False	True
RPS14	ENSG00000164587.13	ENST00000401695.8	1	11	0	0	0	11	True	False	True
UBE4B	ENSG00000130939.20	ENST00000253251.12	1	0	0	0	0	0	False	False	False
ACKR3	ENSG00000144476.6	ENST00000272928.4	1	0	0	0	0	0	False	False	False
RPL24	ENSG00000114391.13	ENST00000394077.8	2	8	0	0	0	8	True	False	True
PICALM	ENSG00000073921.18	ENST00000393346.8	1	0	0	0	0	0	False	False	False
SRP72	ENSG00000174780.17	ENST00000642900.1	1	2	0	0	0	2	True	False	True
VARS1	ENSG00000204394.13	ENST00000375663.8	1	0	0	0	0	0	False	False	False
TBL1XR1	ENSG00000177565.18	ENST00000457928.7	1	0	1	0	0	1	False	True	True
UHRF1	ENSG00000276043.5	ENST00000620565.4	1	1	0	0	0	1	True	False	True
PDE10A	ENSG00000112541.16	ENST00000539869.3	3	0	0	0	0	0	False	False	False
NPLOC4	ENSG00000182446.14	ENST00000331134.11	1	0	0	0	0	0	False	False	False
RPS27A	ENSG00000143947.13	ENST00000272317.10	4	18	0	0	0	18	True	False	True
KDM5B	ENSG00000117139.18	ENST00000367265.9	1	0	0	0	0	0	False	False	False
ACAT2	ENSG00000120437.9	ENST00000367048.5	1	0	0	0	0	0	False	False	False
PCBP1	ENSG00000169564.7	ENST00000303577.7	1	2	0	0	0	2	True	False	True
HECTD1	ENSG00000092148.13	ENST00000399332.6	1	0	0	0	0	0	False	False	False
PIEZO2	ENSG00000154864.12	ENST00000503781.7	1	0	0	0	0	0	False	False	False
CNN2	ENSG00000064666.15	ENST00000263097.9	1	14	0	0	0	14	True	False	True
SRRM1	ENSG00000133226.17	ENST00000323848.14	1	3	0	0	0	3	True	False	True
RAB11A	ENSG00000103769.10	ENST00000261890.7	1	2	0	0	0	2	True	False	True
BSG	ENSG00000172270.20	ENST00000333511.9	1	0	0	0	0	0	False	False	False
MAT2A	ENSG00000168906.13	ENST00000306434.8	1	1	0	0	0	1	True	False	True
FANCD2	ENSG00000144554.10	ENST00000419585.5	1	0	0	0	0	0	False	False	False
NCOR1	ENSG00000141027.21	ENST00000268712.8	1	0	0	0	0	0	False	False	False
GTPBP4	ENSG00000107937.19	ENST00000360803.9	1	0	0	0	0	0	False	False	False
METAP2	ENSG00000111142.14	ENST00000323666.10	1	1	0	0	0	1	True	False	True
OTUD4	ENSG00000164164.17	ENST00000447906.8	2	1	0	0	0	1	True	False	True
P4HA3	ENSG00000149380.12	ENST00000331597.9	1	0	0	0	0	0	False	False	False
MFF	ENSG00000168958.20	ENST00000353339.7	1	3	0	0	1	4	True	False	True
CAVIN1	ENSG00000177469.13	ENST00000357037.6	1	0	0	0	0	0	False	False	False
PAFAH1B1	ENSG00000007168.13	ENST00000397195.10	1	3	0	0	0	3	True	False	True
CDC27	ENSG00000004897.12	ENST00000066544.8	2	3	0	0	8	11	True	False	True
CERS2	ENSG00000143418.19	ENST00000271688.10	1	0	0	0	0	0	False	False	False
CDC6	ENSG00000094804.12	ENST00000209728.9	1	0	0	0	0	0	False	False	False
SHMT2	ENSG00000182199.11	ENST00000328923.8	1	0	0	0	0	0	False	False	False
DDX42	ENSG00000198231.13	ENST00000578681.5	1	0	0	0	0	0	False	False	False
AK6	ENSG00000085231.14	ENST00000380822.9	1	8	0	0	0	8	True	False	True
TNKS2	ENSG00000107854.6	ENST00000371627.5	1	0	0	0	0	0	False	False	False
MTDH	ENSG00000147649.10	ENST00000336273.8	1	6	0	0	0	6	True	False	True
PUF60	ENSG00000179950.14	ENST00000526683.6	1	0	0	0	0	0	False	False	False
USP7	ENSG00000187555.16	ENST00000344836.9	1	2	0	0	0	2	True	False	True
ARCN1	ENSG00000095139.14	ENST00000264028.5	1	0	0	0	0	0	False	False	False
GRN	ENSG00000030582.18	ENST00000053867.8	1	0	0	0	0	0	False	False	False
ARHGAP11A	ENSG00000198826.11	ENST00000361627.8	1	0	0	0	0	0	False	False	False
CKAP2	ENSG00000136108.15	ENST00000378037.9	1	1	0	0	0	1	True	False	True
PSMD12	ENSG00000197170.10	ENST00000356126.8	1	1	1	0	0	2	True	True	True
CALM2	ENSG00000143933.18	ENST00000654798.1	1	5	0	0	1	6	True	False	True
EIF5	ENSG00000100664.11	ENST00000216554.8	1	1	1	0	0	2	True	True	True
WDR74	ENSG00000133316.15	ENST00000525239.5	1	0	0	0	0	0	False	False	False
DYNC1I2	ENSG00000077380.15	ENST00000340296.8	2	1	0	0	0	1	True	False	True
GSR	ENSG00000104687.14	ENST00000221130.11	1	0	0	0	0	0	False	False	False
SUCLA2	ENSG00000136143.16	ENST00000646932.1	2	3	0	0	0	3	True	False	True
NCBP1	ENSG00000136937.13	ENST00000375147.8	1	0	0	0	0	0	False	False	False
NCSTN	ENSG00000162736.17	ENST00000294785.10	1	0	0	0	0	0	False	False	False
WDR70	ENSG00000082068.9	ENST00000265107.9	1	1	0	0	0	1	True	False	True
IQGAP1	ENSG00000140575.13	ENST00000268182.10	1	0	0	0	0	0	False	False	False
FADS1	ENSG00000149485.19	ENST00000350997.12	1	0	0	0	0	0	False	False	False
CCNH	ENSG00000134480.16	ENST00000256897.9	1	1	0	0	0	1	True	False	True
CKB	ENSG00000166165.13	ENST00000348956.7	1	1	0	0	0	1	True	False	True
GPRC5A	ENSG00000013588.9	ENST00000014914.6	1	0	0	0	0	0	False	False	False
GBE1	ENSG00000114480.13	ENST00000429644.7	1	0	0	0	0	0	False	False	False
ATP9A	ENSG00000054793.14	ENST00000338821.6	1	0	0	0	0	0	False	False	False
NAT10	ENSG00000135372.9	ENST00000257829.8	1	0	0	0	0	0	False	False	False
USP11	ENSG00000102226.10	ENST00000218348.7	1	0	0	0	0	0	False	False	False
CDC42	ENSG00000070831.17	ENST00000648594.1	2	8	0	0	0	8	True	False	True
PSMD11	ENSG00000108671.11	ENST00000261712.8	1	0	0	0	0	0	False	False	False
ADGRE5	ENSG00000123146.20	ENST00000242786.6	1	0	0	0	0	0	False	False	False
PTPRJ	ENSG00000149177.13	ENST00000418331.7	1	0	0	0	0	0	False	False	False
AC007192.1	ENSG00000268173.3	ENST00000593731.1	3	0	0	0	0	0	False	False	False
PTMA	ENSG00000187514.16	ENST00000409115.7	2	0	0	0	0	0	False	False	False
PHIP	ENSG00000146247.14	ENST00000275034.5	1	0	0	0	0	0	False	False	False
PPT1	ENSG00000131238.17	ENST00000642050.1	1	0	0	0	0	0	False	False	False
SPINK6	ENSG00000178172.7	ENST00000621437.4	1	0	0	0	0	0	False	False	False
ATG10	ENSG00000152348.16	ENST00000282185.8	2	0	0	0	0	0	False	False	False
MFSD11	ENSG00000092931.11	ENST00000588460.5	1	0	0	0	0	0	False	False	False
AMBRA1	ENSG00000110497.14	ENST00000314845.7	2	0	0	0	0	0	False	False	False
RAD23B	ENSG00000119318.13	ENST00000358015.8	1	2	0	0	0	2	True	False	True
ANKRD28	ENSG00000206560.11	ENST00000399451.6	1	0	0	0	0	0	False	False	False
KIF4A	ENSG00000090889.12	ENST00000374403.4	1	0	0	0	0	0	False	False	False
MDN1	ENSG00000112159.12	ENST00000369393.8	1	0	0	0	0	0	False	False	False
PSMD3	ENSG00000108344.15	ENST00000264639.9	1	0	0	0	0	0	False	False	False
TACC3	ENSG00000013810.19	ENST00000313288.9	1	2	0	0	0	2	True	False	True
HCFC1	ENSG00000172534.14	ENST00000369984.4	1	0	0	0	0	0	False	False	False
P2RX5-TAX1BP3	ENSG00000257950.3	ENST00000550383.1	3	0	0	0	0	0	False	False	False
UBE3C	ENSG00000009335.18	ENST00000348165.10	1	0	0	0	0	0	False	False	False
CUL3	ENSG00000036257.13	ENST00000264414.9	1	0	0	0	0	0	False	False	False
ATP2B1	ENSG00000070961.15	ENST00000428670.7	1	0	1	0	0	1	False	True	True
ATP6V1D	ENSG00000100554.12	ENST00000216442.12	1	0	0	0	0	0	False	False	False
TAF1D	ENSG00000166012.17	ENST00000448108.7	1	0	0	0	0	0	False	False	False
TCF12	ENSG00000140262.18	ENST00000333725.10	1	0	0	0	0	0	False	False	False
PHF20	ENSG00000025293.17	ENST00000374012.8	1	0	0	0	0	0	False	False	False
PUM1	ENSG00000134644.15	ENST00000257075.9	1	0	0	0	0	0	False	False	False
PSMA2	ENSG00000106588.11	ENST00000223321.9	3	2	0	0	0	2	True	False	True
PSMB7	ENSG00000136930.13	ENST00000259457.8	1	1	0	0	0	1	True	False	True
ARL10	ENSG00000175414.7	ENST00000310389.6	1	0	0	0	0	0	False	False	False
PSMD4	ENSG00000159352.16	ENST00000368884.8	1	2	0	0	0	2	True	False	True
SLF1	ENSG00000133302.13	ENST00000265140.10	1	0	0	0	0	0	False	False	False
HSPB1	ENSG00000106211.9	ENST00000248553.7	1	2	0	0	0	2	True	False	True
SKP2	ENSG00000145604.16	ENST00000274255.11	1	1	0	0	0	1	True	False	True
AC135178.3	ENSG00000263809.1	ENST00000582471.1	4	0	0	0	0	0	False	False	False
INTS13	ENSG00000064102.15	ENST00000261191.12	1	0	0	0	0	0	False	False	False
CLIC4	ENSG00000169504.15	ENST00000374379.9	1	3	0	0	0	3	True	False	True
RBM25	ENSG00000119707.14	ENST00000261973.12	1	0	0	0	0	0	False	False	False
TNPO3	ENSG00000064419.13	ENST00000265388.9	1	1	0	0	0	1	True	False	True
ANP32B	ENSG00000136938.9	ENST00000339399.5	1	3	0	0	0	3	True	False	True
ETFA	ENSG00000140374.16	ENST00000557943.6	1	0	0	0	0	0	False	False	False
IGFBP7	ENSG00000163453.11	ENST00000295666.6	1	0	0	0	0	0	False	False	False
AFF4	ENSG00000072364.13	ENST00000265343.10	1	1	0	0	0	1	True	False	True
CYFIP1	ENSG00000273749.5	ENST00000617928.5	1	0	0	0	0	0	False	False	False
STAG1	ENSG00000118007.13	ENST00000383202.7	1	0	0	0	0	0	False	False	False
ARFGEF1	ENSG00000066777.9	ENST00000262215.8	1	0	0	0	0	0	False	False	False
GSTM3	ENSG00000134202.11	ENST00000361066.7	1	2	0	0	0	2	True	False	True
PHKB	ENSG00000102893.16	ENST00000566044.5	1	1	1	0	0	2	True	True	True
RPL23A	ENSG00000198242.14	ENST00000422514.7	2	93	1	0	2	96	True	True	True
SAMM50	ENSG00000100347.15	ENST00000350028.5	1	1	0	0	0	1	True	False	True
DNM1	ENSG00000106976.21	ENST00000372923.8	1	0	2	0	0	2	False	True	True
PCM1	ENSG00000078674.17	ENST00000519253.5	1	0	0	0	0	0	False	False	False
PCNP	ENSG00000081154.12	ENST00000265260.8	2	6	0	0	0	6	True	False	True
RPS5	ENSG00000083845.9	ENST00000596046.1	1	8	0	0	0	8	True	False	True
SRSF1	ENSG00000136450.13	ENST00000258962.5	3	0	0	0	0	0	False	False	False
AC015813.2	ENSG00000266086.3	ENST00000578794.2	3	0	0	0	0	0	False	False	False
EIF2S3B	ENSG00000180574.3	ENST00000538173.1	4	0	0	0	0	0	False	False	False
PTPRF	ENSG00000142949.17	ENST00000438120.5	1	0	0	0	0	0	False	False	False
RPL10A	ENSG00000198755.11	ENST00000322203.7	2	14	0	0	0	14	True	False	True
AC098588.2	ENSG00000285713.1	ENST00000649263.1	2	0	0	0	0	0	False	False	False
MMADHC	ENSG00000168288.13	ENST00000428879.5	1	2	0	0	0	2	True	False	True
FTH1	ENSG00000167996.16	ENST00000273550.12	2	21	3	0	1	25	True	True	True
NUP214	ENSG00000126883.17	ENST00000359428.10	1	0	0	0	0	0	False	False	False
PDHA1	ENSG00000131828.14	ENST00000422285.7	1	1	0	0	0	1	True	False	True
ACTC1	ENSG00000159251.8	ENST00000290378.6	1	0	0	0	0	0	False	False	False
ALDH1B1	ENSG00000137124.8	ENST00000377698.4	1	0	0	0	0	0	False	False	False
GOLIM4	ENSG00000173905.9	ENST00000470487.6	1	0	0	0	0	0	False	False	False
HDGF	ENSG00000143321.19	ENST00000357325.10	1	1	0	0	0	1	True	False	True
GLUD1	ENSG00000148672.9	ENST00000277865.5	4	2	0	0	0	2	True	False	True
PCNA	ENSG00000132646.11	ENST00000379160.3	1	3	0	0	0	3	True	False	True
RTRAF	ENSG00000087302.9	ENST00000261700.8	1	2	0	0	0	2	True	False	True
MSH2	ENSG00000095002.15	ENST00000233146.7	1	0	0	0	0	0	False	False	False
FDFT1	ENSG00000079459.13	ENST00000618539.4	1	0	0	0	0	0	False	False	False
RTN3	ENSG00000133318.14	ENST00000537981.5	1	2	0	0	0	2	True	False	True
SRGAP2	ENSG00000266028.7	ENST00000573034.7	4	0	0	0	0	0	False	False	False
WDR47	ENSG00000085433.15	ENST00000369962.7	4	0	0	0	0	0	False	False	False
SEC13	ENSG00000157020.18	ENST00000350697.8	1	1	0	0	1	2	True	False	True
HERC4	ENSG00000148634.15	ENST00000373700.8	1	0	0	0	0	0	False	False	False
EIF4H	ENSG00000106682.14	ENST00000353999.6	2	2	0	0	0	2	True	False	True
FBLN5	ENSG00000140092.14	ENST00000342058.8	1	0	0	0	0	0	False	False	False
SF3A1	ENSG00000099995.19	ENST00000215793.13	1	0	0	0	0	0	False	False	False
ZNF609	ENSG00000180357.9	ENST00000326648.4	2	0	0	0	0	0	False	False	False
ALDH7A1	ENSG00000164904.18	ENST00000409134.8	1	4	0	0	0	4	True	False	True
RPL26	ENSG00000161970.15	ENST00000584164.6	4	34	0	0	0	34	True	False	True
CDC5L	ENSG00000096401.8	ENST00000371477.4	1	0	0	0	0	0	False	False	False
DEK	ENSG00000124795.17	ENST00000652689.1	1	0	0	0	0	0	False	False	False
EIF3H	ENSG00000147677.11	ENST00000521861.6	1	0	0	0	0	0	False	False	False
CYB5R3	ENSG00000100243.21	ENST00000352397.10	1	0	0	0	0	0	False	False	False
DNAJC7	ENSG00000168259.17	ENST00000457167.9	1	1	0	0	0	1	True	False	True
EEF1A2	ENSG00000101210.12	ENST00000217182.6	1	15	0	0	0	15	True	False	True
GEMIN5	ENSG00000082516.9	ENST00000285873.8	1	0	0	0	0	0	False	False	False
KPNA4	ENSG00000186432.9	ENST00000334256.9	1	1	0	0	0	1	True	False	True
RPL28	ENSG00000108107.15	ENST00000344063.7	2	6	0	0	1	7	True	False	True
APEX1	ENSG00000100823.12	ENST00000216714.8	1	0	0	0	0	0	False	False	False
WASHC2A	ENSG00000099290.17	ENST00000282633.10	4	0	0	0	0	0	False	False	False
CNN3	ENSG00000117519.16	ENST00000370206.9	1	1	0	0	2	3	True	False	True
USP14	ENSG00000101557.15	ENST00000261601.8	1	0	0	0	0	0	False	False	False
RHEB	ENSG00000106615.10	ENST00000262187.10	2	0	2	0	0	2	False	True	True
SURF4	ENSG00000148248.14	ENST00000371989.8	1	0	0	0	0	0	False	False	False
GNL2	ENSG00000134697.13	ENST00000373062.8	1	1	0	0	0	1	True	False	True
RHOBTB3	ENSG00000164292.13	ENST00000379982.8	1	0	0	0	0	0	False	False	False
SIK1B	ENSG00000275993.3	ENST00000613488.3	4	0	0	0	0	0	False	False	False
NFE2L1	ENSG00000082641.16	ENST00000357480.9	1	0	0	0	0	0	False	False	False
AF241726.2	ENSG00000250349.3	ENST00000465127.1	1	0	0	0	0	0	False	False	False
MRPS30	ENSG00000112996.11	ENST00000507110.6	1	0	0	0	0	0	False	False	False
SACS	ENSG00000151835.16	ENST00000382292.9	1	1	0	0	0	1	True	False	True
SPECC1	ENSG00000128487.16	ENST00000261503.9	1	0	0	0	0	0	False	False	False
SIK1	ENSG00000142178.9	ENST00000270162.8	4	0	0	0	0	0	False	False	False
AC020915.5	ENSG00000283515.1	ENST00000637233.1	3	0	0	0	0	0	False	False	False
HDAC1	ENSG00000116478.12	ENST00000373548.8	1	2	0	0	0	2	True	False	True
NOTCH3	ENSG00000074181.9	ENST00000263388.7	1	0	0	0	0	0	False	False	False
SMPD4	ENSG00000136699.19	ENST00000409031.5	1	0	0	0	0	0	False	False	False
STOM	ENSG00000148175.13	ENST00000286713.7	1	1	0	0	0	1	True	False	True
CAPZA1	ENSG00000116489.13	ENST00000263168.4	1	6	0	0	0	6	True	False	True
HACD3	ENSG00000074696.13	ENST00000261875.10	1	0	0	0	0	0	False	False	False
CHD1	ENSG00000153922.10	ENST00000614616.4	1	0	0	0	0	0	False	False	False
KDELR2	ENSG00000136240.10	ENST00000258739.9	1	0	0	0	0	0	False	False	False
DDX23	ENSG00000174243.10	ENST00000308025.8	1	1	0	0	0	1	True	False	True
SLTM	ENSG00000137776.17	ENST00000380516.7	1	0	0	0	0	0	False	False	False
ANP32E	ENSG00000143401.15	ENST00000583931.6	1	0	0	0	0	0	False	False	False
TCOF1	ENSG00000070814.22	ENST00000643257.2	1	0	0	0	0	0	False	False	False
VIRMA	ENSG00000164944.12	ENST00000297591.10	1	1	0	0	0	1	True	False	True
WDR36	ENSG00000134987.11	ENST00000513710.3	1	0	0	0	0	0	False	False	False
ZMPSTE24	ENSG00000084073.9	ENST00000372759.4	1	0	0	0	0	0	False	False	False
ATP1B3	ENSG00000069849.11	ENST00000286371.8	1	1	0	0	0	1	True	False	True
CEP170	ENSG00000143702.16	ENST00000366542.6	2	0	0	0	0	0	False	False	False
GFM1	ENSG00000168827.15	ENST00000486715.6	1	0	0	0	0	0	False	False	False
XPO7	ENSG00000130227.17	ENST00000252512.14	1	0	0	0	0	0	False	False	False
DNAJC21	ENSG00000168724.17	ENST00000648817.1	1	0	0	0	0	0	False	False	False
FKBP9	ENSG00000122642.11	ENST00000242209.9	2	0	0	0	0	0	False	False	False
ERGIC3	ENSG00000125991.19	ENST00000348547.6	1	0	0	0	0	0	False	False	False
YARS2	ENSG00000139131.13	ENST00000324868.13	1	0	0	0	0	0	False	False	False
GNS	ENSG00000135677.11	ENST00000258145.8	1	0	0	0	0	0	False	False	False
H3-2	ENSG00000273213.3	ENST00000609879.2	4	0	0	0	0	0	False	False	False
SHOC2	ENSG00000108061.12	ENST00000369452.9	1	0	0	0	0	0	False	False	False
HSPA4L	ENSG00000164070.12	ENST00000296464.9	1	0	0	0	0	0	False	False	False
PTDSS1	ENSG00000156471.13	ENST00000517309.6	1	0	0	0	0	0	False	False	False
TAOK3	ENSG00000135090.14	ENST00000392533.8	2	0	0	0	0	0	False	False	False
DPY19L1	ENSG00000173852.14	ENST00000638088.1	1	0	0	0	0	0	False	False	False
RPL13A	ENSG00000142541.17	ENST00000391857.9	2	25	1	0	0	26	True	True	True
TRABD2A	ENSG00000186854.11	ENST00000409520.7	1	0	0	0	0	0	False	False	False
EIF2S1	ENSG00000134001.14	ENST00000256383.10	1	0	0	0	0	0	False	False	False
FNDC3B	ENSG00000075420.13	ENST00000415807.7	1	0	0	0	0	0	False	False	False
MAPRE1	ENSG00000101367.9	ENST00000375571.6	1	3	0	0	0	3	True	False	True
TRA2B	ENSG00000136527.18	ENST00000453386.7	1	0	0	0	0	0	False	False	False
FARSB	ENSG00000116120.11	ENST00000281828.8	1	1	0	0	0	1	True	False	True
IWS1	ENSG00000163166.15	ENST00000295321.9	1	0	0	0	0	0	False	False	False
PPP1R15B	ENSG00000158615.9	ENST00000367188.5	1	0	0	0	0	0	False	False	False
ZNF207	ENSG00000010244.18	ENST00000394670.8	1	1	0	0	0	1	True	False	True
HLTF	ENSG00000071794.16	ENST00000310053.10	1	0	0	0	0	0	False	False	False
NUP133	ENSG00000069248.12	ENST00000261396.6	1	0	0	0	0	0	False	False	False
DLGAP5	ENSG00000126787.13	ENST00000247191.7	1	2	0	0	0	2	True	False	True
NDC1	ENSG00000058804.12	ENST00000371429.4	1	0	0	0	0	0	False	False	False
STK17A	ENSG00000164543.7	ENST00000319357.6	1	0	0	0	0	0	False	False	False
NFE2L2	ENSG00000116044.16	ENST00000397062.8	1	0	0	0	0	0	False	False	False
SERPINE2	ENSG00000135919.13	ENST00000409840.7	1	1	0	0	0	1	True	False	True
GSTP1	ENSG00000084207.18	ENST00000398606.10	1	1	0	0	0	1	True	False	True
MTA2	ENSG00000149480.7	ENST00000278823.7	1	0	0	0	0	0	False	False	False
EPB41L2	ENSG00000079819.19	ENST00000368128.6	1	0	0	0	0	0	False	False	False
MARCHF1	ENSG00000145416.13	ENST00000503008.5	2	0	0	0	0	0	False	False	False
PLEKHA5	ENSG00000052126.14	ENST00000299275.10	1	0	0	0	0	0	False	False	False
RPL11	ENSG00000142676.14	ENST00000374550.8	1	6	0	0	0	6	True	False	True
ACTL6A	ENSG00000136518.17	ENST00000429709.7	1	1	0	0	0	1	True	False	True
RICTOR	ENSG00000164327.13	ENST00000357387.8	1	0	0	0	0	0	False	False	False
UNC45A	ENSG00000140553.18	ENST00000418476.2	1	0	0	0	0	0	False	False	False
DCAF13	ENSG00000164934.14	ENST00000612750.5	1	3	0	0	0	3	True	False	True
DDX18	ENSG00000088205.13	ENST00000263239.7	1	7	0	0	0	7	True	False	True
DNASE1	ENSG00000213918.10	ENST00000407479.5	1	0	0	0	0	0	False	False	False
MBNL1	ENSG00000152601.17	ENST00000282486.10	1	0	0	0	0	0	False	False	False
SLC7A1	ENSG00000139514.13	ENST00000380752.10	1	0	0	0	0	0	False	False	False
LAS1L	ENSG00000001497.16	ENST00000374811.7	1	0	0	0	0	0	False	False	False
SRSF11	ENSG00000116754.13	ENST00000370950.7	1	0	0	0	0	0	False	False	False
AHNAK2	ENSG00000185567.7	ENST00000333244.6	1	0	0	0	0	0	False	False	False
HAT1	ENSG00000128708.13	ENST00000264108.5	1	1	0	0	0	1	True	False	True
NNMT	ENSG00000166741.7	ENST00000535401.5	1	0	0	0	0	0	False	False	False
PRUNE2	ENSG00000106772.18	ENST00000376718.8	1	0	0	0	0	0	False	False	False
TBCE	ENSG00000285053.1	ENST00000644604.1	3	0	0	0	0	0	False	False	False
BPTF	ENSG00000171634.18	ENST00000644067.1	1	0	0	0	0	0	False	False	False
GAREM1	ENSG00000141441.16	ENST00000269209.7	4	0	0	0	0	0	False	False	False
SLC25A13	ENSG00000004864.14	ENST00000265631.10	1	1	0	0	0	1	True	False	True
DHX8	ENSG00000067596.12	ENST00000262415.8	1	0	0	0	0	0	False	False	False
LTA4H	ENSG00000111144.10	ENST00000228740.7	1	0	0	0	0	0	False	False	False
NDUFA9	ENSG00000139180.11	ENST00000266544.10	3	1	0	0	0	1	True	False	True
TOPBP1	ENSG00000163781.14	ENST00000260810.10	1	0	0	0	0	0	False	False	False
SCP2	ENSG00000116171.19	ENST00000371514.8	1	1	0	0	0	1	True	False	True
ACO2	ENSG00000100412.16	ENST00000216254.9	1	4	0	0	0	4	True	False	True
CDK1	ENSG00000170312.16	ENST00000395284.8	1	0	0	0	0	0	False	False	False
PSMB4	ENSG00000159377.11	ENST00000290541.7	1	0	0	0	0	0	False	False	False
AC005833.1	ENSG00000255639.3	ENST00000648836.1	3	0	0	0	0	0	False	False	False
SUB1	ENSG00000113387.12	ENST00000265073.9	1	4	0	0	0	4	True	False	True
TASOR	ENSG00000163946.13	ENST00000355628.9	1	0	0	0	0	0	False	False	False
WASHC2C	ENSG00000172661.18	ENST00000623400.3	4	0	0	0	0	0	False	False	False
NUCB2	ENSG00000070081.17	ENST00000529010.6	1	0	0	0	0	0	False	False	False
TANC1	ENSG00000115183.15	ENST00000263635.8	1	0	0	0	0	0	False	False	False
SAR1A	ENSG00000079332.15	ENST00000373242.6	1	2	0	0	0	2	True	False	True
ANKLE2	ENSG00000176915.15	ENST00000357997.10	1	0	0	0	0	0	False	False	False
CREB3L2	ENSG00000182158.15	ENST00000330387.11	1	0	0	0	0	0	False	False	False
RAD50	ENSG00000113522.14	ENST00000378823.8	3	0	0	0	0	0	False	False	False
ACSL4	ENSG00000068366.20	ENST00000340800.6	1	0	0	0	0	0	False	False	False
CDKN2A	ENSG00000147889.17	ENST00000304494.9	1	0	0	0	0	0	False	False	False
COPS2	ENSG00000166200.15	ENST00000388901.10	1	0	0	0	0	0	False	False	False
RANBP1	ENSG00000099901.17	ENST00000430524.6	2	4	0	0	1	5	True	False	True
C1S	ENSG00000182326.15	ENST00000406697.5	1	0	0	0	0	0	False	False	False
DOCK1	ENSG00000150760.12	ENST00000280333.9	1	0	0	0	0	0	False	False	False
SMAD2	ENSG00000175387.16	ENST00000356825.8	1	0	0	0	0	0	False	False	False
XRN2	ENSG00000088930.8	ENST00000377191.5	1	0	0	0	0	0	False	False	False
HTT	ENSG00000197386.12	ENST00000355072.10	1	0	0	0	0	0	False	False	False
PRDX6	ENSG00000117592.9	ENST00000340385.6	1	2	0	0	0	2	True	False	True
AC008695.1	ENSG00000273217.1	ENST00000514667.1	3	0	0	0	0	0	False	False	False
AURKA	ENSG00000087586.17	ENST00000347343.6	1	1	0	0	0	1	True	False	True
GGT1	ENSG00000286070.1	ENST00000248923.9	1	0	0	0	0	0	False	False	False
RO60	ENSG00000116747.12	ENST00000367446.7	1	0	0	0	0	0	False	False	False
BTF3	ENSG00000145741.15	ENST00000380591.7	2	16	0	0	1	17	True	False	True
DRG1	ENSG00000185721.13	ENST00000331457.9	1	2	0	0	0	2	True	False	True
LOX	ENSG00000113083.14	ENST00000231004.5	1	0	0	0	0	0	False	False	False
NIPSNAP2	ENSG00000146729.10	ENST00000322090.8	1	3	0	0	0	3	True	False	True
MRPS27	ENSG00000113048.16	ENST00000261413.9	1	0	0	0	0	0	False	False	False
TSC22D1	ENSG00000102804.15	ENST00000261489.6	1	0	0	0	0	0	False	False	False
PHB	ENSG00000167085.11	ENST00000614445.4	2	21	0	0	0	21	True	False	True
AC022414.1	ENSG00000284762.1	ENST00000646262.1	2	0	0	0	0	0	False	False	False
ADSL	ENSG00000239900.12	ENST00000623063.3	3	0	0	0	0	0	False	False	False
DIAPH1	ENSG00000131504.17	ENST00000518047.5	1	0	0	0	0	0	False	False	False
DPYD	ENSG00000188641.14	ENST00000370192.8	1	0	0	0	0	0	False	False	False
MXD3	ENSG00000213347.10	ENST00000439742.6	1	0	0	0	0	0	False	False	False
RPL13	ENSG00000167526.13	ENST00000311528.9	2	14	0	0	0	14	True	False	True
CACYBP	ENSG00000116161.18	ENST00000367679.7	2	3	0	0	0	3	True	False	True
PPP1CA	ENSG00000172531.15	ENST00000376745.9	1	1	0	0	0	1	True	False	True
AP001273.2	ENSG00000284057.1	ENST00000638767.1	3	0	0	0	0	0	False	False	False
IVNS1ABP	ENSG00000116679.16	ENST00000367498.8	1	0	0	0	0	0	False	False	False
TARDBP	ENSG00000120948.18	ENST00000240185.8	3	1	0	0	1	2	True	False	True
NUP153	ENSG00000124789.12	ENST00000262077.3	1	0	0	0	0	0	False	False	False
PSMB3	ENSG00000277791.5	ENST00000619426.5	1	2	0	0	0	2	True	False	True
QARS1	ENSG00000172053.18	ENST00000306125.12	1	0	0	0	0	0	False	False	False
AP002884.2	ENSG00000255292.8	ENST00000532699.1	1	0	0	0	0	0	False	False	False
DIS3	ENSG00000083520.15	ENST00000377767.9	1	0	0	0	0	0	False	False	False
KYAT3	ENSG00000137944.18	ENST00000260508.9	1	0	0	0	0	0	False	False	False
PSMD7	ENSG00000103035.11	ENST00000219313.9	1	4	0	0	0	4	True	False	True
SPIN1	ENSG00000106723.17	ENST00000375859.4	1	0	0	0	0	0	False	False	False
KDM3B	ENSG00000120733.14	ENST00000314358.10	1	0	0	0	0	0	False	False	False
KIF2C	ENSG00000142945.13	ENST00000372224.9	1	1	0	0	0	1	True	False	True
PMPCA	ENSG00000165688.12	ENST00000371717.8	1	1	0	0	0	1	True	False	True
PUM3	ENSG00000080608.10	ENST00000397885.3	1	1	0	0	0	1	True	False	True
TAF7	ENSG00000178913.8	ENST00000313368.8	1	0	0	0	0	0	False	False	False
CDK6	ENSG00000105810.10	ENST00000424848.3	1	0	0	0	0	0	False	False	False
ELF2	ENSG00000109381.20	ENST00000394235.6	1	4	0	0	0	4	True	False	True
PSMC6	ENSG00000100519.12	ENST00000612399.4	2	3	0	0	0	3	True	False	True
RANGAP1	ENSG00000100401.19	ENST00000455915.6	1	0	0	0	0	0	False	False	False
AC048338.1	ENSG00000256861.1	ENST00000535844.1	3	0	0	0	0	0	False	False	False
CSF1R	ENSG00000182578.13	ENST00000286301.7	2	0	0	0	0	0	False	False	False
LUC7L3	ENSG00000108848.16	ENST00000505658.6	1	0	0	0	1	1	False	False	True
NCAPD3	ENSG00000151503.13	ENST00000534548.7	1	0	0	0	0	0	False	False	False
AL109811.3	ENSG00000277726.4	ENST00000614757.4	3	0	0	0	0	0	False	False	False
IDH1	ENSG00000138413.13	ENST00000415913.5	1	1	0	0	0	1	True	False	True
PSAT1	ENSG00000135069.14	ENST00000376588.4	1	4	0	0	0	4	True	False	True
RPL27	ENSG00000131469.15	ENST00000589913.6	1	14	1	0	0	15	True	True	True
MTCH2	ENSG00000109919.10	ENST00000302503.8	1	4	0	0	0	4	True	False	True
COPS3	ENSG00000141030.13	ENST00000268717.10	1	1	0	0	0	1	True	False	True
IQCG	ENSG00000114473.14	ENST00000265239.11	1	0	0	0	0	0	False	False	False
LONP2	ENSG00000102910.14	ENST00000285737.9	1	0	0	0	0	0	False	False	False
FAT4	ENSG00000196159.12	ENST00000394329.8	1	0	0	0	0	0	False	False	False
MAP3K20	ENSG00000091436.17	ENST00000375213.8	1	0	0	0	0	0	False	False	False
NBR1	ENSG00000188554.14	ENST00000341165.10	1	0	0	0	0	0	False	False	False
RTCB	ENSG00000100220.12	ENST00000216038.6	1	0	0	0	0	0	False	False	False
METTL5	ENSG00000138382.15	ENST00000260953.10	1	4	0	0	0	4	True	False	True
AC012184.2	ENSG00000260537.2	ENST00000443119.7	3	1	0	0	0	1	True	False	True
COL7A1	ENSG00000114270.17	ENST00000328333.12	1	0	0	0	0	0	False	False	False
LRP5	ENSG00000162337.12	ENST00000294304.12	1	0	0	0	0	0	False	False	False
NDUFS2	ENSG00000158864.12	ENST00000367993.7	1	0	0	0	0	0	False	False	False
ZMYM4	ENSG00000146463.12	ENST00000314607.11	1	2	0	0	0	2	True	False	True
CAND2	ENSG00000144712.12	ENST00000456430.6	2	0	0	0	0	0	False	False	False
HEXA	ENSG00000213614.10	ENST00000268097.10	1	0	0	0	0	0	False	False	False
SPART	ENSG00000133104.14	ENST00000451493.5	1	0	0	0	0	0	False	False	False
APEH	ENSG00000164062.13	ENST00000296456.10	1	0	0	0	0	0	False	False	False
ARPC2	ENSG00000163466.16	ENST00000295685.14	1	0	0	0	0	0	False	False	False
WDR43	ENSG00000163811.12	ENST00000407426.8	1	0	0	0	0	0	False	False	False
PLAA	ENSG00000137055.15	ENST00000397292.8	1	0	0	0	0	0	False	False	False
IGF2BP3	ENSG00000136231.14	ENST00000258729.8	1	2	0	0	0	2	True	False	True
OGA	ENSG00000198408.14	ENST00000361464.8	1	0	0	0	0	0	False	False	False
SORD	ENSG00000140263.15	ENST00000267814.14	2	1	0	0	0	1	True	False	True
FKBP10	ENSG00000141756.19	ENST00000321562.9	1	0	0	0	0	0	False	False	False
ITPRID2	ENSG00000138434.17	ENST00000431877.7	1	0	0	0	0	0	False	False	False
TAGLN	ENSG00000149591.17	ENST00000392951.9	1	0	0	0	0	0	False	False	False
AC005837.2	ENSG00000267168.1	ENST00000587459.1	1	0	0	0	0	0	False	False	False
RBFOX2	ENSG00000100320.23	ENST00000438146.7	1	0	0	0	0	0	False	False	False
SEPTIN11	ENSG00000138758.11	ENST00000264893.10	1	0	0	0	0	0	False	False	False
GOLGB1	ENSG00000173230.15	ENST00000393667.7	1	0	0	0	0	0	False	False	False
RPS9	ENSG00000170889.14	ENST00000391752.5	2	3	0	0	0	3	True	False	True
PLOD3	ENSG00000106397.12	ENST00000223127.8	1	0	0	0	0	0	False	False	False
ABCC3	ENSG00000108846.16	ENST00000285238.13	1	0	0	0	0	0	False	False	False
PRKCA	ENSG00000154229.12	ENST00000413366.8	1	0	0	0	0	0	False	False	False
RPS23	ENSG00000186468.13	ENST00000296674.13	2	7	2	0	0	9	True	True	True
EBNA1BP2	ENSG00000117395.12	ENST00000431635.6	1	0	0	0	0	0	False	False	False
RPL30	ENSG00000156482.11	ENST00000521291.5	1	17	0	0	0	17	True	False	True
TCERG1	ENSG00000113649.11	ENST00000296702.9	1	2	0	0	0	2	True	False	True
DAP3	ENSG00000132676.16	ENST00000368336.10	1	1	0	0	0	1	True	False	True
DST	ENSG00000151914.20	ENST00000312431.10	1	0	0	0	0	0	False	False	False
CLIC1	ENSG00000213719.8	ENST00000375780.6	1	2	0	0	1	3	True	False	True
COLGALT1	ENSG00000130309.11	ENST00000252599.9	1	0	0	0	0	0	False	False	False
USP34	ENSG00000115464.15	ENST00000398571.7	1	0	0	0	0	0	False	False	False
AC009690.1	ENSG00000260729.1	ENST00000379915.4	1	0	0	0	0	0	False	False	False
ATP5F1C	ENSG00000165629.20	ENST00000356708.12	1	1	0	0	0	1	True	False	True
GLIPR1	ENSG00000139278.10	ENST00000266659.8	1	0	0	0	0	0	False	False	False
TALDO1	ENSG00000177156.11	ENST00000319006.8	1	1	0	0	0	1	True	False	True
ILK	ENSG00000166333.14	ENST00000396751.6	1	0	0	0	0	0	False	False	False
SH3BP5	ENSG00000131370.16	ENST00000383791.8	1	0	0	0	0	0	False	False	False
TMEM59	ENSG00000116209.12	ENST00000234831.10	1	0	0	0	0	0	False	False	False
H2AC19	ENSG00000272196.2	ENST00000607355.2	4	0	0	0	0	0	False	False	False
MYL12A	ENSG00000101608.12	ENST00000217652.7	1	1	0	0	0	1	True	False	True
EIF1	ENSG00000173812.11	ENST00000469257.2	1	5	1	0	0	6	True	True	True
MACROH2A1	ENSG00000113648.16	ENST00000511689.5	1	0	0	0	0	0	False	False	False
IGFBP3	ENSG00000146674.15	ENST00000275521.10	1	0	0	0	0	0	False	False	False
PHF3	ENSG00000118482.12	ENST00000262043.8	1	0	0	0	0	0	False	False	False
ABCF1	ENSG00000204574.13	ENST00000326195.13	1	0	0	0	0	0	False	False	False
ALDH3A2	ENSG00000072210.19	ENST00000339618.8	1	0	0	0	0	0	False	False	False
IGFBP4	ENSG00000141753.7	ENST00000269593.5	1	0	0	0	0	0	False	False	False
IKBIP	ENSG00000166130.15	ENST00000299157.5	1	0	0	0	0	0	False	False	False
TMEM189-UBE2V1	ENSG00000124208.16	ENST00000341698.2	3	0	0	0	0	0	False	False	False
STK38L	ENSG00000211455.8	ENST00000389032.8	1	0	0	0	0	0	False	False	False
H2AC18	ENSG00000203812.2	ENST00000369159.2	4	0	0	0	0	0	False	False	False
GTF3C4	ENSG00000125484.12	ENST00000372146.5	1	0	0	0	0	0	False	False	False
MTR	ENSG00000116984.13	ENST00000366577.10	1	0	0	0	0	0	False	False	False
PDXK	ENSG00000160209.19	ENST00000291565.9	1	1	0	0	0	1	True	False	True
GNAI3	ENSG00000065135.12	ENST00000369851.7	1	0	0	0	0	0	False	False	False
KCTD2	ENSG00000180901.11	ENST00000322444.7	1	0	0	0	0	0	False	False	False
PSMD5	ENSG00000095261.14	ENST00000210313.8	1	0	0	0	0	0	False	False	False
RNF40	ENSG00000103549.21	ENST00000324685.10	1	0	0	0	0	0	False	False	False
AP000944.5	ENSG00000285816.1	ENST00000649896.1	3	0	0	0	0	0	False	False	False
KDM5A	ENSG00000073614.13	ENST00000399788.7	1	0	0	0	0	0	False	False	False
NMD3	ENSG00000169251.12	ENST00000460469.1	1	2	0	0	0	2	True	False	True
TMEM30A	ENSG00000112697.17	ENST00000230461.11	1	0	0	0	0	0	False	False	False
ADD1	ENSG00000087274.17	ENST00000398125.5	1	0	0	0	0	0	False	False	False
HNRNPH3	ENSG00000096746.17	ENST00000265866.11	1	1	0	0	0	1	True	False	True
PABPC4	ENSG00000090621.14	ENST00000372858.8	1	4	0	0	0	4	True	False	True
SRSF6	ENSG00000124193.16	ENST00000244020.5	3	1	0	0	0	1	True	False	True
C22orf39	ENSG00000242259.8	ENST00000333059.5	1	0	0	0	0	0	False	False	False
AMOTL2	ENSG00000114019.14	ENST00000249883.9	1	0	0	0	0	0	False	False	False
GOT2	ENSG00000125166.13	ENST00000245206.10	1	7	0	0	0	7	True	False	True
KIF1B	ENSG00000054523.17	ENST00000377086.5	1	0	0	0	0	0	False	False	False
RPS10	ENSG00000124614.16	ENST00000621356.3	2	29	0	0	0	29	True	False	True
AC010422.8	ENSG00000285589.1	ENST00000648033.1	3	0	0	0	0	0	False	False	False
PSMA3	ENSG00000100567.13	ENST00000216455.9	1	2	0	0	0	2	True	False	True
CDC123	ENSG00000151465.14	ENST00000281141.9	1	0	0	0	0	0	False	False	False
EIF3F	ENSG00000175390.14	ENST00000533626.5	2	3	0	0	0	3	True	False	True
HTATSF1	ENSG00000102241.12	ENST00000535601.5	1	1	0	0	0	1	True	False	True
SKP1	ENSG00000113558.19	ENST00000353411.11	2	10	0	0	0	10	True	False	True
EMG1	ENSG00000126749.16	ENST00000599672.6	1	0	0	0	0	0	False	False	False
SRSF5	ENSG00000100650.16	ENST00000553521.5	1	0	0	0	0	0	False	False	False
EXOC4	ENSG00000131558.15	ENST00000253861.5	1	0	0	0	0	0	False	False	False
NAMPT	ENSG00000105835.12	ENST00000222553.8	2	2	0	0	0	2	True	False	True
POM121	ENSG00000196313.11	ENST00000434423.4	4	0	0	0	0	0	False	False	False
NUDC	ENSG00000090273.14	ENST00000321265.10	1	2	0	0	0	2	True	False	True
AP1B1	ENSG00000100280.16	ENST00000432560.6	1	0	0	0	0	0	False	False	False
BOD1L1	ENSG00000038219.13	ENST00000040738.10	1	0	0	0	0	0	False	False	False
NAE1	ENSG00000159593.15	ENST00000290810.8	1	1	0	0	0	1	True	False	True
FUCA2	ENSG00000001036.14	ENST00000002165.11	1	0	0	0	0	0	False	False	False
SETD4	ENSG00000185917.13	ENST00000399215.5	1	0	0	0	0	0	False	False	False
AL031681.3	ENSG00000288000.1	ENST00000657241.1	3	0	0	0	0	0	False	False	False
H2AZ1	ENSG00000164032.12	ENST00000296417.6	1	7	0	0	0	7	True	False	True
GBP1	ENSG00000117228.10	ENST00000370473.5	1	0	0	0	0	0	False	False	False
INTS3	ENSG00000143624.14	ENST00000318967.7	1	0	0	0	0	0	False	False	False
SRSF7	ENSG00000115875.19	ENST00000313117.11	1	0	0	0	0	0	False	False	False
ANAPC5	ENSG00000089053.13	ENST00000261819.8	1	0	0	0	0	0	False	False	False
HNRNPH2	ENSG00000126945.9	ENST00000316594.6	1	0	0	0	0	0	False	False	False
CBX5	ENSG00000094916.16	ENST00000209875.9	1	3	0	0	0	3	True	False	True
SLC4A2	ENSG00000164889.14	ENST00000485713.5	1	0	0	0	0	0	False	False	False
CMBL	ENSG00000164237.9	ENST00000296658.4	1	1	0	0	0	1	True	False	True
SOAT1	ENSG00000057252.13	ENST00000367619.8	1	0	0	0	0	0	False	False	False
ARF4	ENSG00000168374.11	ENST00000303436.11	1	4	0	0	0	4	True	False	True
DNAJC13	ENSG00000138246.17	ENST00000260818.11	1	0	0	0	0	0	False	False	False
PRMT5	ENSG00000100462.16	ENST00000324366.13	1	1	0	0	0	1	True	False	True
ATP2B4	ENSG00000058668.14	ENST00000357681.9	1	0	0	0	0	0	False	False	False
RPS18	ENSG00000231500.7	ENST00000439602.7	2	0	0	0	0	0	False	False	False
UTP4	ENSG00000141076.18	ENST00000314423.12	1	0	0	0	0	0	False	False	False
DHX30	ENSG00000132153.15	ENST00000445061.6	1	0	0	0	0	0	False	False	False
BCAS3	ENSG00000141376.22	ENST00000407086.7	2	0	0	0	0	0	False	False	False
EIF2A	ENSG00000144895.12	ENST00000460851.6	1	4	0	0	0	4	True	False	True
APOLD1	ENSG00000178878.12	ENST00000356591.4	1	0	0	0	0	0	False	False	False
H3C15	ENSG00000203852.3	ENST00000403683.1	4	0	0	0	0	0	False	False	False
DGKD	ENSG00000077044.10	ENST00000264057.6	1	0	0	0	0	0	False	False	False
DGKI	ENSG00000157680.15	ENST00000424189.6	2	0	0	0	0	0	False	False	False
MRPL37	ENSG00000116221.15	ENST00000360840.9	1	1	0	0	0	1	True	False	True
H1-4	ENSG00000168298.7	ENST00000304218.6	1	0	0	0	0	0	False	False	False
LSAMP	ENSG00000185565.12	ENST00000490035.7	2	0	0	0	0	0	False	False	False
MFN2	ENSG00000116688.17	ENST00000444836.5	1	0	0	0	0	0	False	False	False
PSMB1	ENSG00000008018.9	ENST00000262193.7	1	1	0	0	0	1	True	False	True
VDAC3	ENSG00000078668.14	ENST00000022615.9	1	2	0	0	0	2	True	False	True
MCMBP	ENSG00000197771.12	ENST00000369077.3	1	0	0	0	0	0	False	False	False
CCNB2	ENSG00000157456.8	ENST00000288207.7	1	1	0	0	0	1	True	False	True
GNAL	ENSG00000141404.16	ENST00000423027.7	1	0	0	0	0	0	False	False	False
HARS1	ENSG00000170445.15	ENST00000504156.7	1	0	0	0	0	0	False	False	False
PPP6C	ENSG00000119414.11	ENST00000373547.8	1	0	0	0	0	0	False	False	False
SREBF1	ENSG00000072310.17	ENST00000261646.10	1	0	0	0	0	0	False	False	False
UGP2	ENSG00000169764.15	ENST00000337130.9	1	0	0	0	0	0	False	False	False
ZC3H15	ENSG00000065548.18	ENST00000337859.11	1	0	0	0	0	0	False	False	False
IREB2	ENSG00000136381.13	ENST00000258886.13	1	0	0	0	0	0	False	False	False
MAGI3	ENSG00000081026.19	ENST00000369615.5	2	0	0	0	0	0	False	False	False
PIP5K1A	ENSG00000143398.20	ENST00000368888.9	1	2	0	0	0	2	True	False	True
SAE1	ENSG00000142230.13	ENST00000270225.12	1	1	0	0	0	1	True	False	True
ATXN2L	ENSG00000168488.18	ENST00000336783.8	1	1	0	0	0	1	True	False	True
LAPTM4B	ENSG00000104341.17	ENST00000521545.7	1	2	0	0	0	2	True	False	True
CAPN1	ENSG00000014216.16	ENST00000527323.5	1	0	0	0	0	0	False	False	False
H3C14	ENSG00000203811.1	ENST00000369158.1	4	0	0	0	0	0	False	False	False
SPAG9	ENSG00000008294.21	ENST00000357122.8	1	0	0	0	0	0	False	False	False
UGDH	ENSG00000109814.12	ENST00000316423.11	1	0	0	0	0	0	False	False	False
BCCIP	ENSG00000107949.17	ENST00000278100.11	1	0	0	0	0	0	False	False	False
FHL2	ENSG00000115641.19	ENST00000409177.6	1	0	0	0	0	0	False	False	False
FARP1	ENSG00000152767.17	ENST00000319562.11	1	0	0	0	0	0	False	False	False
MAP4K5	ENSG00000012983.11	ENST00000013125.8	1	0	0	0	0	0	False	False	False
ZYX	ENSG00000159840.16	ENST00000322764.10	1	0	0	0	0	0	False	False	False
ARPC4	ENSG00000241553.12	ENST00000397261.7	3	0	0	0	0	0	False	False	False
ANKUB1	ENSG00000206199.11	ENST00000446160.7	1	0	0	0	0	0	False	False	False
UBAC2	ENSG00000134882.16	ENST00000403766.8	1	0	0	0	0	0	False	False	False
WASHC4	ENSG00000136051.15	ENST00000332180.10	1	0	0	0	0	0	False	False	False
EXOSC9	ENSG00000123737.13	ENST00000243498.10	1	0	0	0	0	0	False	False	False
PFN2	ENSG00000070087.14	ENST00000452853.6	1	0	0	0	0	0	False	False	False
KIF22	ENSG00000079616.13	ENST00000160827.9	1	0	0	0	0	0	False	False	False
RPL21	ENSG00000122026.10	ENST00000311549.10	1	136	2	0	1	139	True	True	True
SRPK2	ENSG00000135250.17	ENST00000393651.8	1	1	0	0	0	1	True	False	True
DDX6	ENSG00000110367.13	ENST00000620157.4	1	2	0	0	0	2	True	False	True
RBM3	ENSG00000102317.18	ENST00000376759.8	1	1	0	0	0	1	True	False	True
P4HA1	ENSG00000122884.12	ENST00000263556.3	1	0	0	0	0	0	False	False	False
RAE1	ENSG00000101146.13	ENST00000395840.6	1	0	0	0	0	0	False	False	False
YWHAG	ENSG00000170027.7	ENST00000307630.5	1	0	0	0	0	0	False	False	False
PRSS23	ENSG00000150687.12	ENST00000280258.6	1	0	0	0	0	0	False	False	False
SETX	ENSG00000107290.14	ENST00000224140.6	1	0	0	0	0	0	False	False	False
GPS1	ENSG00000169727.12	ENST00000392358.6	1	1	0	0	0	1	True	False	True
PRRC2A	ENSG00000204469.13	ENST00000376033.3	1	3	0	0	0	3	True	False	True
RPTOR	ENSG00000141564.15	ENST00000306801.8	1	0	0	0	0	0	False	False	False
SRPK1	ENSG00000096063.16	ENST00000373825.7	1	1	0	0	0	1	True	False	True
ZC3H11A	ENSG00000058673.16	ENST00000639812.1	3	0	0	0	0	0	False	False	False
P3H1	ENSG00000117385.16	ENST00000296388.10	1	0	0	0	0	0	False	False	False
FBXL3	ENSG00000005812.11	ENST00000355619.10	1	0	0	0	0	0	False	False	False
PPFIA1	ENSG00000131626.18	ENST00000253925.11	1	1	0	0	0	1	True	False	True
TMTC3	ENSG00000139324.12	ENST00000266712.11	1	0	0	0	0	0	False	False	False
UTP6	ENSG00000108651.10	ENST00000261708.9	1	2	0	0	0	2	True	False	True
KHSRP	ENSG00000088247.17	ENST00000398148.7	1	1	0	0	0	1	True	False	True
LMAN2	ENSG00000169223.15	ENST00000303127.12	1	0	0	0	0	0	False	False	False
SMCHD1	ENSG00000101596.16	ENST00000320876.11	1	0	0	0	0	0	False	False	False
TSPAN3	ENSG00000140391.15	ENST00000267970.9	1	0	0	0	0	0	False	False	False
MIA3	ENSG00000154305.18	ENST00000344922.10	1	0	0	0	0	0	False	False	False
PHB2	ENSG00000215021.9	ENST00000535923.6	1	1	0	0	0	1	True	False	True
TMEM87A	ENSG00000103978.16	ENST00000389834.9	1	0	0	0	0	0	False	False	False
CSRP1	ENSG00000159176.14	ENST00000367306.5	1	0	0	0	0	0	False	False	False
HLA-A	ENSG00000206503.13	ENST00000396634.5	4	0	0	0	0	0	False	False	False
ABCF2	ENSG00000285292.1	ENST00000222388.6	3	0	0	0	0	0	False	False	False
KIF15	ENSG00000163808.17	ENST00000326047.9	1	1	0	0	0	1	True	False	True
TRPC4AP	ENSG00000100991.12	ENST00000252015.3	1	0	0	0	0	0	False	False	False
AC005258.1	ENSG00000273734.1	ENST00000621615.1	1	0	0	0	0	0	False	False	False
ALPL	ENSG00000162551.14	ENST00000374840.8	1	0	0	0	0	0	False	False	False
LONP1	ENSG00000196365.12	ENST00000360614.8	1	0	0	0	0	0	False	False	False
KIF14	ENSG00000118193.12	ENST00000367350.5	1	0	0	0	0	0	False	False	False
PARP4	ENSG00000102699.6	ENST00000381989.4	1	0	0	0	0	0	False	False	False
PTPA	ENSG00000119383.19	ENST00000393370.6	1	0	0	0	0	0	False	False	False
RBM12	ENSG00000244462.8	ENST00000374114.8	1	0	0	0	0	0	False	False	False
SRP68	ENSG00000167881.15	ENST00000307877.7	1	0	0	0	0	0	False	False	False
ZBED6	ENSG00000257315.2	ENST00000545588.5	3	0	0	0	0	0	False	False	False
PDHB	ENSG00000168291.13	ENST00000302746.11	1	0	0	0	0	0	False	False	False
ABCF2	ENSG00000033050.9	ENST00000287844.7	3	1	0	0	0	1	True	False	True
KDM4C	ENSG00000107077.18	ENST00000381309.7	2	0	0	0	0	0	False	False	False
P4HA2	ENSG00000072682.18	ENST00000401867.5	1	0	0	0	0	0	False	False	False
ELOVL5	ENSG00000012660.14	ENST00000304434.11	1	0	0	0	0	0	False	False	False
AC013489.1	ENSG00000173867.10	ENST00000649547.1	1	0	0	0	0	0	False	False	False
NLN	ENSG00000123213.23	ENST00000380985.10	1	0	0	0	0	0	False	False	False
CMIP	ENSG00000153815.16	ENST00000537098.7	1	0	0	0	0	0	False	False	False
CNBP	ENSG00000169714.17	ENST00000502976.5	1	0	0	0	0	0	False	False	False
RUVBL2	ENSG00000183207.14	ENST00000595090.6	1	1	0	0	0	1	True	False	True
CTNNAL1	ENSG00000119326.15	ENST00000325551.9	1	0	0	0	0	0	False	False	False
GFPT1	ENSG00000198380.13	ENST00000361060.5	1	0	0	0	0	0	False	False	False
MGST2	ENSG00000085871.9	ENST00000616265.4	2	0	0	0	0	0	False	False	False
PRDX4	ENSG00000123131.13	ENST00000379341.9	1	2	0	0	0	2	True	False	True
SIN3A	ENSG00000169375.16	ENST00000394947.8	1	0	0	0	0	0	False	False	False
TUT4	ENSG00000134744.14	ENST00000257177.9	1	0	0	0	0	0	False	False	False
GEMIN4	ENSG00000179409.11	ENST00000319004.6	1	0	0	0	0	0	False	False	False
SEC22B	ENSG00000265808.4	ENST00000578049.4	2	0	0	0	0	0	False	False	False
SRSF3	ENSG00000112081.17	ENST00000373715.11	1	5	0	0	0	5	True	False	True
KIAA0100	ENSG00000007202.15	ENST00000528896.7	1	0	0	0	0	0	False	False	False
KIRREL1	ENSG00000183853.18	ENST00000359209.11	1	0	0	0	0	0	False	False	False
LRRC28	ENSG00000168904.15	ENST00000301981.8	2	1	0	0	0	1	True	False	True
GBF1	ENSG00000107862.5	ENST00000369983.3	1	0	0	0	0	0	False	False	False
HMGB2	ENSG00000164104.12	ENST00000296503.10	1	21	1	0	0	22	True	True	True
MAMDC2	ENSG00000165072.10	ENST00000377182.5	1	0	0	0	0	0	False	False	False
PON2	ENSG00000105854.13	ENST00000633531.1	1	0	0	0	0	0	False	False	False
TRIP11	ENSG00000100815.12	ENST00000267622.8	1	2	1	0	0	3	True	True	True
API5	ENSG00000166181.13	ENST00000378852.7	2	0	0	0	0	0	False	False	False
LARP4	ENSG00000161813.22	ENST00000398473.7	1	1	0	0	0	1	True	False	True
RPL37	ENSG00000145592.14	ENST00000274242.10	1	28	0	0	0	28	True	False	True
MKLN1	ENSG00000128585.18	ENST00000352689.11	1	0	0	0	0	0	False	False	False
ZNF638	ENSG00000075292.19	ENST00000409544.5	1	0	0	0	0	0	False	False	False
ANKFY1	ENSG00000185722.18	ENST00000341657.9	1	0	0	0	0	0	False	False	False
GNB1L	ENSG00000185838.14	ENST00000329517.11	2	0	0	0	0	0	False	False	False
WDR75	ENSG00000115368.10	ENST00000314761.9	1	1	0	0	0	1	True	False	True
HSD17B12	ENSG00000149084.13	ENST00000637401.1	1	2	0	0	0	2	True	False	True
PSMB2	ENSG00000126067.12	ENST00000373237.4	1	0	0	0	0	0	False	False	False
RRN3	ENSG00000085721.13	ENST00000198767.11	2	1	0	0	0	1	True	False	True
SNX6	ENSG00000129515.20	ENST00000362031.10	1	1	0	0	0	1	True	False	True
CELF1	ENSG00000149187.18	ENST00000531165.5	1	0	0	0	0	0	False	False	False
TBC1D5	ENSG00000131374.14	ENST00000446818.6	1	0	0	0	0	0	False	False	False
AC068580.4	ENSG00000250644.3	ENST00000636397.1	3	0	0	0	0	0	False	False	False
FEN1	ENSG00000168496.4	ENST00000305885.3	1	1	0	0	0	1	True	False	True
PARK7	ENSG00000116288.13	ENST00000338639.10	1	2	0	0	0	2	True	False	True
RPS29	ENSG00000213741.11	ENST00000556230.2	4	33	0	0	0	33	True	False	True
STOML2	ENSG00000165283.16	ENST00000356493.10	1	0	0	0	0	0	False	False	False
NELFCD	ENSG00000101158.15	ENST00000602795.6	1	0	0	0	0	0	False	False	False
SERINC3	ENSG00000132824.14	ENST00000342374.5	1	0	0	0	0	0	False	False	False
RPS27L	ENSG00000185088.14	ENST00000330964.10	1	9	1	0	0	10	True	True	True
SEC24C	ENSG00000176986.16	ENST00000339365.2	1	0	0	0	0	0	False	False	False
AKR1C2	ENSG00000151632.17	ENST00000380753.8	4	0	0	0	0	0	False	False	False
SMC6	ENSG00000163029.16	ENST00000448223.7	1	0	0	0	0	0	False	False	False
UBA6	ENSG00000033178.13	ENST00000322244.10	1	0	0	0	0	0	False	False	False
UGGT2	ENSG00000102595.20	ENST00000376747.8	1	0	0	0	0	0	False	False	False
FAF1	ENSG00000185104.20	ENST00000396153.7	1	0	0	0	0	0	False	False	False
CCDC88A	ENSG00000115355.17	ENST00000263630.13	1	0	0	0	0	0	False	False	False
AC008764.1	ENSG00000141979.4	ENST00000409035.1	1	0	0	0	0	0	False	False	False
AL355312.6	ENSG00000285991.1	ENST00000647612.1	3	0	0	0	0	0	False	False	False
SPPL2A	ENSG00000138600.10	ENST00000261854.10	1	1	0	0	0	1	True	False	True
SH3BP4	ENSG00000130147.16	ENST00000409212.5	1	2	0	0	0	2	True	False	True
DAB1	ENSG00000173406.15	ENST00000371236.6	2	0	0	0	0	0	False	False	False
LIMCH1	ENSG00000064042.18	ENST00000508501.5	1	0	0	0	0	0	False	False	False
SEC24D	ENSG00000150961.15	ENST00000280551.11	1	0	0	0	0	0	False	False	False
SREBF2	ENSG00000198911.12	ENST00000361204.9	1	0	0	0	0	0	False	False	False
PIK3C2A	ENSG00000011405.13	ENST00000265970.11	1	0	0	0	0	0	False	False	False
TMCO1	ENSG00000143183.16	ENST00000392129.10	1	0	0	0	0	0	False	False	False
RPS15A	ENSG00000134419.15	ENST00000322989.8	2	43	0	0	0	43	True	False	True
COPS6	ENSG00000168090.10	ENST00000303904.8	1	0	0	0	0	0	False	False	False
PACSIN2	ENSG00000100266.19	ENST00000263246.8	1	0	0	0	0	0	False	False	False
SDF4	ENSG00000078808.18	ENST00000360001.11	1	0	0	0	0	0	False	False	False
SEC63	ENSG00000025796.14	ENST00000369002.9	1	2	0	0	0	2	True	False	True
CRTAP	ENSG00000170275.15	ENST00000320954.11	1	0	0	0	0	0	False	False	False
CTSD	ENSG00000117984.14	ENST00000236671.7	3	0	0	0	0	0	False	False	False
NUFIP2	ENSG00000108256.9	ENST00000225388.9	1	0	0	0	0	0	False	False	False
HIRA	ENSG00000100084.14	ENST00000263208.5	1	1	0	0	0	1	True	False	True
MECOM	ENSG00000085276.19	ENST00000494292.6	1	0	0	0	0	0	False	False	False
RPL35	ENSG00000136942.15	ENST00000348462.6	2	9	0	0	1	10	True	False	True
NSD1	ENSG00000165671.20	ENST00000439151.6	1	0	0	0	0	0	False	False	False
POR	ENSG00000127948.16	ENST00000461988.6	1	0	0	0	0	0	False	False	False
UBTF	ENSG00000108312.15	ENST00000302904.8	1	1	1	0	0	2	True	True	True
ABL1	ENSG00000097007.19	ENST00000372348.7	1	0	0	0	0	0	False	False	False
SCARB2	ENSG00000138760.10	ENST00000264896.8	1	0	0	0	0	0	False	False	False
ZC3H13	ENSG00000123200.16	ENST00000242848.8	1	0	0	0	0	0	False	False	False
CUX1	ENSG00000257923.11	ENST00000360264.7	1	0	0	0	0	0	False	False	False
DDX56	ENSG00000136271.10	ENST00000258772.9	1	1	0	0	0	1	True	False	True
DIO2	ENSG00000211448.13	ENST00000557010.5	1	0	0	0	0	0	False	False	False
FER	ENSG00000151422.13	ENST00000281092.9	1	0	0	0	0	0	False	False	False
AP3D1	ENSG00000065000.19	ENST00000643116.3	1	0	0	0	0	0	False	False	False
LDLR	ENSG00000130164.14	ENST00000558518.6	1	0	0	0	0	0	False	False	False
SAFB2	ENSG00000130254.12	ENST00000252542.9	1	0	0	0	0	0	False	False	False
SBDS	ENSG00000126524.10	ENST00000246868.7	1	0	0	0	0	0	False	False	False
ZSWIM6	ENSG00000130449.6	ENST00000252744.6	2	0	0	0	0	0	False	False	False
B2M	ENSG00000166710.20	ENST00000648006.2	1	0	0	0	0	0	False	False	False
GNB4	ENSG00000114450.10	ENST00000232564.8	1	0	0	0	0	0	False	False	False
PRMT1	ENSG00000126457.21	ENST00000391851.8	1	1	0	0	0	1	True	False	True
PTPN11	ENSG00000179295.18	ENST00000635625.1	2	5	0	0	0	5	True	False	True
QSER1	ENSG00000060749.15	ENST00000399302.7	1	0	0	0	0	0	False	False	False
DDX27	ENSG00000124228.14	ENST00000618172.4	1	0	0	0	0	0	False	False	False
SHCBP1	ENSG00000171241.9	ENST00000303383.8	1	0	0	0	0	0	False	False	False
SRFBP1	ENSG00000151304.6	ENST00000339397.5	1	1	0	0	0	1	True	False	True
ABHD2	ENSG00000140526.18	ENST00000352732.10	1	0	0	0	0	0	False	False	False
PUM2	ENSG00000055917.15	ENST00000338086.9	1	1	0	0	0	1	True	False	True
DNM2	ENSG00000079805.17	ENST00000355667.10	1	0	0	0	0	0	False	False	False
EIF4G3	ENSG00000075151.20	ENST00000634879.1	1	0	0	0	0	0	False	False	False
LPCAT1	ENSG00000153395.10	ENST00000283415.4	1	0	0	0	0	0	False	False	False
MTMR2	ENSG00000087053.19	ENST00000346299.10	1	0	0	0	0	0	False	False	False
NDUFV1	ENSG00000167792.13	ENST00000647561.1	1	0	0	0	0	0	False	False	False
SYVN1	ENSG00000162298.18	ENST00000526060.5	1	0	0	0	0	0	False	False	False
ARPC4-TTLL3	ENSG00000250151.9	ENST00000397256.5	3	0	0	0	0	0	False	False	False
CXCR4	ENSG00000121966.7	ENST00000241393.4	1	0	0	0	0	0	False	False	False
MYCBP2	ENSG00000005810.18	ENST00000544440.7	1	0	0	0	0	0	False	False	False
SLC43A3	ENSG00000134802.17	ENST00000395123.6	1	0	0	0	0	0	False	False	False
SERF2	ENSG00000140264.20	ENST00000381359.5	1	5	0	0	0	5	True	False	True
TECR	ENSG00000099797.15	ENST00000215567.10	1	2	0	0	0	2	True	False	True
ZNF131	ENSG00000172262.11	ENST00000509156.5	1	0	0	0	0	0	False	False	False
MCTP2	ENSG00000140563.15	ENST00000357742.9	1	0	0	0	0	0	False	False	False
H1-5	ENSG00000184357.5	ENST00000331442.5	1	0	0	0	0	0	False	False	False
IPO8	ENSG00000133704.10	ENST00000256079.9	1	0	0	0	0	0	False	False	False
OXR1	ENSG00000164830.18	ENST00000517566.6	2	1	0	0	0	1	True	False	True
CAPZA2	ENSG00000198898.14	ENST00000361183.8	1	1	0	0	0	1	True	False	True
RPL12	ENSG00000197958.13	ENST00000361436.10	2	43	1	0	0	44	True	True	True
CAPNS1	ENSG00000126247.11	ENST00000588815.5	1	1	0	0	0	1	True	False	True
TIMP2	ENSG00000035862.12	ENST00000262768.11	1	0	0	0	0	0	False	False	False
AP1G1	ENSG00000166747.12	ENST00000299980.8	1	0	0	0	0	0	False	False	False
LMBRD1	ENSG00000168216.13	ENST00000649934.3	4	0	0	0	0	0	False	False	False
SKIL	ENSG00000136603.14	ENST00000458537.7	1	0	0	0	0	0	False	False	False
AC011462.1	ENSG00000255730.5	ENST00000540732.3	1	0	0	0	0	0	False	False	False
ALG8	ENSG00000159063.13	ENST00000299626.10	1	0	0	0	0	0	False	False	False
LRRFIP1	ENSG00000124831.19	ENST00000308482.14	3	1	0	0	0	1	True	False	True
SV2C	ENSG00000122012.14	ENST00000502798.7	2	0	0	0	0	0	False	False	False
AC139530.2	ENSG00000262660.1	ENST00000571730.1	3	0	0	0	0	0	False	False	False
GOLPH3	ENSG00000113384.14	ENST00000265070.7	1	0	0	0	0	0	False	False	False
PSMB5	ENSG00000100804.19	ENST00000361611.11	1	1	0	0	0	1	True	False	True
RFC1	ENSG00000035928.16	ENST00000349703.7	1	0	0	0	0	0	False	False	False
DHX40	ENSG00000108406.10	ENST00000251241.9	1	0	0	0	0	0	False	False	False
MPRIP	ENSG00000133030.21	ENST00000651222.1	1	1	0	0	0	1	True	False	True
SGK1	ENSG00000118515.11	ENST00000367858.9	1	0	0	0	0	0	False	False	False
CPSF3	ENSG00000119203.14	ENST00000238112.8	1	0	0	0	0	0	False	False	False
MAN1B1	ENSG00000177239.15	ENST00000371589.9	1	1	0	0	0	1	True	False	True
SOD2	ENSG00000112096.18	ENST00000538183.7	3	1	0	0	0	1	True	False	True
GNB2	ENSG00000172354.10	ENST00000303210.9	1	0	0	0	0	0	False	False	False
PGRMC2	ENSG00000164040.18	ENST00000613358.4	1	0	0	0	0	0	False	False	False
YTHDF2	ENSG00000198492.16	ENST00000542507.5	1	1	0	0	0	1	True	False	True
DDOST	ENSG00000244038.10	ENST00000602624.7	1	0	0	0	0	0	False	False	False
GPS2	ENSG00000132522.16	ENST00000389167.9	4	2	0	0	0	2	True	False	True
KPNA6	ENSG00000025800.14	ENST00000373625.8	1	0	0	0	0	0	False	False	False
NUP85	ENSG00000125450.11	ENST00000245544.9	1	0	0	0	0	0	False	False	False
PPP1CC	ENSG00000186298.12	ENST00000340766.9	1	0	0	0	0	0	False	False	False
SWI5	ENSG00000175854.12	ENST00000418976.1	1	0	0	0	0	0	False	False	False
CD151	ENSG00000177697.19	ENST00000397420.9	1	0	0	0	0	0	False	False	False
DLG1	ENSG00000075711.21	ENST00000346964.6	1	0	0	0	0	0	False	False	False
NECTIN3	ENSG00000177707.11	ENST00000485303.6	1	0	0	0	0	0	False	False	False
PRKCI	ENSG00000163558.13	ENST00000295797.5	1	1	0	0	0	1	True	False	True
CALM1	ENSG00000198668.13	ENST00000356978.9	1	0	0	0	0	0	False	False	False
CORO7	ENSG00000262246.6	ENST00000251166.9	1	0	0	0	0	0	False	False	False
RGPD2	ENSG00000185304.15	ENST00000398146.4	4	0	0	0	0	0	False	False	False
PDLIM7	ENSG00000196923.14	ENST00000355841.7	1	1	0	0	0	1	True	False	True
TIPIN	ENSG00000075131.10	ENST00000261881.9	2	2	0	0	0	2	True	False	True
WDR12	ENSG00000138442.10	ENST00000261015.5	1	3	0	0	0	3	True	False	True
BUB1	ENSG00000169679.15	ENST00000302759.11	1	1	0	0	0	1	True	False	True
CDK4	ENSG00000135446.17	ENST00000257904.11	1	0	0	0	0	0	False	False	False
SCARA3	ENSG00000168077.14	ENST00000301904.4	1	0	0	0	0	0	False	False	False
TFG	ENSG00000114354.14	ENST00000240851.9	1	1	0	0	0	1	True	False	True
NME2	ENSG00000243678.11	ENST00000393190.4	3	3	0	0	0	3	True	False	True
SBNO1	ENSG00000139697.14	ENST00000602398.3	1	0	0	0	0	0	False	False	False
ALYREF	ENSG00000183684.8	ENST00000505490.3	1	1	0	0	0	1	True	False	True
LAPTM4A	ENSG00000068697.7	ENST00000175091.5	1	0	0	0	0	0	False	False	False
CAV1	ENSG00000105974.12	ENST00000341049.7	1	0	0	0	0	0	False	False	False
RPL23	ENSG00000125691.14	ENST00000479035.7	1	12	0	0	0	12	True	False	True
CPSF6	ENSG00000111605.18	ENST00000266679.8	1	1	0	0	0	1	True	False	True
EEA1	ENSG00000102189.17	ENST00000322349.13	1	0	0	0	0	0	False	False	False
SUPT5H	ENSG00000196235.14	ENST00000599117.5	1	0	0	0	0	0	False	False	False
AIMP1	ENSG00000164022.17	ENST00000671960.1	1	2	0	0	0	2	True	False	True
BTD	ENSG00000169814.16	ENST00000643237.3	1	0	0	0	0	0	False	False	False
ATP6AP1	ENSG00000071553.17	ENST00000369762.7	1	0	0	0	0	0	False	False	False
BOLA2	ENSG00000183336.8	ENST00000330978.3	4	0	0	0	0	0	False	False	False
PSMC4	ENSG00000013275.8	ENST00000157812.7	1	0	0	0	0	0	False	False	False
SEL1L	ENSG00000071537.14	ENST00000336735.9	1	0	0	0	0	0	False	False	False
KLC4	ENSG00000137171.15	ENST00000394056.6	1	0	0	0	0	0	False	False	False
SRRT	ENSG00000087087.20	ENST00000618262.4	1	0	0	0	0	0	False	False	False
CHORDC1	ENSG00000110172.12	ENST00000320585.11	2	5	0	0	0	5	True	False	True
DEGS1	ENSG00000143753.13	ENST00000323699.9	1	1	0	0	0	1	True	False	True
LGALS1	ENSG00000100097.12	ENST00000215909.10	1	0	0	0	0	0	False	False	False
RPL18	ENSG00000063177.13	ENST00000549920.6	1	15	0	0	0	15	True	False	True
ENAH	ENSG00000154380.17	ENST00000366843.6	1	1	0	0	0	1	True	False	True
BCL2L14	ENSG00000121380.12	ENST00000308721.9	1	0	0	0	0	0	False	False	False
SUGT1	ENSG00000165416.14	ENST00000310528.8	1	2	0	0	0	2	True	False	True
DDX47	ENSG00000213782.7	ENST00000358007.7	1	0	0	0	0	0	False	False	False
MYO19	ENSG00000278259.4	ENST00000614623.4	1	0	0	0	0	0	False	False	False
SFXN1	ENSG00000164466.13	ENST00000321442.10	1	0	0	0	0	0	False	False	False
PSMD13	ENSG00000185627.18	ENST00000532097.6	1	0	0	0	0	0	False	False	False
RLIM	ENSG00000131263.13	ENST00000332687.11	1	1	0	0	0	1	True	False	True
RPS11	ENSG00000142534.7	ENST00000270625.7	1	8	0	0	0	8	True	False	True
ANXA7	ENSG00000138279.16	ENST00000372919.8	1	0	0	0	0	0	False	False	False
ESYT2	ENSG00000117868.17	ENST00000275418.13	1	0	0	0	0	0	False	False	False
PHF14	ENSG00000106443.16	ENST00000634607.1	1	0	0	0	0	0	False	False	False
CEP55	ENSG00000138180.16	ENST00000371485.8	1	0	0	0	0	0	False	False	False
AK2	ENSG00000004455.17	ENST00000373449.7	2	2	0	0	0	2	True	False	True
DCBLD1	ENSG00000164465.19	ENST00000338728.10	1	0	0	0	0	0	False	False	False
BCOR	ENSG00000183337.17	ENST00000378444.9	1	0	0	0	0	0	False	False	False
SEC62	ENSG00000008952.17	ENST00000337002.9	1	0	0	0	0	0	False	False	False
SNRPN	ENSG00000128739.22	ENST00000645002.1	2	1	0	0	0	1	True	False	True
CCZ1	ENSG00000122674.12	ENST00000325974.9	4	0	0	0	0	0	False	False	False
TMEM209	ENSG00000146842.17	ENST00000397622.7	1	0	0	0	0	0	False	False	False
ANAPC10	ENSG00000164162.14	ENST00000613466.4	2	1	0	0	0	1	True	False	True
GNAI2	ENSG00000114353.17	ENST00000313601.11	1	2	0	0	0	2	True	False	True
PLEKHA2	ENSG00000169499.15	ENST00000617275.5	1	0	0	0	0	0	False	False	False
EIF2AK4	ENSG00000128829.12	ENST00000263791.10	1	0	0	0	0	0	False	False	False
HAUS6	ENSG00000147874.11	ENST00000380502.8	2	3	0	0	0	3	True	False	True
NOP56	ENSG00000101361.17	ENST00000329276.10	1	2	0	0	0	2	True	False	True
IDE	ENSG00000119912.17	ENST00000265986.11	1	0	0	0	0	0	False	False	False
PLD3	ENSG00000105223.20	ENST00000409587.5	1	0	0	0	0	0	False	False	False
RAB1A	ENSG00000138069.18	ENST00000409784.8	1	2	0	0	0	2	True	False	True
SDC2	ENSG00000169439.12	ENST00000302190.9	1	0	0	0	0	0	False	False	False
CLPTM1	ENSG00000104853.16	ENST00000337392.10	1	0	0	0	0	0	False	False	False
EIF3K	ENSG00000178982.10	ENST00000248342.9	1	3	0	0	0	3	True	False	True
GBA	ENSG00000177628.16	ENST00000327247.9	2	0	0	0	0	0	False	False	False
PDAP1	ENSG00000106244.13	ENST00000350498.8	2	3	0	0	1	4	True	False	True
USO1	ENSG00000138768.14	ENST00000514213.6	1	0	0	0	0	0	False	False	False
NUCB1	ENSG00000104805.16	ENST00000405315.9	1	0	0	0	0	0	False	False	False
PDE8B	ENSG00000113231.14	ENST00000264917.10	2	1	0	0	0	1	True	False	True
TBCD	ENSG00000141556.21	ENST00000355528.9	1	0	0	0	0	0	False	False	False
AC245033.1	ENSG00000260836.2	ENST00000562833.2	3	0	0	0	0	0	False	False	False
MACF1	ENSG00000127603.29	ENST00000567887.5	1	0	0	0	0	0	False	False	False
PDS5B	ENSG00000083642.19	ENST00000315596.15	1	0	0	0	0	0	False	False	False
PSME3	ENSG00000131467.11	ENST00000590720.6	1	1	0	0	0	1	True	False	True
SPCS3	ENSG00000129128.13	ENST00000503362.2	1	0	0	0	0	0	False	False	False
CYC1	ENSG00000179091.5	ENST00000318911.5	1	0	0	0	0	0	False	False	False
NFIB	ENSG00000147862.17	ENST00000397581.6	1	0	0	0	0	0	False	False	False
SNW1	ENSG00000100603.14	ENST00000261531.12	1	1	0	0	0	1	True	False	True
BOP1	ENSG00000261236.8	ENST00000569669.6	1	0	0	0	0	0	False	False	False
HPD	ENSG00000158104.11	ENST00000289004.8	1	0	0	0	0	0	False	False	False
ARHGAP29	ENSG00000137962.13	ENST00000260526.11	1	0	0	0	0	0	False	False	False
CCZ1B	ENSG00000146574.15	ENST00000316731.12	4	1	0	0	0	1	True	False	True
SETD2	ENSG00000181555.20	ENST00000409792.3	1	0	0	0	0	0	False	False	False
BGN	ENSG00000182492.16	ENST00000331595.9	1	0	0	0	0	0	False	False	False
BRIP1	ENSG00000136492.9	ENST00000259008.7	1	0	0	0	0	0	False	False	False
AC058822.1	ENSG00000282278.1	ENST00000507166.5	3	0	0	0	0	0	False	False	False
USP24	ENSG00000162402.14	ENST00000294383.7	1	0	0	0	0	0	False	False	False
VAPA	ENSG00000101558.14	ENST00000400000.7	1	1	0	0	0	1	True	False	True
ZNF106	ENSG00000103994.17	ENST00000564754.6	1	1	0	0	0	1	True	False	True
ENO3	ENSG00000108515.18	ENST00000323997.10	1	1	0	0	0	1	True	False	True
MED14	ENSG00000180182.11	ENST00000324817.6	1	0	0	0	0	0	False	False	False
PSMD6	ENSG00000163636.10	ENST00000295901.8	1	0	0	0	0	0	False	False	False
ZC3H7A	ENSG00000122299.12	ENST00000396516.6	1	0	0	0	0	0	False	False	False
ACADVL	ENSG00000072778.20	ENST00000356839.10	1	0	0	0	0	0	False	False	False
HNRNPA1P48	ENSG00000224578.5	ENST00000565308.2	4	2	0	0	0	2	True	False	True
PAPSS1	ENSG00000138801.9	ENST00000265174.5	1	0	0	0	0	0	False	False	False
RPL36	ENSG00000130255.13	ENST00000577222.5	1	20	1	0	0	21	True	True	True
TPT1	ENSG00000133112.17	ENST00000530705.6	2	16	1	0	0	17	True	True	True
AHSA1	ENSG00000100591.8	ENST00000216479.8	1	1	0	0	0	1	True	False	True
DLG2	ENSG00000150672.17	ENST00000650630.1	4	0	0	0	0	0	False	False	False
FOCAD	ENSG00000188352.12	ENST00000380249.5	1	0	0	0	0	0	False	False	False
STK24	ENSG00000102572.14	ENST00000539966.5	1	1	0	0	0	1	True	False	True
AATF	ENSG00000275700.5	ENST00000619387.5	1	0	0	0	0	0	False	False	False
AC087632.2	ENSG00000259316.11	ENST00000634318.1	3	0	0	0	0	0	False	False	False
AC092718.8	ENSG00000284512.1	ENST00000640345.1	4	0	0	0	0	0	False	False	False
PAPOLA	ENSG00000090060.18	ENST00000216277.12	1	0	0	0	0	0	False	False	False
PMEL	ENSG00000185664.14	ENST00000548747.5	1	0	0	0	0	0	False	False	False
ATR	ENSG00000175054.16	ENST00000350721.9	1	0	0	0	0	0	False	False	False
JMY	ENSG00000152409.9	ENST00000396137.5	2	0	0	0	0	0	False	False	False
ORC3	ENSG00000135336.14	ENST00000257789.4	1	3	0	0	0	3	True	False	True
SMS	ENSG00000102172.16	ENST00000404933.7	2	5	0	0	0	5	True	False	True
SSR3	ENSG00000114850.6	ENST00000265044.6	1	1	0	0	0	1	True	False	True
CFAP298-TCP10L	ENSG00000265590.10	ENST00000674025.1	3	0	0	0	0	0	False	False	False
GOLGA2	ENSG00000167110.18	ENST00000421699.7	1	0	3	0	0	3	False	True	True
ADSS2	ENSG00000035687.10	ENST00000366535.4	1	1	0	0	0	1	True	False	True
USP15	ENSG00000135655.16	ENST00000280377.10	1	0	0	0	1	1	False	False	True
VPS35L	ENSG00000103544.15	ENST00000251143.9	1	0	0	0	0	0	False	False	False
SRP54	ENSG00000100883.12	ENST00000556994.5	1	0	0	0	0	0	False	False	False
SARAF	ENSG00000133872.14	ENST00000256255.11	1	1	0	0	0	1	True	False	True
AIFM1	ENSG00000156709.14	ENST00000319908.7	1	1	0	0	0	1	True	False	True
FAM83D	ENSG00000101447.15	ENST00000619850.2	1	0	0	0	0	0	False	False	False
GLRX3	ENSG00000108010.12	ENST00000368644.5	1	2	0	0	0	2	True	False	True
GOLGA3	ENSG00000090615.15	ENST00000204726.8	1	0	0	0	0	0	False	False	False
NUDT5	ENSG00000165609.13	ENST00000491614.6	1	1	0	0	0	1	True	False	True
PSMA6	ENSG00000100902.11	ENST00000261479.9	3	3	0	0	0	3	True	False	True
RPL35A	ENSG00000182899.17	ENST00000647248.2	1	38	1	0	0	39	True	True	True
OPN3	ENSG00000054277.14	ENST00000366554.3	1	0	0	0	0	0	False	False	False
TIPARP	ENSG00000163659.13	ENST00000461166.5	1	0	0	0	0	0	False	False	False
GLUL	ENSG00000135821.19	ENST00000331872.11	1	6	0	0	0	6	True	False	True
RPL32	ENSG00000144713.13	ENST00000429711.7	2	32	0	0	1	33	True	False	True
CDK2	ENSG00000123374.11	ENST00000266970.9	1	0	0	0	0	0	False	False	False
COX4I1	ENSG00000131143.10	ENST00000562336.5	1	2	0	0	0	2	True	False	True
ROCK1	ENSG00000067900.8	ENST00000399799.3	1	0	0	0	0	0	False	False	False
MIGA1	ENSG00000180488.15	ENST00000645526.1	2	0	0	0	0	0	False	False	False
PPME1	ENSG00000214517.10	ENST00000328257.13	1	0	0	0	0	0	False	False	False
PREP	ENSG00000085377.14	ENST00000652536.1	1	0	0	0	0	0	False	False	False
CRTC3	ENSG00000140577.16	ENST00000268184.11	1	0	0	0	0	0	False	False	False
RPS25	ENSG00000118181.11	ENST00000527673.2	2	8	0	0	0	8	True	False	True
CNP	ENSG00000173786.17	ENST00000393892.8	1	0	0	0	0	0	False	False	False
HBS1L	ENSG00000112339.15	ENST00000367837.10	1	1	0	0	0	1	True	False	True
MLF2	ENSG00000089693.10	ENST00000203630.9	1	1	0	0	0	1	True	False	True
TTC17	ENSG00000052841.15	ENST00000039989.9	1	0	0	0	0	0	False	False	False
WBP11	ENSG00000084463.8	ENST00000261167.7	1	4	0	0	0	4	True	False	True
NSA2	ENSG00000164346.10	ENST00000610426.5	2	8	1	0	1	10	True	True	True
TOB1	ENSG00000141232.5	ENST00000499247.3	1	0	0	0	0	0	False	False	False
UBAP2	ENSG00000137073.23	ENST00000360802.5	1	0	0	0	0	0	False	False	False
DNAJB11	ENSG00000090520.11	ENST00000439351.5	1	0	0	0	0	0	False	False	False
HADHB	ENSG00000138029.14	ENST00000317799.10	1	1	0	0	0	1	True	False	True
TASOR2	ENSG00000108021.20	ENST00000645567.1	1	0	0	0	0	0	False	False	False
CYRIB	ENSG00000153310.19	ENST00000519824.6	1	1	0	0	0	1	True	False	True
SRSF10	ENSG00000188529.15	ENST00000492112.3	1	4	0	0	0	4	True	False	True
ALDH18A1	ENSG00000059573.9	ENST00000371224.7	1	0	0	0	0	0	False	False	False
ERGIC1	ENSG00000113719.16	ENST00000393784.8	1	0	0	0	0	0	False	False	False
OSBPL10	ENSG00000144645.14	ENST00000396556.6	1	0	0	0	0	0	False	False	False
PRCC	ENSG00000143294.15	ENST00000271526.9	1	0	0	0	0	0	False	False	False
TLK2	ENSG00000146872.17	ENST00000346027.9	2	1	0	0	0	1	True	False	True
ESD	ENSG00000139684.15	ENST00000378720.8	1	1	0	0	0	1	True	False	True
PRRC2B	ENSG00000130723.20	ENST00000357304.8	1	0	0	0	0	0	False	False	False
WAPL	ENSG00000062650.19	ENST00000298767.10	1	0	0	0	0	0	False	False	False
PCNX4	ENSG00000126773.13	ENST00000406854.6	1	0	0	0	0	0	False	False	False
PMP22	ENSG00000109099.15	ENST00000312280.9	1	0	0	0	0	0	False	False	False
RPL31	ENSG00000071082.11	ENST00000264258.8	2	65	0	0	2	67	True	False	True
RPS17	ENSG00000182774.13	ENST00000647841.1	3	5	0	0	0	5	True	False	True
CDR2	ENSG00000140743.8	ENST00000268383.7	1	1	0	0	0	1	True	False	True
IST1	ENSG00000182149.21	ENST00000378799.11	1	1	0	0	0	1	True	False	True
ADRM1	ENSG00000130706.13	ENST00000491935.5	1	0	0	0	0	0	False	False	False
PTTG1	ENSG00000164611.13	ENST00000393964.1	1	3	0	0	0	3	True	False	True
CTSA	ENSG00000064601.19	ENST00000372484.7	1	0	0	0	0	0	False	False	False
RPS13	ENSG00000110700.7	ENST00000525634.6	2	11	0	0	0	11	True	False	True
ZRANB2	ENSG00000132485.14	ENST00000254821.10	1	0	0	0	0	0	False	False	False
BCAP31	ENSG00000185825.17	ENST00000647529.1	1	0	0	0	0	0	False	False	False
STMN1	ENSG00000117632.23	ENST00000399728.5	1	2	0	0	0	2	True	False	True
DARS2	ENSG00000117593.12	ENST00000649689.2	1	0	0	0	0	0	False	False	False
GALNT7	ENSG00000109586.12	ENST00000265000.9	1	0	0	0	0	0	False	False	False
PREPL	ENSG00000138078.16	ENST00000541738.5	1	0	0	0	0	0	False	False	False
TCP11L1	ENSG00000176148.16	ENST00000334274.9	1	0	0	0	0	0	False	False	False
ANXA3	ENSG00000138772.13	ENST00000264908.11	1	0	0	0	0	0	False	False	False
TYMS	ENSG00000176890.16	ENST00000323274.15	1	2	0	0	0	2	True	False	True
LNPEP	ENSG00000113441.16	ENST00000231368.10	1	0	0	0	0	0	False	False	False
PSMA5	ENSG00000143106.13	ENST00000271308.9	1	2	0	0	0	2	True	False	True
ERO1A	ENSG00000197930.13	ENST00000395686.8	1	1	0	0	0	1	True	False	True
GRSF1	ENSG00000132463.14	ENST00000254799.11	1	0	0	0	0	0	False	False	False
MTHFD2	ENSG00000065911.12	ENST00000394053.7	1	7	0	0	1	8	True	False	True
ERAP1	ENSG00000164307.13	ENST00000443439.7	1	0	0	0	0	0	False	False	False
MCM3AP	ENSG00000160294.11	ENST00000291688.6	1	0	0	0	0	0	False	False	False
ITPR3	ENSG00000096433.11	ENST00000374316.9	1	0	0	0	0	0	False	False	False
CREBBP	ENSG00000005339.15	ENST00000262367.10	1	0	0	0	0	0	False	False	False
HTRA1	ENSG00000166033.13	ENST00000368984.8	1	0	0	0	0	0	False	False	False
MRPL51	ENSG00000111639.8	ENST00000229238.5	1	2	0	0	0	2	True	False	True
DCAF1	ENSG00000145041.15	ENST00000423656.5	1	0	0	0	0	0	False	False	False
LANCL1	ENSG00000115365.12	ENST00000443314.5	1	0	0	0	0	0	False	False	False
NCAPH2	ENSG00000025770.19	ENST00000420993.7	1	0	0	0	0	0	False	False	False
RABGGTB	ENSG00000137955.16	ENST00000319942.8	1	1	0	0	0	1	True	False	True
AL451062.4	ENSG00000284989.1	ENST00000645057.1	3	0	0	0	0	0	False	False	False
ASH1L	ENSG00000116539.13	ENST00000392403.8	1	0	0	0	0	0	False	False	False
FBL	ENSG00000105202.9	ENST00000221801.8	1	1	0	0	0	1	True	False	True
MARCHF7	ENSG00000136536.15	ENST00000409175.6	1	0	0	0	0	0	False	False	False
PARG	ENSG00000227345.8	ENST00000402038.7	2	0	0	0	0	0	False	False	False
CAP2	ENSG00000112186.12	ENST00000229922.7	1	1	0	0	0	1	True	False	True
ELP1	ENSG00000070061.15	ENST00000374647.10	1	0	0	0	0	0	False	False	False
MMP2	ENSG00000087245.13	ENST00000219070.9	1	0	0	0	0	0	False	False	False
PPA1	ENSG00000180817.12	ENST00000373232.8	2	3	0	0	0	3	True	False	True
RPS19	ENSG00000105372.8	ENST00000598742.6	1	7	0	0	0	7	True	False	True
TM9SF4	ENSG00000101337.16	ENST00000398022.7	1	0	0	0	0	0	False	False	False
SRGAP2C	ENSG00000171943.12	ENST00000367123.8	4	0	0	0	0	0	False	False	False
KNTC1	ENSG00000184445.12	ENST00000333479.12	1	0	0	0	0	0	False	False	False
NCAPH	ENSG00000121152.10	ENST00000240423.9	1	0	0	0	0	0	False	False	False
TMEM131	ENSG00000075568.17	ENST00000186436.10	1	0	0	0	0	0	False	False	False
DARS1	ENSG00000115866.11	ENST00000264161.9	1	0	0	0	0	0	False	False	False
TP53	ENSG00000141510.17	ENST00000269305.8	1	0	0	0	0	0	False	False	False
PTGR1	ENSG00000106853.20	ENST00000407693.7	1	1	0	0	0	1	True	False	True
URB1	ENSG00000142207.7	ENST00000382751.4	1	0	0	0	0	0	False	False	False
MYL9	ENSG00000101335.10	ENST00000279022.7	1	3	0	0	0	3	True	False	True
NPHP3-ACAD11	ENSG00000274810.4	ENST00000471702.2	1	0	0	0	0	0	False	False	False
CUL1	ENSG00000055130.17	ENST00000325222.9	1	1	0	0	0	1	True	False	True
DUS4L-BCAP29	ENSG00000288558.1	ENST00000673757.1	3	0	0	0	0	0	False	False	False
GPC5	ENSG00000179399.15	ENST00000377067.9	1	0	0	0	0	0	False	False	False
TBRG4	ENSG00000136270.14	ENST00000258770.8	1	0	0	0	0	0	False	False	False
TCEA1	ENSG00000187735.14	ENST00000521604.7	2	2	1	0	0	3	True	True	True
VPS53	ENSG00000141252.20	ENST00000437048.7	1	0	0	0	0	0	False	False	False
ARHGDIA	ENSG00000141522.12	ENST00000269321.12	1	0	0	0	0	0	False	False	False
MYL12B	ENSG00000118680.13	ENST00000581193.5	4	3	0	0	0	3	True	False	True
SLK	ENSG00000065613.15	ENST00000369755.4	1	0	0	0	0	0	False	False	False
TMX2	ENSG00000213593.10	ENST00000278422.9	2	1	0	0	0	1	True	False	True
MRTFA	ENSG00000196588.19	ENST00000355630.9	1	0	0	0	0	0	False	False	False
NFX1	ENSG00000086102.19	ENST00000379540.8	1	0	0	0	0	0	False	False	False
CERT1	ENSG00000113163.17	ENST00000644072.2	1	0	0	0	0	0	False	False	False
GIPC2	ENSG00000137960.6	ENST00000370759.4	1	0	0	0	0	0	False	False	False
GPD2	ENSG00000115159.16	ENST00000310454.10	1	1	0	0	0	1	True	False	True
ARL6IP1	ENSG00000170540.15	ENST00000304414.12	1	3	0	0	0	3	True	False	True
ASCC1	ENSG00000138303.18	ENST00000394919.5	1	0	0	0	0	0	False	False	False
FYN	ENSG00000010810.17	ENST00000354650.7	1	0	0	0	0	0	False	False	False
GNL3L	ENSG00000130119.17	ENST00000360845.3	1	0	0	0	0	0	False	False	False
USP8	ENSG00000138592.14	ENST00000396444.7	1	1	0	0	0	1	True	False	True
CDC37	ENSG00000105401.9	ENST00000222005.7	1	0	2	0	0	2	False	True	True
SERPINE1	ENSG00000106366.9	ENST00000223095.5	1	0	0	0	0	0	False	False	False
STXBP1	ENSG00000136854.22	ENST00000373299.5	1	0	0	0	0	0	False	False	False
MRPS6	ENSG00000243927.6	ENST00000399312.3	1	3	0	0	0	3	True	False	True
PDZD2	ENSG00000133401.16	ENST00000438447.2	2	0	0	0	0	0	False	False	False
PLRG1	ENSG00000171566.12	ENST00000499023.7	1	0	0	0	0	0	False	False	False
AFG3L2	ENSG00000141385.10	ENST00000269143.8	1	1	0	0	0	1	True	False	True
DDX39A	ENSG00000123136.15	ENST00000242776.9	1	1	0	0	0	1	True	False	True
NBEAL1	ENSG00000144426.18	ENST00000449802.5	2	0	0	0	0	0	False	False	False
NEMF	ENSG00000165525.18	ENST00000298310.10	1	0	0	0	0	0	False	False	False
ATRN	ENSG00000088812.18	ENST00000262919.10	1	0	0	0	0	0	False	False	False
NRDE2	ENSG00000119720.18	ENST00000354366.8	2	0	0	0	0	0	False	False	False
AC018362.3	ENSG00000285942.1	ENST00000650210.1	1	0	0	0	0	0	False	False	False
PES1	ENSG00000100029.18	ENST00000354694.12	1	2	0	0	0	2	True	False	True
PRPS1	ENSG00000147224.12	ENST00000372435.10	1	1	0	0	0	1	True	False	True
MFN1	ENSG00000171109.19	ENST00000471841.6	1	1	0	0	0	1	True	False	True
PGM1	ENSG00000079739.17	ENST00000371084.8	1	0	0	0	0	0	False	False	False
BUD23	ENSG00000071462.12	ENST00000265758.7	1	0	0	0	0	0	False	False	False
OGT	ENSG00000147162.14	ENST00000373719.8	1	0	0	0	0	0	False	False	False
EIF4A2	ENSG00000156976.17	ENST00000323963.10	1	3	0	0	0	3	True	False	True
CLASP1	ENSG00000074054.18	ENST00000541377.5	1	0	0	0	0	0	False	False	False
SOD1	ENSG00000142168.15	ENST00000270142.11	1	3	0	0	0	3	True	False	True
SUCLG2	ENSG00000172340.14	ENST00000307227.9	2	3	0	0	1	4	True	False	True
SPTLC1	ENSG00000090054.15	ENST00000262554.7	1	6	1	0	2	9	True	True	True
SRGAP2B	ENSG00000196369.11	ENST00000641863.1	4	0	0	0	0	0	False	False	False
HS2ST1	ENSG00000153936.17	ENST00000370550.10	2	0	0	0	0	0	False	False	False
NAV1	ENSG00000134369.15	ENST00000367296.8	1	0	0	0	0	0	False	False	False
EXT2	ENSG00000151348.15	ENST00000533608.7	1	0	0	0	0	0	False	False	False
OGG1	ENSG00000114026.21	ENST00000344629.11	1	0	0	0	0	0	False	False	False
RPS6KA3	ENSG00000177189.14	ENST00000379565.9	1	0	0	0	0	0	False	False	False
WDR33	ENSG00000136709.12	ENST00000322313.9	1	0	0	0	0	0	False	False	False
CHD8	ENSG00000100888.14	ENST00000646647.2	1	0	0	0	0	0	False	False	False
CTSL	ENSG00000135047.15	ENST00000343150.10	1	0	0	0	0	0	False	False	False
DPH6	ENSG00000134146.12	ENST00000256538.9	2	0	0	0	0	0	False	False	False
GSN	ENSG00000148180.19	ENST00000373818.8	1	0	0	0	0	0	False	False	False
PPIP5K2	ENSG00000145725.19	ENST00000358359.7	1	1	0	0	0	1	True	False	True
SLC39A14	ENSG00000104635.14	ENST00000359741.9	1	1	0	0	0	1	True	False	True
HK1	ENSG00000156515.23	ENST00000359426.6	1	0	0	0	0	0	False	False	False
IL7R	ENSG00000168685.15	ENST00000303115.8	1	0	0	0	0	0	False	False	False
NEK2	ENSG00000117650.13	ENST00000366999.9	1	5	0	0	0	5	True	False	True
NOL9	ENSG00000162408.11	ENST00000377705.6	1	0	0	0	0	0	False	False	False
CD59	ENSG00000085063.17	ENST00000651785.1	1	0	0	0	0	0	False	False	False
MED1	ENSG00000125686.12	ENST00000300651.11	1	0	0	0	0	0	False	False	False
OLA1	ENSG00000138430.16	ENST00000284719.8	2	1	0	0	0	1	True	False	True
RRP1B	ENSG00000160208.13	ENST00000340648.6	1	0	0	0	0	0	False	False	False
CCAR2	ENSG00000158941.16	ENST00000308511.8	1	0	0	0	0	0	False	False	False
DPY30	ENSG00000162961.14	ENST00000342166.10	2	0	0	0	0	0	False	False	False
QRICH1	ENSG00000198218.11	ENST00000395443.7	1	0	0	0	0	0	False	False	False
RBM26	ENSG00000139746.15	ENST00000267229.11	1	0	0	0	0	0	False	False	False
UCHL5	ENSG00000116750.13	ENST00000367454.5	1	1	0	0	0	1	True	False	True
BBS2	ENSG00000125124.12	ENST00000245157.10	1	0	0	0	0	0	False	False	False
UBE2A	ENSG00000077721.16	ENST00000371558.7	1	0	0	0	0	0	False	False	False
CBWD1	ENSG00000172785.18	ENST00000377400.8	4	0	0	0	0	0	False	False	False
TTLL12	ENSG00000100304.13	ENST00000216129.7	1	1	0	0	0	1	True	False	True
ZC3HAV1	ENSG00000105939.13	ENST00000464606.5	1	0	0	0	0	0	False	False	False
RFC4	ENSG00000163918.10	ENST00000392481.6	1	0	0	0	0	0	False	False	False
C5orf22	ENSG00000082213.18	ENST00000325366.14	1	0	0	0	0	0	False	False	False
ZWILCH	ENSG00000174442.12	ENST00000307897.10	1	0	0	0	0	0	False	False	False
EIF2AK2	ENSG00000055332.18	ENST00000233057.9	1	0	0	0	0	0	False	False	False
WDHD1	ENSG00000198554.12	ENST00000360586.8	1	0	0	0	0	0	False	False	False
CLUH	ENSG00000132361.17	ENST00000570628.6	1	1	0	0	0	1	True	False	True
SNRNP40	ENSG00000060688.13	ENST00000263694.9	1	1	0	0	0	1	True	False	True
DIP2B	ENSG00000066084.13	ENST00000301180.10	1	0	0	0	0	0	False	False	False
GSTM2	ENSG00000213366.13	ENST00000241337.9	1	2	0	0	0	2	True	False	True
PBRM1	ENSG00000163939.18	ENST00000409057.5	1	0	0	0	0	0	False	False	False
USP10	ENSG00000103194.15	ENST00000219473.11	1	3	0	0	0	3	True	False	True
BRD2	ENSG00000204256.13	ENST00000374825.9	1	0	0	0	0	0	False	False	False
CPLANE1	ENSG00000197603.14	ENST00000425232.6	1	0	0	0	0	0	False	False	False
GXYLT2	ENSG00000172986.13	ENST00000389617.9	1	1	0	0	0	1	True	False	True
INTS4	ENSG00000149262.17	ENST00000534064.6	4	0	0	0	0	0	False	False	False
QSOX2	ENSG00000165661.17	ENST00000358701.10	1	0	0	0	0	0	False	False	False
U2AF1	ENSG00000160201.11	ENST00000291552.8	4	0	0	0	0	0	False	False	False
U2AF1L5	ENSG00000275895.7	ENST00000610664.5	4	0	0	0	0	0	False	False	False
SF3B4	ENSG00000143368.10	ENST00000271628.9	1	1	0	0	0	1	True	False	True
SNU13	ENSG00000100138.15	ENST00000401959.6	1	3	2	0	1	6	True	True	True
USP33	ENSG00000077254.14	ENST00000370794.7	1	0	0	0	0	0	False	False	False
NUDCD3	ENSG00000015676.18	ENST00000355451.8	1	0	0	0	0	0	False	False	False
TXN	ENSG00000136810.13	ENST00000374517.6	1	7	0	0	0	7	True	False	True
ATP6AP2	ENSG00000182220.15	ENST00000636580.2	1	1	0	0	0	1	True	False	True
LIPA	ENSG00000107798.18	ENST00000336233.10	1	0	0	0	0	0	False	False	False
ACAA2	ENSG00000167315.18	ENST00000285093.15	1	1	0	0	0	1	True	False	True
SLC12A2	ENSG00000064651.14	ENST00000262461.7	1	0	0	0	0	0	False	False	False
AP2A1	ENSG00000196961.12	ENST00000354293.9	1	0	0	0	0	0	False	False	False
DHCR7	ENSG00000172893.16	ENST00000355527.8	1	0	0	0	0	0	False	False	False
HMMR	ENSG00000072571.20	ENST00000393915.9	1	0	0	0	0	0	False	False	False
SGCE	ENSG00000127990.19	ENST00000648936.2	1	1	0	0	0	1	True	False	True
SPATS2L	ENSG00000196141.14	ENST00000409140.8	1	0	0	0	0	0	False	False	False
ATP5PD	ENSG00000167863.12	ENST00000301587.9	1	4	0	0	0	4	True	False	True
PRSS21	ENSG00000007038.11	ENST00000005995.8	1	0	0	0	0	0	False	False	False
ELAC2	ENSG00000006744.19	ENST00000338034.9	1	0	0	0	0	0	False	False	False
MICU1	ENSG00000107745.19	ENST00000361114.10	1	0	0	0	0	0	False	False	False
PTPRD	ENSG00000153707.17	ENST00000381196.8	4	0	0	0	0	0	False	False	False
NEGR1	ENSG00000172260.15	ENST00000357731.10	1	0	0	0	0	0	False	False	False
PWP1	ENSG00000136045.12	ENST00000412830.8	1	0	0	0	0	0	False	False	False
PPP3CA	ENSG00000138814.17	ENST00000394854.8	1	0	0	0	0	0	False	False	False
LEO1	ENSG00000166477.13	ENST00000299601.10	1	0	0	0	0	0	False	False	False
SYNJ2	ENSG00000078269.15	ENST00000355585.9	1	0	0	0	0	0	False	False	False
RAC1	ENSG00000136238.18	ENST00000348035.9	2	5	0	0	0	5	True	False	True
CLVS1	ENSG00000177182.11	ENST00000519846.5	4	0	0	0	0	0	False	False	False
COPZ1	ENSG00000111481.10	ENST00000262061.7	1	0	0	0	0	0	False	False	False
PAPSS2	ENSG00000198682.13	ENST00000361175.8	1	0	0	0	0	0	False	False	False
POLR1E	ENSG00000137054.16	ENST00000377798.9	1	0	0	0	0	0	False	False	False
RAB3GAP1	ENSG00000115839.18	ENST00000442034.5	1	0	0	0	0	0	False	False	False
AC092143.1	ENSG00000198211.8	ENST00000556922.1	3	0	0	0	0	0	False	False	False
EPS15	ENSG00000085832.17	ENST00000371733.8	1	0	0	0	0	0	False	False	False
GGNBP2	ENSG00000278311.5	ENST00000613102.5	1	0	0	0	0	0	False	False	False
HSDL2	ENSG00000119471.15	ENST00000398805.8	1	0	0	0	0	0	False	False	False
LEPROTL1	ENSG00000104660.19	ENST00000321250.13	1	0	0	0	0	0	False	False	False
USP13	ENSG00000058056.9	ENST00000263966.8	1	0	0	0	0	0	False	False	False
ANAPC7	ENSG00000196510.12	ENST00000455511.7	1	0	0	0	0	0	False	False	False
ATAD3A	ENSG00000197785.14	ENST00000378756.8	4	0	0	0	0	0	False	False	False
SEC14L1	ENSG00000129657.16	ENST00000392476.6	1	1	0	0	0	1	True	False	True
UBE3A	ENSG00000114062.21	ENST00000648336.2	1	1	0	0	0	1	True	False	True
AC091959.3	ENSG00000275740.1	ENST00000506502.2	3	0	0	0	0	0	False	False	False
LBR	ENSG00000143815.15	ENST00000338179.6	1	0	0	0	0	0	False	False	False
RNF145	ENSG00000145860.11	ENST00000611185.4	1	2	0	0	0	2	True	False	True
SSR2	ENSG00000163479.14	ENST00000295702.9	1	0	0	0	0	0	False	False	False
CIZ1	ENSG00000148337.21	ENST00000634901.1	1	0	0	0	0	0	False	False	False
COBL	ENSG00000106078.19	ENST00000265136.12	1	1	0	0	0	1	True	False	True
EP300	ENSG00000100393.14	ENST00000263253.9	1	0	0	0	0	0	False	False	False
LMNB2	ENSG00000176619.13	ENST00000325327.4	1	0	0	0	0	0	False	False	False
RNF20	ENSG00000155827.12	ENST00000389120.8	1	0	0	0	0	0	False	False	False
STON2	ENSG00000140022.13	ENST00000649389.1	1	0	0	0	0	0	False	False	False
HELZ	ENSG00000198265.12	ENST00000358691.10	1	0	0	0	0	0	False	False	False
TOMM70	ENSG00000154174.8	ENST00000284320.6	1	0	0	0	0	0	False	False	False
CMC2	ENSG00000103121.9	ENST00000219400.8	1	7	0	0	0	7	True	False	True
PNPT1	ENSG00000138035.15	ENST00000447944.7	1	2	0	0	0	2	True	False	True
TUBB3	ENSG00000258947.7	ENST00000315491.12	3	1	0	0	0	1	True	False	True
YBX3	ENSG00000060138.13	ENST00000228251.9	1	1	0	0	0	1	True	False	True
NMT1	ENSG00000136448.12	ENST00000592782.5	1	0	0	0	0	0	False	False	False
PCID2	ENSG00000126226.22	ENST00000337344.9	1	0	0	0	0	0	False	False	False
SLC52A2	ENSG00000185803.11	ENST00000643944.2	1	0	0	0	0	0	False	False	False
TMEM223	ENSG00000168569.8	ENST00000307366.8	1	0	0	0	0	0	False	False	False
RBM27	ENSG00000091009.8	ENST00000265271.7	3	0	0	0	0	0	False	False	False
TTF2	ENSG00000116830.12	ENST00000369466.9	1	0	0	0	0	0	False	False	False
WASHC5	ENSG00000164961.16	ENST00000318410.12	1	0	0	0	0	0	False	False	False
FUBP3	ENSG00000107164.16	ENST00000319725.10	1	0	0	0	0	0	False	False	False
IDI1	ENSG00000067064.11	ENST00000429642.2	1	3	0	0	0	3	True	False	True
KIF18A	ENSG00000121621.7	ENST00000263181.7	1	0	0	0	0	0	False	False	False
OTUB1	ENSG00000167770.11	ENST00000538426.5	1	0	0	0	0	0	False	False	False
ARPC3	ENSG00000111229.16	ENST00000228825.12	2	5	0	0	0	5	True	False	True
COA1	ENSG00000106603.19	ENST00000395879.5	1	1	0	0	0	1	True	False	True
GSTM1	ENSG00000134184.13	ENST00000309851.10	1	0	0	0	0	0	False	False	False
H2AC20	ENSG00000184260.6	ENST00000331380.4	4	0	0	0	0	0	False	False	False
SLC39A1	ENSG00000143570.18	ENST00000368623.7	1	0	0	0	0	0	False	False	False
DYNC2H1	ENSG00000187240.16	ENST00000375735.7	1	0	0	0	0	0	False	False	False
ITM2B	ENSG00000136156.15	ENST00000647800.2	1	1	0	0	0	1	True	False	True
PDE4DIP	ENSG00000178104.19	ENST00000369356.8	4	0	1	0	0	1	False	True	True
PIK3CB	ENSG00000051382.9	ENST00000674063.1	2	0	0	0	0	0	False	False	False
ZNF622	ENSG00000173545.5	ENST00000308683.3	1	1	0	0	0	1	True	False	True
DNER	ENSG00000187957.8	ENST00000341772.5	1	0	0	0	0	0	False	False	False
H4C15	ENSG00000270276.2	ENST00000579512.2	4	0	0	0	0	0	False	False	False
JMJD1C	ENSG00000171988.19	ENST00000399262.7	1	0	0	0	0	0	False	False	False
NDC80	ENSG00000080986.13	ENST00000261597.9	1	0	0	0	0	0	False	False	False
SUMF1	ENSG00000144455.14	ENST00000272902.10	1	0	0	0	0	0	False	False	False
MAN2A1	ENSG00000112893.9	ENST00000261483.4	1	0	0	0	0	0	False	False	False
MED24	ENSG00000008838.20	ENST00000394128.7	1	0	0	0	0	0	False	False	False
NFIC	ENSG00000141905.19	ENST00000443272.3	1	0	0	0	0	0	False	False	False
TSC2	ENSG00000103197.18	ENST00000350773.9	1	0	0	0	0	0	False	False	False
ADAMTS1	ENSG00000154734.15	ENST00000284984.8	1	0	0	0	0	0	False	False	False
BIVM-ERCC5	ENSG00000270181.3	ENST00000639435.1	3	0	0	0	0	0	False	False	False
S100A2	ENSG00000196754.13	ENST00000368708.9	1	0	0	0	0	0	False	False	False
ARMC9	ENSG00000135931.17	ENST00000349938.8	1	0	0	0	0	0	False	False	False
C11orf58	ENSG00000110696.10	ENST00000228136.9	1	2	0	0	0	2	True	False	True
TOMM20	ENSG00000173726.11	ENST00000366607.5	2	4	1	0	0	5	True	True	True
ADAM17	ENSG00000151694.14	ENST00000310823.8	1	0	0	0	0	0	False	False	False
TTI2	ENSG00000129696.13	ENST00000613904.1	1	0	0	0	0	0	False	False	False
ATP5MC2	ENSG00000135390.21	ENST00000552242.5	1	6	0	0	0	6	True	False	True
ELAVL1	ENSG00000066044.15	ENST00000407627.7	1	0	0	0	0	0	False	False	False
SNX2	ENSG00000205302.7	ENST00000379516.7	1	2	0	0	0	2	True	False	True
H2BC12	ENSG00000197903.8	ENST00000356950.2	4	0	0	0	0	0	False	False	False
SUN2	ENSG00000100242.15	ENST00000405510.5	1	0	0	0	0	0	False	False	False
TLL1	ENSG00000038295.8	ENST00000061240.7	1	0	0	0	0	0	False	False	False
URGCP-MRPS24	ENSG00000270617.1	ENST00000603700.1	3	0	0	0	0	0	False	False	False
AFF1	ENSG00000172493.21	ENST00000307808.10	1	0	0	0	0	0	False	False	False
NPNT	ENSG00000168743.12	ENST00000427316.6	1	0	0	0	0	0	False	False	False
ARPC5	ENSG00000162704.16	ENST00000359856.11	1	0	0	0	0	0	False	False	False
BROX	ENSG00000162819.12	ENST00000340934.10	1	0	0	0	0	0	False	False	False
FMN2	ENSG00000155816.20	ENST00000319653.14	2	0	0	0	0	0	False	False	False
POM121C	ENSG00000272391.6	ENST00000607367.5	4	0	0	0	0	0	False	False	False
RTF2	ENSG00000022277.12	ENST00000357348.9	1	0	0	0	0	0	False	False	False
SNRNP70	ENSG00000104852.15	ENST00000598441.6	1	0	0	0	0	0	False	False	False
H4C14	ENSG00000270882.2	ENST00000578186.2	4	0	0	0	0	0	False	False	False
PNKP	ENSG00000039650.12	ENST00000322344.8	1	0	0	0	0	0	False	False	False
SLC44A2	ENSG00000129353.15	ENST00000335757.10	1	0	0	0	0	0	False	False	False
KNL1	ENSG00000137812.20	ENST00000399668.7	1	0	0	0	0	0	False	False	False
TTK	ENSG00000112742.10	ENST00000369798.7	1	1	0	0	0	1	True	False	True
AKAP9	ENSG00000127914.17	ENST00000356239.8	1	0	0	0	0	0	False	False	False
ATP5PO	ENSG00000241837.7	ENST00000290299.7	1	2	0	0	0	2	True	False	True
TNFRSF1A	ENSG00000067182.8	ENST00000162749.7	1	0	0	0	0	0	False	False	False
PRPF31	ENSG00000105618.14	ENST00000321030.9	1	0	0	0	0	0	False	False	False
RPS16	ENSG00000105193.9	ENST00000251453.8	1	11	0	0	0	11	True	False	True
INPPL1	ENSG00000165458.14	ENST00000298229.7	1	0	0	0	0	0	False	False	False
CBWD3	ENSG00000196873.15	ENST00000377342.9	4	1	0	0	0	1	True	False	True
IFT81	ENSG00000122970.16	ENST00000242591.10	1	0	0	0	0	0	False	False	False
MRE11	ENSG00000020922.13	ENST00000323929.8	1	1	0	0	0	1	True	False	True
PUS7	ENSG00000091127.14	ENST00000469408.6	1	0	0	0	1	1	False	False	True
ADGRE3	ENSG00000131355.15	ENST00000253673.6	2	0	0	0	0	0	False	False	False
MPP5	ENSG00000072415.9	ENST00000261681.9	1	0	0	0	0	0	False	False	False
FAR1	ENSG00000197601.13	ENST00000354817.8	1	1	0	0	0	1	True	False	True
PRPF4B	ENSG00000112739.17	ENST00000337659.11	1	2	0	0	0	2	True	False	True
KMT2C	ENSG00000055609.18	ENST00000262189.11	2	0	0	0	0	0	False	False	False
PPP4R2	ENSG00000163605.15	ENST00000356692.10	2	6	0	0	0	6	True	False	True
CD46	ENSG00000117335.20	ENST00000367042.6	1	0	0	0	0	0	False	False	False
PRR11	ENSG00000068489.13	ENST00000262293.9	1	1	0	0	0	1	True	False	True
RCN2	ENSG00000117906.14	ENST00000394885.8	1	0	0	0	0	0	False	False	False
DDIT4	ENSG00000168209.5	ENST00000307365.4	1	0	0	0	0	0	False	False	False
LAMB2	ENSG00000172037.14	ENST00000305544.9	1	0	0	0	0	0	False	False	False
CNOT10	ENSG00000182973.18	ENST00000328834.9	1	0	0	0	0	0	False	False	False
RPAP3	ENSG00000005175.10	ENST00000005386.8	1	0	0	0	0	0	False	False	False
PCYOX1	ENSG00000116005.12	ENST00000433351.7	1	0	0	0	0	0	False	False	False
ANO6	ENSG00000177119.16	ENST00000320560.13	1	0	0	0	0	0	False	False	False
DCTN2	ENSG00000175203.15	ENST00000548249.5	1	0	0	0	0	0	False	False	False
GOPC	ENSG00000047932.14	ENST00000368498.7	1	0	0	0	0	0	False	False	False
GCC1	ENSG00000179562.3	ENST00000321407.3	1	0	0	0	0	0	False	False	False
TMED7-TICAM2	ENSG00000251201.8	ENST00000282382.8	3	0	0	0	0	0	False	False	False
LUZP1	ENSG00000169641.13	ENST00000302291.8	1	0	0	0	0	0	False	False	False
TGOLN2	ENSG00000152291.14	ENST00000377386.8	1	0	0	0	0	0	False	False	False
ZFX	ENSG00000005889.15	ENST00000379188.7	1	0	0	0	0	0	False	False	False
CLASP2	ENSG00000163539.17	ENST00000468888.6	1	1	0	0	0	1	True	False	True
INTS10	ENSG00000104613.12	ENST00000397977.8	1	0	0	0	0	0	False	False	False
KDM5C	ENSG00000126012.12	ENST00000375401.8	1	0	0	0	0	0	False	False	False
RPL29	ENSG00000162244.12	ENST00000294189.11	2	38	1	0	0	39	True	True	True
AIMP2	ENSG00000106305.10	ENST00000223029.8	1	0	0	0	0	0	False	False	False
KPNA1	ENSG00000114030.13	ENST00000344337.11	1	0	0	0	0	0	False	False	False
SUZ12	ENSG00000178691.11	ENST00000322652.10	1	0	1	0	0	1	False	True	True
TAF9	ENSG00000273841.5	ENST00000328663.8	1	3	0	0	0	3	True	False	True
GRB2	ENSG00000177885.15	ENST00000392562.5	1	0	0	0	0	0	False	False	False
PPFIBP1	ENSG00000110841.14	ENST00000228425.11	1	0	0	0	0	0	False	False	False
BTBD1	ENSG00000064726.10	ENST00000261721.9	1	0	0	0	0	0	False	False	False
DNAJC8	ENSG00000126698.11	ENST00000263697.6	2	5	0	0	0	5	True	False	True
UBE2D3	ENSG00000109332.20	ENST00000394804.6	2	6	0	0	0	6	True	False	True
ZNF770	ENSG00000198146.4	ENST00000356321.4	1	0	0	0	0	0	False	False	False
CLNS1A	ENSG00000074201.9	ENST00000525428.6	1	2	0	0	1	3	True	False	True
H3-3A	ENSG00000163041.12	ENST00000366815.9	2	4	0	0	0	4	True	False	True
CBWD5	ENSG00000147996.16	ENST00000382405.7	4	0	0	0	0	0	False	False	False
CLN5	ENSG00000102805.16	ENST00000636183.2	1	0	0	0	0	0	False	False	False
EIF3G	ENSG00000130811.12	ENST00000253108.9	1	0	0	0	0	0	False	False	False
NAA38	ENSG00000183011.13	ENST00000575771.5	1	0	0	0	0	0	False	False	False
RNPEP	ENSG00000176393.11	ENST00000295640.9	1	0	0	0	0	0	False	False	False
TIMELESS	ENSG00000111602.12	ENST00000553532.6	1	0	0	0	0	0	False	False	False
ARF1	ENSG00000143761.16	ENST00000541182.1	1	3	0	0	0	3	True	False	True
NAV2	ENSG00000166833.21	ENST00000360655.8	1	0	0	0	0	0	False	False	False
NBL1	ENSG00000158747.15	ENST00000621723.4	3	0	0	0	0	0	False	False	False
PRDX2	ENSG00000167815.12	ENST00000301522.3	1	4	0	0	0	4	True	False	True
BMP1	ENSG00000168487.19	ENST00000306385.10	1	0	0	0	0	0	False	False	False
SDHB	ENSG00000117118.10	ENST00000375499.8	1	1	0	0	0	1	True	False	True
ARF3	ENSG00000134287.10	ENST00000256682.9	3	1	0	0	0	1	True	False	True
NUDT21	ENSG00000167005.14	ENST00000300291.10	1	2	0	0	0	2	True	False	True
RFC3	ENSG00000133119.13	ENST00000380071.8	1	1	0	0	0	1	True	False	True
RSU1	ENSG00000148484.18	ENST00000377921.7	1	1	0	0	0	1	True	False	True
SLC25A24	ENSG00000085491.17	ENST00000565488.6	1	0	0	0	0	0	False	False	False
TUBGCP2	ENSG00000130640.13	ENST00000368563.6	1	0	0	0	0	0	False	False	False
AC093155.3	ENSG00000267561.2	ENST00000370548.3	2	0	0	0	0	0	False	False	False
CDK12	ENSG00000167258.15	ENST00000430627.6	1	0	0	0	0	0	False	False	False
PPP4R3B	ENSG00000275052.5	ENST00000616288.4	1	0	0	0	1	1	False	False	True
BEST1	ENSG00000167995.17	ENST00000378043.9	2	0	0	0	0	0	False	False	False
FLNC	ENSG00000128591.15	ENST00000346177.6	1	0	0	0	0	0	False	False	False
RBMS1	ENSG00000153250.20	ENST00000348849.8	2	1	0	0	0	1	True	False	True
RPL34	ENSG00000109475.16	ENST00000394668.2	2	42	0	0	1	43	True	False	True
EDF1	ENSG00000107223.13	ENST00000224073.6	1	0	0	0	0	0	False	False	False
GSTM4	ENSG00000168765.17	ENST00000336075.6	4	0	0	0	0	0	False	False	False
SDCBP	ENSG00000137575.12	ENST00000413219.6	1	4	0	0	0	4	True	False	True
AKAP13	ENSG00000170776.22	ENST00000394518.7	1	0	0	0	0	0	False	False	False
ALAS1	ENSG00000023330.15	ENST00000394965.6	1	1	0	0	0	1	True	False	True
BUD31	ENSG00000106245.11	ENST00000403633.6	1	2	0	0	1	3	True	False	True
H2AC6	ENSG00000180573.9	ENST00000377791.3	1	0	0	0	0	0	False	False	False
INTS7	ENSG00000143493.13	ENST00000366994.8	1	0	0	0	0	0	False	False	False
PKN2	ENSG00000065243.20	ENST00000370521.8	1	0	0	0	0	0	False	False	False
ARHGAP5	ENSG00000100852.13	ENST00000345122.8	1	1	0	0	0	1	True	False	True
RPS20	ENSG00000008988.9	ENST00000521262.5	2	32	3	0	0	35	True	True	True
CDC42SE1	ENSG00000197622.13	ENST00000439374.6	1	0	0	0	0	0	False	False	False
CDCA7L	ENSG00000164649.20	ENST00000406877.8	1	1	0	0	0	1	True	False	True
EML4	ENSG00000143924.19	ENST00000318522.10	1	0	0	0	0	0	False	False	False
GIPC1	ENSG00000123159.16	ENST00000393033.9	1	0	0	0	0	0	False	False	False
GTF2H2C	ENSG00000183474.15	ENST00000510979.5	4	0	0	0	0	0	False	False	False
SART1	ENSG00000175467.15	ENST00000312397.10	1	0	0	0	0	0	False	False	False
ZYG11B	ENSG00000162378.13	ENST00000294353.7	2	0	0	0	0	0	False	False	False
CLCN3	ENSG00000109572.14	ENST00000347613.8	1	0	0	0	0	0	False	False	False
DLST	ENSG00000119689.15	ENST00000334220.9	1	1	0	0	0	1	True	False	True
ERBB2	ENSG00000141736.13	ENST00000269571.9	1	0	0	0	0	0	False	False	False
PBK	ENSG00000168078.10	ENST00000301905.9	1	0	0	0	0	0	False	False	False
SRP14	ENSG00000140319.11	ENST00000267884.11	1	6	0	0	0	6	True	False	True
PDK4	ENSG00000004799.8	ENST00000005178.6	1	0	0	0	0	0	False	False	False
PIEZO1	ENSG00000103335.22	ENST00000301015.14	1	0	0	0	0	0	False	False	False
PLK2	ENSG00000145632.15	ENST00000274289.8	1	0	0	0	0	0	False	False	False
RPS15	ENSG00000115268.9	ENST00000592588.6	2	7	0	0	0	7	True	False	True
SEC11A	ENSG00000140612.14	ENST00000268220.12	1	1	0	0	0	1	True	False	True
PRDX3	ENSG00000165672.7	ENST00000298510.4	1	7	0	0	0	7	True	False	True
URI1	ENSG00000105176.18	ENST00000392271.6	1	1	0	0	0	1	True	False	True
CHMP5	ENSG00000086065.14	ENST00000223500.9	1	2	0	0	0	2	True	False	True
FLVCR2	ENSG00000119686.10	ENST00000238667.9	1	0	0	0	0	0	False	False	False
IFRD1	ENSG00000006652.14	ENST00000403825.8	1	0	0	0	0	0	False	False	False
OSBPL8	ENSG00000091039.17	ENST00000261183.8	1	0	0	0	0	0	False	False	False
SBF2	ENSG00000133812.15	ENST00000256190.12	1	0	0	0	0	0	False	False	False
SPHK1	ENSG00000176170.14	ENST00000323374.8	1	0	0	0	0	0	False	False	False
DDB2	ENSG00000134574.12	ENST00000256996.9	1	0	0	0	0	0	False	False	False
GLRX	ENSG00000173221.14	ENST00000379979.8	1	3	0	0	0	3	True	False	True
GLYR1	ENSG00000140632.17	ENST00000321919.14	1	1	0	0	0	1	True	False	True
LSG1	ENSG00000041802.11	ENST00000265245.10	1	0	0	0	0	0	False	False	False
TFPI	ENSG00000003436.16	ENST00000233156.9	1	0	0	0	0	0	False	False	False
ASAH2	ENSG00000188611.15	ENST00000395526.9	2	0	0	0	0	0	False	False	False
EMC3	ENSG00000125037.12	ENST00000245046.6	1	1	0	0	0	1	True	False	True
CBWD2	ENSG00000136682.15	ENST00000416503.6	4	0	0	0	0	0	False	False	False
RNPS1	ENSG00000205937.12	ENST00000565678.5	2	1	0	0	0	1	True	False	True
PNN	ENSG00000100941.9	ENST00000216832.9	1	0	0	0	0	0	False	False	False
SCCPDH	ENSG00000143653.10	ENST00000366510.4	1	0	0	0	0	0	False	False	False
AC069288.1	ENSG00000286192.1	ENST00000651235.1	3	0	0	0	0	0	False	False	False
GTF2H2	ENSG00000145736.14	ENST00000274400.9	4	0	0	0	0	0	False	False	False
TMED10	ENSG00000170348.9	ENST00000303575.9	1	2	0	0	0	2	True	False	True
ANKRD52	ENSG00000139645.10	ENST00000267116.8	1	0	0	0	0	0	False	False	False
ARPC1B	ENSG00000130429.15	ENST00000451682.5	3	0	0	0	0	0	False	False	False
CTSZ	ENSG00000101160.14	ENST00000217131.6	1	0	0	0	0	0	False	False	False
EFR3A	ENSG00000132294.15	ENST00000254624.10	1	0	0	0	0	0	False	False	False
ENOSF1	ENSG00000132199.20	ENST00000647584.2	1	0	0	0	0	0	False	False	False
RNASEK-C17orf49	ENSG00000161939.19	ENST00000547302.3	3	0	0	0	0	0	False	False	False
SHC1	ENSG00000160691.19	ENST00000448116.7	1	2	0	0	0	2	True	False	True
BBX	ENSG00000114439.19	ENST00000325805.13	1	0	0	0	0	0	False	False	False
LRRFIP2	ENSG00000093167.18	ENST00000354379.8	1	1	0	0	0	1	True	False	True
PTCD3	ENSG00000132300.19	ENST00000254630.12	1	1	0	0	0	1	True	False	True
RTF1	ENSG00000137815.14	ENST00000389629.8	1	0	0	0	0	0	False	False	False
VPS26A	ENSG00000122958.15	ENST00000263559.11	1	1	0	0	0	1	True	False	True
AL358472.6	ENSG00000285641.1	ENST00000648869.1	3	0	0	0	0	0	False	False	False
CD2AP	ENSG00000198087.7	ENST00000359314.5	1	0	0	0	0	0	False	False	False
CDC42BPB	ENSG00000198752.11	ENST00000361246.7	1	2	0	0	0	2	True	False	True
CUL2	ENSG00000108094.15	ENST00000374748.5	1	1	0	0	0	1	True	False	True
CUTC	ENSG00000119929.13	ENST00000370476.10	3	0	0	0	0	0	False	False	False
KIFC1	ENSG00000237649.8	ENST00000428849.7	1	0	0	0	0	0	False	False	False
SNX1	ENSG00000028528.15	ENST00000559844.6	1	0	0	0	0	0	False	False	False
VAT1	ENSG00000108828.16	ENST00000355653.8	1	0	0	0	0	0	False	False	False
H3C2	ENSG00000286522.2	ENST00000621411.3	1	0	0	0	0	0	False	False	False
LPIN2	ENSG00000101577.9	ENST00000261596.8	2	0	0	0	0	0	False	False	False
MRPS35	ENSG00000061794.13	ENST00000081029.8	1	1	0	0	0	1	True	False	True
S100A4	ENSG00000196154.12	ENST00000368715.5	1	0	0	0	0	0	False	False	False
ATP1B1	ENSG00000143153.13	ENST00000367816.5	1	0	1	0	0	1	False	True	True
PARVA	ENSG00000197702.14	ENST00000334956.15	1	0	0	0	0	0	False	False	False
RPLP1	ENSG00000137818.12	ENST00000260379.11	2	14	0	0	1	15	True	False	True
PNP	ENSG00000198805.12	ENST00000361505.10	1	1	0	0	0	1	True	False	True
SEC23IP	ENSG00000107651.13	ENST00000369075.8	1	0	0	0	0	0	False	False	False
AL441992.3	ENSG00000286112.1	ENST00000651925.1	3	0	0	0	0	0	False	False	False
ERP44	ENSG00000023318.8	ENST00000262455.7	1	2	0	0	0	2	True	False	True
OXSR1	ENSG00000172939.9	ENST00000311806.8	1	0	0	0	0	0	False	False	False
RFWD3	ENSG00000168411.14	ENST00000361070.9	1	0	0	0	0	0	False	False	False
SRCAP	ENSG00000080603.17	ENST00000262518.9	3	0	0	0	0	0	False	False	False
ZC3H14	ENSG00000100722.20	ENST00000251038.10	1	2	0	0	0	2	True	False	True
BACE2	ENSG00000182240.16	ENST00000330333.11	1	0	0	0	0	0	False	False	False
CRISPLD2	ENSG00000103196.12	ENST00000262424.10	1	0	0	0	0	0	False	False	False
GTF3C3	ENSG00000119041.11	ENST00000263956.8	1	0	0	0	0	0	False	False	False
KIFC3	ENSG00000140859.16	ENST00000379655.8	1	0	0	0	0	0	False	False	False
COMT	ENSG00000093010.14	ENST00000361682.11	1	0	0	0	0	0	False	False	False
CTSB	ENSG00000164733.21	ENST00000353047.11	1	2	0	0	0	2	True	False	True
HSPE1	ENSG00000115541.11	ENST00000233893.10	4	21	1	0	2	24	True	True	True
BRD8	ENSG00000112983.17	ENST00000254900.9	1	0	0	0	0	0	False	False	False
SART3	ENSG00000075856.12	ENST00000546815.6	1	0	0	0	0	0	False	False	False
TEAD1	ENSG00000187079.19	ENST00000334310.10	1	0	0	0	0	0	False	False	False
DHX29	ENSG00000067248.10	ENST00000251636.10	1	1	0	0	0	1	True	False	True
EIF6	ENSG00000242372.8	ENST00000374436.7	1	0	0	0	0	0	False	False	False
DNAJA2	ENSG00000069345.12	ENST00000317089.10	1	1	0	0	0	1	True	False	True
MAGT1	ENSG00000102158.19	ENST00000358075.10	1	1	0	0	0	1	True	False	True
TFAM	ENSG00000108064.11	ENST00000487519.6	1	2	0	0	0	2	True	False	True
TUBGCP4	ENSG00000137822.13	ENST00000564079.6	1	0	0	0	0	0	False	False	False
ASXL1	ENSG00000171456.20	ENST00000375687.10	1	0	0	0	0	0	False	False	False
PARP10	ENSG00000178685.14	ENST00000313028.12	1	0	0	0	0	0	False	False	False
STAT5B	ENSG00000173757.10	ENST00000293328.8	1	0	0	0	0	0	False	False	False
EIF3J	ENSG00000104131.13	ENST00000261868.10	1	5	1	0	0	6	True	True	True
LRBA	ENSG00000198589.14	ENST00000651943.2	1	0	0	0	0	0	False	False	False
TPD52L2	ENSG00000101150.17	ENST00000348257.9	1	1	0	0	0	1	True	False	True
ABCB6	ENSG00000115657.14	ENST00000265316.9	1	0	0	0	0	0	False	False	False
ATP5MC3	ENSG00000154518.9	ENST00000284727.8	1	2	0	0	0	2	True	False	True
CLEC2D	ENSG00000069493.15	ENST00000290855.11	4	0	0	0	0	0	False	False	False
HEATR5A	ENSG00000129493.15	ENST00000543095.7	3	0	0	0	0	0	False	False	False
TUBG1	ENSG00000131462.8	ENST00000251413.8	1	1	0	0	0	1	True	False	True
DYNLL1	ENSG00000088986.11	ENST00000392509.6	1	7	0	0	0	7	True	False	True
ESCO2	ENSG00000171320.15	ENST00000305188.13	1	0	0	0	0	0	False	False	False
GPN3	ENSG00000111231.9	ENST00000228827.8	1	1	0	0	0	1	True	False	True
TNS4	ENSG00000131746.13	ENST00000254051.11	1	0	0	0	0	0	False	False	False
H2BC11	ENSG00000124635.9	ENST00000607124.1	1	1	0	0	0	1	True	False	True
NOL10	ENSG00000115761.16	ENST00000381685.10	1	0	0	0	0	0	False	False	False
PTGES3L-AARSD1	ENSG00000108825.17	ENST00000421990.6	3	0	0	0	0	0	False	False	False
PTMS	ENSG00000159335.17	ENST00000309083.8	1	0	0	0	0	0	False	False	False
SPTBN1	ENSG00000115306.16	ENST00000356805.9	1	0	0	0	0	0	False	False	False
RAB14	ENSG00000119396.11	ENST00000373840.9	1	0	0	0	0	0	False	False	False
THOC5	ENSG00000100296.13	ENST00000490103.5	1	0	0	0	0	0	False	False	False
NUP50	ENSG00000093000.19	ENST00000347635.9	2	4	0	0	0	4	True	False	True
RNH1	ENSG00000023191.17	ENST00000534797.5	1	0	0	0	0	0	False	False	False
CROCC	ENSG00000058453.17	ENST00000375541.10	4	1	0	0	0	1	True	False	True
RBM28	ENSG00000106344.8	ENST00000223073.6	1	0	0	0	0	0	False	False	False
TK1	ENSG00000167900.12	ENST00000301634.12	1	0	0	0	0	0	False	False	False
HNRNPA0	ENSG00000177733.7	ENST00000314940.7	1	0	0	0	0	0	False	False	False
FZD6	ENSG00000164930.12	ENST00000358755.5	1	0	0	0	0	0	False	False	False
CCNI	ENSG00000118816.10	ENST00000237654.9	1	0	0	0	0	0	False	False	False
EIF5AL1	ENSG00000253626.3	ENST00000520547.3	4	0	0	0	0	0	False	False	False
CAMSAP2	ENSG00000118200.14	ENST00000236925.8	1	0	0	0	0	0	False	False	False
RBM8A	ENSG00000265241.7	ENST00000583313.7	2	1	0	0	0	1	True	False	True
DPYSL3	ENSG00000113657.13	ENST00000343218.10	1	0	0	0	0	0	False	False	False
TAOK1	ENSG00000160551.11	ENST00000261716.7	1	0	0	0	0	0	False	False	False
AC118553.2	ENSG00000283761.1	ENST00000639037.1	3	0	0	0	0	0	False	False	False
CSMD1	ENSG00000183117.19	ENST00000635120.2	2	0	0	0	0	0	False	False	False
GTF2IRD1	ENSG00000006704.10	ENST00000424337.6	1	0	0	0	0	0	False	False	False
HSF2BP	ENSG00000160207.9	ENST00000291560.7	4	0	0	0	0	0	False	False	False
PELO	ENSG00000152684.11	ENST00000274311.3	1	0	0	0	0	0	False	False	False
POLR1A	ENSG00000068654.16	ENST00000263857.11	1	0	0	0	0	0	False	False	False
S100A6	ENSG00000197956.10	ENST00000368720.6	1	0	0	0	0	0	False	False	False
CAB39	ENSG00000135932.11	ENST00000258418.10	1	1	0	0	0	1	True	False	True
SPCS2	ENSG00000118363.12	ENST00000263672.11	2	3	0	0	0	3	True	False	True
MDC1	ENSG00000137337.15	ENST00000376406.8	1	0	0	0	0	0	False	False	False
PPA2	ENSG00000138777.20	ENST00000341695.10	1	0	0	0	0	0	False	False	False
GPR107	ENSG00000148358.19	ENST00000347136.10	1	0	0	0	0	0	False	False	False
ITGB3BP	ENSG00000142856.16	ENST00000271002.14	1	0	0	0	0	0	False	False	False
M6PR	ENSG00000003056.8	ENST00000000412.8	1	1	0	0	0	1	True	False	True
SEMA6D	ENSG00000137872.17	ENST00000316364.9	2	0	0	0	0	0	False	False	False
AL133353.2	ENSG00000285932.1	ENST00000649102.1	3	0	0	0	0	0	False	False	False
CSTF3	ENSG00000176102.13	ENST00000323959.9	1	0	0	0	0	0	False	False	False
DIDO1	ENSG00000101191.17	ENST00000266070.8	1	0	0	0	0	0	False	False	False
PELP1	ENSG00000141456.16	ENST00000301396.8	1	0	0	0	0	0	False	False	False
POLD2	ENSG00000106628.10	ENST00000406581.6	1	1	0	0	0	1	True	False	True
PQBP1	ENSG00000102103.16	ENST00000651767.1	1	0	0	0	0	0	False	False	False
CD81	ENSG00000110651.12	ENST00000263645.10	1	0	0	0	0	0	False	False	False
NOL6	ENSG00000165271.17	ENST00000297990.9	1	0	0	0	0	0	False	False	False
NOP14	ENSG00000087269.16	ENST00000416614.7	1	0	0	0	0	0	False	False	False
TPD52	ENSG00000076554.15	ENST00000379097.7	3	0	0	0	0	0	False	False	False
KRR1	ENSG00000111615.14	ENST00000229214.9	1	0	0	0	0	0	False	False	False
MCCC2	ENSG00000131844.16	ENST00000340941.11	1	0	0	0	0	0	False	False	False
PI4KA	ENSG00000241973.11	ENST00000255882.11	1	0	0	0	0	0	False	False	False
POLR2L	ENSG00000177700.6	ENST00000322028.5	1	1	0	0	0	1	True	False	True
DOCK7	ENSG00000116641.18	ENST00000454575.6	1	0	0	0	0	0	False	False	False
RPL7L1	ENSG00000146223.16	ENST00000493763.7	2	27	1	0	1	29	True	True	True
BLMH	ENSG00000108578.15	ENST00000261714.11	1	0	0	0	0	0	False	False	False
ERCC5	ENSG00000134899.22	ENST00000652225.2	3	0	0	0	0	0	False	False	False
RHOB	ENSG00000143878.10	ENST00000272233.6	1	0	0	0	0	0	False	False	False
TMX1	ENSG00000139921.13	ENST00000457354.7	1	2	0	0	0	2	True	False	True
TTC1	ENSG00000113312.11	ENST00000231238.10	1	0	0	0	0	0	False	False	False
CSRP2	ENSG00000175183.10	ENST00000311083.10	1	1	0	0	1	2	True	False	True
LRCH3	ENSG00000186001.14	ENST00000425562.7	1	0	0	0	0	0	False	False	False
SRI	ENSG00000075142.14	ENST00000265729.7	1	3	0	0	0	3	True	False	True
CARS1	ENSG00000110619.17	ENST00000380525.8	1	2	0	0	0	2	True	False	True
ECHS1	ENSG00000127884.5	ENST00000368547.4	1	0	0	0	0	0	False	False	False
GLOD4	ENSG00000167699.13	ENST00000301329.10	1	0	0	0	0	0	False	False	False
GPX8	ENSG00000164294.14	ENST00000503787.6	1	0	0	0	0	0	False	False	False
VPS45	ENSG00000136631.15	ENST00000644510.2	1	0	0	0	0	0	False	False	False
MICOS10	ENSG00000173436.15	ENST00000322753.7	3	4	0	0	1	5	True	False	True
RDH10	ENSG00000121039.10	ENST00000240285.10	1	0	0	0	0	0	False	False	False
ACTR1A	ENSG00000138107.13	ENST00000369905.9	1	1	0	0	0	1	True	False	True
H2BC21	ENSG00000184678.10	ENST00000369155.3	4	0	0	0	0	0	False	False	False
TFDP1	ENSG00000198176.13	ENST00000375370.10	1	3	0	0	0	3	True	False	True
INTS12	ENSG00000138785.15	ENST00000451321.6	1	0	0	0	0	0	False	False	False
H2BC5	ENSG00000158373.8	ENST00000289316.2	1	1	0	0	0	1	True	False	True
TWF1	ENSG00000151239.13	ENST00000395510.6	2	2	0	0	0	2	True	False	True
MYO5A	ENSG00000197535.14	ENST00000356338.10	1	0	0	0	0	0	False	False	False
OLFML2A	ENSG00000185585.20	ENST00000373580.8	1	0	0	0	0	0	False	False	False
RNASEH2A	ENSG00000104889.7	ENST00000221486.6	1	0	0	0	0	0	False	False	False
RPL22	ENSG00000116251.11	ENST00000234875.9	4	21	0	0	1	22	True	False	True
AC097634.4	ENSG00000285708.1	ENST00000647725.1	3	0	0	0	0	0	False	False	False
MAPK1	ENSG00000100030.15	ENST00000215832.11	1	0	0	0	0	0	False	False	False
RB1CC1	ENSG00000023287.13	ENST00000025008.10	1	0	0	0	0	0	False	False	False
TMED2	ENSG00000086598.11	ENST00000262225.8	1	1	0	0	0	1	True	False	True
SHMT1	ENSG00000176974.20	ENST00000316694.8	1	1	0	0	0	1	True	False	True
BIN1	ENSG00000136717.15	ENST00000393040.7	1	0	0	0	0	0	False	False	False
CDC20B	ENSG00000164287.12	ENST00000296733.5	1	0	0	0	0	0	False	False	False
EXO1	ENSG00000174371.17	ENST00000366548.8	1	0	0	0	0	0	False	False	False
TADA3	ENSG00000171148.13	ENST00000301964.6	1	0	0	0	0	0	False	False	False
TTLL5	ENSG00000119685.20	ENST00000298832.14	1	0	0	0	0	0	False	False	False
CBWD6	ENSG00000215126.10	ENST00000377391.7	4	0	0	0	0	0	False	False	False
EXOSC8	ENSG00000120699.13	ENST00000389704.4	1	1	0	0	0	1	True	False	True
KIFBP	ENSG00000198954.8	ENST00000361983.7	1	0	0	0	0	0	False	False	False
RBM4	ENSG00000173933.21	ENST00000409406.1	3	1	0	0	0	1	True	False	True
SQLE	ENSG00000104549.12	ENST00000265896.10	1	0	0	0	0	0	False	False	False
ALG1	ENSG00000033011.13	ENST00000588623.5	1	1	0	0	0	1	True	False	True
DPM1	ENSG00000000419.12	ENST00000371588.9	1	0	0	0	0	0	False	False	False
H2BC18	ENSG00000203814.6	ENST00000369167.2	4	0	0	0	0	0	False	False	False
MAP4K4	ENSG00000071054.16	ENST00000350878.8	1	0	0	0	0	0	False	False	False
SP1	ENSG00000185591.10	ENST00000327443.9	1	0	0	0	0	0	False	False	False
UROD	ENSG00000126088.14	ENST00000246337.9	1	0	0	0	0	0	False	False	False
ATF7IP	ENSG00000171681.12	ENST00000261168.8	1	0	0	0	0	0	False	False	False
GCFC2	ENSG00000005436.14	ENST00000321027.8	1	0	0	0	0	0	False	False	False
MRPL19	ENSG00000115364.14	ENST00000393909.7	1	1	0	0	0	1	True	False	True
DNAJC11	ENSG00000007923.16	ENST00000377577.10	1	0	0	0	0	0	False	False	False
MOCOS	ENSG00000075643.6	ENST00000261326.6	1	0	0	0	0	0	False	False	False
THSD8	ENSG00000284491.2	ENST00000639810.2	1	0	0	0	0	0	False	False	False
ARNT	ENSG00000143437.21	ENST00000358595.10	1	0	0	0	0	0	False	False	False
KCTD3	ENSG00000136636.13	ENST00000259154.9	1	0	0	0	0	0	False	False	False
LPP	ENSG00000145012.13	ENST00000640853.1	1	0	0	0	0	0	False	False	False
ZMYM2	ENSG00000121741.16	ENST00000610343.4	1	0	0	0	0	0	False	False	False
CDC25B	ENSG00000101224.17	ENST00000245960.9	1	0	0	0	0	0	False	False	False
MAP7	ENSG00000135525.18	ENST00000354570.7	1	1	0	0	1	2	True	False	True
SLC9A9	ENSG00000181804.15	ENST00000316549.11	2	0	0	0	0	0	False	False	False
SSBP1	ENSG00000106028.11	ENST00000481508.1	1	4	0	0	0	4	True	False	True
ZMYM3	ENSG00000147130.14	ENST00000314425.9	1	0	0	0	0	0	False	False	False
ARFGEF2	ENSG00000124198.9	ENST00000371917.5	1	0	0	0	0	0	False	False	False
DDX19A	ENSG00000168872.17	ENST00000302243.12	4	0	0	0	0	0	False	False	False
PACS1	ENSG00000175115.12	ENST00000320580.9	1	0	0	0	0	0	False	False	False
WDR61	ENSG00000140395.9	ENST00000558311.5	1	0	0	0	0	0	False	False	False
H2AC11	ENSG00000196787.3	ENST00000359193.3	1	0	0	0	0	0	False	False	False
THUMPD3	ENSG00000134077.16	ENST00000345094.7	1	0	1	0	0	1	False	True	True
CDK11B	ENSG00000248333.8	ENST00000341832.10	4	1	0	0	0	1	True	False	True
IPO4	ENSG00000196497.17	ENST00000354464.11	1	0	0	0	0	0	False	False	False
SLC26A2	ENSG00000155850.8	ENST00000286298.5	1	0	0	0	0	0	False	False	False
CSTF1	ENSG00000101138.12	ENST00000217109.9	1	0	0	0	0	0	False	False	False
SNRPB	ENSG00000125835.19	ENST00000381342.7	1	1	0	0	0	1	True	False	True
USP39	ENSG00000168883.20	ENST00000323701.11	1	0	0	0	0	0	False	False	False
CIP2A	ENSG00000163507.14	ENST00000295746.13	1	0	0	0	0	0	False	False	False
GLE1	ENSG00000119392.15	ENST00000309971.9	1	0	0	0	0	0	False	False	False
SDHC	ENSG00000143252.15	ENST00000367975.7	2	4	0	0	1	5	True	False	True
TPST2	ENSG00000128294.16	ENST00000338754.9	2	1	0	0	0	1	True	False	True
ZRANB3	ENSG00000121988.18	ENST00000264159.11	1	0	0	0	0	0	False	False	False
CDC16	ENSG00000130177.16	ENST00000356221.8	1	0	0	0	0	0	False	False	False
H3-3B	ENSG00000132475.10	ENST00000254810.8	1	26	2	0	2	30	True	True	True
H3C13	ENSG00000183598.4	ENST00000331491.2	4	1	1	0	0	2	True	True	True
KCNH1	ENSG00000143473.13	ENST00000639952.1	4	0	0	0	0	0	False	False	False
PRIM2	ENSG00000146143.19	ENST00000615550.5	2	0	0	0	0	0	False	False	False
COPS5	ENSG00000121022.14	ENST00000357849.9	1	2	0	0	0	2	True	False	True
COMMD1	ENSG00000173163.10	ENST00000311832.5	2	0	0	0	0	0	False	False	False
STC2	ENSG00000113739.10	ENST00000265087.8	1	0	0	0	0	0	False	False	False
ERCC1	ENSG00000012061.16	ENST00000300853.8	1	0	0	0	0	0	False	False	False
TIAL1	ENSG00000151923.17	ENST00000369093.6	1	1	0	0	0	1	True	False	True
CAT	ENSG00000121691.7	ENST00000241052.5	1	0	0	0	0	0	False	False	False
MARCKS	ENSG00000277443.3	ENST00000612661.2	1	0	0	0	0	0	False	False	False
SEH1L	ENSG00000085415.16	ENST00000399892.7	1	0	0	0	0	0	False	False	False
SIGMAR1	ENSG00000147955.17	ENST00000277010.9	1	0	0	0	0	0	False	False	False
GABARAP	ENSG00000170296.10	ENST00000302386.10	1	2	0	0	0	2	True	False	True
GCLM	ENSG00000023909.10	ENST00000370238.8	1	0	0	0	0	0	False	False	False
PPP2R5C	ENSG00000078304.19	ENST00000334743.9	1	3	0	0	0	3	True	False	True
SUCLG1	ENSG00000163541.12	ENST00000393868.7	1	0	0	0	0	0	False	False	False
TTC3	ENSG00000182670.13	ENST00000399017.6	1	2	0	0	0	2	True	False	True
ANO10	ENSG00000160746.13	ENST00000292246.8	1	0	0	0	0	0	False	False	False
EPB41	ENSG00000159023.21	ENST00000343067.8	1	0	0	0	0	0	False	False	False
KPNA3	ENSG00000102753.10	ENST00000261667.8	1	0	1	0	0	1	False	True	True
PIGT	ENSG00000124155.18	ENST00000279036.12	1	0	0	0	0	0	False	False	False
PRKACA	ENSG00000072062.14	ENST00000308677.9	1	0	0	0	0	0	False	False	False
ALCAM	ENSG00000170017.12	ENST00000472644.6	1	0	0	0	0	0	False	False	False
CALCOCO2	ENSG00000136436.14	ENST00000258947.7	1	0	0	0	0	0	False	False	False
OGFOD1	ENSG00000087263.17	ENST00000566157.6	1	1	0	0	0	1	True	False	True
YLPM1	ENSG00000119596.18	ENST00000325680.12	1	0	0	0	0	0	False	False	False
DDX19B	ENSG00000157349.17	ENST00000288071.11	4	0	0	0	0	0	False	False	False
OAT	ENSG00000065154.12	ENST00000368845.6	1	10	0	0	1	11	True	False	True
SLU7	ENSG00000164609.10	ENST00000297151.9	1	0	0	0	0	0	False	False	False
COPG2	ENSG00000158623.14	ENST00000425248.5	1	0	0	0	0	0	False	False	False
FBXO30	ENSG00000118496.5	ENST00000237281.5	1	0	0	0	0	0	False	False	False
NBPF10	ENSG00000271425.9	ENST00000583866.9	4	0	0	0	0	0	False	False	False
PBX1	ENSG00000185630.19	ENST00000420696.7	1	0	0	0	0	0	False	False	False
POLA2	ENSG00000014138.9	ENST00000265465.8	3	0	0	0	0	0	False	False	False
SERPINB5	ENSG00000206075.14	ENST00000382771.9	1	0	0	0	0	0	False	False	False
UBXN4	ENSG00000144224.17	ENST00000272638.14	1	1	0	0	0	1	True	False	True
ADAM15	ENSG00000143537.13	ENST00000356955.6	1	0	0	0	0	0	False	False	False
HINT1	ENSG00000169567.12	ENST00000304043.10	1	2	0	0	0	2	True	False	True
HPRT1	ENSG00000165704.15	ENST00000298556.8	1	3	0	0	0	3	True	False	True
NCLN	ENSG00000125912.11	ENST00000246117.9	1	0	0	0	0	0	False	False	False
RPS12	ENSG00000112306.8	ENST00000230050.4	2	32	1	0	0	33	True	True	True
ATAD1	ENSG00000138138.13	ENST00000308448.11	1	1	0	0	0	1	True	False	True
EMC7	ENSG00000134153.10	ENST00000256545.9	1	0	0	0	0	0	False	False	False
LRP6	ENSG00000070018.9	ENST00000261349.9	1	0	0	0	0	0	False	False	False
NPTN	ENSG00000156642.17	ENST00000345330.9	1	0	0	0	0	0	False	False	False
RAB34	ENSG00000109113.20	ENST00000395245.9	1	0	0	0	0	0	False	False	False
RANBP6	ENSG00000137040.10	ENST00000259569.6	1	1	0	0	0	1	True	False	True
TTI1	ENSG00000101407.13	ENST00000373448.6	1	0	0	0	0	0	False	False	False
UTP11	ENSG00000183520.12	ENST00000373014.5	1	0	0	0	0	0	False	False	False
ZNF644	ENSG00000122482.21	ENST00000370440.5	1	0	0	0	0	0	False	False	False
ARHGAP1	ENSG00000175220.12	ENST00000311956.9	1	0	0	0	0	0	False	False	False
DDX52	ENSG00000278053.5	ENST00000617633.5	1	0	0	0	0	0	False	False	False
TMED9	ENSG00000184840.12	ENST00000332598.7	1	0	0	0	0	0	False	False	False
PTPRM	ENSG00000173482.16	ENST00000332175.12	1	0	0	0	0	0	False	False	False
RRAGA	ENSG00000155876.6	ENST00000380527.3	1	1	0	0	0	1	True	False	True
YAP1	ENSG00000137693.14	ENST00000282441.10	1	3	0	0	0	3	True	False	True
HSPA13	ENSG00000155304.6	ENST00000285667.4	1	0	0	0	0	0	False	False	False
HSPB8	ENSG00000152137.7	ENST00000281938.7	1	0	0	0	0	0	False	False	False
PTOV1	ENSG00000104960.15	ENST00000391842.5	1	1	0	0	0	1	True	False	True
SETD5	ENSG00000168137.18	ENST00000402198.7	1	0	0	0	0	0	False	False	False
TMF1	ENSG00000144747.17	ENST00000398559.7	1	1	0	0	0	1	True	False	True
CSNK2A1	ENSG00000101266.19	ENST00000217244.9	4	0	0	0	0	0	False	False	False
MCL1	ENSG00000143384.13	ENST00000369026.3	1	1	0	0	0	1	True	False	True
MICOS10-NBL1	ENSG00000270136.6	ENST00000602384.5	3	0	0	0	0	0	False	False	False
SEC24A	ENSG00000113615.13	ENST00000398844.7	1	1	0	0	0	1	True	False	True
ERI3	ENSG00000117419.16	ENST00000372257.7	1	0	0	0	0	0	False	False	False
NUP43	ENSG00000120253.14	ENST00000340413.7	1	1	0	0	0	1	True	False	True
OSBP	ENSG00000110048.12	ENST00000263847.6	1	0	0	0	0	0	False	False	False
PHTF2	ENSG00000006576.16	ENST00000307305.12	1	0	0	0	0	0	False	False	False
TMEM165	ENSG00000134851.13	ENST00000381334.10	1	0	0	0	0	0	False	False	False
DLAT	ENSG00000150768.16	ENST00000280346.11	1	0	0	0	0	0	False	False	False
ECH1	ENSG00000104823.9	ENST00000221418.9	1	0	0	0	0	0	False	False	False
FOXP1	ENSG00000114861.22	ENST00000649528.2	3	0	0	0	0	0	False	False	False
MED13	ENSG00000108510.10	ENST00000397786.7	1	0	1	0	0	1	False	True	True
NEK6	ENSG00000119408.16	ENST00000373603.5	1	0	0	0	0	0	False	False	False
RFC2	ENSG00000049541.11	ENST00000055077.8	1	1	0	0	0	1	True	False	True
SLC30A5	ENSG00000145740.19	ENST00000396591.8	1	1	0	0	0	1	True	False	True
CBR1	ENSG00000159228.13	ENST00000290349.11	1	1	0	0	0	1	True	False	True
CSNK2B	ENSG00000204435.14	ENST00000375866.2	3	0	0	0	0	0	False	False	False
NDUFV2	ENSG00000178127.13	ENST00000318388.11	2	2	0	0	0	2	True	False	True
SNRPA1	ENSG00000131876.17	ENST00000254193.11	2	1	0	0	0	1	True	False	True
UQCRB	ENSG00000156467.10	ENST00000287022.10	1	4	0	0	0	4	True	False	True
AL662899.4	ENSG00000263020.6	ENST00000617558.2	3	0	0	0	0	0	False	False	False
EXOSC3	ENSG00000107371.13	ENST00000327304.10	1	1	1	0	0	2	True	True	True
FARSA	ENSG00000179115.11	ENST00000314606.9	1	0	0	0	0	0	False	False	False
FASTKD2	ENSG00000118246.14	ENST00000402774.8	1	0	0	0	0	0	False	False	False
RPL36A	ENSG00000241343.10	ENST00000553110.8	4	46	1	0	1	48	True	True	True
SCPEP1	ENSG00000121064.13	ENST00000262288.8	1	0	0	0	0	0	False	False	False
TMED7	ENSG00000134970.14	ENST00000456936.4	3	0	0	0	0	0	False	False	False
SYAP1	ENSG00000169895.6	ENST00000380155.4	1	0	0	0	0	0	False	False	False
AZIN1	ENSG00000155096.14	ENST00000337198.10	1	0	0	0	0	0	False	False	False
CYP1B1	ENSG00000138061.12	ENST00000610745.5	1	0	0	0	0	0	False	False	False
KDELR1	ENSG00000105438.9	ENST00000330720.7	1	0	0	0	0	0	False	False	False
TXLNA	ENSG00000084652.16	ENST00000373609.1	1	0	0	0	0	0	False	False	False
ATP11C	ENSG00000101974.14	ENST00000361648.6	1	0	0	0	0	0	False	False	False
FAM114A1	ENSG00000197712.12	ENST00000358869.5	1	0	0	0	0	0	False	False	False
PPP5C	ENSG00000011485.15	ENST00000012443.9	1	0	0	0	0	0	False	False	False
WWC2	ENSG00000151718.16	ENST00000403733.8	1	0	0	0	0	0	False	False	False
DUT	ENSG00000128951.14	ENST00000331200.8	1	9	0	0	0	9	True	False	True
KIAA0586	ENSG00000100578.17	ENST00000619416.4	1	0	0	0	0	0	False	False	False
PCMT1	ENSG00000120265.18	ENST00000649295.1	1	0	0	0	0	0	False	False	False
AKR1C1	ENSG00000187134.14	ENST00000380872.9	4	0	0	0	0	0	False	False	False
ARID2	ENSG00000189079.17	ENST00000334344.11	1	0	0	0	0	0	False	False	False
LXN	ENSG00000079257.8	ENST00000264265.4	1	1	0	0	0	1	True	False	True
RALGAPB	ENSG00000170471.15	ENST00000262879.11	1	0	0	0	0	0	False	False	False
UBE2K	ENSG00000078140.14	ENST00000261427.10	1	0	0	0	0	0	False	False	False
ZNF286A	ENSG00000187607.16	ENST00000464847.6	2	0	0	0	0	0	False	False	False
GJA1	ENSG00000152661.9	ENST00000282561.4	1	2	0	0	0	2	True	False	True
RGPD8	ENSG00000169629.12	ENST00000302558.8	4	0	0	0	0	0	False	False	False
RBL1	ENSG00000080839.12	ENST00000373664.8	1	0	0	0	0	0	False	False	False
TSG101	ENSG00000074319.13	ENST00000251968.4	1	0	0	0	0	0	False	False	False
KRT80	ENSG00000167767.14	ENST00000394815.3	1	0	0	0	0	0	False	False	False
SCRIB	ENSG00000180900.20	ENST00000320476.7	1	0	0	0	0	0	False	False	False
AC005324.4	ENSG00000255104.8	ENST00000413242.6	2	0	0	0	0	0	False	False	False
EFHC1	ENSG00000096093.16	ENST00000371068.11	1	0	0	0	0	0	False	False	False
ITFG1	ENSG00000129636.13	ENST00000320640.11	1	0	0	0	0	0	False	False	False
MIER1	ENSG00000198160.14	ENST00000357692.6	1	0	0	0	0	0	False	False	False
MIF	ENSG00000240972.2	ENST00000215754.8	1	0	0	0	0	0	False	False	False
NOP2	ENSG00000111641.12	ENST00000322166.10	3	0	0	0	0	0	False	False	False
RABEP1	ENSG00000029725.17	ENST00000537505.6	1	0	0	0	0	0	False	False	False
TMEM43	ENSG00000170876.8	ENST00000306077.5	1	0	0	0	0	0	False	False	False
ACOT9	ENSG00000123130.17	ENST00000336430.11	1	0	0	0	0	0	False	False	False
CLCC1	ENSG00000121940.15	ENST00000356970.6	1	0	0	0	0	0	False	False	False
LRPAP1	ENSG00000163956.13	ENST00000650182.1	1	0	0	0	0	0	False	False	False
SRP19	ENSG00000153037.15	ENST00000505459.6	1	1	0	0	0	1	True	False	True
CDC42BPA	ENSG00000143776.18	ENST00000366769.7	1	0	0	0	0	0	False	False	False
AC243547.3	ENSG00000280778.1	ENST00000625258.1	1	0	0	0	0	0	False	False	False
DSN1	ENSG00000149636.15	ENST00000426836.5	1	1	0	0	0	1	True	False	True
GON4L	ENSG00000116580.18	ENST00000437809.5	4	0	0	0	0	0	False	False	False
MIS18BP1	ENSG00000129534.14	ENST00000310806.9	1	0	0	0	0	0	False	False	False
SDAD1	ENSG00000198301.12	ENST00000356260.10	1	5	0	0	0	5	True	False	True
SYMPK	ENSG00000125755.19	ENST00000245934.12	1	0	0	0	0	0	False	False	False
UTP14A	ENSG00000156697.13	ENST00000394422.8	1	0	0	0	0	0	False	False	False
AGL	ENSG00000162688.17	ENST00000294724.8	1	0	0	0	0	0	False	False	False
BICC1	ENSG00000122870.12	ENST00000373886.8	1	0	0	0	0	0	False	False	False
SPG11	ENSG00000104133.15	ENST00000261866.12	1	0	0	0	0	0	False	False	False
ACAT1	ENSG00000075239.14	ENST00000265838.9	1	0	0	0	0	0	False	False	False
ATP6V1H	ENSG00000047249.18	ENST00000355221.7	1	0	0	0	0	0	False	False	False
RPS6KA2	ENSG00000071242.12	ENST00000510118.5	2	0	0	0	0	0	False	False	False
TBL3	ENSG00000183751.15	ENST00000568546.6	1	0	0	0	0	0	False	False	False
ACAP2	ENSG00000114331.15	ENST00000326793.11	1	0	0	0	0	0	False	False	False
CBS	ENSG00000160200.18	ENST00000352178.9	4	0	0	0	0	0	False	False	False
CCND3	ENSG00000112576.13	ENST00000372991.9	1	2	0	0	0	2	True	False	True
METTL2A	ENSG00000087995.16	ENST00000311506.10	4	0	0	0	0	0	False	False	False
NRBP1	ENSG00000115216.14	ENST00000233557.7	1	0	0	0	0	0	False	False	False
ZNF565	ENSG00000196357.12	ENST00000392173.6	1	0	0	0	0	0	False	False	False
BST2	ENSG00000130303.13	ENST00000252593.7	1	0	0	0	0	0	False	False	False
CCN2	ENSG00000118523.6	ENST00000367976.4	1	0	0	0	0	0	False	False	False
IFI30	ENSG00000216490.4	ENST00000407280.4	3	0	0	0	0	0	False	False	False
PARN	ENSG00000140694.17	ENST00000437198.7	1	0	0	0	0	0	False	False	False
RGPD5	ENSG00000015568.13	ENST00000016946.8	4	0	0	0	0	0	False	False	False
TUBGCP3	ENSG00000126216.15	ENST00000261965.8	1	0	0	0	0	0	False	False	False
BAZ1A	ENSG00000198604.11	ENST00000382422.6	1	0	0	0	0	0	False	False	False
IFITM3	ENSG00000142089.16	ENST00000399808.5	4	13	0	0	0	13	True	False	True
NT5DC2	ENSG00000168268.11	ENST00000422318.7	1	1	0	0	0	1	True	False	True
SPTBN2	ENSG00000173898.13	ENST00000533211.5	1	0	0	0	0	0	False	False	False
THOP1	ENSG00000172009.15	ENST00000307741.11	1	0	0	0	0	0	False	False	False
ATL2	ENSG00000119787.14	ENST00000378954.9	1	0	0	0	0	0	False	False	False
CIAPIN1	ENSG00000005194.15	ENST00000394391.9	2	2	0	0	0	2	True	False	True
LRRC41	ENSG00000132128.16	ENST00000617190.4	1	0	0	0	0	0	False	False	False
NDUFB5	ENSG00000136521.13	ENST00000259037.8	1	2	0	0	0	2	True	False	True
RAB10	ENSG00000084733.11	ENST00000264710.5	1	0	0	0	0	0	False	False	False
RGPD6	ENSG00000183054.11	ENST00000329516.7	4	0	0	0	0	0	False	False	False
RPL38	ENSG00000172809.13	ENST00000311111.11	1	5	0	0	0	5	True	False	True
MNAT1	ENSG00000020426.11	ENST00000261245.9	1	0	0	0	0	0	False	False	False
SYPL1	ENSG00000008282.8	ENST00000011473.6	1	3	0	0	0	3	True	False	True
WDR26	ENSG00000162923.16	ENST00000414423.8	1	0	0	0	0	0	False	False	False
RABL6	ENSG00000196642.19	ENST00000311502.12	1	1	0	0	0	1	True	False	True
TGIF2-RAB5IF	ENSG00000259399.1	ENST00000558530.1	3	0	0	0	0	0	False	False	False
AAMP	ENSG00000127837.9	ENST00000248450.8	1	0	0	0	0	0	False	False	False
SNRPD1	ENSG00000167088.11	ENST00000300413.10	2	1	0	0	0	1	True	False	True
STARD7	ENSG00000084090.13	ENST00000337288.9	1	0	0	0	0	0	False	False	False
TPGS2	ENSG00000134779.15	ENST00000334295.9	1	0	0	0	0	0	False	False	False
SGO2	ENSG00000163535.18	ENST00000357799.9	1	0	0	0	0	0	False	False	False
CPE	ENSG00000109472.14	ENST00000402744.9	1	0	0	0	0	0	False	False	False
NDUFA8	ENSG00000119421.7	ENST00000373768.4	1	1	0	0	0	1	True	False	True
PSMG1	ENSG00000183527.12	ENST00000331573.8	1	0	0	0	0	0	False	False	False
SPDYA	ENSG00000163806.16	ENST00000334056.10	1	0	0	0	0	0	False	False	False
WDR82	ENSG00000164091.12	ENST00000296490.8	1	2	0	0	0	2	True	False	True
YY1AP1	ENSG00000163374.19	ENST00000368340.9	1	0	0	0	0	0	False	False	False
CBSL	ENSG00000274276.4	ENST00000617706.4	4	0	0	0	0	0	False	False	False
GSTO1	ENSG00000148834.13	ENST00000369713.10	1	1	0	0	0	1	True	False	True
MAT2B	ENSG00000038274.17	ENST00000321757.11	1	0	0	0	0	0	False	False	False
PPP4C	ENSG00000149923.14	ENST00000279387.12	1	0	0	0	0	0	False	False	False
RAP1GDS1	ENSG00000138698.15	ENST00000339360.9	1	3	1	0	0	4	True	True	True
AC242842.3	ENSG00000286185.1	ENST00000621744.4	4	0	0	0	0	0	False	False	False
AKAP11	ENSG00000023516.9	ENST00000025301.4	1	0	0	0	0	0	False	False	False
DONSON	ENSG00000159147.18	ENST00000303071.10	1	1	0	0	0	1	True	False	True
HIBADH	ENSG00000106049.9	ENST00000265395.7	1	0	0	0	0	0	False	False	False
PRR5L	ENSG00000135362.14	ENST00000378867.7	1	0	0	0	0	0	False	False	False
COG8	ENSG00000213380.15	ENST00000648169.1	1	0	0	0	0	0	False	False	False
FKBP8	ENSG00000105701.16	ENST00000597960.7	1	1	0	0	0	1	True	False	True
GRINA	ENSG00000178719.17	ENST00000313269.5	1	0	0	0	0	0	False	False	False
PCCB	ENSG00000114054.14	ENST00000466072.5	1	0	0	0	0	0	False	False	False
ABCB7	ENSG00000131269.19	ENST00000253577.9	1	0	0	0	0	0	False	False	False
BFAR	ENSG00000103429.11	ENST00000261658.7	1	0	0	0	0	0	False	False	False
CDC73	ENSG00000134371.14	ENST00000367435.5	1	1	0	0	0	1	True	False	True
CENPK	ENSG00000123219.13	ENST00000396679.6	1	0	0	0	0	0	False	False	False
JPT1	ENSG00000189159.16	ENST00000409753.8	1	1	0	0	0	1	True	False	True
USP32	ENSG00000170832.13	ENST00000300896.9	1	0	0	0	0	0	False	False	False
CDKN2C	ENSG00000123080.12	ENST00000262662.5	1	0	0	0	0	0	False	False	False
RNF13	ENSG00000082996.19	ENST00000344229.7	1	1	0	0	0	1	True	False	True
SP3	ENSG00000172845.16	ENST00000310015.11	1	0	0	0	0	0	False	False	False
SYNJ2BP-COX16	ENSG00000258644.6	ENST00000621525.4	3	0	0	0	0	0	False	False	False
TPK1	ENSG00000196511.14	ENST00000360057.7	2	0	0	0	0	0	False	False	False
UTP18	ENSG00000011260.14	ENST00000225298.12	1	1	0	0	0	1	True	False	True
DENND2B	ENSG00000166444.19	ENST00000534127.5	1	0	0	0	0	0	False	False	False
GATAD2B	ENSG00000143614.10	ENST00000368655.5	1	0	0	0	0	0	False	False	False
GLO1	ENSG00000124767.7	ENST00000373365.5	1	0	0	0	0	0	False	False	False
HSPA14	ENSG00000187522.16	ENST00000378372.8	1	0	0	0	0	0	False	False	False
INF2	ENSG00000203485.13	ENST00000392634.9	1	0	0	0	0	0	False	False	False
PRRC1	ENSG00000164244.21	ENST00000296666.13	1	0	0	0	0	0	False	False	False
PSMB6	ENSG00000142507.10	ENST00000270586.8	1	0	0	0	0	0	False	False	False
TMX3	ENSG00000166479.10	ENST00000299608.7	1	0	0	0	0	0	False	False	False
RPS26	ENSG00000197728.11	ENST00000356464.10	2	52	0	0	0	52	True	False	True
SMARCA2	ENSG00000080503.24	ENST00000382203.5	1	0	0	0	0	0	False	False	False
FTO	ENSG00000140718.21	ENST00000471389.6	1	0	0	0	0	0	False	False	False
MPP6	ENSG00000105926.15	ENST00000222644.9	1	0	0	0	0	0	False	False	False
MT-ND4L	ENSG00000212907.2	ENST00000361335.1	1	0	0	0	0	0	False	False	False
OCIAD1	ENSG00000109180.14	ENST00000381473.7	1	0	0	0	0	0	False	False	False
SH3PXD2A	ENSG00000107957.16	ENST00000355946.6	1	0	0	0	0	0	False	False	False
BEX3	ENSG00000166681.14	ENST00000372645.3	1	0	0	0	0	0	False	False	False
EDC4	ENSG00000038358.15	ENST00000358933.10	1	0	0	0	0	0	False	False	False
HGS	ENSG00000185359.13	ENST00000329138.9	1	0	0	0	0	0	False	False	False
HLA-C	ENSG00000204525.16	ENST00000376228.9	4	0	0	0	0	0	False	False	False
PITRM1	ENSG00000107959.16	ENST00000224949.9	1	0	0	0	0	0	False	False	False
METTL2B	ENSG00000165055.16	ENST00000262432.13	4	0	0	0	0	0	False	False	False
NAA50	ENSG00000121579.13	ENST00000240922.8	1	1	1	0	0	2	True	True	True
PSMG2	ENSG00000128789.21	ENST00000317615.11	1	0	0	0	0	0	False	False	False
VASN	ENSG00000168140.5	ENST00000304735.4	1	0	0	0	0	0	False	False	False
DTWD2	ENSG00000169570.10	ENST00000510708.6	2	1	0	0	0	1	True	False	True
SLC27A4	ENSG00000167114.13	ENST00000300456.5	1	0	0	0	0	0	False	False	False
TSPYL1	ENSG00000189241.8	ENST00000368608.4	1	0	0	0	0	0	False	False	False
HJURP	ENSG00000123485.12	ENST00000411486.7	1	0	0	0	0	0	False	False	False
HSD17B10	ENSG00000072506.13	ENST00000168216.11	1	0	0	0	0	0	False	False	False
LRP11	ENSG00000120256.11	ENST00000239367.7	3	0	0	0	0	0	False	False	False
NBN	ENSG00000104320.14	ENST00000265433.8	1	0	0	0	0	0	False	False	False
GSK3B	ENSG00000082701.16	ENST00000264235.13	1	1	0	0	0	1	True	False	True
RNF216	ENSG00000011275.18	ENST00000389902.7	1	0	0	0	0	0	False	False	False
CRBN	ENSG00000113851.14	ENST00000231948.8	1	1	0	0	0	1	True	False	True
LASP1	ENSG00000002834.18	ENST00000318008.11	1	0	0	0	0	0	False	False	False
RNF103-CHMP3	ENSG00000249884.8	ENST00000604011.5	3	0	0	0	0	0	False	False	False
SELENOF	ENSG00000183291.17	ENST00000331835.10	1	0	0	0	1	1	False	False	True
WTAP	ENSG00000146457.16	ENST00000358372.8	1	2	0	0	0	2	True	False	True
MYL6B	ENSG00000196465.10	ENST00000553066.5	1	2	0	0	0	2	True	False	True
PPP1R7	ENSG00000115685.15	ENST00000234038.11	1	0	0	0	0	0	False	False	False
PRKG1	ENSG00000185532.20	ENST00000401604.8	1	0	0	0	0	0	False	False	False
SRSF2	ENSG00000161547.17	ENST00000392485.2	1	1	0	0	0	1	True	False	True
AF196969.1	ENSG00000286268.1	ENST00000651615.1	3	0	0	0	0	0	False	False	False
CPM	ENSG00000135678.12	ENST00000338356.7	1	0	0	0	0	0	False	False	False
CTNNBL1	ENSG00000132792.19	ENST00000361383.11	1	1	0	0	0	1	True	False	True
ERC1	ENSG00000082805.20	ENST00000543086.7	1	0	0	0	0	0	False	False	False
COX16	ENSG00000133983.16	ENST00000389912.7	3	1	0	0	0	1	True	False	True
GCDH	ENSG00000105607.13	ENST00000591470.5	1	1	0	0	0	1	True	False	True
NSUN3	ENSG00000178694.10	ENST00000314622.9	2	0	0	0	0	0	False	False	False
CHCHD2	ENSG00000106153.13	ENST00000395422.4	2	12	0	0	0	12	True	False	True
TNRC18	ENSG00000182095.14	ENST00000430969.5	1	1	0	0	0	1	True	False	True
TTC39C	ENSG00000168234.13	ENST00000317571.8	1	1	0	0	0	1	True	False	True
MRPS22	ENSG00000175110.11	ENST00000495075.5	1	1	0	0	0	1	True	False	True
SLC29A1	ENSG00000112759.19	ENST00000651428.1	1	0	0	0	0	0	False	False	False
APMAP	ENSG00000101474.12	ENST00000217456.3	1	0	0	0	0	0	False	False	False
COPS4	ENSG00000138663.9	ENST00000264389.7	1	0	0	0	0	0	False	False	False
GPNMB	ENSG00000136235.17	ENST00000647578.1	1	0	0	0	0	0	False	False	False
PRELID3B	ENSG00000101166.16	ENST00000355937.9	1	10	0	0	1	11	True	False	True
RETREG3	ENSG00000141699.11	ENST00000309428.10	1	0	0	0	0	0	False	False	False
SHQ1	ENSG00000144736.14	ENST00000325599.13	1	1	0	0	0	1	True	False	True
SLCO5A1	ENSG00000137571.11	ENST00000260126.9	4	0	0	0	0	0	False	False	False
SMN1	ENSG00000172062.16	ENST00000380707.8	4	0	0	0	0	0	False	False	False
TOX4	ENSG00000092203.15	ENST00000613569.4	1	1	0	0	0	1	True	False	True
CUTA	ENSG00000112514.17	ENST00000488034.5	1	0	0	0	0	0	False	False	False
HDDC2	ENSG00000111906.18	ENST00000398153.7	1	0	0	0	0	0	False	False	False
MVP	ENSG00000013364.19	ENST00000395353.5	1	0	0	0	0	0	False	False	False
POMP	ENSG00000132963.8	ENST00000380842.5	1	2	0	0	0	2	True	False	True
SWAP70	ENSG00000133789.15	ENST00000318950.11	1	0	0	0	0	0	False	False	False
UPF1	ENSG00000005007.13	ENST00000262803.10	1	0	0	0	0	0	False	False	False
ALDH9A1	ENSG00000143149.12	ENST00000354775.4	1	0	0	0	0	0	False	False	False
PIR	ENSG00000087842.11	ENST00000380421.3	1	0	0	0	0	0	False	False	False
PLXND1	ENSG00000004399.12	ENST00000324093.8	1	0	0	0	0	0	False	False	False
POLRMT	ENSG00000099821.14	ENST00000588649.7	2	2	0	0	0	2	True	False	True
SNAPC3	ENSG00000164975.15	ENST00000380821.7	1	0	0	0	0	0	False	False	False
TXNDC12	ENSG00000117862.13	ENST00000371626.9	1	0	0	0	0	0	False	False	False
UBE2S	ENSG00000108106.14	ENST00000264552.14	2	1	0	0	1	2	True	False	True
TBCB	ENSG00000105254.12	ENST00000221855.8	1	0	0	0	0	0	False	False	False
CGGBP1	ENSG00000163320.11	ENST00000398392.2	1	0	0	0	0	0	False	False	False
HERC1	ENSG00000103657.14	ENST00000443617.7	1	0	0	0	0	0	False	False	False
NBPF14	ENSG00000270629.6	ENST00000619423.4	4	0	0	0	0	0	False	False	False
PTK7	ENSG00000112655.16	ENST00000230419.9	1	0	0	0	0	0	False	False	False
RBM6	ENSG00000004534.15	ENST00000266022.9	1	0	0	0	0	0	False	False	False
YY1	ENSG00000100811.14	ENST00000262238.10	1	0	0	0	0	0	False	False	False
CDC23	ENSG00000094880.11	ENST00000394886.7	1	0	0	0	0	0	False	False	False
SMN2	ENSG00000205571.14	ENST00000380743.9	4	1	0	0	0	1	True	False	True
AC027644.4	ENSG00000284461.2	ENST00000503687.2	3	0	0	0	0	0	False	False	False
CLPX	ENSG00000166855.9	ENST00000300107.7	1	1	0	0	0	1	True	False	True
MAPKAP1	ENSG00000119487.17	ENST00000265960.8	1	0	0	0	0	0	False	False	False
PPAT	ENSG00000128059.8	ENST00000264220.6	1	2	0	0	0	2	True	False	True
TMSB10	ENSG00000034510.6	ENST00000233143.6	1	3	0	0	0	3	True	False	True
GDI1	ENSG00000203879.12	ENST00000447750.7	1	0	0	0	0	0	False	False	False
GMNN	ENSG00000112312.10	ENST00000230056.8	1	2	0	0	0	2	True	False	True
NADK2	ENSG00000152620.13	ENST00000381937.9	1	0	1	0	0	1	False	True	True
NIPA2	ENSG00000140157.15	ENST00000674289.1	1	3	1	0	0	4	True	True	True
SHARPIN	ENSG00000179526.17	ENST00000398712.7	1	0	0	0	0	0	False	False	False
GRHPR	ENSG00000137106.18	ENST00000318158.11	1	0	0	0	0	0	False	False	False
H4C5	ENSG00000276966.2	ENST00000615164.2	1	0	0	0	0	0	False	False	False
LRRC8D	ENSG00000171492.14	ENST00000337338.9	1	0	0	0	0	0	False	False	False
MAP2K1	ENSG00000169032.10	ENST00000307102.10	1	1	0	0	0	1	True	False	True
TM9SF1	ENSG00000100926.15	ENST00000261789.9	3	0	0	0	0	0	False	False	False
COG4	ENSG00000103051.20	ENST00000323786.10	1	0	0	0	0	0	False	False	False
NUF2	ENSG00000143228.13	ENST00000271452.8	1	0	0	0	0	0	False	False	False
AC106886.6	ENSG00000282034.1	ENST00000380361.7	3	0	0	0	0	0	False	False	False
ANKRD30BL	ENSG00000163046.15	ENST00000409867.5	4	0	0	0	0	0	False	False	False
GIGYF2	ENSG00000204120.15	ENST00000373563.9	1	0	0	0	0	0	False	False	False
MFSD12	ENSG00000161091.13	ENST00000355415.7	1	0	0	0	0	0	False	False	False
PSMD8	ENSG00000099341.11	ENST00000215071.8	1	2	0	0	0	2	True	False	True
SGPL1	ENSG00000166224.17	ENST00000373202.8	1	0	0	0	0	0	False	False	False
UBAP1	ENSG00000165006.14	ENST00000297661.9	1	0	0	0	0	0	False	False	False
AC118549.1	ENSG00000036549.13	ENST00000370801.8	1	0	0	0	0	0	False	False	False
DHX38	ENSG00000140829.12	ENST00000268482.8	1	0	0	0	0	0	False	False	False
KDM4A	ENSG00000066135.13	ENST00000372396.4	3	0	0	0	0	0	False	False	False
PMS2	ENSG00000122512.16	ENST00000265849.12	2	0	0	0	0	0	False	False	False
POLG	ENSG00000140521.15	ENST00000442287.6	1	0	0	0	0	0	False	False	False
UBA52	ENSG00000221983.8	ENST00000442744.7	1	11	0	0	0	11	True	False	True
GNAI1	ENSG00000127955.17	ENST00000649796.2	1	0	0	0	0	0	False	False	False
NEK9	ENSG00000119638.13	ENST00000238616.10	1	0	0	0	0	0	False	False	False
PIK3R4	ENSG00000196455.8	ENST00000356763.8	1	0	0	0	0	0	False	False	False
PRPF4	ENSG00000136875.13	ENST00000374199.9	1	0	0	0	0	0	False	False	False
RRP12	ENSG00000052749.14	ENST00000536831.5	1	0	0	0	0	0	False	False	False
UBE2I	ENSG00000103275.20	ENST00000355803.8	1	1	0	0	0	1	True	False	True
AC078927.1	ENSG00000228144.2	ENST00000539652.1	3	0	0	0	0	0	False	False	False
AURKAIP1	ENSG00000175756.13	ENST00000338370.7	1	2	0	0	0	2	True	False	True
CASC3	ENSG00000108349.17	ENST00000264645.12	1	0	0	0	0	0	False	False	False
YTHDC2	ENSG00000047188.16	ENST00000161863.9	1	0	0	0	0	0	False	False	False
FRG1	ENSG00000109536.12	ENST00000226798.9	2	0	0	0	0	0	False	False	False
MON2	ENSG00000061987.16	ENST00000393630.8	1	0	0	0	0	0	False	False	False
SP100	ENSG00000067066.17	ENST00000340126.9	1	1	0	0	0	1	True	False	True
ATP5PF	ENSG00000154723.12	ENST00000400093.3	1	4	0	0	0	4	True	False	True
H2AC13	ENSG00000196747.4	ENST00000358739.4	4	0	0	0	0	0	False	False	False
NDUFA10	ENSG00000130414.12	ENST00000252711.7	1	0	0	0	0	0	False	False	False
CDC26	ENSG00000176386.9	ENST00000374206.4	2	0	0	0	0	0	False	False	False
CHAF1A	ENSG00000167670.16	ENST00000301280.10	1	1	0	0	0	1	True	False	True
CYCS	ENSG00000172115.9	ENST00000305786.7	2	37	2	0	0	39	True	True	True
DYNC1LI1	ENSG00000144635.9	ENST00000273130.9	1	1	0	0	0	1	True	False	True
EIF1AX	ENSG00000173674.11	ENST00000379607.10	2	1	0	0	0	1	True	False	True
FAF2	ENSG00000113194.13	ENST00000261942.7	1	1	0	0	0	1	True	False	True
TCAF1	ENSG00000198420.10	ENST00000479870.6	2	0	0	0	0	0	False	False	False
EHBP1L1	ENSG00000173442.13	ENST00000309295.9	1	0	0	0	0	0	False	False	False
NDFIP1	ENSG00000131507.11	ENST00000253814.6	1	1	0	0	0	1	True	False	True
NT5C2	ENSG00000076685.18	ENST00000343289.9	1	0	0	0	0	0	False	False	False
TMEM214	ENSG00000119777.20	ENST00000238788.14	1	0	0	0	0	0	False	False	False
CYTH1	ENSG00000108669.16	ENST00000361101.8	1	2	0	0	0	2	True	False	True
RPRD2	ENSG00000163125.15	ENST00000369068.4	1	0	0	0	0	0	False	False	False
H2AC7	ENSG00000196866.3	ENST00000341023.2	3	0	0	0	0	0	False	False	False
IFI44L	ENSG00000137959.16	ENST00000370751.10	1	0	0	0	0	0	False	False	False
LITAF	ENSG00000189067.12	ENST00000571688.5	1	0	0	0	0	0	False	False	False
PHAX	ENSG00000164902.14	ENST00000297540.5	1	1	0	0	0	1	True	False	True
RGPD3	ENSG00000153165.19	ENST00000409886.4	4	0	0	0	0	0	False	False	False
TMEM245	ENSG00000106771.13	ENST00000374586.8	1	0	0	0	0	0	False	False	False
ZFP64	ENSG00000020256.20	ENST00000361387.6	1	0	0	0	0	0	False	False	False
MRPS7	ENSG00000125445.11	ENST00000245539.11	1	2	0	0	0	2	True	False	True
CDCA2	ENSG00000184661.14	ENST00000330560.8	1	0	0	0	0	0	False	False	False
GPBP1	ENSG00000062194.16	ENST00000514387.6	1	1	0	0	0	1	True	False	True
NDUFA4	ENSG00000189043.10	ENST00000339600.6	1	24	1	0	1	26	True	True	True
PPP2R2A	ENSG00000221914.11	ENST00000380737.8	1	1	0	0	0	1	True	False	True
UBR3	ENSG00000144357.17	ENST00000272793.10	1	0	0	0	0	0	False	False	False
BCAP29	ENSG00000075790.10	ENST00000005259.8	3	0	0	0	0	0	False	False	False
DAZAP1	ENSG00000071626.17	ENST00000233078.9	1	0	0	0	0	0	False	False	False
EIF2B3	ENSG00000070785.17	ENST00000360403.7	1	0	0	0	0	0	False	False	False
EIF4E	ENSG00000151247.12	ENST00000450253.6	2	5	0	0	0	5	True	False	True
H4C11	ENSG00000197238.5	ENST00000355057.3	4	0	0	0	0	0	False	False	False
H4C8	ENSG00000158406.4	ENST00000635491.1	1	0	0	0	0	0	False	False	False
MRPS5	ENSG00000144029.12	ENST00000272418.7	1	3	0	0	0	3	True	False	True
PRKAR2A	ENSG00000114302.16	ENST00000265563.13	1	0	0	0	0	0	False	False	False
AC073508.2	ENSG00000264058.2	ENST00000476049.1	3	0	0	0	0	0	False	False	False
ATP5MF	ENSG00000241468.8	ENST00000394186.3	3	13	0	0	0	13	True	False	True
DNAJB4	ENSG00000162616.9	ENST00000370763.6	1	0	0	0	0	0	False	False	False
KDM2A	ENSG00000173120.15	ENST00000529006.7	1	0	0	0	0	0	False	False	False
LY6K	ENSG00000160886.13	ENST00000292430.10	1	0	0	0	0	0	False	False	False
NDUFS8	ENSG00000110717.13	ENST00000313468.10	1	0	0	0	0	0	False	False	False
PNKD	ENSG00000127838.14	ENST00000273077.9	1	1	0	0	0	1	True	False	True
POLQ	ENSG00000051341.14	ENST00000264233.6	2	0	0	0	0	0	False	False	False
ZHX1-C8orf76	ENSG00000259305.6	ENST00000357082.8	1	0	0	0	0	0	False	False	False
ACAD9	ENSG00000177646.19	ENST00000308982.12	1	0	0	0	0	0	False	False	False
CIT	ENSG00000122966.16	ENST00000392521.7	1	0	0	0	0	0	False	False	False
H4C12	ENSG00000273542.2	ENST00000611927.2	4	0	0	0	0	0	False	False	False
MAZ	ENSG00000103495.14	ENST00000219782.10	1	0	0	0	0	0	False	False	False
RGPD1	ENSG00000187627.16	ENST00000398193.8	4	0	0	0	0	0	False	False	False
SLC6A6	ENSG00000131389.17	ENST00000622186.4	1	1	0	0	0	1	True	False	True
SMARCB1	ENSG00000099956.20	ENST00000407422.8	1	0	0	0	0	0	False	False	False
UBE4A	ENSG00000110344.10	ENST00000252108.8	1	0	0	0	0	0	False	False	False
DNAJC2	ENSG00000105821.15	ENST00000379263.8	1	2	0	0	0	2	True	False	True
PSPC1	ENSG00000121390.19	ENST00000338910.9	1	0	0	0	0	0	False	False	False
CCDC34	ENSG00000109881.17	ENST00000328697.11	1	1	0	0	0	1	True	False	True
EMD	ENSG00000102119.11	ENST00000369842.9	1	0	0	0	0	0	False	False	False
SPATS2	ENSG00000123352.18	ENST00000553127.5	1	0	0	0	0	0	False	False	False
YTHDF3	ENSG00000185728.17	ENST00000539294.6	1	0	0	0	0	0	False	False	False
C6orf89	ENSG00000198663.16	ENST00000355190.7	1	0	0	0	0	0	False	False	False
COPE	ENSG00000105669.14	ENST00000262812.9	1	0	0	0	0	0	False	False	False
ORC1	ENSG00000085840.13	ENST00000371568.8	1	1	0	0	0	1	True	False	True
STAT6	ENSG00000166888.12	ENST00000300134.8	1	0	0	0	0	0	False	False	False
ZWINT	ENSG00000122952.17	ENST00000373944.8	1	0	0	0	0	0	False	False	False
CDKN2AIP	ENSG00000168564.6	ENST00000504169.2	1	0	0	0	0	0	False	False	False
KNSTRN	ENSG00000128944.13	ENST00000249776.12	1	0	0	0	0	0	False	False	False
MSMO1	ENSG00000052802.13	ENST00000261507.11	1	2	0	0	0	2	True	False	True
NUP37	ENSG00000075188.9	ENST00000552283.6	1	0	0	0	0	0	False	False	False
SAR1B	ENSG00000152700.14	ENST00000402673.7	1	2	0	0	0	2	True	False	True
SIL1	ENSG00000120725.13	ENST00000265195.9	1	0	0	0	0	0	False	False	False
SRPRA	ENSG00000182934.12	ENST00000332118.11	1	0	0	0	0	0	False	False	False
AC092587.1	ENSG00000273155.1	ENST00000410042.1	1	0	0	0	0	0	False	False	False
GGH	ENSG00000137563.12	ENST00000260118.7	1	0	0	0	0	0	False	False	False
PAWR	ENSG00000177425.11	ENST00000328827.9	1	1	0	0	0	1	True	False	True
SENP6	ENSG00000112701.18	ENST00000447266.7	1	2	0	0	0	2	True	False	True
SNX17	ENSG00000115234.11	ENST00000233575.7	1	0	0	0	0	0	False	False	False
TXNL1	ENSG00000091164.13	ENST00000217515.11	1	1	0	0	0	1	True	False	True
ARPC1A	ENSG00000241685.10	ENST00000262942.10	3	4	0	0	0	4	True	False	True
POLR1B	ENSG00000125630.16	ENST00000263331.10	1	0	0	0	0	0	False	False	False
RPL18A	ENSG00000105640.13	ENST00000222247.10	2	18	0	0	0	18	True	False	True
TAF1	ENSG00000147133.15	ENST00000276072.7	1	0	0	0	0	0	False	False	False
ATG9A	ENSG00000198925.12	ENST00000409618.5	1	0	0	0	0	0	False	False	False
DPYSL2	ENSG00000092964.18	ENST00000311151.9	1	0	0	0	0	0	False	False	False
MYBL2	ENSG00000101057.16	ENST00000217026.5	1	1	0	0	0	1	True	False	True
TRIM2	ENSG00000109654.15	ENST00000437508.6	2	0	0	0	0	0	False	False	False
CFH	ENSG00000000971.16	ENST00000367429.9	1	0	0	0	0	0	False	False	False
PITPNB	ENSG00000180957.18	ENST00000335272.10	1	0	0	0	0	0	False	False	False
PTP4A2	ENSG00000184007.21	ENST00000647444.2	1	3	0	0	0	3	True	False	True
SMARCD1	ENSG00000066117.15	ENST00000394963.9	1	0	0	0	0	0	False	False	False
WAC	ENSG00000095787.23	ENST00000354911.9	1	0	0	0	0	0	False	False	False
WDR76	ENSG00000092470.12	ENST00000263795.11	1	0	0	0	0	0	False	False	False
ZNF146	ENSG00000167635.11	ENST00000456324.5	1	0	0	0	0	0	False	False	False
CLPB	ENSG00000162129.14	ENST00000538039.6	1	0	0	0	0	0	False	False	False
DNAAF5	ENSG00000164818.16	ENST00000297440.11	1	1	0	0	0	1	True	False	True
VPS13D	ENSG00000048707.15	ENST00000613099.4	1	0	0	0	0	0	False	False	False
AC005520.3	ENSG00000258653.3	ENST00000556551.2	3	0	0	0	0	0	False	False	False
CENPA	ENSG00000115163.15	ENST00000335756.9	1	0	0	0	0	0	False	False	False
LIN7C	ENSG00000148943.12	ENST00000278193.7	1	0	0	0	0	0	False	False	False
MAD2L1	ENSG00000164109.14	ENST00000296509.11	1	4	0	0	0	4	True	False	True
MPDZ	ENSG00000107186.16	ENST00000381022.6	1	0	0	0	0	0	False	False	False
WWTR1	ENSG00000018408.14	ENST00000465804.5	1	0	0	0	0	0	False	False	False
AC011455.2	ENSG00000269547.1	ENST00000599996.1	1	0	0	0	0	0	False	False	False
H2BC4	ENSG00000180596.7	ENST00000314332.5	1	0	0	0	0	0	False	False	False
PHPT1	ENSG00000054148.18	ENST00000247665.12	1	0	0	0	0	0	False	False	False
RPL37A	ENSG00000197756.10	ENST00000491306.6	1	9	0	0	0	9	True	False	True
TMEM184C	ENSG00000164168.8	ENST00000296582.8	1	1	0	0	0	1	True	False	True
ATF6	ENSG00000118217.6	ENST00000367942.4	1	0	0	0	0	0	False	False	False
ELOVL1	ENSG00000066322.15	ENST00000621943.4	1	0	0	0	0	0	False	False	False
FKBP3	ENSG00000100442.11	ENST00000216330.7	1	2	0	0	0	2	True	False	True
HNRNPA1L2	ENSG00000139675.12	ENST00000357495.4	4	0	0	0	0	0	False	False	False
MMS19	ENSG00000155229.21	ENST00000370782.6	1	0	0	0	0	0	False	False	False
TSN	ENSG00000211460.12	ENST00000389682.8	1	1	0	0	0	1	True	False	True
YTHDC1	ENSG00000083896.12	ENST00000579690.5	1	0	0	0	0	0	False	False	False
ATP6V1B2	ENSG00000147416.11	ENST00000276390.7	1	2	0	0	0	2	True	False	True
FAM98B	ENSG00000171262.11	ENST00000397609.6	1	2	0	0	0	2	True	False	True
MYO1E	ENSG00000157483.9	ENST00000288235.9	1	0	0	0	0	0	False	False	False
NELFB	ENSG00000188986.8	ENST00000343053.5	1	0	0	0	0	0	False	False	False
POLE	ENSG00000177084.18	ENST00000320574.10	1	0	0	0	0	0	False	False	False
SMARCE1	ENSG00000073584.20	ENST00000348513.12	3	5	0	0	0	5	True	False	True
SUMF2	ENSG00000129103.18	ENST00000651354.1	1	0	0	0	0	0	False	False	False
TFDP2	ENSG00000114126.17	ENST00000486111.5	1	0	0	0	0	0	False	False	False
THOC3	ENSG00000051596.10	ENST00000265097.9	2	0	0	0	0	0	False	False	False
TOR1AIP1	ENSG00000143337.18	ENST00000606911.6	1	0	0	0	0	0	False	False	False
TRIP6	ENSG00000087077.14	ENST00000200457.9	1	0	0	0	0	0	False	False	False
MYOCD	ENSG00000141052.17	ENST00000425538.5	1	0	0	0	0	0	False	False	False
PLCB3	ENSG00000149782.11	ENST00000540288.5	1	0	0	0	0	0	False	False	False
POLDIP2	ENSG00000004142.12	ENST00000540200.6	1	0	0	0	0	0	False	False	False
TACC1	ENSG00000147526.20	ENST00000276520.12	1	0	0	0	0	0	False	False	False
AC093884.1	ENSG00000286239.1	ENST00000650969.1	3	0	0	0	0	0	False	False	False
H3C10	ENSG00000278828.1	ENST00000369163.3	1	0	0	0	0	0	False	False	False
LIG1	ENSG00000105486.14	ENST00000263274.12	1	0	0	0	0	0	False	False	False
NDUFS5	ENSG00000168653.11	ENST00000372967.3	1	6	0	0	0	6	True	False	True
PRDX5	ENSG00000126432.14	ENST00000265462.9	1	3	0	0	0	3	True	False	True
S100A11	ENSG00000163191.6	ENST00000271638.3	1	13	0	0	0	13	True	False	True
STXBP5	ENSG00000164506.14	ENST00000367481.7	1	0	0	0	0	0	False	False	False
ZFYVE16	ENSG00000039319.17	ENST00000505560.5	1	0	0	0	0	0	False	False	False
ALG3	ENSG00000214160.10	ENST00000397676.8	1	1	0	0	0	1	True	False	True
HS6ST2	ENSG00000171004.18	ENST00000370836.6	1	0	0	0	0	0	False	False	False
TOMM40	ENSG00000130204.13	ENST00000426677.7	2	5	0	0	0	5	True	False	True
TYW1	ENSG00000198874.13	ENST00000359626.10	4	0	0	0	0	0	False	False	False
ARAP1	ENSG00000186635.14	ENST00000393609.7	1	0	0	0	0	0	False	False	False
SHC4	ENSG00000185634.12	ENST00000332408.9	1	0	0	0	0	0	False	False	False
SSR4	ENSG00000180879.14	ENST00000320857.7	1	1	0	0	0	1	True	False	True
INTS11	ENSG00000127054.21	ENST00000435064.6	1	0	0	0	0	0	False	False	False
NDUFB6	ENSG00000165264.11	ENST00000379847.8	1	1	0	0	0	1	True	False	True
PSME2	ENSG00000100911.16	ENST00000216802.10	2	6	0	0	0	6	True	False	True
RRBP1	ENSG00000125844.16	ENST00000377813.6	1	2	0	0	0	2	True	False	True
AP3M1	ENSG00000185009.12	ENST00000355264.8	1	0	0	0	0	0	False	False	False
PMM2	ENSG00000140650.12	ENST00000268261.9	1	2	0	0	0	2	True	False	True
AL031847.2	ENSG00000285629.1	ENST00000484532.6	4	0	0	0	0	0	False	False	False
CD164	ENSG00000135535.17	ENST00000310786.10	1	1	0	0	0	1	True	False	True
ERP29	ENSG00000089248.7	ENST00000261735.4	1	1	0	0	0	1	True	False	True
MRPL45	ENSG00000278845.5	ENST00000613675.5	1	1	0	0	0	1	True	False	True
PGM3	ENSG00000013375.16	ENST00000513973.6	1	0	0	0	0	0	False	False	False
ALDH3B1	ENSG00000006534.16	ENST00000342456.11	1	0	0	0	0	0	False	False	False
CNPY2	ENSG00000257727.6	ENST00000273308.9	1	0	0	0	0	0	False	False	False
PRKD3	ENSG00000115825.10	ENST00000379066.5	1	0	0	0	0	0	False	False	False
SLC30A6	ENSG00000152683.14	ENST00000282587.9	1	1	0	0	0	1	True	False	True
TUFT1	ENSG00000143367.16	ENST00000368849.8	1	0	0	0	0	0	False	False	False
LRRC40	ENSG00000066557.6	ENST00000370952.4	1	1	0	0	0	1	True	False	True
TM7SF3	ENSG00000064115.11	ENST00000343028.9	1	0	0	0	0	0	False	False	False
BNIP2	ENSG00000140299.13	ENST00000267859.8	1	0	0	0	0	0	False	False	False
SULF2	ENSG00000196562.14	ENST00000359930.8	1	0	0	0	0	0	False	False	False
COMMD3-BMI1	ENSG00000269897.5	ENST00000602390.5	3	1	0	0	0	1	True	False	True
FPGS	ENSG00000136877.15	ENST00000373247.7	1	0	0	0	0	0	False	False	False
PEBP1	ENSG00000089220.5	ENST00000261313.3	1	3	0	0	0	3	True	False	True
NOTCH1	ENSG00000148400.12	ENST00000651671.1	1	0	0	0	0	0	False	False	False
PTK2	ENSG00000169398.19	ENST00000522684.5	1	0	0	0	0	0	False	False	False
UQCRH	ENSG00000173660.12	ENST00000311672.10	4	4	0	0	0	4	True	False	True
ERGIC2	ENSG00000087502.18	ENST00000360150.9	1	0	0	0	0	0	False	False	False
KAT7	ENSG00000136504.12	ENST00000259021.9	1	1	0	0	0	1	True	False	True
PARPBP	ENSG00000185480.11	ENST00000327680.6	1	0	0	0	0	0	False	False	False
PPM1H	ENSG00000111110.12	ENST00000228705.7	2	0	0	0	0	0	False	False	False
PRMT3	ENSG00000185238.13	ENST00000331079.11	1	0	0	0	0	0	False	False	False
EID1	ENSG00000255302.5	ENST00000530028.3	1	0	0	0	0	0	False	False	False
NCOA7	ENSG00000111912.20	ENST00000438495.6	3	0	0	0	0	0	False	False	False
PGRMC1	ENSG00000101856.10	ENST00000217971.8	1	1	0	0	0	1	True	False	True
PWP2	ENSG00000241945.8	ENST00000291576.12	4	0	0	0	0	0	False	False	False
RAPH1	ENSG00000173166.18	ENST00000630330.2	1	0	0	0	0	0	False	False	False
ARIH2	ENSG00000177479.19	ENST00000356401.8	1	1	0	0	0	1	True	False	True
C1R	ENSG00000159403.18	ENST00000647956.2	1	0	0	0	0	0	False	False	False
PLIN3	ENSG00000105355.9	ENST00000221957.9	1	0	0	0	0	0	False	False	False
TPTEP2-CSNK1E	ENSG00000283900.1	ENST00000400206.7	3	0	0	0	0	0	False	False	False
UMPS	ENSG00000114491.14	ENST00000232607.7	1	0	0	0	0	0	False	False	False
EBP	ENSG00000147155.11	ENST00000495186.6	3	0	0	0	0	0	False	False	False
GFM2	ENSG00000164347.18	ENST00000509430.5	1	0	0	0	0	0	False	False	False
COL4A5	ENSG00000188153.14	ENST00000361603.7	1	0	0	0	0	0	False	False	False
FAM177A1	ENSG00000151327.12	ENST00000280987.8	1	0	0	0	0	0	False	False	False
GTF3C2	ENSG00000115207.13	ENST00000359541.6	1	0	0	0	0	0	False	False	False
IKBKG	ENSG00000269335.5	ENST00000594239.5	2	0	0	0	0	0	False	False	False
RAB6A	ENSG00000175582.19	ENST00000336083.7	1	0	0	0	0	0	False	False	False
SNX14	ENSG00000135317.13	ENST00000314673.8	1	0	0	0	0	0	False	False	False
ZNFX1	ENSG00000124201.15	ENST00000371752.5	1	0	0	0	0	0	False	False	False
AC093525.2	ENSG00000260272.1	ENST00000564543.1	3	0	0	0	0	0	False	False	False
APTX	ENSG00000137074.20	ENST00000379817.7	1	0	0	0	0	0	False	False	False
EXOC2	ENSG00000112685.14	ENST00000230449.9	1	0	0	0	0	0	False	False	False
MTX1	ENSG00000173171.14	ENST00000609421.1	2	0	0	0	0	0	False	False	False
PAFAH1B2	ENSG00000168092.14	ENST00000527958.6	1	3	0	0	0	3	True	False	True
VKORC1	ENSG00000167397.15	ENST00000394975.3	1	1	0	0	0	1	True	False	True
TLE3	ENSG00000140332.17	ENST00000558939.5	1	0	0	0	0	0	False	False	False
TRA2A	ENSG00000164548.11	ENST00000297071.9	1	0	0	0	0	0	False	False	False
TRIM25	ENSG00000121060.18	ENST00000316881.9	1	0	0	0	0	0	False	False	False
AAMDC	ENSG00000087884.14	ENST00000526415.5	4	0	0	0	0	0	False	False	False
ASTN2	ENSG00000148219.16	ENST00000361209.6	1	0	0	0	0	0	False	False	False
CCNG1	ENSG00000113328.19	ENST00000340828.7	1	1	0	0	0	1	True	False	True
SRPRB	ENSG00000144867.12	ENST00000466490.7	1	0	0	0	0	0	False	False	False
CDK7	ENSG00000134058.12	ENST00000256443.8	1	1	0	0	0	1	True	False	True
CLIP1	ENSG00000130779.20	ENST00000537178.5	1	0	0	0	0	0	False	False	False
EHMT1	ENSG00000181090.21	ENST00000460843.6	1	0	0	0	0	0	False	False	False
QSOX1	ENSG00000116260.17	ENST00000367602.8	1	0	0	0	0	0	False	False	False
RAB5C	ENSG00000108774.15	ENST00000393860.7	1	2	0	0	0	2	True	False	True
SCFD1	ENSG00000092108.21	ENST00000458591.7	1	0	0	0	0	0	False	False	False
TMEM33	ENSG00000109133.13	ENST00000504986.6	1	0	0	0	0	0	False	False	False
C1orf112	ENSG00000000460.17	ENST00000286031.10	1	0	0	0	0	0	False	False	False
FAU	ENSG00000149806.11	ENST00000531743.5	2	4	0	0	0	4	True	False	True
LETM1	ENSG00000168924.15	ENST00000302787.3	1	3	0	0	0	3	True	False	True
LSM14A	ENSG00000257103.8	ENST00000544216.7	1	2	0	0	0	2	True	False	True
SEL1L3	ENSG00000091490.11	ENST00000399878.8	1	0	0	0	0	0	False	False	False
TOPORS	ENSG00000197579.8	ENST00000360538.7	1	0	0	0	0	0	False	False	False
CEMIP2	ENSG00000135048.14	ENST00000377044.9	1	0	0	0	0	0	False	False	False
MGAT4B	ENSG00000161013.17	ENST00000292591.12	1	0	0	0	0	0	False	False	False
MRTO4	ENSG00000053372.5	ENST00000330263.5	1	2	0	0	0	2	True	False	True
TRUB2	ENSG00000167112.10	ENST00000372890.6	1	0	0	0	0	0	False	False	False
FP565260.1	ENSG00000275464.5	ENST00000617716.4	4	0	0	0	0	0	False	False	False
PGAM4	ENSG00000226784.3	ENST00000458128.3	4	2	0	0	0	2	True	False	True
PRPSAP1	ENSG00000161542.17	ENST00000446526.8	1	0	0	0	0	0	False	False	False
RPS21	ENSG00000171858.18	ENST00000343986.9	1	7	0	0	0	7	True	False	True
SMARCC2	ENSG00000139613.12	ENST00000550164.6	1	0	0	0	0	0	False	False	False
SRSF9	ENSG00000111786.9	ENST00000229390.8	1	2	0	0	0	2	True	False	True
CRYZ	ENSG00000116791.14	ENST00000417775.5	1	2	0	0	0	2	True	False	True
RBM23	ENSG00000100461.18	ENST00000359890.8	1	0	0	0	0	0	False	False	False
SUMO2	ENSG00000188612.12	ENST00000420826.7	2	22	1	0	1	24	True	True	True
LRRC8A	ENSG00000136802.11	ENST00000259324.5	1	0	0	0	0	0	False	False	False
ZNF326	ENSG00000162664.17	ENST00000340281.9	1	0	0	0	0	0	False	False	False
H2AC12	ENSG00000274997.2	ENST00000377459.3	1	0	0	0	0	0	False	False	False
NIFK	ENSG00000155438.12	ENST00000285814.9	1	6	2	0	0	8	True	True	True
FEZ2	ENSG00000171055.15	ENST00000379245.8	1	0	0	0	0	0	False	False	False
NOP16	ENSG00000048162.21	ENST00000614830.5	1	0	0	0	0	0	False	False	False
PXN	ENSG00000089159.16	ENST00000228307.11	1	0	0	0	0	0	False	False	False
SARNP	ENSG00000205323.9	ENST00000336133.8	1	2	0	0	0	2	True	False	True
TBCE	ENSG00000284770.2	ENST00000543662.4	3	1	0	0	0	1	True	False	True
AC019257.8	ENSG00000283239.1	ENST00000635855.1	3	0	0	0	0	0	False	False	False
CCDC77	ENSG00000120647.10	ENST00000239830.9	1	0	0	0	0	0	False	False	False
DCTN4	ENSG00000132912.12	ENST00000447998.6	1	0	0	0	0	0	False	False	False
DEPDC1	ENSG00000024526.17	ENST00000370966.9	1	2	0	0	0	2	True	False	True
RND3	ENSG00000115963.13	ENST00000375734.6	1	0	0	0	0	0	False	False	False
FOXK2	ENSG00000141568.21	ENST00000335255.10	1	0	0	0	0	0	False	False	False
MED17	ENSG00000042429.12	ENST00000251871.9	3	0	0	0	0	0	False	False	False
RINT1	ENSG00000135249.8	ENST00000257700.7	1	0	0	0	0	0	False	False	False
DDX54	ENSG00000123064.12	ENST00000306014.9	1	0	0	0	0	0	False	False	False
SNRPD3	ENSG00000100028.12	ENST00000215829.8	1	0	0	0	0	0	False	False	False
SPATA5	ENSG00000145375.8	ENST00000274008.5	1	0	0	0	0	0	False	False	False
TUBB2A	ENSG00000137267.6	ENST00000333628.4	4	0	0	0	0	0	False	False	False
ARL6IP5	ENSG00000144746.7	ENST00000273258.4	1	0	0	0	0	0	False	False	False
CCNF	ENSG00000162063.13	ENST00000397066.9	1	0	0	0	0	0	False	False	False
CPNE3	ENSG00000085719.13	ENST00000517490.6	1	0	0	0	0	0	False	False	False
EEF2K	ENSG00000103319.12	ENST00000263026.10	1	0	0	0	0	0	False	False	False
ERMP1	ENSG00000099219.14	ENST00000339450.10	1	0	0	0	0	0	False	False	False
LIMS1	ENSG00000169756.16	ENST00000338045.7	4	0	0	0	0	0	False	False	False
PFKL	ENSG00000141959.17	ENST00000349048.9	1	0	0	0	0	0	False	False	False
TRIM33	ENSG00000197323.12	ENST00000358465.7	1	0	0	0	0	0	False	False	False
AP4S1	ENSG00000100478.15	ENST00000616371.4	1	1	0	0	0	1	True	False	True
ENG	ENSG00000106991.13	ENST00000373203.8	1	0	0	0	0	0	False	False	False
OIT3	ENSG00000138315.13	ENST00000334011.10	4	0	0	0	0	0	False	False	False
UBLCP1	ENSG00000164332.8	ENST00000296786.8	1	0	0	0	0	0	False	False	False
EDARADD	ENSG00000186197.15	ENST00000359362.6	4	0	0	0	0	0	False	False	False
ELL2	ENSG00000118985.16	ENST00000237853.9	1	4	0	0	0	4	True	False	True
H3C4	ENSG00000197409.8	ENST00000356476.3	3	0	0	0	0	0	False	False	False
RBM10	ENSG00000182872.16	ENST00000329236.8	1	0	0	0	0	0	False	False	False
SIPA1L1	ENSG00000197555.9	ENST00000381232.7	1	0	0	0	0	0	False	False	False
BRD4	ENSG00000141867.17	ENST00000263377.6	1	0	0	0	0	0	False	False	False
CPNE8	ENSG00000139117.14	ENST00000331366.10	1	0	0	0	0	0	False	False	False
MCM10	ENSG00000065328.16	ENST00000484800.6	1	0	0	0	0	0	False	False	False
PDHX	ENSG00000110435.12	ENST00000227868.9	1	0	0	0	0	0	False	False	False
ECD	ENSG00000122882.11	ENST00000372979.9	1	0	0	0	0	0	False	False	False
MAP2K2	ENSG00000126934.14	ENST00000262948.10	1	0	0	0	0	0	False	False	False
MBD4	ENSG00000129071.9	ENST00000249910.5	1	0	0	0	0	0	False	False	False
AURKB	ENSG00000178999.13	ENST00000585124.6	1	2	0	0	0	2	True	False	True
HTATIP2	ENSG00000109854.13	ENST00000451739.6	1	0	0	0	0	0	False	False	False
LCLAT1	ENSG00000172954.13	ENST00000379509.7	1	0	0	0	0	0	False	False	False
C8orf33	ENSG00000182307.14	ENST00000331434.7	1	1	0	0	0	1	True	False	True
NRP1	ENSG00000099250.18	ENST00000265371.8	1	0	0	0	0	0	False	False	False
SMAD5	ENSG00000113658.18	ENST00000545279.6	1	0	0	0	0	0	False	False	False
UBE2F-SCLY	ENSG00000258984.5	ENST00000449191.1	1	0	0	0	0	0	False	False	False
ANXA11	ENSG00000122359.18	ENST00000438331.5	1	0	0	0	0	0	False	False	False
GTF2F2	ENSG00000188342.12	ENST00000340473.8	1	2	0	0	0	2	True	False	True
PPIG	ENSG00000138398.16	ENST00000260970.8	1	1	0	0	0	1	True	False	True
USP19	ENSG00000172046.19	ENST00000417901.5	1	0	0	0	0	0	False	False	False
ADCY9	ENSG00000162104.10	ENST00000294016.8	1	0	0	0	0	0	False	False	False
GTF3C5	ENSG00000148308.17	ENST00000372097.9	1	0	0	0	0	0	False	False	False
NEDD4	ENSG00000069869.16	ENST00000435532.7	1	0	0	0	0	0	False	False	False
NUB1	ENSG00000013374.16	ENST00000470229.6	1	0	0	0	0	0	False	False	False
SPNS1	ENSG00000169682.18	ENST00000311008.16	1	0	0	0	0	0	False	False	False
DNAJA3	ENSG00000103423.14	ENST00000262375.11	1	0	0	0	0	0	False	False	False
GGCX	ENSG00000115486.12	ENST00000233838.9	1	0	0	0	0	0	False	False	False
MRPS15	ENSG00000116898.12	ENST00000373116.6	1	2	0	0	0	2	True	False	True
REEP5	ENSG00000129625.13	ENST00000379638.9	1	0	0	0	0	0	False	False	False
SMAD4	ENSG00000141646.14	ENST00000342988.8	1	0	0	0	0	0	False	False	False
TMEM106B	ENSG00000106460.19	ENST00000396667.7	1	0	0	0	0	0	False	False	False
WDR5	ENSG00000196363.9	ENST00000358625.3	1	1	0	0	0	1	True	False	True
CHAMP1	ENSG00000198824.7	ENST00000643483.1	1	0	0	0	0	0	False	False	False
GTPBP1	ENSG00000100226.16	ENST00000216044.10	1	0	0	0	0	0	False	False	False
NELFE	ENSG00000204356.14	ENST00000375429.8	1	0	0	0	0	0	False	False	False
RBM34	ENSG00000188739.15	ENST00000408888.8	1	0	0	0	0	0	False	False	False
AAGAB	ENSG00000103591.13	ENST00000261880.10	1	0	0	0	0	0	False	False	False
ACBD6	ENSG00000230124.8	ENST00000642319.1	1	0	0	0	0	0	False	False	False
PSMF1	ENSG00000125818.18	ENST00000335877.11	1	0	0	0	0	0	False	False	False
YWHAH	ENSG00000128245.15	ENST00000248975.6	1	0	0	0	0	0	False	False	False
LMF2	ENSG00000100258.18	ENST00000474879.7	1	0	0	0	0	0	False	False	False
NDUFAF2	ENSG00000164182.11	ENST00000296597.10	2	1	0	0	0	1	True	False	True
PGM2L1	ENSG00000165434.8	ENST00000298198.5	1	0	0	0	0	0	False	False	False
RSRC1	ENSG00000174891.13	ENST00000611884.5	1	1	0	0	0	1	True	False	True
TSNAX-DISC1	ENSG00000270106.6	ENST00000602956.5	3	0	0	0	0	0	False	False	False
MFAP3	ENSG00000037749.12	ENST00000322602.9	1	0	0	0	0	0	False	False	False
NANS	ENSG00000095380.11	ENST00000210444.6	1	0	0	0	0	0	False	False	False
PIGS	ENSG00000087111.21	ENST00000308360.8	1	0	0	0	0	0	False	False	False
PRELID1	ENSG00000169230.10	ENST00000303204.9	2	5	0	0	0	5	True	False	True
RBMXL1	ENSG00000213516.10	ENST00000399794.6	4	0	0	0	0	0	False	False	False
AGFG1	ENSG00000173744.17	ENST00000310078.12	1	0	0	0	0	0	False	False	False
CD9	ENSG00000010278.14	ENST00000382518.6	1	0	0	0	0	0	False	False	False
IGF2BP1	ENSG00000159217.10	ENST00000290341.8	1	0	0	0	0	0	False	False	False
AC012254.2	ENSG00000267228.7	ENST00000588705.1	3	0	0	0	0	0	False	False	False
FIBP	ENSG00000172500.13	ENST00000357519.9	1	0	0	0	1	1	False	False	True
FIGNL1	ENSG00000132436.11	ENST00000419119.1	1	0	0	0	0	0	False	False	False
GPSM2	ENSG00000121957.14	ENST00000406462.6	1	0	0	0	0	0	False	False	False
MANF	ENSG00000145050.19	ENST00000528157.7	1	0	0	0	0	0	False	False	False
MARK4	ENSG00000007047.15	ENST00000262891.9	1	2	0	0	0	2	True	False	True
SLC20A1	ENSG00000144136.11	ENST00000272542.8	1	3	0	0	0	3	True	False	True
MMS22L	ENSG00000146263.11	ENST00000275053.8	1	0	0	0	0	0	False	False	False
NAPA	ENSG00000105402.8	ENST00000263354.8	1	0	0	0	0	0	False	False	False
NOC3L	ENSG00000173145.11	ENST00000371361.3	1	0	0	0	0	0	False	False	False
STK38	ENSG00000112079.9	ENST00000229812.8	1	0	0	0	0	0	False	False	False
GNE	ENSG00000159921.17	ENST00000642385.2	1	0	0	0	0	0	False	False	False
ITSN1	ENSG00000205726.15	ENST00000381318.8	1	1	0	0	0	1	True	False	True
NDEL1	ENSG00000166579.15	ENST00000334527.11	1	0	0	0	0	0	False	False	False
REST	ENSG00000084093.18	ENST00000309042.12	1	0	0	0	0	0	False	False	False
SMC5	ENSG00000198887.9	ENST00000361138.7	1	1	0	0	0	1	True	False	True
STK26	ENSG00000134602.16	ENST00000394334.7	1	1	0	0	0	1	True	False	True
TMEM50A	ENSG00000183726.11	ENST00000374358.5	1	0	0	0	0	0	False	False	False
PDCD10	ENSG00000114209.15	ENST00000392750.7	1	1	0	0	0	1	True	False	True
WDR46	ENSG00000227057.10	ENST00000374617.9	1	0	0	0	0	0	False	False	False
EPHB2	ENSG00000133216.16	ENST00000374632.7	1	0	0	0	0	0	False	False	False
MFSD1	ENSG00000118855.21	ENST00000622669.4	1	1	0	0	0	1	True	False	True
NDUFS6	ENSG00000145494.12	ENST00000274137.10	1	1	0	0	0	1	True	False	True
AC231657.3	ENSG00000288053.1	ENST00000376358.4	3	0	0	0	0	0	False	False	False
CHML	ENSG00000203668.2	ENST00000366553.2	1	0	0	0	0	0	False	False	False
NOTCH2NLA	ENSG00000264343.6	ENST00000362074.7	4	0	0	0	0	0	False	False	False
PTBP3	ENSG00000119314.15	ENST00000334318.10	1	0	0	0	0	0	False	False	False
RGPD4	ENSG00000196862.10	ENST00000408999.4	4	0	0	0	0	0	False	False	False
UAP1	ENSG00000117143.13	ENST00000367924.1	1	0	0	0	1	1	False	False	True
BCAS2	ENSG00000116752.6	ENST00000369541.4	1	3	0	0	0	3	True	False	True
PSMA8	ENSG00000154611.14	ENST00000415576.6	2	0	0	0	0	0	False	False	False
SCRN1	ENSG00000136193.17	ENST00000426154.5	1	0	0	0	0	0	False	False	False
SLMAP	ENSG00000163681.16	ENST00000671191.1	1	0	0	0	0	0	False	False	False
VPS51	ENSG00000149823.9	ENST00000279281.8	1	19	0	0	0	19	True	False	True
AL590132.1	ENSG00000284299.1	ENST00000639602.1	3	0	0	0	0	0	False	False	False
GTSE1	ENSG00000075218.19	ENST00000454366.2	1	0	0	0	0	0	False	False	False
NUP58	ENSG00000139496.16	ENST00000381736.8	1	1	0	0	0	1	True	False	True
RERE	ENSG00000142599.19	ENST00000337907.7	2	0	0	0	0	0	False	False	False
ZMAT2	ENSG00000146007.11	ENST00000274712.8	1	0	0	0	0	0	False	False	False
DNAJC9	ENSG00000213551.7	ENST00000372950.6	2	2	0	0	0	2	True	False	True
LTN1	ENSG00000198862.14	ENST00000614971.4	1	0	0	0	0	0	False	False	False
MED12	ENSG00000184634.16	ENST00000374080.8	1	0	1	0	0	1	False	True	True
N4BP2L2	ENSG00000244754.9	ENST00000267068.5	1	0	0	0	0	0	False	False	False
SNAP23	ENSG00000092531.10	ENST00000249647.8	1	1	0	0	0	1	True	False	True
BRD9	ENSG00000028310.18	ENST00000467963.6	1	1	0	0	0	1	True	False	True
FLOT2	ENSG00000132589.16	ENST00000394908.9	1	0	0	0	0	0	False	False	False
GPAA1	ENSG00000197858.11	ENST00000355091.9	1	2	0	0	0	2	True	False	True
GSS	ENSG00000100983.12	ENST00000644793.1	1	0	0	0	0	0	False	False	False
RUSC2	ENSG00000198853.12	ENST00000455600.1	1	0	0	0	0	0	False	False	False
ZC3H7B	ENSG00000100403.12	ENST00000352645.5	1	0	0	0	0	0	False	False	False
EMP3	ENSG00000142227.11	ENST00000597279.5	1	0	0	0	0	0	False	False	False
CENPN	ENSG00000166451.13	ENST00000305850.9	1	2	0	0	0	2	True	False	True
FAM98A	ENSG00000119812.19	ENST00000238823.13	1	0	0	0	0	0	False	False	False
H2AZ2	ENSG00000105968.19	ENST00000308153.9	1	1	0	0	0	1	True	False	True
INCENP	ENSG00000149503.13	ENST00000394818.8	1	0	0	0	0	0	False	False	False
LTBR	ENSG00000111321.11	ENST00000228918.9	1	0	0	0	0	0	False	False	False
RAB8A	ENSG00000167461.12	ENST00000300935.8	1	0	0	0	0	0	False	False	False
EPB41L1	ENSG00000088367.23	ENST00000636016.2	1	0	0	0	0	0	False	False	False
FBXW11	ENSG00000072803.17	ENST00000296933.10	1	2	0	0	0	2	True	False	True
SCAF8	ENSG00000213079.9	ENST00000367178.7	1	0	0	0	0	0	False	False	False
SINHCAF	ENSG00000139146.14	ENST00000337682.9	2	3	0	0	0	3	True	False	True
SNRPD2	ENSG00000125743.10	ENST00000342669.7	1	2	0	0	0	2	True	False	True
TMEM14C	ENSG00000111843.14	ENST00000541412.5	1	2	0	0	1	3	True	False	True
WDR77	ENSG00000116455.14	ENST00000235090.10	1	1	0	0	0	1	True	False	True
HNRNPLL	ENSG00000143889.16	ENST00000449105.8	1	0	0	0	0	0	False	False	False
OTULIN	ENSG00000154124.5	ENST00000284274.5	1	0	0	0	0	0	False	False	False
PITPNA	ENSG00000174238.15	ENST00000313486.12	1	0	0	0	0	0	False	False	False
SORBS2	ENSG00000154556.18	ENST00000437304.6	1	0	0	0	0	0	False	False	False
APPL1	ENSG00000157500.12	ENST00000288266.8	1	0	0	0	0	0	False	False	False
CEP120	ENSG00000168944.16	ENST00000306467.10	1	0	0	0	0	0	False	False	False
GTPBP8	ENSG00000163607.17	ENST00000383678.8	1	0	0	0	0	0	False	False	False
NOL7	ENSG00000225921.7	ENST00000451315.7	1	0	0	0	0	0	False	False	False
SETDB1	ENSG00000143379.12	ENST00000271640.9	1	0	0	0	0	0	False	False	False
SLC30A9	ENSG00000014824.14	ENST00000264451.12	1	0	0	0	0	0	False	False	False
CCDC127	ENSG00000164366.4	ENST00000296824.4	1	0	0	0	0	0	False	False	False
CDK11A	ENSG00000008128.23	ENST00000404249.8	4	0	0	0	0	0	False	False	False
SNF8	ENSG00000159210.10	ENST00000290330.7	1	1	0	0	0	1	True	False	True
SRP9	ENSG00000143742.13	ENST00000304786.11	2	0	0	0	0	0	False	False	False
THOC7	ENSG00000163634.12	ENST00000295899.10	1	0	0	0	0	0	False	False	False
UBR1	ENSG00000159459.12	ENST00000290650.9	1	0	0	0	0	0	False	False	False
ADIPOR2	ENSG00000006831.10	ENST00000357103.5	1	1	0	0	0	1	True	False	True
ME2	ENSG00000082212.13	ENST00000321341.11	1	1	0	0	0	1	True	False	True
MOB1A	ENSG00000114978.18	ENST00000396049.5	1	2	0	0	0	2	True	False	True
MRRF	ENSG00000148187.18	ENST00000344641.8	1	1	0	0	0	1	True	False	True
OSBPL1A	ENSG00000141447.18	ENST00000319481.8	1	0	0	0	0	0	False	False	False
OXA1L	ENSG00000155463.14	ENST00000285848.9	1	0	0	0	0	0	False	False	False
TIMM23	ENSG00000265354.4	ENST00000580018.4	1	0	0	0	0	0	False	False	False
LARP1B	ENSG00000138709.19	ENST00000649983.1	1	4	0	0	0	4	True	False	True
MFAP1	ENSG00000140259.7	ENST00000267812.4	1	1	0	0	0	1	True	False	True
POGZ	ENSG00000143442.22	ENST00000271715.7	1	0	0	0	0	0	False	False	False
SERPINB6	ENSG00000124570.21	ENST00000644178.1	1	0	0	0	0	0	False	False	False
TGFB2	ENSG00000092969.12	ENST00000366930.9	1	0	0	0	0	0	False	False	False
ANAPC2	ENSG00000176248.9	ENST00000323927.3	1	0	0	0	0	0	False	False	False
CARM1	ENSG00000142453.12	ENST00000327064.9	1	0	0	0	0	0	False	False	False
H2AC17	ENSG00000278677.2	ENST00000359611.4	1	0	0	0	0	0	False	False	False
NUP62	ENSG00000213024.12	ENST00000596217.1	1	0	0	0	0	0	False	False	False
PDE1A	ENSG00000115252.18	ENST00000435564.5	1	0	0	0	0	0	False	False	False
TAF6	ENSG00000106290.15	ENST00000344095.8	1	0	0	0	0	0	False	False	False
ARIH1	ENSG00000166233.15	ENST00000379887.9	1	0	0	0	0	0	False	False	False
DHX33	ENSG00000005100.13	ENST00000225296.8	1	0	0	0	0	0	False	False	False
PLBD2	ENSG00000151176.8	ENST00000280800.5	1	0	0	0	0	0	False	False	False
ZMIZ1	ENSG00000108175.17	ENST00000334512.10	1	0	0	0	0	0	False	False	False
COL25A1	ENSG00000188517.16	ENST00000642955.1	1	0	0	0	0	0	False	False	False
KIF13A	ENSG00000137177.20	ENST00000259711.11	1	0	0	0	0	0	False	False	False
RPLP2	ENSG00000177600.9	ENST00000530797.5	1	4	0	0	0	4	True	False	True
COX5A	ENSG00000178741.12	ENST00000322347.11	1	2	0	0	1	3	True	False	True
CTDSPL2	ENSG00000137770.14	ENST00000260327.9	1	2	0	0	0	2	True	False	True
ETFB	ENSG00000105379.10	ENST00000309244.9	1	0	0	0	0	0	False	False	False
H2BC7	ENSG00000277224.2	ENST00000356530.5	1	0	0	0	0	0	False	False	False
MBTPS2	ENSG00000012174.12	ENST00000379484.10	1	0	0	0	0	0	False	False	False
Z84492.2	ENSG00000272104.1	ENST00000606589.1	1	0	0	0	0	0	False	False	False
CEP57	ENSG00000166037.11	ENST00000325542.10	1	2	0	0	0	2	True	False	True
DDX20	ENSG00000064703.12	ENST00000369702.5	1	0	0	0	0	0	False	False	False
EPHA7	ENSG00000135333.14	ENST00000369303.9	1	0	0	0	0	0	False	False	False
PFDN5	ENSG00000123349.14	ENST00000551018.5	1	1	0	0	0	1	True	False	True
SENP3	ENSG00000161956.13	ENST00000321337.12	1	0	0	0	0	0	False	False	False
G6PC3	ENSG00000141349.8	ENST00000269097.8	1	0	0	0	0	0	False	False	False
IL4I1	ENSG00000104951.16	ENST00000595948.5	1	0	0	0	0	0	False	False	False
ARFIP1	ENSG00000164144.16	ENST00000353617.7	1	0	0	0	0	0	False	False	False
TATDN1	ENSG00000147687.19	ENST00000276692.11	1	1	0	0	0	1	True	False	True
WDR11	ENSG00000120008.16	ENST00000263461.11	1	0	0	0	0	0	False	False	False
CAMK2D	ENSG00000145349.17	ENST00000511664.6	1	0	0	0	0	0	False	False	False
H2AC14	ENSG00000276368.2	ENST00000333151.5	4	0	0	0	0	0	False	False	False
SH3GLB1	ENSG00000097033.14	ENST00000370558.8	1	0	0	0	0	0	False	False	False
COG5	ENSG00000164597.13	ENST00000297135.7	1	0	0	0	0	0	False	False	False
FASTKD3	ENSG00000124279.12	ENST00000264669.10	1	0	0	0	0	0	False	False	False
LRP10	ENSG00000197324.9	ENST00000359591.9	1	0	0	0	0	0	False	False	False
MPDU1	ENSG00000129255.16	ENST00000250124.11	1	0	0	0	0	0	False	False	False
UCK2	ENSG00000143179.16	ENST00000367879.9	1	0	0	0	0	0	False	False	False
ARID5B	ENSG00000150347.16	ENST00000279873.12	1	0	0	0	0	0	False	False	False
BLM	ENSG00000197299.12	ENST00000355112.8	1	0	0	0	0	0	False	False	False
HMGN2	ENSG00000198830.11	ENST00000361427.6	2	2	0	0	0	2	True	False	True
NOTCH2NLC	ENSG00000286219.1	ENST00000650865.1	4	0	0	0	0	0	False	False	False
PCOLCE2	ENSG00000163710.9	ENST00000295992.8	1	0	0	0	0	0	False	False	False
PTEN	ENSG00000171862.11	ENST00000371953.8	2	0	0	0	0	0	False	False	False
RHOT1	ENSG00000126858.18	ENST00000333942.10	1	0	3	0	0	3	False	True	True
TXNDC9	ENSG00000115514.12	ENST00000264255.8	1	1	0	0	0	1	True	False	True
MPHOSPH10	ENSG00000124383.9	ENST00000244230.7	1	0	0	0	0	0	False	False	False
ANAPC11	ENSG00000141552.17	ENST00000575195.2	1	0	0	0	0	0	False	False	False
CACNA2D3	ENSG00000157445.15	ENST00000474759.6	1	0	0	0	0	0	False	False	False
CHTF8	ENSG00000168802.14	ENST00000448552.7	3	0	0	0	0	0	False	False	False
CTCF	ENSG00000102974.16	ENST00000646076.1	1	0	0	0	0	0	False	False	False
EPAS1	ENSG00000116016.14	ENST00000263734.5	1	0	0	0	0	0	False	False	False
LAP3	ENSG00000002549.12	ENST00000226299.8	1	1	0	0	0	1	True	False	True
TMSB4X	ENSG00000205542.11	ENST00000380636.1	2	2	0	0	0	2	True	False	True
UBQLN2	ENSG00000188021.8	ENST00000338222.6	1	0	0	0	0	0	False	False	False
ATP6V1E1	ENSG00000131100.13	ENST00000253413.10	1	3	0	0	0	3	True	False	True
BDP1	ENSG00000145734.19	ENST00000358731.9	1	1	0	0	0	1	True	False	True
MBNL2	ENSG00000139793.18	ENST00000345429.10	1	0	0	0	0	0	False	False	False
RAP1A	ENSG00000116473.14	ENST00000369709.3	1	1	1	0	0	2	True	True	True
SH3GL1	ENSG00000141985.9	ENST00000269886.7	1	3	1	0	0	4	True	True	True
UBE2O	ENSG00000175931.13	ENST00000319380.12	1	0	0	0	0	0	False	False	False
ZGRF1	ENSG00000138658.15	ENST00000505019.5	2	0	0	0	0	0	False	False	False
AKR1A1	ENSG00000117448.13	ENST00000372070.7	1	0	0	0	0	0	False	False	False
ARL2-SNX15	ENSG00000273003.1	ENST00000301886.3	3	0	0	0	0	0	False	False	False
GPATCH4	ENSG00000160818.16	ENST00000368232.8	1	0	0	0	0	0	False	False	False
PTS	ENSG00000150787.8	ENST00000280362.8	2	5	1	0	0	6	True	True	True
SS18	ENSG00000141380.14	ENST00000415083.7	1	0	0	0	0	0	False	False	False
TCF25	ENSG00000141002.20	ENST00000263346.13	1	0	0	0	0	0	False	False	False
ASNSD1	ENSG00000138381.10	ENST00000260952.9	3	0	0	0	0	0	False	False	False
CALM3	ENSG00000160014.17	ENST00000291295.14	1	3	0	0	0	3	True	False	True
PERP	ENSG00000112378.12	ENST00000421351.4	1	2	0	0	0	2	True	False	True
SHTN1	ENSG00000187164.20	ENST00000615301.4	1	0	0	0	0	0	False	False	False
TGFB1I1	ENSG00000140682.19	ENST00000394863.8	1	0	0	0	0	0	False	False	False
ZBTB25	ENSG00000089775.11	ENST00000608382.5	1	0	0	0	0	0	False	False	False
DERPC	ENSG00000286140.1	ENST00000306585.9	3	0	0	0	0	0	False	False	False
MESD	ENSG00000117899.11	ENST00000261758.6	1	1	0	0	0	1	True	False	True
PHF6	ENSG00000156531.17	ENST00000332070.7	1	0	0	0	0	0	False	False	False
MRPL47	ENSG00000136522.14	ENST00000476781.6	1	0	0	0	0	0	False	False	False
MRPS21	ENSG00000266472.5	ENST00000581066.2	1	7	0	0	0	7	True	False	True
NFIX	ENSG00000008441.16	ENST00000592199.5	1	0	0	0	0	0	False	False	False
VPS13C	ENSG00000129003.19	ENST00000249837.7	1	0	0	0	0	0	False	False	False
AZI2	ENSG00000163512.14	ENST00000479665.6	1	3	0	0	0	3	True	False	True
CADPS2	ENSG00000081803.16	ENST00000449022.7	2	0	0	0	0	0	False	False	False
EIF2B1	ENSG00000111361.13	ENST00000424014.7	1	0	0	0	0	0	False	False	False
FBXO21	ENSG00000135108.14	ENST00000622495.4	1	0	0	0	0	0	False	False	False
GAB1	ENSG00000109458.8	ENST00000262995.8	2	0	0	0	0	0	False	False	False
METTL6	ENSG00000206562.11	ENST00000443029.5	1	0	0	0	0	0	False	False	False
NEDD1	ENSG00000139350.12	ENST00000266742.9	1	0	0	0	0	0	False	False	False
RHOC	ENSG00000155366.17	ENST00000285735.6	1	0	0	0	0	0	False	False	False
SREK1	ENSG00000153914.16	ENST00000334121.11	1	0	0	0	0	0	False	False	False
ABHD14B	ENSG00000114779.19	ENST00000483233.5	1	0	0	0	0	0	False	False	False
KIDINS220	ENSG00000134313.16	ENST00000473731.5	1	0	0	0	0	0	False	False	False
RASIP1	ENSG00000105538.10	ENST00000222145.9	1	0	0	0	0	0	False	False	False
EXOC5	ENSG00000070367.16	ENST00000621441.5	1	1	0	0	0	1	True	False	True
GORASP2	ENSG00000115806.13	ENST00000234160.5	1	1	0	0	0	1	True	False	True
ITPRIP	ENSG00000148841.17	ENST00000278071.6	1	0	0	0	0	0	False	False	False
CSNK1D	ENSG00000141551.14	ENST00000314028.10	1	0	0	0	0	0	False	False	False
DNAJB1	ENSG00000132002.8	ENST00000254322.3	1	2	0	0	0	2	True	False	True
SF3B6	ENSG00000115128.7	ENST00000233468.5	1	1	0	0	0	1	True	False	True
CHURC1-FNTB	ENSG00000125954.12	ENST00000549987.1	3	0	0	0	0	0	False	False	False
EXOSC2	ENSG00000130713.16	ENST00000372358.10	1	0	0	0	0	0	False	False	False
KIZ	ENSG00000088970.16	ENST00000619189.5	2	0	0	0	0	0	False	False	False
RDH11	ENSG00000072042.13	ENST00000381346.9	1	0	0	0	0	0	False	False	False
CTTNBP2NL	ENSG00000143079.15	ENST00000271277.11	1	0	0	0	0	0	False	False	False
NDUFA13	ENSG00000186010.19	ENST00000507754.9	3	0	0	0	0	0	False	False	False
NDUFC2-KCTD14	ENSG00000259112.2	ENST00000612612.5	3	0	0	0	0	0	False	False	False
POLD1	ENSG00000062822.15	ENST00000601098.6	1	1	0	0	0	1	True	False	True
RAB1B	ENSG00000174903.16	ENST00000311481.11	1	0	0	0	0	0	False	False	False
SACM1L	ENSG00000211456.13	ENST00000672477.1	1	0	0	0	0	0	False	False	False
TANC2	ENSG00000170921.15	ENST00000424789.6	1	0	0	0	0	0	False	False	False
UBE2R2	ENSG00000107341.5	ENST00000263228.4	1	0	0	0	0	0	False	False	False
XRN1	ENSG00000114127.10	ENST00000392981.6	1	0	0	0	0	0	False	False	False
GABPA	ENSG00000154727.10	ENST00000354828.7	2	1	0	0	0	1	True	False	True
LGMN	ENSG00000100600.15	ENST00000393218.6	1	0	0	0	0	0	False	False	False
TLN2	ENSG00000171914.16	ENST00000561311.5	1	1	0	0	0	1	True	False	True
MLLT10	ENSG00000078403.17	ENST00000307729.12	2	0	0	0	0	0	False	False	False
NDFIP2	ENSG00000102471.14	ENST00000612570.4	1	0	0	0	0	0	False	False	False
OVOL2	ENSG00000125850.11	ENST00000278780.7	1	0	0	0	0	0	False	False	False
PPP4R3A	ENSG00000100796.17	ENST00000554943.5	1	0	0	0	0	0	False	False	False
RAB5B	ENSG00000111540.16	ENST00000360299.10	1	0	0	0	0	0	False	False	False
ZNF281	ENSG00000162702.8	ENST00000367352.3	1	0	0	0	0	0	False	False	False
AC008581.2	ENSG00000285000.1	ENST00000646704.1	3	1	0	0	0	1	True	False	True
ERLIN1	ENSG00000107566.14	ENST00000421367.7	1	0	0	0	0	0	False	False	False
FNIP1	ENSG00000217128.12	ENST00000510461.6	1	0	0	0	0	0	False	False	False
SGMS1	ENSG00000198964.14	ENST00000361781.7	1	0	0	0	0	0	False	False	False
ATRIP	ENSG00000164053.21	ENST00000320211.10	1	0	0	0	0	0	False	False	False
BCL2L2-PABPN1	ENSG00000258643.5	ENST00000557008.2	3	0	0	0	0	0	False	False	False
C2orf42	ENSG00000115998.7	ENST00000264434.6	1	0	0	0	0	0	False	False	False
DNAJC3	ENSG00000102580.15	ENST00000602402.6	1	0	0	0	0	0	False	False	False
PPIL4	ENSG00000131013.4	ENST00000253329.3	1	1	0	0	0	1	True	False	True
AJUBA	ENSG00000129474.16	ENST00000262713.7	1	0	0	0	0	0	False	False	False
ATP6V1C1	ENSG00000155097.12	ENST00000518738.2	1	0	0	0	0	0	False	False	False
DCUN1D1	ENSG00000043093.15	ENST00000292782.9	1	1	0	0	0	1	True	False	True
DHX32	ENSG00000089876.12	ENST00000284690.4	1	0	0	0	0	0	False	False	False
NSD2	ENSG00000109685.18	ENST00000382895.7	1	1	0	0	0	1	True	False	True
PRPF3	ENSG00000117360.13	ENST00000324862.7	1	1	0	0	0	1	True	False	True
WDR48	ENSG00000114742.14	ENST00000302313.10	1	0	0	0	0	0	False	False	False
CBLB	ENSG00000114423.23	ENST00000394030.8	1	0	0	0	0	0	False	False	False
CSPP1	ENSG00000104218.14	ENST00000262210.9	4	0	0	0	0	0	False	False	False
ZFC3H1	ENSG00000133858.17	ENST00000378743.9	1	0	0	0	0	0	False	False	False
BANF1	ENSG00000175334.8	ENST00000533166.5	1	5	0	0	0	5	True	False	True
FBXO38	ENSG00000145868.17	ENST00000340253.10	1	1	0	0	0	1	True	False	True
GPR89A	ENSG00000117262.19	ENST00000313835.14	4	1	0	0	0	1	True	False	True
MCM9	ENSG00000111877.17	ENST00000316316.10	1	0	0	0	0	0	False	False	False
POLR3C	ENSG00000186141.9	ENST00000334163.4	1	0	0	0	0	0	False	False	False
TOMM34	ENSG00000025772.8	ENST00000372813.4	1	0	0	0	0	0	False	False	False
ZFAND5	ENSG00000107372.13	ENST00000376962.10	2	2	0	0	0	2	True	False	True
CCDC200	ENSG00000236383.8	ENST00000636331.1	4	0	0	0	0	0	False	False	False
PARVB	ENSG00000188677.14	ENST00000338758.11	1	0	0	0	0	0	False	False	False
POLD3	ENSG00000077514.9	ENST00000263681.7	1	0	0	0	0	0	False	False	False
PTPRG	ENSG00000144724.20	ENST00000474889.6	2	0	0	0	0	0	False	False	False
SMG7	ENSG00000116698.21	ENST00000367537.7	1	0	0	0	0	0	False	False	False
PPP1R2	ENSG00000184203.8	ENST00000618156.5	1	5	0	0	0	5	True	False	True
ACP1	ENSG00000143727.16	ENST00000272065.10	1	6	0	0	0	6	True	False	True
C15orf41	ENSG00000186073.14	ENST00000566621.6	2	0	0	0	0	0	False	False	False
GLUD2	ENSG00000182890.5	ENST00000328078.3	4	0	0	0	0	0	False	False	False
MPPED2	ENSG00000066382.16	ENST00000358117.9	1	0	0	0	0	0	False	False	False
PDIA5	ENSG00000065485.20	ENST00000316218.12	1	0	0	0	0	0	False	False	False
STX3	ENSG00000166900.17	ENST00000337979.9	2	0	0	0	0	0	False	False	False
TBC1D9B	ENSG00000197226.12	ENST00000356834.7	1	0	0	0	0	0	False	False	False
ZEB1	ENSG00000148516.21	ENST00000320985.14	1	0	0	0	0	0	False	False	False
CARS2	ENSG00000134905.17	ENST00000257347.9	1	0	0	0	0	0	False	False	False
FOXM1	ENSG00000111206.13	ENST00000359843.8	1	0	0	0	0	0	False	False	False
GTF2F1	ENSG00000125651.14	ENST00000394456.10	1	0	0	0	0	0	False	False	False
SLC4A7	ENSG00000033867.16	ENST00000455077.5	1	0	0	0	0	0	False	False	False
AC011448.1	ENSG00000258674.5	ENST00000555938.1	3	0	0	0	0	0	False	False	False
NDUFB10	ENSG00000140990.15	ENST00000268668.11	1	2	0	0	0	2	True	False	True
ODF2	ENSG00000136811.16	ENST00000434106.7	1	0	0	0	0	0	False	False	False
RAF1	ENSG00000132155.12	ENST00000251849.8	1	0	0	0	0	0	False	False	False
TEX10	ENSG00000136891.14	ENST00000374902.9	1	0	0	0	0	0	False	False	False
AP001267.5	ENSG00000285827.1	ENST00000648261.1	1	0	0	0	0	0	False	False	False
ATG3	ENSG00000144848.11	ENST00000283290.10	1	1	0	0	0	1	True	False	True
CERCAM	ENSG00000167123.19	ENST00000372842.5	1	0	0	0	0	0	False	False	False
H2BC13	ENSG00000185130.5	ENST00000377401.3	4	0	0	0	0	0	False	False	False
NDUFC2	ENSG00000151366.13	ENST00000281031.5	3	0	0	0	0	0	False	False	False
PHLDB1	ENSG00000019144.19	ENST00000356063.9	1	0	0	0	0	0	False	False	False
SEPTIN10	ENSG00000186522.15	ENST00000397712.7	1	1	0	0	0	1	True	False	True
VASP	ENSG00000125753.14	ENST00000245932.11	1	0	0	0	0	0	False	False	False
VPS41	ENSG00000006715.16	ENST00000310301.9	1	0	0	0	0	0	False	False	False
XPO4	ENSG00000132953.16	ENST00000255305.10	1	0	0	0	0	0	False	False	False
ZZEF1	ENSG00000074755.15	ENST00000381638.7	1	0	0	0	0	0	False	False	False
AC025165.3	ENSG00000257921.6	ENST00000651284.1	3	0	0	0	0	0	False	False	False
ARID1B	ENSG00000049618.24	ENST00000636930.2	1	0	0	0	0	0	False	False	False
ASAP2	ENSG00000151693.11	ENST00000281419.8	1	0	0	0	0	0	False	False	False
CSNK1G3	ENSG00000151292.17	ENST00000360683.6	1	0	0	0	0	0	False	False	False
KIF21A	ENSG00000139116.18	ENST00000361418.9	1	0	0	0	0	0	False	False	False
NDRG3	ENSG00000101079.21	ENST00000349004.6	1	0	0	0	0	0	False	False	False
PKMYT1	ENSG00000127564.17	ENST00000574385.5	1	0	0	0	0	0	False	False	False
SCAMP3	ENSG00000116521.11	ENST00000302631.8	1	0	0	0	0	0	False	False	False
TFB2M	ENSG00000162851.8	ENST00000366514.5	1	1	0	0	0	1	True	False	True
TIMM50	ENSG00000105197.11	ENST00000607714.6	1	0	0	0	0	0	False	False	False
TRIM14	ENSG00000106785.15	ENST00000341469.7	1	0	0	0	0	0	False	False	False
UQCRFS1	ENSG00000169021.6	ENST00000304863.6	2	2	0	0	0	2	True	False	True
BAZ2A	ENSG00000076108.11	ENST00000551812.5	1	1	0	0	0	1	True	False	True
GPR89B	ENSG00000188092.15	ENST00000314163.12	4	0	0	0	0	0	False	False	False
QKI	ENSG00000112531.17	ENST00000361752.8	1	0	0	0	0	0	False	False	False
RSL24D1	ENSG00000137876.10	ENST00000260443.9	2	17	2	0	0	19	True	True	True
CSNK1E	ENSG00000213923.13	ENST00000396832.6	3	0	0	0	0	0	False	False	False
FLOT1	ENSG00000137312.15	ENST00000376389.8	1	0	0	0	0	0	False	False	False
FNBP4	ENSG00000109920.13	ENST00000263773.10	1	0	0	0	0	0	False	False	False
PLP2	ENSG00000102007.11	ENST00000376327.6	1	2	0	0	0	2	True	False	True
SPG21	ENSG00000090487.11	ENST00000204566.7	1	0	0	0	0	0	False	False	False
UBE2Z	ENSG00000159202.18	ENST00000360943.10	1	0	0	0	0	0	False	False	False
ZNF451	ENSG00000112200.17	ENST00000370708.8	1	0	0	0	0	0	False	False	False
AC104472.3	ENSG00000284952.1	ENST00000643876.1	3	0	0	0	0	0	False	False	False
ASXL2	ENSG00000143970.17	ENST00000435504.9	1	0	0	0	0	0	False	False	False
KLHL9	ENSG00000198642.7	ENST00000359039.5	1	0	0	0	0	0	False	False	False
PRKACB	ENSG00000142875.19	ENST00000370685.7	1	0	0	0	0	0	False	False	False
PYROXD1	ENSG00000121350.16	ENST00000240651.14	2	1	0	0	0	1	True	False	True
VTA1	ENSG00000009844.16	ENST00000367630.9	1	2	0	0	0	2	True	False	True
AARSD1	ENSG00000266967.7	ENST00000427569.7	3	2	0	0	0	2	True	False	True
CXADR	ENSG00000154639.19	ENST00000284878.12	2	0	0	0	0	0	False	False	False
DNAJB6	ENSG00000105993.15	ENST00000429029.6	2	5	0	1	0	6	True	False	True
ECI2	ENSG00000198721.12	ENST00000380118.7	1	0	0	0	0	0	False	False	False
MTAP	ENSG00000099810.21	ENST00000644715.2	3	2	0	0	0	2	True	False	True
PDE3B	ENSG00000152270.9	ENST00000282096.9	1	0	0	0	0	0	False	False	False
SLC39A9	ENSG00000029364.12	ENST00000336643.10	1	0	0	0	0	0	False	False	False
TSNAX	ENSG00000116918.15	ENST00000366639.9	3	1	0	0	0	1	True	False	True
APC	ENSG00000134982.17	ENST00000257430.9	1	0	0	0	0	0	False	False	False
C3orf49	ENSG00000163632.14	ENST00000647022.1	1	1	0	0	0	1	True	False	True
MOB4	ENSG00000115540.15	ENST00000323303.9	3	2	1	0	0	3	True	True	True
NOSIP	ENSG00000142546.14	ENST00000596358.6	1	0	0	0	0	0	False	False	False
PTPN1	ENSG00000196396.10	ENST00000371621.5	1	0	0	0	0	0	False	False	False
SCLT1	ENSG00000151466.12	ENST00000281142.10	1	0	0	0	0	0	False	False	False
AL139353.1	ENSG00000203546.7	ENST00000549185.5	3	0	0	0	0	0	False	False	False
MID1	ENSG00000101871.15	ENST00000453318.6	1	0	0	0	0	0	False	False	False
MTPAP	ENSG00000107951.14	ENST00000263063.8	1	0	0	0	0	0	False	False	False
TNRC6B	ENSG00000100354.21	ENST00000454349.7	1	0	0	0	0	0	False	False	False
ABCF3	ENSG00000161204.11	ENST00000429586.6	1	0	0	0	0	0	False	False	False
AUP1	ENSG00000115307.17	ENST00000377526.4	1	0	0	0	0	0	False	False	False
CASP8	ENSG00000064012.22	ENST00000358485.8	1	0	0	0	0	0	False	False	False
CRISPLD1	ENSG00000121005.9	ENST00000262207.9	1	0	0	0	0	0	False	False	False
GALNT10	ENSG00000164574.16	ENST00000297107.11	1	0	0	0	0	0	False	False	False
NDUFB9	ENSG00000147684.9	ENST00000276689.8	1	3	0	0	0	3	True	False	True
TGFBR1	ENSG00000106799.13	ENST00000374994.9	1	1	0	0	0	1	True	False	True
TMEM123	ENSG00000152558.15	ENST00000398136.7	1	0	0	0	0	0	False	False	False
ADGRL2	ENSG00000117114.20	ENST00000370728.5	2	0	0	0	0	0	False	False	False
ITGAE	ENSG00000083457.12	ENST00000263087.9	1	1	0	0	0	1	True	False	True
MTARC1	ENSG00000186205.13	ENST00000366910.10	1	0	0	0	0	0	False	False	False
NUDCD1	ENSG00000120526.11	ENST00000239690.9	1	0	0	0	0	0	False	False	False
ROBO2	ENSG00000185008.17	ENST00000461745.5	2	0	0	0	0	0	False	False	False
SRSF4	ENSG00000116350.17	ENST00000373795.7	1	0	0	0	0	0	False	False	False
TCEAL4	ENSG00000133142.17	ENST00000613326.4	1	1	0	0	0	1	True	False	True
FAM50A	ENSG00000071859.15	ENST00000393600.8	1	0	0	0	0	0	False	False	False
MYADM	ENSG00000179820.16	ENST00000391769.2	1	1	0	0	0	1	True	False	True
PCLAF	ENSG00000166803.13	ENST00000300035.9	3	0	0	0	0	0	False	False	False
SCAP	ENSG00000114650.20	ENST00000265565.10	1	0	0	0	0	0	False	False	False
TULP3	ENSG00000078246.17	ENST00000397132.6	1	1	0	0	0	1	True	False	True
POLR1D	ENSG00000186184.19	ENST00000302979.5	1	0	0	0	0	0	False	False	False
SIK2	ENSG00000170145.5	ENST00000304987.4	1	0	1	0	0	1	False	True	True
TSTD3	ENSG00000279170.2	ENST00000452647.2	1	0	0	0	0	0	False	False	False
EYA4	ENSG00000112319.19	ENST00000355286.12	1	0	0	0	0	0	False	False	False
FYTTD1	ENSG00000122068.13	ENST00000241502.9	1	2	0	0	0	2	True	False	True
H2AC21	ENSG00000184270.6	ENST00000331128.6	1	0	0	0	0	0	False	False	False
CTBP2	ENSG00000175029.17	ENST00000337195.9	2	10	0	0	1	11	True	False	True
DHX35	ENSG00000101452.15	ENST00000252011.8	1	0	0	0	0	0	False	False	False
FAM126B	ENSG00000155744.9	ENST00000418596.7	4	0	0	0	0	0	False	False	False
HK2	ENSG00000159399.10	ENST00000290573.7	1	1	0	0	0	1	True	False	True
LARS2	ENSG00000011376.12	ENST00000650792.2	1	0	0	0	0	0	False	False	False
NIF3L1	ENSG00000196290.15	ENST00000651500.1	1	1	0	0	1	2	True	False	True
PACSIN3	ENSG00000165912.16	ENST00000539589.5	1	0	0	0	0	0	False	False	False
PTPN12	ENSG00000127947.16	ENST00000248594.11	1	0	0	0	0	0	False	False	False
RNF4	ENSG00000063978.16	ENST00000511600.5	1	1	0	0	1	2	True	False	True
SH2D4A	ENSG00000104611.12	ENST00000265807.8	1	0	0	0	0	0	False	False	False
UFD1	ENSG00000070010.19	ENST00000263202.15	1	1	0	0	0	1	True	False	True
IMPDH1	ENSG00000106348.18	ENST00000354269.9	2	9	1	0	0	10	True	True	True
NOB1	ENSG00000141101.13	ENST00000268802.10	1	1	0	0	0	1	True	False	True
PPP2R5E	ENSG00000154001.14	ENST00000337537.8	1	0	0	0	0	0	False	False	False
TAB2	ENSG00000055208.19	ENST00000367456.5	1	1	0	0	0	1	True	False	True
HEATR4	ENSG00000187105.9	ENST00000553558.6	4	0	0	0	0	0	False	False	False
XAB2	ENSG00000076924.12	ENST00000358368.5	1	0	0	0	0	0	False	False	False
CEBPZOS	ENSG00000218739.10	ENST00000402297.6	1	1	0	0	1	2	True	False	True
FTL	ENSG00000087086.15	ENST00000331825.11	2	18	0	0	0	18	True	False	True
KIF1C	ENSG00000129250.12	ENST00000320785.10	1	1	0	0	0	1	True	False	True
MARK3	ENSG00000075413.18	ENST00000429436.7	1	2	0	0	0	2	True	False	True
MBD2	ENSG00000134046.12	ENST00000256429.8	1	0	0	0	0	0	False	False	False
NSMAF	ENSG00000035681.9	ENST00000038176.8	1	0	0	0	0	0	False	False	False
SLBP	ENSG00000163950.13	ENST00000489418.6	1	1	0	0	1	2	True	False	True
STIL	ENSG00000123473.15	ENST00000371877.7	1	0	0	0	0	0	False	False	False
ACOX1	ENSG00000161533.12	ENST00000301608.8	1	0	0	0	0	0	False	False	False
MAGEA6	ENSG00000197172.10	ENST00000616035.4	4	0	1	0	0	1	False	True	True
PLEKHA7	ENSG00000166689.16	ENST00000531066.6	4	0	0	0	0	0	False	False	False
RBM5	ENSG00000003756.17	ENST00000347869.8	1	0	0	0	0	0	False	False	False
SNX7	ENSG00000162627.17	ENST00000306121.8	1	1	0	0	0	1	True	False	True
STIM1	ENSG00000167323.11	ENST00000300737.8	1	0	0	0	0	0	False	False	False
TBC1D15	ENSG00000121749.15	ENST00000485960.6	1	0	0	0	0	0	False	False	False
VPS52	ENSG00000223501.9	ENST00000445902.3	1	0	0	0	0	0	False	False	False
METAP1	ENSG00000164024.12	ENST00000296411.11	1	1	0	0	0	1	True	False	True
NPTX1	ENSG00000171246.6	ENST00000306773.5	1	0	0	0	0	0	False	False	False
PPP2R5D	ENSG00000112640.15	ENST00000485511.6	1	1	0	0	0	1	True	False	True
NT5C3A	ENSG00000122643.22	ENST00000610140.7	2	2	0	0	0	2	True	False	True
PI4KB	ENSG00000143393.16	ENST00000368874.8	1	0	0	0	0	0	False	False	False
PNISR	ENSG00000132424.16	ENST00000647811.1	1	0	0	0	0	0	False	False	False
CPA4	ENSG00000128510.12	ENST00000222482.10	1	0	0	0	0	0	False	False	False
FRMD6	ENSG00000139926.16	ENST00000395718.6	1	0	0	0	0	0	False	False	False
FZD2	ENSG00000180340.7	ENST00000315323.5	1	0	0	0	0	0	False	False	False
H4C2	ENSG00000278705.1	ENST00000377745.3	1	0	0	0	0	0	False	False	False
TDG	ENSG00000139372.15	ENST00000392872.8	2	1	0	0	0	1	True	False	True
DDX50	ENSG00000107625.13	ENST00000373585.8	1	2	0	0	0	2	True	False	True
FOXRED2	ENSG00000100350.14	ENST00000397224.8	1	0	0	0	0	0	False	False	False
HBP1	ENSG00000105856.14	ENST00000222574.9	1	0	0	0	0	0	False	False	False
PHF19	ENSG00000119403.15	ENST00000373896.8	1	0	0	0	0	0	False	False	False
RBM14	ENSG00000239306.5	ENST00000310137.5	1	0	0	0	0	0	False	False	False
ERLIN2	ENSG00000147475.17	ENST00000519638.3	1	0	0	0	0	0	False	False	False
KLHDC3	ENSG00000124702.18	ENST00000326974.9	1	0	0	0	0	0	False	False	False
YIPF5	ENSG00000145817.17	ENST00000274496.10	1	0	0	0	0	0	False	False	False
ACTR10	ENSG00000131966.14	ENST00000254286.9	1	0	0	0	0	0	False	False	False
CCDC18	ENSG00000122483.17	ENST00000343253.11	1	0	0	0	0	0	False	False	False
GCC2	ENSG00000135968.21	ENST00000309863.11	1	0	0	0	0	0	False	False	False
LSS	ENSG00000160285.15	ENST00000397728.8	1	0	0	0	0	0	False	False	False
MDM2	ENSG00000135679.25	ENST00000539479.6	1	0	0	0	0	0	False	False	False
CHD1L	ENSG00000131778.19	ENST00000369258.8	1	0	0	0	0	0	False	False	False
DYNC1LI2	ENSG00000135720.13	ENST00000258198.7	1	0	0	0	0	0	False	False	False
KIAA0930	ENSG00000100364.18	ENST00000336156.9	1	0	0	0	0	0	False	False	False
TBC1D2	ENSG00000095383.20	ENST00000465784.7	1	0	0	0	0	0	False	False	False
LYST	ENSG00000143669.14	ENST00000389793.7	2	0	0	0	0	0	False	False	False
SLC35F5	ENSG00000115084.15	ENST00000245680.7	1	0	0	0	0	0	False	False	False
SMAD3	ENSG00000166949.16	ENST00000327367.9	1	0	0	0	0	0	False	False	False
MAP7D1	ENSG00000116871.15	ENST00000373151.6	1	0	0	0	0	0	False	False	False
C1orf43	ENSG00000143612.20	ENST00000368521.9	1	0	0	0	1	1	False	False	True
LRRC42	ENSG00000116212.15	ENST00000371370.8	1	0	0	0	0	0	False	False	False
MRPL28	ENSG00000086504.17	ENST00000648346.1	1	0	0	0	0	0	False	False	False
NAA25	ENSG00000111300.10	ENST00000261745.9	1	0	0	0	0	0	False	False	False
AAAS	ENSG00000094914.14	ENST00000209873.9	1	1	0	0	0	1	True	False	True
ARFGAP1	ENSG00000101199.13	ENST00000353546.7	1	0	0	0	0	0	False	False	False
MSH3	ENSG00000113318.11	ENST00000265081.7	1	0	0	0	0	0	False	False	False
PGM2	ENSG00000169299.14	ENST00000381967.9	1	0	0	0	0	0	False	False	False
RSRC2	ENSG00000111011.18	ENST00000331738.12	1	1	0	0	0	1	True	False	True
SNX4	ENSG00000114520.11	ENST00000251775.9	1	0	0	0	0	0	False	False	False
BAG1	ENSG00000107262.25	ENST00000634734.2	1	2	0	0	0	2	True	False	True
EXOC7	ENSG00000182473.22	ENST00000411744.6	1	1	0	0	0	1	True	False	True
LBHD1	ENSG00000162194.12	ENST00000532208.5	3	2	0	0	0	2	True	False	True
NDUFB11	ENSG00000147123.10	ENST00000377811.3	1	1	0	0	0	1	True	False	True
NOTCH2NLB	ENSG00000286019.1	ENST00000593495.3	4	0	0	0	0	0	False	False	False
NUP54	ENSG00000138750.15	ENST00000264883.8	1	0	0	0	0	0	False	False	False
TMEM131L	ENSG00000121210.16	ENST00000409959.8	1	0	0	0	0	0	False	False	False
CYB5D2	ENSG00000167740.10	ENST00000301391.8	1	0	0	0	0	0	False	False	False
COX7B	ENSG00000131174.7	ENST00000650309.2	1	11	0	0	0	11	True	False	True
H2BC17	ENSG00000274641.2	ENST00000616182.2	1	0	0	0	0	0	False	False	False
HCCS	ENSG00000004961.15	ENST00000380762.5	1	0	0	0	0	0	False	False	False
TRPM7	ENSG00000092439.16	ENST00000560955.5	1	0	0	0	0	0	False	False	False
EP400	ENSG00000183495.14	ENST00000389561.7	1	0	0	0	0	0	False	False	False
RBBP6	ENSG00000122257.20	ENST00000319715.10	1	0	0	0	0	0	False	False	False
RRP7A	ENSG00000189306.11	ENST00000323013.7	1	0	0	0	0	0	False	False	False
DAD1	ENSG00000129562.11	ENST00000250498.9	1	0	0	0	1	1	False	False	True
FOXO3B	ENSG00000240445.4	ENST00000395675.5	4	0	0	0	0	0	False	False	False
IL13RA1	ENSG00000131724.11	ENST00000371666.8	1	0	0	0	0	0	False	False	False
MRFAP1	ENSG00000179010.14	ENST00000320912.8	1	1	0	0	0	1	True	False	True
MRPL48	ENSG00000175581.14	ENST00000310614.12	1	1	0	0	0	1	True	False	True
NAA35	ENSG00000135040.16	ENST00000361671.10	1	0	0	0	0	0	False	False	False
PDGFRB	ENSG00000113721.14	ENST00000261799.9	1	0	0	0	0	0	False	False	False
UBXN1	ENSG00000162191.13	ENST00000301935.9	1	0	0	0	0	0	False	False	False
CPSF1	ENSG00000071894.17	ENST00000616140.2	1	2	0	0	0	2	True	False	True
IP6K2	ENSG00000068745.15	ENST00000328631.10	1	0	0	0	0	0	False	False	False
TRIM37	ENSG00000108395.14	ENST00000262294.12	1	0	0	0	0	0	False	False	False
UBE2V1	ENSG00000244687.12	ENST00000371674.8	4	12	0	0	0	12	True	False	True
AC025283.2	ENSG00000285329.1	ENST00000575785.2	1	0	0	0	0	0	False	False	False
COTL1	ENSG00000103187.8	ENST00000262428.5	1	2	0	0	0	2	True	False	True
HPCAL1	ENSG00000115756.13	ENST00000620771.4	1	0	0	0	0	0	False	False	False
IDH3A	ENSG00000166411.14	ENST00000299518.7	1	0	0	0	0	0	False	False	False
GOLM1	ENSG00000135052.16	ENST00000388712.7	1	1	0	0	1	2	True	False	True
H2BS1	ENSG00000234289.6	ENST00000599962.2	4	0	0	0	0	0	False	False	False
MGST3	ENSG00000143198.13	ENST00000367889.8	1	0	0	0	0	0	False	False	False
RAB31	ENSG00000168461.13	ENST00000578921.6	1	1	0	0	0	1	True	False	True
SCYL1	ENSG00000142186.17	ENST00000270176.10	1	0	0	0	0	0	False	False	False
SNX9	ENSG00000130340.16	ENST00000392185.8	1	0	0	0	0	0	False	False	False
BAG2	ENSG00000112208.11	ENST00000370693.5	1	0	0	0	0	0	False	False	False
CSTF2T	ENSG00000177613.9	ENST00000331173.6	1	0	0	0	0	0	False	False	False
FBXO7	ENSG00000100225.18	ENST00000266087.12	1	0	0	0	0	0	False	False	False
RNF182	ENSG00000180537.13	ENST00000488300.6	1	0	0	0	0	0	False	False	False
SEC23B	ENSG00000101310.17	ENST00000336714.8	1	0	0	0	0	0	False	False	False
SELENOI	ENSG00000138018.18	ENST00000260585.12	1	0	0	0	0	0	False	False	False
SLC30A1	ENSG00000170385.10	ENST00000367001.5	1	0	0	0	0	0	False	False	False
TMEM256-PLSCR3	ENSG00000262481.5	ENST00000573331.5	3	0	0	0	0	0	False	False	False
UCHL3	ENSG00000118939.17	ENST00000377595.7	1	0	0	0	0	0	False	False	False
CNOT8	ENSG00000155508.13	ENST00000517876.5	1	1	0	0	0	1	True	False	True
FAM126A	ENSG00000122591.12	ENST00000432176.7	1	0	0	0	0	0	False	False	False
KIAA1549	ENSG00000122778.10	ENST00000422774.2	1	0	0	0	0	0	False	False	False
NRAS	ENSG00000213281.5	ENST00000369535.5	1	0	0	0	0	0	False	False	False
PLXDC2	ENSG00000120594.17	ENST00000377252.5	1	0	0	0	0	0	False	False	False
POLR2G	ENSG00000168002.12	ENST00000301788.12	1	0	0	0	0	0	False	False	False
TAP2	ENSG00000204267.16	ENST00000620123.4	1	0	0	0	0	0	False	False	False
ATP6V0D1	ENSG00000159720.12	ENST00000290949.8	1	0	0	0	0	0	False	False	False
DENND5B	ENSG00000170456.16	ENST00000389082.10	1	0	0	0	0	0	False	False	False
NCBP3	ENSG00000074356.17	ENST00000389005.6	1	0	0	0	0	0	False	False	False
NIT1	ENSG00000158793.14	ENST00000368009.7	1	0	0	0	0	0	False	False	False
PABPC1L	ENSG00000101104.13	ENST00000217073.7	1	0	0	0	0	0	False	False	False
PRPSAP2	ENSG00000141127.15	ENST00000268835.7	1	0	0	0	0	0	False	False	False
VPS29	ENSG00000111237.19	ENST00000549578.6	1	0	0	0	0	0	False	False	False
POFUT1	ENSG00000101346.14	ENST00000375749.8	1	0	0	0	0	0	False	False	False
USP40	ENSG00000085982.13	ENST00000450966.5	1	0	0	0	0	0	False	False	False
WSB1	ENSG00000109046.15	ENST00000262394.7	1	0	0	0	0	0	False	False	False
ZNF148	ENSG00000163848.19	ENST00000360647.8	1	0	0	0	0	0	False	False	False
E2F7	ENSG00000165891.16	ENST00000322886.12	1	0	0	0	0	0	False	False	False
LRTOMT	ENSG00000184154.14	ENST00000289488.7	1	0	0	0	0	0	False	False	False
HMGB3	ENSG00000029993.15	ENST00000325307.12	2	28	0	0	0	28	True	False	True
PPIF	ENSG00000108179.14	ENST00000225174.8	1	3	0	0	1	4	True	False	True
SC5D	ENSG00000109929.10	ENST00000264027.9	1	0	0	0	0	0	False	False	False
ELOC	ENSG00000154582.16	ENST00000622804.1	2	29	2	0	1	32	True	True	True
GPC3	ENSG00000147257.15	ENST00000370818.8	2	0	0	0	0	0	False	False	False
LTV1	ENSG00000135521.9	ENST00000367576.6	1	0	0	0	0	0	False	False	False
MAP7D3	ENSG00000129680.16	ENST00000316077.14	1	0	0	0	0	0	False	False	False
PCBP4	ENSG00000090097.21	ENST00000461554.5	1	0	0	0	0	0	False	False	False
PCCA	ENSG00000175198.17	ENST00000376285.6	2	0	0	0	0	0	False	False	False
POGLUT3	ENSG00000178202.13	ENST00000323468.10	1	0	0	0	0	0	False	False	False
PRAME	ENSG00000185686.18	ENST00000543184.5	1	0	0	0	0	0	False	False	False
CU639417.1	ENSG00000274559.3	ENST00000464664.3	4	0	0	0	0	0	False	False	False
SNRPA	ENSG00000077312.9	ENST00000243563.8	1	0	0	0	0	0	False	False	False
UBE2C	ENSG00000175063.17	ENST00000356455.9	1	5	0	0	0	5	True	False	True
ATP6V0A1	ENSG00000033627.16	ENST00000393829.6	1	0	0	0	0	0	False	False	False
HTRA3	ENSG00000170801.10	ENST00000307358.7	1	0	0	0	0	0	False	False	False
SLC4A1AP	ENSG00000163798.13	ENST00000613058.4	1	1	1	0	0	2	True	True	True
SPCS1	ENSG00000114902.14	ENST00000619898.5	1	1	0	0	0	1	True	False	True
GOT1	ENSG00000120053.12	ENST00000370508.7	1	0	0	0	0	0	False	False	False
PPP1R10	ENSG00000204569.10	ENST00000376511.7	1	0	0	0	0	0	False	False	False
PPRC1	ENSG00000148840.11	ENST00000278070.7	1	0	0	0	0	0	False	False	False
TRIM24	ENSG00000122779.18	ENST00000343526.9	1	0	0	0	0	0	False	False	False
C1orf198	ENSG00000119280.17	ENST00000366663.10	1	0	0	0	0	0	False	False	False
MAP3K7	ENSG00000135341.18	ENST00000369329.8	1	0	0	0	0	0	False	False	False
TAPBP	ENSG00000231925.12	ENST00000426633.6	1	0	0	0	0	0	False	False	False
ACBD3	ENSG00000182827.9	ENST00000366812.6	1	0	0	0	0	0	False	False	False
ENSA	ENSG00000143420.19	ENST00000271690.12	2	3	0	0	0	3	True	False	True
KLHL8	ENSG00000145332.14	ENST00000273963.10	2	0	0	0	0	0	False	False	False
PHF20L1	ENSG00000129292.20	ENST00000395386.6	1	0	0	0	0	0	False	False	False
SHLD2	ENSG00000122376.11	ENST00000298786.4	2	1	0	0	0	1	True	False	True
SMARCAD1	ENSG00000163104.17	ENST00000354268.8	1	0	0	0	0	0	False	False	False
KCTD9	ENSG00000104756.16	ENST00000221200.9	2	5	0	0	0	5	True	False	True
PLCB4	ENSG00000101333.16	ENST00000378501.2	1	0	0	0	0	0	False	False	False
GNGT1	ENSG00000127928.13	ENST00000248572.10	1	0	0	0	0	0	False	False	False
HADH	ENSG00000138796.17	ENST00000309522.8	1	1	0	0	0	1	True	False	True
UBE2M	ENSG00000130725.8	ENST00000253023.8	2	1	0	0	0	1	True	False	True
ATF4	ENSG00000128272.14	ENST00000337304.2	2	3	0	0	0	3	True	False	True
ATP6V0B	ENSG00000117410.14	ENST00000472174.7	1	0	0	0	0	0	False	False	False
GGA2	ENSG00000103365.15	ENST00000309859.8	1	0	0	0	0	0	False	False	False
MITF	ENSG00000187098.15	ENST00000352241.8	1	0	0	0	0	0	False	False	False
OPHN1	ENSG00000079482.13	ENST00000355520.6	2	0	0	0	0	0	False	False	False
RAVER1	ENSG00000161847.14	ENST00000611074.4	1	0	0	0	0	0	False	False	False
SCO1	ENSG00000133028.12	ENST00000255390.10	1	1	0	0	0	1	True	False	True
SIK3	ENSG00000160584.16	ENST00000375300.6	1	0	0	0	0	0	False	False	False
TMEM248	ENSG00000106609.16	ENST00000341567.8	1	1	0	0	0	1	True	False	True
UFL1	ENSG00000014123.10	ENST00000369278.5	1	0	0	0	0	0	False	False	False
VPS13B	ENSG00000132549.18	ENST00000358544.6	1	0	0	0	0	0	False	False	False
XPR1	ENSG00000143324.14	ENST00000367590.9	1	0	0	0	0	0	False	False	False
ANXA4	ENSG00000196975.16	ENST00000394295.6	1	0	0	0	0	0	False	False	False
FBXL5	ENSG00000118564.15	ENST00000341285.8	1	1	0	0	0	1	True	False	True
LARP4B	ENSG00000107929.15	ENST00000316157.8	1	0	0	0	0	0	False	False	False
PSPH	ENSG00000146733.14	ENST00000395471.7	1	1	0	0	0	1	True	False	True
RBM42	ENSG00000126254.12	ENST00000262633.9	1	0	0	0	0	0	False	False	False
ATG7	ENSG00000197548.12	ENST00000354449.7	1	0	0	0	0	0	False	False	False
MED13L	ENSG00000123066.8	ENST00000281928.8	1	0	0	0	0	0	False	False	False
PDCD11	ENSG00000148843.15	ENST00000369797.8	1	0	0	0	0	0	False	False	False
SCNM1	ENSG00000163156.12	ENST00000368905.9	1	0	0	0	0	0	False	False	False
ARHGAP35	ENSG00000160007.19	ENST00000672722.1	1	0	0	0	0	0	False	False	False
CBX1	ENSG00000108468.15	ENST00000393408.7	1	5	0	0	0	5	True	False	True
GCLC	ENSG00000001084.13	ENST00000650454.1	1	0	0	0	0	0	False	False	False
MRPS34	ENSG00000074071.15	ENST00000397375.7	1	0	0	0	0	0	False	False	False
NXN	ENSG00000167693.17	ENST00000336868.8	1	1	0	0	0	1	True	False	True
TARS2	ENSG00000143374.17	ENST00000369064.8	1	1	0	0	0	1	True	False	True
NDUFS4	ENSG00000164258.12	ENST00000296684.10	1	0	0	0	0	0	False	False	False
XPNPEP1	ENSG00000108039.18	ENST00000502935.6	1	0	0	0	0	0	False	False	False
ORC2	ENSG00000115942.9	ENST00000234296.7	1	0	0	0	0	0	False	False	False
RAD23A	ENSG00000179262.10	ENST00000586534.6	1	0	0	0	0	0	False	False	False
TFCP2	ENSG00000135457.10	ENST00000257915.10	1	0	0	0	0	0	False	False	False
DDAH1	ENSG00000153904.20	ENST00000284031.13	1	0	0	0	0	0	False	False	False
SCN8A	ENSG00000196876.18	ENST00000354534.11	2	0	0	0	0	0	False	False	False
ATF1	ENSG00000123268.9	ENST00000262053.8	1	1	0	0	0	1	True	False	True
CLCN7	ENSG00000103249.18	ENST00000382745.9	1	0	0	0	0	0	False	False	False
ERH	ENSG00000100632.11	ENST00000557016.6	1	2	0	0	1	3	True	False	True
FAM91A1	ENSG00000176853.16	ENST00000334705.12	1	3	1	0	1	5	True	True	True
MICU2	ENSG00000165487.14	ENST00000382374.9	1	0	0	0	0	0	False	False	False
SNX22	ENSG00000157734.14	ENST00000325881.9	1	0	0	0	0	0	False	False	False
CWC27	ENSG00000153015.16	ENST00000381070.8	1	0	0	0	0	0	False	False	False
ELN	ENSG00000049540.17	ENST00000252034.12	1	0	0	0	0	0	False	False	False
GPHN	ENSG00000171723.15	ENST00000478722.5	1	1	0	0	0	1	True	False	True
MRPS23	ENSG00000181610.13	ENST00000313608.13	1	1	0	0	0	1	True	False	True
PRPS2	ENSG00000101911.12	ENST00000380668.9	1	5	0	0	0	5	True	False	True
WDR34	ENSG00000119333.11	ENST00000372715.6	1	0	0	0	0	0	False	False	False
ARFGAP2	ENSG00000149182.15	ENST00000524782.6	1	0	0	0	0	0	False	False	False
CNOT2	ENSG00000111596.13	ENST00000229195.7	1	0	0	0	0	0	False	False	False
CORO1B	ENSG00000172725.14	ENST00000341356.10	1	0	0	0	0	0	False	False	False
LGALS3	ENSG00000131981.16	ENST00000254301.14	1	0	0	0	0	0	False	False	False
MCFD2	ENSG00000180398.13	ENST00000409105.5	1	1	0	0	0	1	True	False	True
TMCO3	ENSG00000150403.18	ENST00000434316.7	1	0	0	0	0	0	False	False	False
UFC1	ENSG00000143222.12	ENST00000368003.6	1	1	0	0	0	1	True	False	True
UNG	ENSG00000076248.11	ENST00000242576.7	1	4	0	0	0	4	True	False	True
COX7A2	ENSG00000112695.11	ENST00000370081.6	1	2	0	0	0	2	True	False	True
FNDC1	ENSG00000164694.17	ENST00000297267.14	1	0	0	0	0	0	False	False	False
IDH3G	ENSG00000067829.19	ENST00000217901.10	1	1	0	0	0	1	True	False	True
LIG3	ENSG00000005156.12	ENST00000378526.9	1	0	0	0	0	0	False	False	False
MRPL18	ENSG00000112110.10	ENST00000367034.5	1	0	0	0	0	0	False	False	False
CLEC16A	ENSG00000038532.16	ENST00000409790.6	1	0	0	0	0	0	False	False	False
GALK2	ENSG00000156958.15	ENST00000560031.6	1	0	0	0	0	0	False	False	False
ILVBL	ENSG00000105135.16	ENST00000263383.8	1	0	0	0	0	0	False	False	False
REXO2	ENSG00000076043.10	ENST00000611665.4	1	0	0	0	0	0	False	False	False
TXNDC15	ENSG00000113621.15	ENST00000358387.9	1	0	0	0	0	0	False	False	False
MAPK14	ENSG00000112062.10	ENST00000229794.8	1	0	0	0	0	0	False	False	False
MRPL24	ENSG00000143314.12	ENST00000368211.8	1	0	0	0	0	0	False	False	False
MRPS2	ENSG00000122140.11	ENST00000371785.5	1	0	0	0	0	0	False	False	False
NAXE	ENSG00000163382.12	ENST00000368235.8	1	2	0	0	0	2	True	False	True
PTPMT1	ENSG00000110536.14	ENST00000326674.10	1	0	0	0	0	0	False	False	False
SKA2	ENSG00000182628.13	ENST00000330137.12	1	2	0	0	0	2	True	False	True
AC003688.2	ENSG00000262302.1	ENST00000577138.1	1	0	0	0	0	0	False	False	False
ARHGEF1	ENSG00000076928.18	ENST00000354532.8	1	0	0	0	0	0	False	False	False
NDST1	ENSG00000070614.15	ENST00000261797.7	1	0	0	0	0	0	False	False	False
PHACTR4	ENSG00000204138.13	ENST00000373839.8	1	0	0	0	0	0	False	False	False
RASA3	ENSG00000185989.11	ENST00000334062.8	1	0	0	0	0	0	False	False	False
ATAD3B	ENSG00000160072.20	ENST00000673477.1	4	0	0	0	0	0	False	False	False
CSTF2	ENSG00000101811.13	ENST00000372972.6	1	0	0	0	0	0	False	False	False
DUS2	ENSG00000167264.18	ENST00000565263.6	1	0	0	0	0	0	False	False	False
GALNT18	ENSG00000110328.6	ENST00000227756.5	4	0	0	0	0	0	False	False	False
GLCE	ENSG00000138604.10	ENST00000261858.7	1	0	0	0	0	0	False	False	False
TSPO	ENSG00000100300.18	ENST00000396265.4	1	0	0	0	0	0	False	False	False
VPS4B	ENSG00000119541.10	ENST00000238497.10	1	0	0	0	0	0	False	False	False
ATP5IF1	ENSG00000130770.18	ENST00000335514.10	1	0	0	0	0	0	False	False	False
CDK13	ENSG00000065883.16	ENST00000181839.10	1	0	0	0	0	0	False	False	False
RBM22	ENSG00000086589.12	ENST00000199814.9	1	0	0	0	0	0	False	False	False
RER1	ENSG00000157916.20	ENST00000605895.6	1	0	0	0	0	0	False	False	False
ZC2HC1C	ENSG00000119703.15	ENST00000524913.3	1	0	0	0	0	0	False	False	False
AL451136.1	ENSG00000288208.1	ENST00000671898.1	1	0	0	0	0	0	False	False	False
MAPK1IP1L	ENSG00000168175.15	ENST00000395468.9	1	1	0	0	0	1	True	False	True
MASTL	ENSG00000120539.15	ENST00000375940.9	1	0	0	0	0	0	False	False	False
PIK3C2B	ENSG00000133056.13	ENST00000367187.7	1	0	0	0	0	0	False	False	False
POLR3H	ENSG00000100413.17	ENST00000355209.9	1	0	0	0	0	0	False	False	False
DNAJC1	ENSG00000136770.11	ENST00000376980.8	1	0	0	0	0	0	False	False	False
NPRL3	ENSG00000103148.16	ENST00000620134.4	1	0	0	0	0	0	False	False	False
PSME1	ENSG00000092010.15	ENST00000206451.11	1	0	0	0	0	0	False	False	False
AL035461.4	ENSG00000286235.1	ENST00000652720.1	3	0	0	0	0	0	False	False	False
AP000812.5	ENSG00000284922.1	ENST00000427369.6	1	0	0	0	0	0	False	False	False
RBM17	ENSG00000134453.16	ENST00000446108.5	1	4	0	0	1	5	True	False	True
SETSIP	ENSG00000230667.5	ENST00000596516.2	4	7	0	0	0	7	True	False	True
VBP1	ENSG00000155959.12	ENST00000286428.7	1	1	0	0	0	1	True	False	True
ARHGEF10	ENSG00000104728.16	ENST00000349830.8	3	0	0	0	0	0	False	False	False
CDKL1	ENSG00000100490.9	ENST00000395834.5	1	0	0	0	0	0	False	False	False
MANBA	ENSG00000109323.11	ENST00000647097.2	1	0	0	0	0	0	False	False	False
PIGN	ENSG00000197563.11	ENST00000640252.2	1	0	0	0	0	0	False	False	False
UNC5D	ENSG00000156687.11	ENST00000404895.7	2	0	0	0	0	0	False	False	False
ARFGAP3	ENSG00000242247.11	ENST00000263245.10	1	0	0	0	0	0	False	False	False
CTBP1	ENSG00000159692.15	ENST00000382952.7	1	0	0	0	0	0	False	False	False
MLLT1	ENSG00000130382.9	ENST00000252674.9	1	0	0	0	0	0	False	False	False
NDUFB4	ENSG00000065518.8	ENST00000184266.3	1	12	0	0	0	12	True	False	True
NGLY1	ENSG00000151092.17	ENST00000280700.10	1	0	0	0	0	0	False	False	False
PLD1	ENSG00000075651.16	ENST00000351298.9	1	0	0	0	0	0	False	False	False
BIRC5	ENSG00000089685.15	ENST00000350051.8	1	0	0	0	0	0	False	False	False
CKAP2L	ENSG00000169607.13	ENST00000302450.11	1	1	0	0	0	1	True	False	True
CNTNAP1	ENSG00000108797.12	ENST00000264638.9	1	0	0	0	0	0	False	False	False
MCRS1	ENSG00000187778.14	ENST00000343810.9	1	0	0	0	0	0	False	False	False
MRTFB	ENSG00000186260.17	ENST00000571589.6	1	0	0	0	0	0	False	False	False
PAAF1	ENSG00000175575.13	ENST00000310571.8	1	1	0	0	0	1	True	False	True
RPF2	ENSG00000197498.13	ENST00000441448.7	1	2	0	0	0	2	True	False	True
TIGAR	ENSG00000078237.7	ENST00000179259.6	3	0	0	0	0	0	False	False	False
ZER1	ENSG00000160445.11	ENST00000291900.7	1	0	0	0	0	0	False	False	False
AC008012.1	ENSG00000285901.1	ENST00000648100.1	3	0	0	0	0	0	False	False	False
AL133352.1	ENSG00000255339.6	ENST00000557395.5	3	1	0	0	0	1	True	False	True
BRAT1	ENSG00000106009.16	ENST00000340611.9	1	0	0	0	0	0	False	False	False
DPP8	ENSG00000074603.19	ENST00000341861.9	1	0	0	0	0	0	False	False	False
FMNL2	ENSG00000157827.20	ENST00000288670.14	1	0	0	0	0	0	False	False	False
MARCOL	ENSG00000248109.3	ENST00000638089.2	1	0	0	0	0	0	False	False	False
MBOAT7	ENSG00000125505.17	ENST00000245615.6	1	0	0	0	0	0	False	False	False
NBPF26	ENSG00000273136.7	ENST00000620612.5	4	0	0	0	0	0	False	False	False
NXF1	ENSG00000162231.14	ENST00000532297.5	1	0	0	0	0	0	False	False	False
PPP3R1	ENSG00000221823.11	ENST00000234310.8	3	0	0	0	0	0	False	False	False
UBR7	ENSG00000012963.15	ENST00000013070.11	1	0	0	0	0	0	False	False	False
DERL1	ENSG00000136986.10	ENST00000259512.9	1	0	0	0	0	0	False	False	False
GCNT1	ENSG00000187210.14	ENST00000442371.5	4	1	0	0	0	1	True	False	True
MME	ENSG00000196549.11	ENST00000360490.7	1	0	0	0	0	0	False	False	False
NCBP2	ENSG00000114503.11	ENST00000321256.10	1	0	0	0	0	0	False	False	False
NDUFB8	ENSG00000166136.16	ENST00000299166.9	3	2	0	0	1	3	True	False	True
STX16-NPEPL1	ENSG00000254995.4	ENST00000530122.1	3	0	0	0	0	0	False	False	False
EEF1E1-BLOC1S5	ENSG00000265818.1	ENST00000397456.2	3	0	0	0	0	0	False	False	False
HEXIM1	ENSG00000186834.4	ENST00000332499.4	1	0	0	0	0	0	False	False	False
HMGN1	ENSG00000205581.11	ENST00000380749.10	2	28	0	0	0	28	True	False	True
INKA2	ENSG00000197852.12	ENST00000357260.6	1	0	0	0	0	0	False	False	False
TRAM2	ENSG00000065308.5	ENST00000182527.4	1	0	0	0	0	0	False	False	False
AHCYL2	ENSG00000158467.16	ENST00000446544.6	1	0	0	0	0	0	False	False	False
CNOT7	ENSG00000198791.12	ENST00000361272.9	1	2	0	0	0	2	True	False	True
HSPBP1	ENSG00000133265.11	ENST00000255631.9	1	0	0	0	0	0	False	False	False
KANK2	ENSG00000197256.10	ENST00000586659.5	1	0	0	0	0	0	False	False	False
RASAL2	ENSG00000075391.16	ENST00000367649.7	1	0	0	0	0	0	False	False	False
RNASEH2C	ENSG00000172922.11	ENST00000308418.10	1	1	0	0	0	1	True	False	True
CSNK2A2	ENSG00000070770.9	ENST00000262506.8	1	0	0	0	0	0	False	False	False
DHX16	ENSG00000204560.10	ENST00000376442.8	1	0	0	0	0	0	False	False	False
H2BC10	ENSG00000278588.2	ENST00000377733.4	1	0	0	0	0	0	False	False	False
OCRL	ENSG00000122126.17	ENST00000371113.9	1	0	0	0	0	0	False	False	False
SLC19A1	ENSG00000173638.19	ENST00000311124.9	1	0	0	0	0	0	False	False	False
ATG13	ENSG00000175224.16	ENST00000524625.5	1	0	0	0	0	0	False	False	False
ATRAID	ENSG00000138085.17	ENST00000380171.8	1	0	0	0	0	0	False	False	False
CDV3	ENSG00000091527.15	ENST00000264993.7	1	1	0	0	0	1	True	False	True
MRPS9	ENSG00000135972.9	ENST00000258455.8	1	0	0	0	0	0	False	False	False
MTIF2	ENSG00000085760.15	ENST00000263629.9	1	1	0	0	0	1	True	False	True
C15orf40	ENSG00000169609.14	ENST00000304177.10	1	1	0	0	0	1	True	False	True
COASY	ENSG00000068120.15	ENST00000393818.3	1	0	0	0	0	0	False	False	False
DCAF12	ENSG00000198876.13	ENST00000361264.9	1	0	0	0	0	0	False	False	False
H1-10	ENSG00000184897.6	ENST00000333762.6	1	0	0	0	0	0	False	False	False
PPP4R1	ENSG00000154845.15	ENST00000400556.7	1	0	0	0	0	0	False	False	False
CCDC6	ENSG00000108091.11	ENST00000263102.7	1	0	0	0	0	0	False	False	False
CLK3	ENSG00000179335.18	ENST00000345005.8	1	1	0	0	0	1	True	False	True
FTSJ1	ENSG00000068438.15	ENST00000348411.3	1	0	0	0	0	0	False	False	False
GPBP1L1	ENSG00000159592.11	ENST00000355105.8	1	0	0	0	0	0	False	False	False
GPN1	ENSG00000198522.14	ENST00000610189.2	1	1	0	0	0	1	True	False	True
IFNGR1	ENSG00000027697.15	ENST00000367739.9	1	0	0	0	0	0	False	False	False
MAGEA3	ENSG00000221867.9	ENST00000598245.2	4	0	0	0	0	0	False	False	False
MRPL33	ENSG00000243147.8	ENST00000296102.8	1	0	0	0	0	0	False	False	False
PAIP2	ENSG00000120727.13	ENST00000394795.6	1	0	0	0	0	0	False	False	False
WASF2	ENSG00000158195.11	ENST00000618852.5	1	1	0	0	0	1	True	False	True
DBNL	ENSG00000136279.20	ENST00000448521.5	1	0	0	0	0	0	False	False	False
IBTK	ENSG00000005700.15	ENST00000306270.12	1	0	0	0	0	0	False	False	False
UPF2	ENSG00000151461.20	ENST00000356352.6	1	0	0	0	0	0	False	False	False
H3C12	ENSG00000197153.5	ENST00000359303.4	1	1	0	0	0	1	True	False	True
NR2C2	ENSG00000177463.15	ENST00000425241.5	1	0	0	0	0	0	False	False	False
RNF150	ENSG00000170153.11	ENST00000515673.7	1	0	0	0	0	0	False	False	False
CDK5RAP1	ENSG00000101391.21	ENST00000346416.7	1	0	0	0	0	0	False	False	False
DFFA	ENSG00000160049.12	ENST00000377038.8	1	1	0	0	0	1	True	False	True
H4C3	ENSG00000197061.5	ENST00000377803.4	1	0	0	0	0	0	False	False	False
IRF2BP2	ENSG00000168264.10	ENST00000366609.3	1	0	0	0	0	0	False	False	False
PYCR1	ENSG00000183010.17	ENST00000329875.13	1	0	0	0	0	0	False	False	False
UBA3	ENSG00000144744.17	ENST00000361055.9	1	0	0	0	0	0	False	False	False
AHR	ENSG00000106546.14	ENST00000242057.9	1	1	0	0	0	1	True	False	True
GLT8D1	ENSG00000016864.18	ENST00000266014.10	1	0	0	0	0	0	False	False	False
GUSB	ENSG00000169919.17	ENST00000304895.9	1	1	0	0	0	1	True	False	True
MORC2	ENSG00000133422.13	ENST00000397641.8	1	0	0	0	0	0	False	False	False
NMRAL1	ENSG00000153406.13	ENST00000574733.5	1	0	0	0	0	0	False	False	False
PPP6R1	ENSG00000105063.19	ENST00000412770.7	1	0	0	0	0	0	False	False	False
SELENBP1	ENSG00000143416.21	ENST00000368868.10	1	0	0	0	0	0	False	False	False
TMEM237	ENSG00000155755.19	ENST00000409883.7	1	0	0	0	0	0	False	False	False
TNKS	ENSG00000173273.16	ENST00000310430.11	1	0	0	0	0	0	False	False	False
TRMT112	ENSG00000173113.7	ENST00000544844.6	1	7	0	0	0	7	True	False	True
TWF2	ENSG00000247596.9	ENST00000305533.10	1	0	0	0	0	0	False	False	False
ZW10	ENSG00000086827.9	ENST00000200135.8	1	0	0	0	0	0	False	False	False
FANCC	ENSG00000158169.13	ENST00000289081.8	1	0	0	0	0	0	False	False	False
KCTD10	ENSG00000110906.13	ENST00000228495.11	1	1	0	0	0	1	True	False	True
NTN4	ENSG00000074527.13	ENST00000343702.9	1	0	0	0	0	0	False	False	False
RIOK3	ENSG00000101782.15	ENST00000339486.8	1	1	0	0	0	1	True	False	True
TMEM109	ENSG00000110108.10	ENST00000227525.8	1	0	0	0	0	0	False	False	False
ZNF518A	ENSG00000177853.14	ENST00000624776.3	4	0	0	0	0	0	False	False	False
CNOT6	ENSG00000113300.13	ENST00000618123.4	1	0	0	0	0	0	False	False	False
SLC25A1	ENSG00000100075.10	ENST00000215882.10	1	6	0	0	0	6	True	False	True
TNRC6A	ENSG00000090905.19	ENST00000395799.8	1	0	0	0	0	0	False	False	False
VPS33A	ENSG00000139719.11	ENST00000267199.9	3	0	0	0	0	0	False	False	False
ARF5	ENSG00000004059.11	ENST00000000233.10	1	1	0	0	0	1	True	False	True
ASIP	ENSG00000101440.9	ENST00000568305.5	2	0	0	0	0	0	False	False	False
S100A10	ENSG00000197747.9	ENST00000368811.8	1	1	0	0	0	1	True	False	True
SNRPB2	ENSG00000125870.11	ENST00000246071.8	1	5	0	0	0	5	True	False	True
TRAFD1	ENSG00000135148.12	ENST00000257604.9	1	0	0	0	0	0	False	False	False
OTUD5	ENSG00000068308.13	ENST00000376488.7	1	0	0	0	0	0	False	False	False
P3H4	ENSG00000141696.13	ENST00000355468.7	1	0	0	0	0	0	False	False	False
POGLUT2	ENSG00000134901.13	ENST00000376004.5	1	1	0	0	0	1	True	False	True
RC3H2	ENSG00000056586.16	ENST00000373670.5	1	0	0	0	0	0	False	False	False
C16orf72	ENSG00000182831.12	ENST00000327827.12	1	1	0	0	0	1	True	False	True
CCDC50	ENSG00000152492.15	ENST00000392455.9	1	0	0	0	0	0	False	False	False
CSNK2A3	ENSG00000254598.3	ENST00000528848.3	4	0	0	0	0	0	False	False	False
FMR1	ENSG00000102081.15	ENST00000370475.9	1	0	0	0	0	0	False	False	False
GULP1	ENSG00000144366.16	ENST00000409580.5	1	0	0	0	0	0	False	False	False
IFITM2	ENSG00000185201.16	ENST00000616316.1	4	0	0	0	0	0	False	False	False
IMPAD1	ENSG00000104331.9	ENST00000262644.9	1	1	0	0	0	1	True	False	True
MTO1	ENSG00000135297.16	ENST00000498286.6	1	0	0	0	0	0	False	False	False
P3H3	ENSG00000110811.20	ENST00000290510.10	1	0	0	0	0	0	False	False	False
PIH1D1	ENSG00000104872.11	ENST00000262265.10	1	0	0	0	0	0	False	False	False
SUMO1	ENSG00000116030.17	ENST00000392246.7	2	6	0	0	1	7	True	False	True
COL4A4	ENSG00000081052.13	ENST00000396625.5	1	0	0	0	0	0	False	False	False
HLA-E	ENSG00000204592.9	ENST00000376630.5	1	0	0	0	0	0	False	False	False
ITGB1BP1	ENSG00000119185.12	ENST00000360635.7	1	1	0	0	0	1	True	False	True
MFSD14B	ENSG00000148110.16	ENST00000375344.8	1	1	0	0	0	1	True	False	True
PABPN1	ENSG00000100836.10	ENST00000216727.8	3	3	0	0	0	3	True	False	True
UTP3	ENSG00000132467.4	ENST00000254803.4	1	0	0	0	0	0	False	False	False
DUSP1	ENSG00000120129.6	ENST00000239223.4	1	0	0	0	0	0	False	False	False
FIP1L1	ENSG00000145216.16	ENST00000337488.11	3	0	0	0	0	0	False	False	False
LSM8	ENSG00000128534.8	ENST00000249299.7	1	0	0	0	0	0	False	False	False
RPL41	ENSG00000229117.9	ENST00000546591.6	2	0	0	0	0	0	False	False	False
ZC3H18	ENSG00000158545.15	ENST00000301011.9	1	0	0	0	0	0	False	False	False
MRPL20	ENSG00000242485.6	ENST00000344843.12	1	1	0	0	0	1	True	False	True
NHLRC2	ENSG00000196865.4	ENST00000369301.3	1	0	0	0	0	0	False	False	False
APH1A	ENSG00000117362.13	ENST00000369109.8	1	0	0	0	0	0	False	False	False
CHFR	ENSG00000072609.17	ENST00000432561.6	2	0	0	0	1	1	False	False	True
COMMD4	ENSG00000140365.16	ENST00000267935.13	1	0	0	0	0	0	False	False	False
ORC5	ENSG00000164815.11	ENST00000297431.9	1	0	0	0	0	0	False	False	False
POLR2H	ENSG00000163882.9	ENST00000456318.5	1	0	0	0	0	0	False	False	False
RRP15	ENSG00000067533.6	ENST00000366932.4	1	0	0	0	0	0	False	False	False
UBE2E1	ENSG00000170142.12	ENST00000306627.8	1	0	0	0	0	0	False	False	False
ARHGAP4	ENSG00000089820.16	ENST00000370028.7	1	0	0	0	0	0	False	False	False
CAMK1D	ENSG00000183049.12	ENST00000619168.4	1	0	0	0	0	0	False	False	False
COPS7A	ENSG00000111652.10	ENST00000534947.5	1	0	0	0	0	0	False	False	False
DENND4C	ENSG00000137145.20	ENST00000434457.6	1	0	0	0	0	0	False	False	False
MRPL13	ENSG00000172172.8	ENST00000306185.8	1	0	0	0	0	0	False	False	False
COMMD2	ENSG00000114744.9	ENST00000473414.6	1	0	0	0	0	0	False	False	False
HPS3	ENSG00000163755.9	ENST00000296051.7	1	0	0	0	0	0	False	False	False
MED6	ENSG00000133997.11	ENST00000256379.9	1	1	0	0	1	2	True	False	True
NDUFAB1	ENSG00000004779.10	ENST00000570319.5	1	1	0	0	0	1	True	False	True
PPP2CB	ENSG00000104695.13	ENST00000221138.9	1	2	0	0	0	2	True	False	True
SNRPE	ENSG00000182004.13	ENST00000414487.7	2	9	0	0	0	9	True	False	True
SRGN	ENSG00000122862.5	ENST00000242465.4	1	1	0	0	0	1	True	False	True
UBL7	ENSG00000138629.16	ENST00000567435.5	1	0	0	0	0	0	False	False	False
EHD4	ENSG00000103966.11	ENST00000220325.9	1	0	0	0	0	0	False	False	False
PPID	ENSG00000171497.5	ENST00000307720.4	1	0	0	0	0	0	False	False	False
RABGEF1	ENSG00000154710.17	ENST00000284957.9	3	0	0	0	0	0	False	False	False
TIMMDC1	ENSG00000113845.10	ENST00000494664.6	1	0	0	0	0	0	False	False	False
TMED5	ENSG00000117500.13	ENST00000370282.8	1	0	0	0	0	0	False	False	False
ARMC6	ENSG00000105676.14	ENST00000535612.6	1	0	0	0	0	0	False	False	False
CCDC80	ENSG00000091986.15	ENST00000206423.7	1	0	0	0	0	0	False	False	False
EMC4	ENSG00000128463.13	ENST00000267750.9	1	0	0	0	0	0	False	False	False
HECTD4	ENSG00000173064.13	ENST00000377560.9	1	0	0	0	0	0	False	False	False
NIT2	ENSG00000114021.12	ENST00000394140.9	1	1	0	0	0	1	True	False	True
PPP2R1B	ENSG00000137713.16	ENST00000527614.6	1	0	0	0	0	0	False	False	False
RFC5	ENSG00000111445.14	ENST00000454402.7	1	1	0	0	0	1	True	False	True
SCYL2	ENSG00000136021.19	ENST00000360820.7	1	1	0	0	0	1	True	False	True
C11orf49	ENSG00000149179.14	ENST00000278460.12	1	0	0	0	0	0	False	False	False
CCDC51	ENSG00000164051.14	ENST00000395694.7	1	0	0	0	0	0	False	False	False
CCSER2	ENSG00000107771.17	ENST00000372088.8	2	1	0	0	0	1	True	False	True
COL6A1	ENSG00000142156.15	ENST00000361866.8	1	0	0	0	0	0	False	False	False
EHD1	ENSG00000110047.18	ENST00000320631.8	1	0	0	0	0	0	False	False	False
TRMT10C	ENSG00000174173.7	ENST00000309922.7	1	0	0	0	0	0	False	False	False
BMPR1A	ENSG00000107779.14	ENST00000372037.8	2	2	0	0	0	2	True	False	True
COX6B1	ENSG00000126267.11	ENST00000592141.6	1	7	0	0	0	7	True	False	True
COX7C	ENSG00000127184.13	ENST00000509578.1	2	4	0	0	0	4	True	False	True
DDHD2	ENSG00000085788.14	ENST00000397166.7	1	0	0	0	0	0	False	False	False
GAK	ENSG00000178950.17	ENST00000314167.9	1	0	0	0	0	0	False	False	False
NCOA3	ENSG00000124151.19	ENST00000371998.8	1	1	0	0	0	1	True	False	True
PODXL	ENSG00000128567.17	ENST00000378555.8	1	0	0	0	0	0	False	False	False
ZNF460	ENSG00000197714.9	ENST00000360338.4	1	0	0	0	0	0	False	False	False
AC005943.1	ENSG00000267059.2	ENST00000585937.1	3	0	0	0	0	0	False	False	False
CPSF7	ENSG00000149532.15	ENST00000439958.7	1	0	0	0	0	0	False	False	False
ERI2	ENSG00000196678.14	ENST00000357967.9	1	0	0	0	0	0	False	False	False
LRRC58	ENSG00000163428.4	ENST00000295628.4	1	0	0	0	0	0	False	False	False
MRPL21	ENSG00000197345.13	ENST00000362034.7	1	1	0	0	0	1	True	False	True
PHLDB2	ENSG00000144824.21	ENST00000431670.7	1	0	0	0	0	0	False	False	False
PSME3IP1	ENSG00000172775.17	ENST00000309137.13	1	1	0	0	0	1	True	False	True
TRAF2	ENSG00000127191.18	ENST00000247668.7	1	0	0	0	0	0	False	False	False
UTP15	ENSG00000164338.10	ENST00000296792.9	1	0	0	0	0	0	False	False	False
YIPF3	ENSG00000137207.12	ENST00000372422.7	1	0	0	0	0	0	False	False	False
CHPF	ENSG00000123989.14	ENST00000243776.11	1	0	0	0	0	0	False	False	False
DTYMK	ENSG00000168393.13	ENST00000305784.7	1	0	0	0	0	0	False	False	False
KLF10	ENSG00000155090.15	ENST00000285407.11	1	0	0	0	0	0	False	False	False
POLDIP3	ENSG00000100227.18	ENST00000252115.10	1	0	0	0	0	0	False	False	False
RNF167	ENSG00000108523.16	ENST00000262482.11	1	0	0	0	0	0	False	False	False
SLC22A3	ENSG00000146477.6	ENST00000275300.3	1	0	0	0	0	0	False	False	False
TBC1D4	ENSG00000136111.14	ENST00000431480.6	1	0	0	0	0	0	False	False	False
C5orf51	ENSG00000205765.9	ENST00000381647.7	1	0	0	0	0	0	False	False	False
ERCC3	ENSG00000163161.14	ENST00000285398.7	1	0	0	0	0	0	False	False	False
LPGAT1	ENSG00000123684.13	ENST00000366997.9	1	0	0	0	0	0	False	False	False
MAPKAPK2	ENSG00000162889.11	ENST00000367103.4	1	0	0	0	0	0	False	False	False
IDH2	ENSG00000182054.10	ENST00000330062.8	1	0	0	0	0	0	False	False	False
KCTD1	ENSG00000134504.14	ENST00000580059.7	2	1	0	0	0	1	True	False	True
RPE	ENSG00000197713.15	ENST00000359429.11	1	4	0	0	0	4	True	False	True
TSFM	ENSG00000123297.20	ENST00000652027.2	3	0	0	0	0	0	False	False	False
TSPAN6	ENSG00000000003.15	ENST00000373020.9	1	0	0	0	0	0	False	False	False
FBXO22	ENSG00000167196.14	ENST00000308275.8	1	0	0	0	0	0	False	False	False
H3C7	ENSG00000277775.2	ENST00000618052.2	1	0	0	0	0	0	False	False	False
NEK7	ENSG00000151414.15	ENST00000367385.9	1	0	0	0	0	0	False	False	False
PAK1IP1	ENSG00000111845.5	ENST00000379568.4	1	0	0	0	0	0	False	False	False
PRPF38A	ENSG00000134748.13	ENST00000257181.10	1	2	0	0	0	2	True	False	True
SLC35B2	ENSG00000157593.19	ENST00000393812.4	1	0	0	0	0	0	False	False	False
NBAS	ENSG00000151779.13	ENST00000281513.10	1	0	0	0	0	0	False	False	False
POLR2C	ENSG00000102978.13	ENST00000219252.10	1	1	0	0	0	1	True	False	True
UBFD1	ENSG00000103353.16	ENST00000395878.8	1	2	0	0	0	2	True	False	True
UBXN7	ENSG00000163960.12	ENST00000296328.9	1	0	0	0	0	0	False	False	False
CFAP298	ENSG00000159079.19	ENST00000290155.8	3	1	0	0	0	1	True	False	True
DAZAP2	ENSG00000183283.16	ENST00000412716.8	1	1	0	0	0	1	True	False	True
ERAL1	ENSG00000132591.12	ENST00000254928.10	1	0	0	0	0	0	False	False	False
HMGA1	ENSG00000137309.20	ENST00000447654.5	2	1	0	0	0	1	True	False	True
IAH1	ENSG00000134330.19	ENST00000497473.6	1	0	0	0	0	0	False	False	False
MRPL9	ENSG00000143436.11	ENST00000368830.8	1	1	0	0	0	1	True	False	True
SEC22C	ENSG00000093183.14	ENST00000264454.8	1	0	0	0	0	0	False	False	False
SNRPG	ENSG00000143977.14	ENST00000272348.7	2	19	0	0	1	20	True	False	True
SRM	ENSG00000116649.10	ENST00000376957.7	1	3	0	0	0	3	True	False	True
UBE2T	ENSG00000077152.11	ENST00000646651.1	1	0	0	0	0	0	False	False	False
CD47	ENSG00000196776.16	ENST00000361309.5	1	1	0	0	0	1	True	False	True
DOCK10	ENSG00000135905.19	ENST00000409592.7	1	0	0	0	0	0	False	False	False
NOL8	ENSG00000198000.12	ENST00000545558.5	1	1	0	0	0	1	True	False	True
BMPR2	ENSG00000204217.15	ENST00000374580.10	1	0	0	0	0	0	False	False	False
FARS2	ENSG00000145982.13	ENST00000324331.10	1	0	0	0	0	0	False	False	False
SKIV2L	ENSG00000204351.12	ENST00000375394.7	1	0	0	0	0	0	False	False	False
TFIP11	ENSG00000100109.17	ENST00000407690.6	1	0	0	0	0	0	False	False	False
CCDC91	ENSG00000123106.10	ENST00000545336.5	1	0	0	0	0	0	False	False	False
CHMP1B	ENSG00000255112.3	ENST00000526991.3	1	0	0	0	0	0	False	False	False
HOOK3	ENSG00000168172.9	ENST00000307602.9	1	0	0	0	0	0	False	False	False
APPBP2	ENSG00000062725.10	ENST00000083182.8	1	0	0	0	0	0	False	False	False
CHMP2A	ENSG00000130724.9	ENST00000600118.5	1	0	0	0	0	0	False	False	False
CHTOP	ENSG00000160679.13	ENST00000368694.8	1	0	0	0	0	0	False	False	False
CNOT9	ENSG00000144580.13	ENST00000273064.10	1	0	0	0	0	0	False	False	False
H3C8	ENSG00000273983.1	ENST00000614378.1	1	0	0	0	0	0	False	False	False
HMGN3	ENSG00000118418.14	ENST00000344726.9	1	1	0	0	0	1	True	False	True
ID3	ENSG00000117318.9	ENST00000374561.6	1	0	0	0	0	0	False	False	False
RIOK2	ENSG00000058729.11	ENST00000283109.8	1	1	0	0	0	1	True	False	True
UBE2D2	ENSG00000131508.16	ENST00000398733.8	1	3	0	0	0	3	True	False	True
RAB2A	ENSG00000104388.15	ENST00000262646.12	1	1	0	0	0	1	True	False	True
RPL36AL	ENSG00000165502.7	ENST00000298289.7	2	7	0	0	1	8	True	False	True
YTHDF1	ENSG00000149658.18	ENST00000370339.8	1	1	0	0	0	1	True	False	True
ZFYVE9	ENSG00000157077.14	ENST00000287727.7	2	4	0	0	0	4	True	False	True
GABPB1	ENSG00000104064.17	ENST00000220429.12	1	0	0	0	0	0	False	False	False
MRPL15	ENSG00000137547.9	ENST00000260102.9	1	1	0	0	0	1	True	False	True
MTFR1	ENSG00000066855.16	ENST00000262146.9	1	1	0	0	0	1	True	False	True
UBE2L3	ENSG00000185651.15	ENST00000342192.9	4	1	0	0	0	1	True	False	True
ARMT1	ENSG00000146476.11	ENST00000367294.4	1	0	0	0	0	0	False	False	False
CHP1	ENSG00000187446.12	ENST00000334660.10	1	3	0	0	0	3	True	False	True
EHMT2	ENSG00000204371.11	ENST00000395728.7	1	0	0	0	0	0	False	False	False
GADD45GIP1	ENSG00000179271.3	ENST00000316939.3	1	0	0	0	0	0	False	False	False
MADD	ENSG00000110514.19	ENST00000311027.9	1	0	0	0	0	0	False	False	False
NAA10	ENSG00000102030.16	ENST00000464845.6	1	0	0	0	0	0	False	False	False
TPST1	ENSG00000169902.15	ENST00000304842.6	1	0	0	0	0	0	False	False	False
AIP	ENSG00000110711.10	ENST00000279146.8	1	0	0	0	0	0	False	False	False
NDUFB3	ENSG00000119013.9	ENST00000454214.1	1	4	0	0	0	4	True	False	True
THBS3	ENSG00000169231.13	ENST00000368378.7	1	0	0	0	0	0	False	False	False
VRK1	ENSG00000100749.8	ENST00000216639.8	1	0	0	0	0	0	False	False	False
KRTCAP2	ENSG00000163463.12	ENST00000295682.5	1	0	0	0	0	0	False	False	False
CPEB3	ENSG00000107864.15	ENST00000412050.8	2	0	0	0	0	0	False	False	False
ISY1-RAB43	ENSG00000261796.1	ENST00000418265.1	3	0	0	0	0	0	False	False	False
JKAMP	ENSG00000050130.18	ENST00000425728.6	1	1	0	0	0	1	True	False	True
MTPN	ENSG00000105887.11	ENST00000393085.4	1	0	0	0	0	0	False	False	False
RBBP5	ENSG00000117222.14	ENST00000264515.11	1	0	0	0	0	0	False	False	False
CDC45	ENSG00000093009.11	ENST00000263201.7	1	0	0	0	0	0	False	False	False
DPP3	ENSG00000254986.7	ENST00000541961.5	1	2	0	0	0	2	True	False	True
ENY2	ENSG00000120533.13	ENST00000521688.6	1	2	0	0	0	2	True	False	True
UPF3B	ENSG00000125351.12	ENST00000276201.7	1	0	0	0	0	0	False	False	False
AP2S1	ENSG00000042753.12	ENST00000263270.11	1	0	0	0	0	0	False	False	False
PLCG1	ENSG00000124181.14	ENST00000244007.7	1	0	0	0	0	0	False	False	False
RPF1	ENSG00000117133.11	ENST00000370654.6	1	0	0	0	0	0	False	False	False
TRAPPC8	ENSG00000153339.14	ENST00000283351.9	1	0	0	0	0	0	False	False	False
ATOX1	ENSG00000177556.12	ENST00000524142.5	1	0	0	0	0	0	False	False	False
ATP5MD	ENSG00000173915.16	ENST00000369825.6	1	3	0	0	0	3	True	False	True
CMSS1	ENSG00000184220.12	ENST00000421999.8	1	0	0	0	1	1	False	False	True
DBF4	ENSG00000006634.8	ENST00000265728.6	2	3	0	0	0	3	True	False	True
GSE1	ENSG00000131149.19	ENST00000253458.12	1	0	0	0	0	0	False	False	False
INTS14	ENSG00000138614.15	ENST00000313182.6	1	0	0	0	0	0	False	False	False
NDUFAF3	ENSG00000178057.15	ENST00000326925.11	1	0	0	0	0	0	False	False	False
POLB	ENSG00000070501.12	ENST00000265421.9	2	1	0	0	0	1	True	False	True
RAB5IF	ENSG00000101084.18	ENST00000344795.8	3	0	0	0	0	0	False	False	False
UBE2Q1	ENSG00000160714.10	ENST00000292211.5	1	0	0	0	0	0	False	False	False
AC092718.3	ENSG00000260643.2	ENST00000564536.2	4	0	0	0	0	0	False	False	False
CA5A	ENSG00000174990.8	ENST00000649794.3	2	0	0	0	0	0	False	False	False
DERL2	ENSG00000072849.11	ENST00000158771.9	1	0	0	0	0	0	False	False	False
DGKH	ENSG00000102780.16	ENST00000337343.8	2	0	0	0	0	0	False	False	False
FAM234A	ENSG00000167930.17	ENST00000399932.8	1	0	0	0	0	0	False	False	False
FANCG	ENSG00000221829.10	ENST00000378643.8	1	0	0	0	0	0	False	False	False
GOLGA5	ENSG00000066455.13	ENST00000163416.7	1	1	0	0	0	1	True	False	True
KLHL11	ENSG00000178502.6	ENST00000319121.4	1	0	0	0	0	0	False	False	False
PIK3C3	ENSG00000078142.13	ENST00000262039.9	1	0	0	0	0	0	False	False	False
CNDP2	ENSG00000133313.15	ENST00000324262.9	1	0	0	0	0	0	False	False	False
H2AC4	ENSG00000278463.2	ENST00000615868.2	1	0	0	0	0	0	False	False	False
PAF1	ENSG00000006712.15	ENST00000221265.8	1	0	0	0	0	0	False	False	False
ATG5	ENSG00000057663.16	ENST00000369076.8	1	0	0	0	0	0	False	False	False
TUBB2B	ENSG00000137285.10	ENST00000259818.8	4	0	0	0	0	0	False	False	False
ACTR8	ENSG00000113812.14	ENST00000335754.8	1	0	0	0	0	0	False	False	False
AMD1	ENSG00000123505.18	ENST00000368885.8	1	7	0	0	0	7	True	False	True
ARPIN-AP3S2	ENSG00000250021.7	ENST00000398333.7	3	0	0	0	0	0	False	False	False
ATXN2	ENSG00000204842.18	ENST00000550104.5	1	0	0	0	0	0	False	False	False
CMPK1	ENSG00000162368.13	ENST00000371873.9	1	2	0	0	0	2	True	False	True
EHBP1	ENSG00000115504.14	ENST00000263991.9	1	0	0	0	0	0	False	False	False
TAF2	ENSG00000064313.12	ENST00000378164.7	1	0	0	0	0	0	False	False	False
VPS39	ENSG00000166887.15	ENST00000318006.9	1	0	0	0	0	0	False	False	False
BRD7	ENSG00000166164.15	ENST00000394689.2	2	7	0	0	1	8	True	False	True
CDC25A	ENSG00000164045.12	ENST00000302506.8	1	0	0	0	0	0	False	False	False
CENPI	ENSG00000102384.13	ENST00000372927.5	1	0	0	0	0	0	False	False	False
GATAD2A	ENSG00000167491.17	ENST00000404158.5	1	0	0	0	0	0	False	False	False
MPZL1	ENSG00000197965.12	ENST00000359523.7	1	0	0	0	0	0	False	False	False
SAMD11	ENSG00000187634.12	ENST00000342066.8	1	1	0	0	0	1	True	False	True
MIB1	ENSG00000101752.11	ENST00000261537.6	1	0	0	0	0	0	False	False	False
ZNF367	ENSG00000165244.7	ENST00000375256.5	2	0	0	0	0	0	False	False	False
CWC15	ENSG00000150316.12	ENST00000279839.8	1	0	0	0	0	0	False	False	False
FAM174B	ENSG00000185442.13	ENST00000555748.5	2	0	0	0	0	0	False	False	False
MALSU1	ENSG00000156928.5	ENST00000466681.2	1	1	0	0	0	1	True	False	True
PRKAG1	ENSG00000181929.13	ENST00000548065.7	1	0	0	0	0	0	False	False	False
UHRF2	ENSG00000147854.17	ENST00000276893.10	1	1	0	0	0	1	True	False	True
CHAF1B	ENSG00000159259.8	ENST00000314103.6	1	1	0	0	0	1	True	False	True
SLC38A10	ENSG00000157637.13	ENST00000374759.8	1	0	0	0	0	0	False	False	False
SNX5	ENSG00000089006.16	ENST00000377768.7	2	2	1	0	0	3	True	True	True
SYNE1	ENSG00000131018.24	ENST00000367255.10	1	0	0	0	0	0	False	False	False
TIA1	ENSG00000116001.17	ENST00000282574.8	1	0	0	0	0	0	False	False	False
ZCCHC7	ENSG00000147905.17	ENST00000534928.5	1	1	0	0	0	1	True	False	True
AL359736.1	ENSG00000273167.1	ENST00000382141.4	2	0	0	0	0	0	False	False	False
ATM	ENSG00000149311.18	ENST00000278616.8	1	0	0	0	0	0	False	False	False
ICE2	ENSG00000128915.12	ENST00000261520.9	1	2	0	0	0	2	True	False	True
JUNB	ENSG00000171223.6	ENST00000302754.6	1	0	0	0	0	0	False	False	False
MTRNR2L6	ENSG00000270672.1	ENST00000604952.1	4	0	0	0	0	0	False	False	False
NT5DC1	ENSG00000178425.14	ENST00000319550.9	1	3	0	0	0	3	True	False	True
TRAF7	ENSG00000131653.13	ENST00000326181.11	1	1	0	0	0	1	True	False	True
SPATA13	ENSG00000182957.16	ENST00000399949.6	2	0	0	0	0	0	False	False	False
AMFR	ENSG00000159461.15	ENST00000290649.10	1	0	0	0	0	0	False	False	False
FAM111B	ENSG00000189057.11	ENST00000343597.4	1	0	0	0	0	0	False	False	False
GNPDA2	ENSG00000163281.12	ENST00000295448.8	1	1	0	0	0	1	True	False	True
JADE1	ENSG00000077684.16	ENST00000226319.11	1	0	0	0	0	0	False	False	False
MRPS18C	ENSG00000163319.11	ENST00000295491.9	1	5	0	0	0	5	True	False	True
OSTC	ENSG00000198856.13	ENST00000361564.9	2	8	0	0	0	8	True	False	True
PDLIM1	ENSG00000107438.9	ENST00000329399.7	1	4	0	0	1	5	True	False	True
SMG8	ENSG00000167447.12	ENST00000543872.6	1	0	0	0	0	0	False	False	False
ELOA	ENSG00000011007.12	ENST00000418390.6	1	1	0	0	0	1	True	False	True
HACD2	ENSG00000206527.10	ENST00000383657.10	1	0	0	0	0	0	False	False	False
HACL1	ENSG00000131373.15	ENST00000321169.10	1	0	0	0	0	0	False	False	False
PTTG1IP	ENSG00000183255.12	ENST00000330938.8	1	0	0	0	0	0	False	False	False
TGS1	ENSG00000137574.11	ENST00000260129.6	1	0	0	0	0	0	False	False	False
MBTPS1	ENSG00000140943.17	ENST00000343411.8	1	0	0	0	0	0	False	False	False
SEC61G	ENSG00000132432.14	ENST00000415949.5	1	0	0	0	0	0	False	False	False
UBA5	ENSG00000081307.12	ENST00000356232.8	1	1	0	0	0	1	True	False	True
AIDA	ENSG00000186063.13	ENST00000340020.11	2	3	0	0	0	3	True	False	True
CEPT1	ENSG00000134255.14	ENST00000545121.5	1	0	0	0	0	0	False	False	False
FABP5	ENSG00000164687.11	ENST00000297258.11	2	12	0	0	0	12	True	False	True
H2AC8	ENSG00000277075.2	ENST00000303910.4	1	0	0	0	0	0	False	False	False
MAN1A2	ENSG00000198162.12	ENST00000356554.7	1	1	0	0	0	1	True	False	True
NRIP1	ENSG00000180530.11	ENST00000318948.7	1	0	0	0	0	0	False	False	False
DCAF8	ENSG00000132716.19	ENST00000368073.7	1	0	0	0	0	0	False	False	False
HMCES	ENSG00000183624.14	ENST00000383463.9	1	0	0	0	0	0	False	False	False
PMEPA1	ENSG00000124225.16	ENST00000341744.8	1	0	0	0	0	0	False	False	False
RIPOR2	ENSG00000111913.20	ENST00000538035.6	2	0	0	0	0	0	False	False	False
SEMA3D	ENSG00000153993.13	ENST00000284136.10	1	0	0	0	0	0	False	False	False
TVP23C-CDRT4	ENSG00000259024.6	ENST00000522212.6	4	0	0	0	0	0	False	False	False
CHEK2	ENSG00000183765.22	ENST00000405598.5	1	0	0	0	0	0	False	False	False
HIRIP3	ENSG00000149929.16	ENST00000279392.8	1	0	0	0	0	0	False	False	False
NHP2	ENSG00000145912.9	ENST00000274606.8	1	1	0	0	0	1	True	False	True
PIGO	ENSG00000165282.14	ENST00000378617.4	1	0	0	0	0	0	False	False	False
PVR	ENSG00000073008.15	ENST00000425690.8	1	0	0	0	0	0	False	False	False
RANBP9	ENSG00000010017.13	ENST00000011619.6	1	0	0	0	0	0	False	False	False
TRMT1	ENSG00000104907.12	ENST00000592062.5	1	0	0	0	0	0	False	False	False
UBE2H	ENSG00000186591.13	ENST00000355621.8	1	1	0	0	0	1	True	False	True
ABCC4	ENSG00000125257.16	ENST00000645237.2	1	0	0	0	0	0	False	False	False
ASCC2	ENSG00000100325.15	ENST00000397771.6	1	0	0	0	0	0	False	False	False
DHDDS	ENSG00000117682.17	ENST00000236342.12	1	0	0	0	0	0	False	False	False
EFCAB10	ENSG00000185055.11	ENST00000486180.5	2	0	0	0	0	0	False	False	False
IQGAP3	ENSG00000183856.11	ENST00000361170.7	1	0	0	0	0	0	False	False	False
RCL1	ENSG00000120158.12	ENST00000381750.9	1	1	0	0	0	1	True	False	True
SLC25A11	ENSG00000108528.14	ENST00000225665.12	1	0	0	0	0	0	False	False	False
SPTLC2	ENSG00000100596.6	ENST00000216484.6	1	1	0	0	0	1	True	False	True
EXOSC7	ENSG00000075914.13	ENST00000265564.8	1	0	0	0	0	0	False	False	False
FADS3	ENSG00000221968.9	ENST00000278829.7	1	0	0	0	0	0	False	False	False
MFSD4B	ENSG00000173214.7	ENST00000671876.2	1	1	0	0	0	1	True	False	True
PPIE	ENSG00000084072.17	ENST00000324379.10	1	0	0	0	0	0	False	False	False
TBC1D31	ENSG00000156787.17	ENST00000287380.6	1	0	0	0	0	0	False	False	False
TP53BP2	ENSG00000143514.17	ENST00000343537.12	1	0	0	0	0	0	False	False	False
OBSL1	ENSG00000124006.15	ENST00000404537.6	1	0	0	0	0	0	False	False	False
POLR3A	ENSG00000148606.13	ENST00000372371.8	1	0	0	0	0	0	False	False	False
TCHP	ENSG00000139437.18	ENST00000312777.9	1	0	0	0	0	0	False	False	False
ZBTB33	ENSG00000177485.7	ENST00000557385.2	1	0	0	0	0	0	False	False	False
ABCA2	ENSG00000107331.17	ENST00000341511.11	1	0	0	0	0	0	False	False	False
C9orf78	ENSG00000136819.15	ENST00000372447.7	1	3	0	0	0	3	True	False	True
GPAT4	ENSG00000158669.11	ENST00000396987.7	1	1	0	0	0	1	True	False	True
LPCAT3	ENSG00000111684.11	ENST00000261407.9	1	0	0	0	0	0	False	False	False
PCDH7	ENSG00000169851.15	ENST00000361762.3	1	0	0	0	0	0	False	False	False
RFT1	ENSG00000163933.10	ENST00000296292.8	1	0	0	0	0	0	False	False	False
ROR1	ENSG00000185483.12	ENST00000371079.6	1	0	0	0	0	0	False	False	False
SNX3	ENSG00000112335.15	ENST00000230085.13	1	0	0	0	0	0	False	False	False
STAM	ENSG00000136738.15	ENST00000377524.8	1	0	0	0	0	0	False	False	False
TENM3	ENSG00000218336.9	ENST00000511685.6	1	0	0	0	0	0	False	False	False
UBR2	ENSG00000024048.10	ENST00000372899.5	1	0	0	0	0	0	False	False	False
ZDHHC5	ENSG00000156599.11	ENST00000287169.8	1	0	0	0	0	0	False	False	False
ABL2	ENSG00000143322.21	ENST00000502732.6	1	0	0	0	0	0	False	False	False
GET3	ENSG00000198356.12	ENST00000591090.5	1	1	0	0	0	1	True	False	True
MRPL44	ENSG00000135900.4	ENST00000258383.4	1	0	0	0	0	0	False	False	False
NID1	ENSG00000116962.15	ENST00000264187.7	1	0	0	0	0	0	False	False	False
MAEA	ENSG00000090316.16	ENST00000303400.9	1	0	0	0	0	0	False	False	False
PIGG	ENSG00000174227.16	ENST00000453061.7	1	0	0	0	0	0	False	False	False
YIF1A	ENSG00000174851.16	ENST00000376901.9	1	0	0	0	0	0	False	False	False
DAPK3	ENSG00000167657.14	ENST00000545797.7	1	0	0	0	0	0	False	False	False
EIF4E2	ENSG00000135930.14	ENST00000258416.8	1	2	0	0	0	2	True	False	True
OSER1	ENSG00000132823.11	ENST00000255174.3	1	0	0	0	0	0	False	False	False
PEMT	ENSG00000133027.18	ENST00000395783.5	1	0	0	0	0	0	False	False	False
PPOX	ENSG00000143224.18	ENST00000367999.9	1	0	0	0	0	0	False	False	False
PSMB9	ENSG00000240065.8	ENST00000374859.3	1	0	0	0	0	0	False	False	False
ACOT2	ENSG00000119673.14	ENST00000238651.9	4	0	0	0	0	0	False	False	False
CD58	ENSG00000116815.16	ENST00000369489.10	1	0	0	0	0	0	False	False	False
KLHL7	ENSG00000122550.18	ENST00000339077.10	1	0	0	0	0	0	False	False	False
RAD51B	ENSG00000182185.18	ENST00000471583.5	2	0	0	0	0	0	False	False	False
RPA3	ENSG00000106399.11	ENST00000223129.8	1	2	0	0	0	2	True	False	True
TRIM59	ENSG00000213186.8	ENST00000309784.9	1	0	0	0	0	0	False	False	False
BLVRA	ENSG00000106605.11	ENST00000402924.5	1	0	0	0	0	0	False	False	False
SLCO3A1	ENSG00000176463.14	ENST00000318445.11	1	0	0	0	0	0	False	False	False
SRR	ENSG00000167720.13	ENST00000344595.10	1	0	0	0	0	0	False	False	False
YIF1B	ENSG00000167645.17	ENST00000339413.11	1	0	0	0	0	0	False	False	False
AP000295.1	ENSG00000249624.9	ENST00000646150.1	3	0	0	0	0	0	False	False	False
GCSH	ENSG00000140905.11	ENST00000315467.9	4	10	0	0	0	10	True	False	True
MIA2	ENSG00000150527.17	ENST00000640607.1	1	8	2	0	0	10	True	True	True
RAB18	ENSG00000099246.17	ENST00000356940.11	1	0	0	1	0	1	False	False	True
COMMD9	ENSG00000110442.12	ENST00000263401.10	1	0	0	0	0	0	False	False	False
MOV10	ENSG00000155363.18	ENST00000413052.6	1	0	0	0	0	0	False	False	False
RIC1	ENSG00000107036.12	ENST00000414202.7	1	0	0	0	0	0	False	False	False
TTYH3	ENSG00000136295.15	ENST00000258796.12	1	0	0	0	0	0	False	False	False
UBL5	ENSG00000198258.10	ENST00000358666.7	1	4	0	0	0	4	True	False	True
IDH3B	ENSG00000101365.21	ENST00000380843.9	1	0	0	0	0	0	False	False	False
MYO9B	ENSG00000099331.13	ENST00000594824.5	1	0	0	0	0	0	False	False	False
OPTN	ENSG00000123240.17	ENST00000378752.7	1	0	0	0	0	0	False	False	False
URB2	ENSG00000135763.10	ENST00000258243.7	1	0	0	0	0	0	False	False	False
MRPL39	ENSG00000154719.14	ENST00000352957.9	1	1	0	0	0	1	True	False	True
NACC1	ENSG00000160877.6	ENST00000292431.5	1	0	0	0	0	0	False	False	False
WDR89	ENSG00000140006.11	ENST00000394942.2	4	1	0	0	0	1	True	False	True
LAMA1	ENSG00000101680.15	ENST00000389658.4	1	0	0	0	0	0	False	False	False
RNF19A	ENSG00000034677.13	ENST00000519449.5	1	0	0	0	0	0	False	False	False
SEM1	ENSG00000127922.9	ENST00000248566.3	1	1	0	0	0	1	True	False	True
YES1	ENSG00000176105.14	ENST00000584307.5	1	1	0	0	0	1	True	False	True
ARMCX3	ENSG00000102401.20	ENST00000341189.8	1	0	0	0	0	0	False	False	False
BCAR1	ENSG00000050820.17	ENST00000162330.10	1	2	0	0	0	2	True	False	True
ELF1	ENSG00000120690.16	ENST00000239882.7	1	0	0	0	0	0	False	False	False
GNPAT	ENSG00000116906.13	ENST00000366647.9	1	1	0	0	0	1	True	False	True
MOGS	ENSG00000115275.14	ENST00000448666.7	1	0	0	0	0	0	False	False	False
PITX1	ENSG00000069011.16	ENST00000265340.12	1	0	0	0	0	0	False	False	False
ROR2	ENSG00000169071.15	ENST00000375708.4	1	0	0	0	0	0	False	False	False
ATP5MC1	ENSG00000159199.14	ENST00000393366.7	1	9	0	0	0	9	True	False	True
DBI	ENSG00000155368.16	ENST00000355857.7	1	4	0	0	0	4	True	False	True
DDX49	ENSG00000105671.12	ENST00000247003.9	1	0	0	0	0	0	False	False	False
EDEM3	ENSG00000116406.19	ENST00000318130.13	1	0	0	0	0	0	False	False	False
PFDN2	ENSG00000143256.5	ENST00000368010.4	1	0	0	0	0	0	False	False	False
WIPI2	ENSG00000157954.15	ENST00000401525.7	1	3	0	0	0	3	True	False	True
ACOX3	ENSG00000087008.16	ENST00000356406.10	1	0	0	0	0	0	False	False	False
CHD9	ENSG00000177200.17	ENST00000447540.5	1	0	0	0	0	0	False	False	False
COX11	ENSG00000166260.13	ENST00000299335.8	1	1	0	0	0	1	True	False	True
GNPNAT1	ENSG00000100522.10	ENST00000216410.8	1	1	1	0	1	3	True	True	True
L3MBTL2	ENSG00000100395.15	ENST00000216237.10	1	0	0	0	0	0	False	False	False
NDUFA2	ENSG00000131495.9	ENST00000252102.9	1	1	0	0	0	1	True	False	True
NTMT1	ENSG00000148335.14	ENST00000611055.4	1	0	0	0	0	0	False	False	False
TSPAN4	ENSG00000214063.11	ENST00000397404.5	1	0	0	0	0	0	False	False	False
CWF19L1	ENSG00000095485.18	ENST00000354105.10	1	0	0	0	0	0	False	False	False
PPT2-EGFL8	ENSG00000258388.7	ENST00000422437.5	1	0	0	0	0	0	False	False	False
RPL39	ENSG00000198918.8	ENST00000361575.4	4	39	0	0	2	41	True	False	True
SPIDR	ENSG00000164808.17	ENST00000297423.9	1	0	0	0	0	0	False	False	False
TIPRL	ENSG00000143155.13	ENST00000367833.7	1	0	0	0	0	0	False	False	False
ABHD4	ENSG00000100439.10	ENST00000428304.6	1	0	0	0	0	0	False	False	False
ABR	ENSG00000159842.15	ENST00000302538.9	1	0	0	0	0	0	False	False	False
NIPSNAP1	ENSG00000184117.12	ENST00000216121.12	1	0	0	0	0	0	False	False	False
RIC8A	ENSG00000177963.14	ENST00000526104.5	1	0	0	0	0	0	False	False	False
ABI2	ENSG00000138443.16	ENST00000295851.10	1	0	0	0	0	0	False	False	False
CLTCL1	ENSG00000070371.16	ENST00000427926.6	1	0	0	0	0	0	False	False	False
COL18A1	ENSG00000182871.16	ENST00000359759.8	1	0	0	0	0	0	False	False	False
COX15	ENSG00000014919.13	ENST00000016171.6	3	0	0	0	0	0	False	False	False
RELA	ENSG00000173039.19	ENST00000406246.8	1	0	0	0	0	0	False	False	False
DR1	ENSG00000117505.13	ENST00000370272.9	1	0	0	0	0	0	False	False	False
FNTA	ENSG00000168522.13	ENST00000302279.8	3	2	0	0	0	2	True	False	True
NSRP1	ENSG00000126653.18	ENST00000247026.10	1	1	0	0	0	1	True	False	True
SNAP47	ENSG00000143740.14	ENST00000315781.9	1	0	0	0	0	0	False	False	False
WDFY1	ENSG00000085449.15	ENST00000233055.9	3	0	0	0	0	0	False	False	False
ARHGAP21	ENSG00000107863.18	ENST00000396432.7	2	0	0	0	0	0	False	False	False
ATP5F1E	ENSG00000124172.10	ENST00000243997.8	1	2	0	0	0	2	True	False	True
COX5B	ENSG00000135940.7	ENST00000258424.3	1	8	0	0	0	8	True	False	True
DACH2	ENSG00000126733.21	ENST00000373125.9	2	0	0	0	0	0	False	False	False
FBXO5	ENSG00000112029.10	ENST00000229758.8	1	0	0	0	0	0	False	False	False
RPAP1	ENSG00000103932.12	ENST00000304330.9	1	0	0	0	0	0	False	False	False
SYNC	ENSG00000162520.15	ENST00000409190.8	1	0	0	0	0	0	False	False	False
ALKBH5	ENSG00000091542.9	ENST00000399138.5	1	0	0	0	0	0	False	False	False
ATP11B	ENSG00000058063.16	ENST00000323116.10	1	0	0	0	0	0	False	False	False
NAALADL2	ENSG00000177694.16	ENST00000454872.6	4	0	0	0	0	0	False	False	False
POTEI	ENSG00000196834.12	ENST00000451531.6	4	1	0	0	0	1	True	False	True
ABHD5	ENSG00000011198.10	ENST00000644371.2	1	0	0	0	0	0	False	False	False
AC006030.1	ENSG00000264324.1	ENST00000451608.2	3	0	0	0	0	0	False	False	False
CAV2	ENSG00000105971.15	ENST00000222693.5	1	0	0	0	0	0	False	False	False
CDK5RAP3	ENSG00000108465.15	ENST00000338399.9	1	0	0	0	0	0	False	False	False
CHEK1	ENSG00000149554.13	ENST00000534070.5	1	0	0	0	0	0	False	False	False
DCAF7	ENSG00000136485.15	ENST00000614556.5	1	0	0	0	0	0	False	False	False
IFT122	ENSG00000163913.12	ENST00000348417.7	1	0	0	0	0	0	False	False	False
MAK16	ENSG00000198042.11	ENST00000360128.11	1	0	0	0	0	0	False	False	False
SPEN	ENSG00000065526.12	ENST00000375759.8	1	0	0	0	0	0	False	False	False
TRNT1	ENSG00000072756.17	ENST00000251607.11	1	2	0	0	0	2	True	False	True
DOCK5	ENSG00000147459.18	ENST00000276440.12	1	0	0	0	0	0	False	False	False
H4C9	ENSG00000276180.1	ENST00000615353.1	1	0	0	0	0	0	False	False	False
LTBP3	ENSG00000168056.16	ENST00000301873.10	1	0	0	0	0	0	False	False	False
NSMCE1	ENSG00000169189.17	ENST00000361439.9	1	0	0	0	0	0	False	False	False
PARD3	ENSG00000148498.16	ENST00000374789.8	1	0	0	0	0	0	False	False	False
RPP30	ENSG00000148688.13	ENST00000371703.7	1	0	0	0	0	0	False	False	False
RPS27	ENSG00000177954.14	ENST00000651669.1	2	13	0	0	0	13	True	False	True
MYDGF	ENSG00000074842.8	ENST00000262947.8	1	0	0	0	0	0	False	False	False
NEDD8	ENSG00000129559.13	ENST00000250495.10	2	1	0	0	0	1	True	False	True
RIN2	ENSG00000132669.13	ENST00000255006.11	1	0	0	0	0	0	False	False	False
TNFRSF19	ENSG00000127863.15	ENST00000382263.3	1	0	0	0	0	0	False	False	False
CDKAL1	ENSG00000145996.11	ENST00000274695.8	1	0	0	0	0	0	False	False	False
ELOB	ENSG00000103363.15	ENST00000409906.9	1	4	0	0	0	4	True	False	True
POTEE	ENSG00000188219.14	ENST00000356920.9	4	0	0	0	0	0	False	False	False
SNRPC	ENSG00000124562.10	ENST00000244520.10	1	5	0	0	0	5	True	False	True
UQCRQ	ENSG00000164405.11	ENST00000378670.8	1	1	0	0	0	1	True	False	True
WEE1	ENSG00000166483.11	ENST00000450114.7	1	4	1	0	0	5	True	True	True
ADPGK	ENSG00000159322.17	ENST00000311669.12	1	0	0	0	0	0	False	False	False
ECI1	ENSG00000167969.13	ENST00000301729.9	1	0	0	0	0	0	False	False	False
PEAK1	ENSG00000173517.10	ENST00000560626.6	1	0	0	0	0	0	False	False	False
SLC5A6	ENSG00000138074.15	ENST00000310574.8	1	0	0	0	0	0	False	False	False
SPSB3	ENSG00000162032.16	ENST00000566339.6	1	0	0	0	0	0	False	False	False
VPS13A	ENSG00000197969.14	ENST00000645632.1	1	0	0	0	0	0	False	False	False
DDX10	ENSG00000178105.11	ENST00000322536.8	1	2	0	0	0	2	True	False	True
EEF1AKNMT	ENSG00000010165.20	ENST00000361735.4	1	0	0	0	0	0	False	False	False
MCTS1	ENSG00000232119.8	ENST00000371317.10	1	0	0	0	0	0	False	False	False
METTL3	ENSG00000165819.12	ENST00000298717.9	1	0	0	0	0	0	False	False	False
NKRF	ENSG00000186416.16	ENST00000371527.6	1	0	0	0	0	0	False	False	False
SCAMP1	ENSG00000085365.18	ENST00000621999.5	1	2	0	0	0	2	True	False	True
SPOP	ENSG00000121067.19	ENST00000393328.6	1	0	0	0	0	0	False	False	False
SUPV3L1	ENSG00000156502.14	ENST00000359655.9	1	0	0	0	0	0	False	False	False
MAPRE2	ENSG00000166974.13	ENST00000300249.10	1	0	0	0	0	0	False	False	False
MRPL12	ENSG00000262814.8	ENST00000333676.8	3	0	0	0	0	0	False	False	False
PAN3	ENSG00000152520.14	ENST00000380958.8	2	0	0	0	0	0	False	False	False
PEPD	ENSG00000124299.15	ENST00000244137.12	1	1	0	0	0	1	True	False	True
PRMT7	ENSG00000132600.16	ENST00000339507.9	1	0	0	0	0	0	False	False	False
CENPT	ENSG00000102901.13	ENST00000562787.6	1	0	0	0	0	0	False	False	False
GNPDA1	ENSG00000113552.16	ENST00000508177.5	1	0	0	0	0	0	False	False	False
RAB32	ENSG00000118508.5	ENST00000367495.4	1	0	0	0	0	0	False	False	False
SAP30BP	ENSG00000161526.15	ENST00000584667.6	1	0	0	0	0	0	False	False	False
SLC5A3	ENSG00000198743.7	ENST00000381151.5	1	0	0	0	0	0	False	False	False
STRADB	ENSG00000082146.13	ENST00000194530.8	1	1	0	0	0	1	True	False	True
ZNHIT6	ENSG00000117174.11	ENST00000370574.4	1	0	0	0	0	0	False	False	False
DENR	ENSG00000139726.11	ENST00000280557.11	1	4	0	0	1	5	True	False	True
HEATR6	ENSG00000068097.15	ENST00000184956.11	1	0	0	0	0	0	False	False	False
SLC35G2	ENSG00000168917.9	ENST00000446465.3	1	0	0	0	0	0	False	False	False
TBK1	ENSG00000183735.10	ENST00000331710.10	1	0	0	0	0	0	False	False	False
B4GALT5	ENSG00000158470.5	ENST00000371711.4	1	0	0	0	0	0	False	False	False
DHPS	ENSG00000095059.16	ENST00000210060.12	3	0	0	0	0	0	False	False	False
LY6E	ENSG00000160932.11	ENST00000517503.1	1	0	0	0	0	0	False	False	False
NCK1	ENSG00000158092.7	ENST00000481752.6	1	0	0	0	0	0	False	False	False
PIBF1	ENSG00000083535.16	ENST00000326291.11	1	0	0	0	0	0	False	False	False
RAD51C	ENSG00000108384.15	ENST00000337432.9	1	0	0	0	0	0	False	False	False
SNX24	ENSG00000064652.11	ENST00000261369.9	1	0	0	0	0	0	False	False	False
SYN3	ENSG00000185666.15	ENST00000358763.7	1	0	0	0	0	0	False	False	False
TSPAN31	ENSG00000135452.10	ENST00000257910.8	1	0	0	0	0	0	False	False	False
CCNK	ENSG00000090061.17	ENST00000389879.9	1	0	0	0	0	0	False	False	False
CHRNA5	ENSG00000169684.13	ENST00000299565.9	1	0	0	0	0	0	False	False	False
MAX	ENSG00000125952.20	ENST00000358664.9	1	1	0	0	0	1	True	False	True
RAD51AP1	ENSG00000111247.14	ENST00000228843.13	1	1	0	0	0	1	True	False	True
ASAP1	ENSG00000153317.15	ENST00000518721.6	1	0	0	0	0	0	False	False	False
CIRBP	ENSG00000099622.14	ENST00000588030.5	1	0	0	0	0	0	False	False	False
GSDME	ENSG00000105928.16	ENST00000342947.9	1	0	0	0	0	0	False	False	False
H2AC16	ENSG00000276903.2	ENST00000613174.2	1	0	0	0	0	0	False	False	False
LRRC47	ENSG00000130764.10	ENST00000378251.3	1	0	0	0	0	0	False	False	False
SH3PXD2B	ENSG00000174705.13	ENST00000311601.6	1	0	0	0	0	0	False	False	False
CDC40	ENSG00000168438.15	ENST00000368932.5	1	0	0	0	0	0	False	False	False
CENPO	ENSG00000138092.11	ENST00000380834.7	1	2	0	0	0	2	True	False	True
COMMD5	ENSG00000170619.10	ENST00000450361.2	1	1	0	0	0	1	True	False	True
FANCL	ENSG00000115392.12	ENST00000233741.9	1	0	0	0	0	0	False	False	False
FRYL	ENSG00000075539.15	ENST00000358350.9	1	0	0	0	0	0	False	False	False
PIAS1	ENSG00000033800.13	ENST00000249636.10	1	0	0	0	0	0	False	False	False
ZFHX3	ENSG00000140836.17	ENST00000641206.2	1	0	0	0	0	0	False	False	False
AC090527.3	ENSG00000260170.1	ENST00000564080.1	1	0	0	0	0	0	False	False	False
CAPG	ENSG00000042493.16	ENST00000263867.9	1	0	0	0	0	0	False	False	False
CHPF2	ENSG00000033100.16	ENST00000035307.6	1	0	0	0	0	0	False	False	False
KLHDC2	ENSG00000165516.11	ENST00000298307.10	1	0	0	0	0	0	False	False	False
MRPL22	ENSG00000082515.18	ENST00000522038.5	1	1	0	0	0	1	True	False	True
SYN1	ENSG00000008056.14	ENST00000295987.13	1	0	0	0	0	0	False	False	False
TMEM62	ENSG00000137842.7	ENST00000260403.7	2	0	0	0	0	0	False	False	False
UBP1	ENSG00000153560.12	ENST00000283629.8	1	0	0	0	0	0	False	False	False
DLG5	ENSG00000151208.17	ENST00000372391.7	1	0	0	0	0	0	False	False	False
OTULINL	ENSG00000145569.6	ENST00000274217.4	1	0	0	0	0	0	False	False	False
RPRD1A	ENSG00000141425.18	ENST00000399022.9	1	0	0	0	0	0	False	False	False
ZFYVE26	ENSG00000072121.16	ENST00000347230.9	1	0	0	0	0	0	False	False	False
ARL4A	ENSG00000122644.13	ENST00000396663.2	2	4	0	0	0	4	True	False	True
ARMCX2	ENSG00000184867.14	ENST00000356824.9	1	0	0	0	0	0	False	False	False
NME7	ENSG00000143156.14	ENST00000367811.8	1	0	0	0	0	0	False	False	False
POLR2E	ENSG00000099817.12	ENST00000615234.5	1	1	0	0	0	1	True	False	True
CFL2	ENSG00000165410.15	ENST00000298159.11	1	0	0	0	0	0	False	False	False
PDCL	ENSG00000136940.14	ENST00000259467.9	1	0	0	0	0	0	False	False	False
PFDN6	ENSG00000204220.11	ENST00000395131.5	1	0	0	0	0	0	False	False	False
SNRPF	ENSG00000139343.10	ENST00000266735.9	1	6	0	0	0	6	True	False	True
CD24	ENSG00000272398.6	ENST00000619133.4	2	0	0	0	1	1	False	False	True
DDX41	ENSG00000183258.12	ENST00000330503.12	1	0	0	0	0	0	False	False	False
FAM228B	ENSG00000219626.9	ENST00000615575.5	1	0	0	0	0	0	False	False	False
MGRN1	ENSG00000102858.13	ENST00000262370.12	1	0	0	0	0	0	False	False	False
MLLT3	ENSG00000171843.16	ENST00000380338.9	1	0	0	0	0	0	False	False	False
RBX1	ENSG00000100387.9	ENST00000216225.9	1	2	0	0	0	2	True	False	True
RUFY1	ENSG00000176783.15	ENST00000437570.6	1	0	0	0	0	0	False	False	False
TNFRSF10B	ENSG00000120889.13	ENST00000276431.9	1	0	0	0	0	0	False	False	False
TSKU	ENSG00000182704.8	ENST00000527881.1	1	0	0	0	0	0	False	False	False
ASAH1	ENSG00000104763.19	ENST00000637790.2	1	0	0	0	0	0	False	False	False
CHERP	ENSG00000085872.15	ENST00000546361.7	1	0	0	0	0	0	False	False	False
FBXO32	ENSG00000156804.7	ENST00000517956.5	1	0	0	0	0	0	False	False	False
NCOA5	ENSG00000124160.12	ENST00000290231.11	1	0	0	0	0	0	False	False	False
NDUFA12	ENSG00000184752.13	ENST00000327772.7	1	4	0	0	1	5	True	False	True
C2CD3	ENSG00000168014.16	ENST00000334126.11	1	0	0	0	0	0	False	False	False
COPS8	ENSG00000198612.11	ENST00000354371.7	1	3	0	0	0	3	True	False	True
CREB3	ENSG00000107175.12	ENST00000353704.3	1	0	0	0	0	0	False	False	False
FAM83H	ENSG00000180921.7	ENST00000388913.4	1	0	0	0	0	0	False	False	False
SLC36A4	ENSG00000180773.15	ENST00000326402.9	1	0	0	0	0	0	False	False	False
TLE4	ENSG00000106829.19	ENST00000376552.7	1	1	0	0	0	1	True	False	True
UBE2V2	ENSG00000169139.12	ENST00000523111.7	1	14	0	0	0	14	True	False	True
AP001781.2	ENSG00000258529.5	ENST00000622211.4	3	0	0	0	0	0	False	False	False
ARHGAP23	ENSG00000275832.5	ENST00000622683.5	1	0	0	0	0	0	False	False	False
COP1	ENSG00000143207.21	ENST00000367669.8	1	2	0	0	0	2	True	False	True
DMXL1	ENSG00000172869.14	ENST00000311085.8	1	0	0	0	0	0	False	False	False
KLHL5	ENSG00000109790.16	ENST00000261425.7	1	1	0	0	0	1	True	False	True
RABEPK	ENSG00000136933.17	ENST00000373538.8	1	1	0	0	0	1	True	False	True
RNGTT	ENSG00000111880.16	ENST00000369485.9	1	1	0	0	0	1	True	False	True
ZC3HC1	ENSG00000091732.17	ENST00000358303.9	1	0	0	0	0	0	False	False	False
BCL2L13	ENSG00000099968.18	ENST00000317582.10	1	0	0	0	0	0	False	False	False
DPP9	ENSG00000142002.17	ENST00000262960.13	1	0	0	0	0	0	False	False	False
GRWD1	ENSG00000105447.13	ENST00000253237.10	1	0	0	0	0	0	False	False	False
MRPS16	ENSG00000182180.14	ENST00000372945.8	1	3	0	0	0	3	True	False	True
SLC35B1	ENSG00000121073.15	ENST00000649906.1	1	0	0	0	0	0	False	False	False
SLC7A6	ENSG00000103064.15	ENST00000566454.5	1	0	0	1	0	1	False	False	True
ASF1A	ENSG00000111875.8	ENST00000229595.6	1	0	0	0	0	0	False	False	False
CEBPB	ENSG00000172216.6	ENST00000303004.5	1	0	0	0	0	0	False	False	False
DNAJC15	ENSG00000120675.6	ENST00000379221.4	1	1	0	0	0	1	True	False	True
PUS7L	ENSG00000129317.14	ENST00000344862.9	1	0	0	0	0	0	False	False	False
CNTLN	ENSG00000044459.15	ENST00000380647.8	1	0	0	0	0	0	False	False	False
MEGF9	ENSG00000106780.9	ENST00000373930.4	1	0	0	0	0	0	False	False	False
MID1IP1	ENSG00000165175.15	ENST00000614558.2	1	0	0	0	0	0	False	False	False
MYLK3	ENSG00000140795.13	ENST00000394809.9	1	0	0	0	0	0	False	False	False
SLC6A15	ENSG00000072041.17	ENST00000266682.10	1	0	0	0	0	0	False	False	False
ST7L	ENSG00000007341.19	ENST00000343210.11	1	0	0	0	0	0	False	False	False
CCDC86	ENSG00000110104.13	ENST00000227520.10	1	2	0	0	0	2	True	False	True
KMT5B	ENSG00000110066.15	ENST00000304363.9	1	0	0	0	0	0	False	False	False
PSMD10	ENSG00000101843.19	ENST00000217958.8	1	3	0	0	0	3	True	False	True
TIMP1	ENSG00000102265.12	ENST00000218388.9	1	0	0	0	0	0	False	False	False
CNIH1	ENSG00000100528.12	ENST00000216416.9	1	0	0	0	0	0	False	False	False
MED10	ENSG00000133398.4	ENST00000255764.4	1	1	0	0	0	1	True	False	True
TBL2	ENSG00000106638.17	ENST00000305632.11	1	0	0	0	0	0	False	False	False
TXNDC17	ENSG00000129235.11	ENST00000250101.10	1	2	0	0	0	2	True	False	True
BOLA2B	ENSG00000169627.9	ENST00000651894.2	4	3	0	0	1	4	True	False	True
C7orf50	ENSG00000146540.15	ENST00000397098.8	1	0	0	0	0	0	False	False	False
NFYC	ENSG00000066136.20	ENST00000447388.7	1	2	0	0	0	2	True	False	True
RMND5A	ENSG00000153561.13	ENST00000283632.5	1	0	0	0	0	0	False	False	False
SLC25A39	ENSG00000013306.16	ENST00000225308.12	1	2	0	0	0	2	True	False	True
AC010422.6	ENSG00000269693.1	ENST00000593682.1	2	0	0	0	0	0	False	False	False
AMIGO2	ENSG00000139211.6	ENST00000266581.4	1	0	0	0	0	0	False	False	False
EFNB2	ENSG00000125266.8	ENST00000646441.1	1	0	0	0	0	0	False	False	False
FLAD1	ENSG00000160688.19	ENST00000315144.14	1	0	0	0	0	0	False	False	False
MMUT	ENSG00000146085.8	ENST00000274813.4	1	0	0	0	0	0	False	False	False
MPHOSPH8	ENSG00000196199.14	ENST00000361479.10	1	0	0	0	0	0	False	False	False
SESN3	ENSG00000149212.12	ENST00000536441.7	1	0	0	0	0	0	False	False	False
SYF2	ENSG00000117614.10	ENST00000236273.9	1	3	0	0	0	3	True	False	True
ABI1	ENSG00000136754.17	ENST00000376139.6	1	0	1	0	0	1	False	True	True
AP2A2	ENSG00000183020.14	ENST00000448903.7	1	0	0	0	0	0	False	False	False
KMT2E	ENSG00000005483.21	ENST00000311117.8	1	0	0	0	0	0	False	False	False
NSMCE2	ENSG00000156831.8	ENST00000287437.8	1	0	0	0	0	0	False	False	False
SLC25A17	ENSG00000100372.15	ENST00000435456.7	1	0	0	0	0	0	False	False	False
TRAPPC3	ENSG00000054116.12	ENST00000373166.8	1	0	0	0	0	0	False	False	False
CHID1	ENSG00000177830.18	ENST00000449825.5	1	0	0	0	0	0	False	False	False
HAX1	ENSG00000143575.15	ENST00000328703.12	1	1	0	0	0	1	True	False	True
PLAUR	ENSG00000011422.12	ENST00000340093.8	1	0	0	0	0	0	False	False	False
PPIC	ENSG00000168938.6	ENST00000306442.5	1	0	0	0	0	0	False	False	False
SEC24B	ENSG00000138802.11	ENST00000265175.5	1	0	0	0	0	0	False	False	False
WARS2	ENSG00000116874.11	ENST00000235521.4	1	1	0	0	0	1	True	False	True
AP000721.1	ENSG00000256100.1	ENST00000535431.1	3	0	0	0	0	0	False	False	False
ARHGAP42	ENSG00000165895.19	ENST00000298815.13	1	3	0	0	0	3	True	False	True
FBH1	ENSG00000134452.19	ENST00000362091.8	1	0	0	0	0	0	False	False	False
IL7	ENSG00000104432.14	ENST00000263851.9	2	0	0	0	0	0	False	False	False
PCYT1A	ENSG00000161217.12	ENST00000292823.6	1	0	0	0	0	0	False	False	False
RNASEK	ENSG00000219200.11	ENST00000593646.5	1	0	0	0	0	0	False	False	False
RPL26L1	ENSG00000037241.7	ENST00000521476.5	2	5	0	0	0	5	True	False	True
DERA	ENSG00000023697.13	ENST00000428559.7	1	0	0	0	0	0	False	False	False
EDC3	ENSG00000179151.13	ENST00000647659.1	1	0	0	0	0	0	False	False	False
MEMO1	ENSG00000162959.13	ENST00000295065.9	2	3	0	1	1	5	True	False	True
PPWD1	ENSG00000113593.12	ENST00000261308.10	1	0	0	0	0	0	False	False	False
PTPN2	ENSG00000175354.20	ENST00000309660.10	2	2	0	0	0	2	True	False	True
RCC1L	ENSG00000274523.5	ENST00000610322.5	1	0	0	0	0	0	False	False	False
TOP3A	ENSG00000177302.15	ENST00000321105.10	1	0	0	0	0	0	False	False	False
CDK2AP1	ENSG00000111328.7	ENST00000261692.7	1	3	0	0	0	3	True	False	True
IGBP1	ENSG00000089289.16	ENST00000342206.10	1	3	0	0	0	3	True	False	True
ISY1	ENSG00000240682.10	ENST00000393295.8	3	0	0	0	0	0	False	False	False
KMT2D	ENSG00000167548.15	ENST00000301067.11	1	0	0	0	0	0	False	False	False
METTL15	ENSG00000169519.21	ENST00000407364.8	2	3	0	0	0	3	True	False	True
POTEJ	ENSG00000222038.3	ENST00000409602.1	4	0	0	0	0	0	False	False	False
AL024498.2	ENSG00000272162.1	ENST00000480294.1	4	0	0	0	0	0	False	False	False
ESPL1	ENSG00000135476.12	ENST00000257934.9	1	1	0	0	0	1	True	False	True
HMOX2	ENSG00000103415.12	ENST00000619913.4	1	0	0	0	0	0	False	False	False
VCPIP1	ENSG00000175073.8	ENST00000310421.5	1	0	0	0	0	0	False	False	False
AMPD2	ENSG00000116337.19	ENST00000528667.7	1	0	0	0	0	0	False	False	False
GRK5	ENSG00000198873.12	ENST00000392870.3	1	0	0	0	0	0	False	False	False
H2BC9	ENSG00000275713.2	ENST00000619466.2	1	0	0	0	0	0	False	False	False
PHYKPL	ENSG00000175309.15	ENST00000308158.10	1	0	0	0	0	0	False	False	False
TTC33	ENSG00000113638.14	ENST00000337702.5	1	0	0	0	0	0	False	False	False
BAG5	ENSG00000166170.9	ENST00000445922.2	1	0	0	0	0	0	False	False	False
CABIN1	ENSG00000099991.18	ENST00000398319.6	1	0	0	0	0	0	False	False	False
CHD2	ENSG00000173575.22	ENST00000394196.9	1	0	0	0	0	0	False	False	False
FOXJ3	ENSG00000198815.9	ENST00000372572.5	1	0	0	0	0	0	False	False	False
FSTL3	ENSG00000070404.10	ENST00000166139.9	1	0	0	0	0	0	False	False	False
ISG20L2	ENSG00000143319.17	ENST00000313146.10	1	2	0	0	0	2	True	False	True
MRPS28	ENSG00000147586.10	ENST00000276585.9	3	0	0	0	0	0	False	False	False
PNRC1	ENSG00000146278.11	ENST00000336032.4	1	0	0	0	0	0	False	False	False
RARS2	ENSG00000146282.18	ENST00000369536.10	1	0	0	0	0	0	False	False	False
RETSAT	ENSG00000042445.14	ENST00000295802.9	1	0	0	0	0	0	False	False	False
SMNDC1	ENSG00000119953.13	ENST00000369603.10	1	0	0	0	0	0	False	False	False
SPOUT1	ENSG00000198917.13	ENST00000361256.10	3	0	0	0	0	0	False	False	False
TMED3	ENSG00000166557.14	ENST00000299705.10	1	0	0	0	0	0	False	False	False
ATP6V0C	ENSG00000185883.12	ENST00000330398.9	3	2	0	0	0	2	True	False	True
FXR2	ENSG00000129245.12	ENST00000250113.12	1	0	0	0	0	0	False	False	False
HIF1AN	ENSG00000166135.14	ENST00000299163.7	1	0	0	0	0	0	False	False	False
PLCZ1	ENSG00000139151.16	ENST00000648272.1	2	0	0	0	0	0	False	False	False
SPECC1L-ADORA2A	ENSG00000258555.6	ENST00000358654.2	3	0	0	0	0	0	False	False	False
THADA	ENSG00000115970.18	ENST00000405006.8	1	0	0	0	0	0	False	False	False
WDR35	ENSG00000118965.15	ENST00000281405.9	1	0	0	0	0	0	False	False	False
CORIN	ENSG00000145244.12	ENST00000273857.9	2	0	0	0	0	0	False	False	False
EBPL	ENSG00000123179.14	ENST00000242827.11	1	1	0	0	0	1	True	False	True
EIF2B5	ENSG00000145191.15	ENST00000648915.2	1	0	0	0	0	0	False	False	False
FAM199X	ENSG00000123575.9	ENST00000493442.2	1	0	0	0	0	0	False	False	False
TMEM263	ENSG00000151135.10	ENST00000548125.5	1	0	0	0	0	0	False	False	False
TSTA3	ENSG00000104522.16	ENST00000425753.7	1	0	0	0	0	0	False	False	False
UBE2J2	ENSG00000160087.21	ENST00000349431.11	1	0	0	0	0	0	False	False	False
VPS72	ENSG00000163159.14	ENST00000368892.9	1	0	0	0	0	0	False	False	False
ALG10	ENSG00000139133.7	ENST00000266483.7	4	0	0	0	0	0	False	False	False
GLMP	ENSG00000198715.13	ENST00000362007.6	1	0	0	0	0	0	False	False	False
IFNAR1	ENSG00000142166.13	ENST00000270139.8	1	0	0	0	0	0	False	False	False
PNRC2	ENSG00000189266.13	ENST00000647887.1	2	0	0	0	1	1	False	False	True
SLC33A1	ENSG00000169359.16	ENST00000643144.2	3	0	0	0	0	0	False	False	False
TCF20	ENSG00000100207.18	ENST00000335626.8	1	0	0	0	0	0	False	False	False
ATP5MG	ENSG00000167283.8	ENST00000300688.8	1	8	0	0	0	8	True	False	True
DHRS7	ENSG00000100612.14	ENST00000216500.9	1	0	0	0	0	0	False	False	False
KIAA2013	ENSG00000116685.16	ENST00000376572.8	2	0	0	0	0	0	False	False	False
RASA1	ENSG00000145715.15	ENST00000456692.6	1	0	0	0	0	0	False	False	False
SLC7A6OS	ENSG00000103061.13	ENST00000263997.11	1	0	0	0	0	0	False	False	False
ST7	ENSG00000004866.20	ENST00000393451.7	1	0	0	0	0	0	False	False	False
USP16	ENSG00000156256.15	ENST00000399975.7	1	0	0	0	0	0	False	False	False
VAPB	ENSG00000124164.16	ENST00000475243.6	1	1	0	0	0	1	True	False	True
ARL8B	ENSG00000134108.13	ENST00000611208.4	1	3	0	0	0	3	True	False	True
GGCT	ENSG00000006625.18	ENST00000275428.9	3	1	0	0	0	1	True	False	True
GSTK1	ENSG00000197448.14	ENST00000358406.10	1	0	0	0	0	0	False	False	False
LMO4	ENSG00000143013.13	ENST00000370544.10	1	0	0	0	0	0	False	False	False
MRPS10	ENSG00000048544.6	ENST00000053468.4	1	2	0	0	0	2	True	False	True
SGCB	ENSG00000163069.13	ENST00000381431.10	1	0	0	0	0	0	False	False	False
STRBP	ENSG00000165209.19	ENST00000348403.10	1	0	0	0	0	0	False	False	False
TARBP1	ENSG00000059588.10	ENST00000040877.2	1	0	0	0	0	0	False	False	False
TIMM17A	ENSG00000134375.11	ENST00000367287.5	1	1	0	0	0	1	True	False	True
AP1M1	ENSG00000072958.8	ENST00000291439.7	1	0	0	0	0	0	False	False	False
CEP152	ENSG00000103995.14	ENST00000380950.7	1	0	0	0	0	0	False	False	False
CEP295	ENSG00000166004.15	ENST00000325212.11	1	0	0	0	0	0	False	False	False
CKS2	ENSG00000123975.5	ENST00000314355.7	1	3	0	0	0	3	True	False	True
LRR1	ENSG00000165501.17	ENST00000298288.11	1	0	0	0	0	0	False	False	False
MTCP1	ENSG00000214827.11	ENST00000369476.8	1	0	0	0	0	0	False	False	False
SAP18	ENSG00000150459.12	ENST00000621421.4	1	3	0	0	0	3	True	False	True
SBF1	ENSG00000100241.21	ENST00000380817.8	1	2	0	0	0	2	True	False	True
SPECC1L	ENSG00000100014.20	ENST00000314328.14	3	0	0	0	0	0	False	False	False
STUB1	ENSG00000103266.11	ENST00000219548.9	1	1	0	0	0	1	True	False	True
AGAP1	ENSG00000157985.19	ENST00000336665.9	1	3	0	0	0	3	True	False	True
DPF2	ENSG00000133884.10	ENST00000528416.6	1	1	0	0	0	1	True	False	True
PRPF38B	ENSG00000134186.12	ENST00000370025.9	1	0	0	0	0	0	False	False	False
RSBN1L	ENSG00000187257.16	ENST00000334955.13	1	0	0	0	0	0	False	False	False
SLC25A32	ENSG00000164933.12	ENST00000297578.9	3	0	0	0	0	0	False	False	False
TOM1L1	ENSG00000141198.16	ENST00000575882.6	1	0	0	0	0	0	False	False	False
WDR83	ENSG00000123154.12	ENST00000418543.8	3	0	0	0	0	0	False	False	False
ZMYM1	ENSG00000197056.11	ENST00000650449.1	1	0	0	0	0	0	False	False	False
CD2BP2	ENSG00000169217.9	ENST00000305596.8	1	1	0	0	0	1	True	False	True
GNG12	ENSG00000172380.6	ENST00000370982.4	1	0	0	0	0	0	False	False	False
KANSL1	ENSG00000120071.14	ENST00000574590.6	1	0	0	0	0	0	False	False	False
PPP2R5A	ENSG00000066027.12	ENST00000261461.7	1	0	0	0	0	0	False	False	False
HERPUD1	ENSG00000051108.15	ENST00000439977.7	1	0	0	0	0	0	False	False	False
KANSL2	ENSG00000139620.13	ENST00000420613.7	1	1	0	0	0	1	True	False	True
KBTBD2	ENSG00000170852.11	ENST00000304056.9	1	0	0	0	0	0	False	False	False
MRPS24	ENSG00000062582.14	ENST00000317534.6	3	1	0	0	0	1	True	False	True
RBM15	ENSG00000162775.16	ENST00000652747.1	1	1	0	0	0	1	True	False	True
ACP2	ENSG00000134575.13	ENST00000256997.9	1	0	0	0	0	0	False	False	False
ANKRD11	ENSG00000167522.16	ENST00000613312.4	3	2	0	0	1	3	True	False	True
AQP3	ENSG00000165272.16	ENST00000297991.6	1	0	0	0	0	0	False	False	False
BHLHE40	ENSG00000134107.5	ENST00000256495.4	1	0	0	0	0	0	False	False	False
MCU	ENSG00000156026.14	ENST00000373053.7	1	0	0	0	0	0	False	False	False
METTL16	ENSG00000127804.13	ENST00000263092.11	1	0	0	0	0	0	False	False	False
MRPL40	ENSG00000185608.8	ENST00000333130.3	1	1	0	0	0	1	True	False	True
OAZ1	ENSG00000104904.12	ENST00000602676.6	1	1	0	0	0	1	True	False	True
ORC4	ENSG00000115947.14	ENST00000535373.5	1	0	0	0	0	0	False	False	False
STRN3	ENSG00000196792.12	ENST00000357479.10	1	0	0	0	0	0	False	False	False
TRAPPC1	ENSG00000170043.12	ENST00000303731.9	1	0	0	0	0	0	False	False	False
TXNL4A	ENSG00000141759.15	ENST00000269601.10	1	1	0	0	0	1	True	False	True
AC105052.3	ENSG00000267645.5	ENST00000476151.5	4	0	0	0	0	0	False	False	False
ZBED5	ENSG00000236287.8	ENST00000432999.6	1	0	0	0	0	0	False	False	False
ARHGEF12	ENSG00000196914.9	ENST00000397843.7	1	0	0	0	0	0	False	False	False
CDCA3	ENSG00000111665.11	ENST00000538862.6	1	1	0	0	0	1	True	False	True
CEP192	ENSG00000101639.18	ENST00000506447.5	1	0	0	0	0	0	False	False	False
FCF1	ENSG00000119616.11	ENST00000341162.8	1	10	0	0	0	10	True	False	True
LARP7	ENSG00000174720.16	ENST00000324052.10	1	2	0	0	0	2	True	False	True
TMEM14B	ENSG00000137210.14	ENST00000379542.10	4	0	0	0	0	0	False	False	False
AC131160.1	ENSG00000283765.1	ENST00000639401.1	3	0	0	0	0	0	False	False	False
ARFIP2	ENSG00000132254.12	ENST00000254584.6	1	0	0	0	0	0	False	False	False
C5orf15	ENSG00000113583.8	ENST00000231512.5	1	1	0	0	1	2	True	False	True
CASC4	ENSG00000166734.20	ENST00000299957.11	1	0	1	0	0	1	False	True	True
PYGB	ENSG00000100994.12	ENST00000216962.9	1	0	0	0	0	0	False	False	False
TERF2IP	ENSG00000166848.7	ENST00000300086.5	1	2	0	0	0	2	True	False	True
TTC27	ENSG00000018699.13	ENST00000317907.9	1	0	0	0	0	0	False	False	False
AP4E1	ENSG00000081014.11	ENST00000261842.10	1	0	0	0	0	0	False	False	False
DCAF10	ENSG00000122741.16	ENST00000377724.8	1	0	0	0	0	0	False	False	False
NDUFV3	ENSG00000160194.18	ENST00000340344.4	3	0	0	0	0	0	False	False	False
TMEM38B	ENSG00000095209.12	ENST00000374692.8	1	1	0	0	0	1	True	False	True
TPP1	ENSG00000166340.17	ENST00000299427.12	1	0	0	0	0	0	False	False	False
AVPI1	ENSG00000119986.7	ENST00000370626.4	1	0	0	0	0	0	False	False	False
DNASE2	ENSG00000105612.9	ENST00000222219.8	1	0	0	0	0	0	False	False	False
DPH1	ENSG00000108963.18	ENST00000263083.11	1	0	0	0	0	0	False	False	False
RALBP1	ENSG00000017797.13	ENST00000383432.8	1	2	0	0	0	2	True	False	True
SEPHS1	ENSG00000086475.15	ENST00000327347.10	2	8	0	0	2	10	True	False	True
SLC30A7	ENSG00000162695.12	ENST00000357650.9	1	0	0	0	0	0	False	False	False
AC098582.1	ENSG00000287542.1	ENST00000512194.2	3	0	0	0	0	0	False	False	False
BTAF1	ENSG00000095564.14	ENST00000265990.11	1	0	0	0	0	0	False	False	False
CDKN1B	ENSG00000111276.11	ENST00000228872.9	1	0	0	0	0	0	False	False	False
CENPH	ENSG00000153044.10	ENST00000283006.7	1	0	0	0	0	0	False	False	False
DENND5A	ENSG00000184014.8	ENST00000328194.8	1	0	0	0	0	0	False	False	False
DHX57	ENSG00000163214.21	ENST00000457308.6	1	0	0	0	0	0	False	False	False
ELMO2	ENSG00000062598.18	ENST00000290246.11	1	0	0	0	0	0	False	False	False
GDA	ENSG00000119125.17	ENST00000358399.8	1	0	0	0	0	0	False	False	False
NQO2	ENSG00000124588.20	ENST00000380455.9	1	0	0	0	0	0	False	False	False
PLAC8	ENSG00000145287.10	ENST00000426923.2	1	1	0	0	0	1	True	False	True
POMT1	ENSG00000130714.17	ENST00000423007.5	1	0	0	0	0	0	False	False	False
STXBP3	ENSG00000116266.11	ENST00000370008.4	1	0	0	0	0	0	False	False	False
FBXO3	ENSG00000110429.14	ENST00000265651.8	1	1	0	0	0	1	True	False	True
MRPL42	ENSG00000198015.13	ENST00000549982.5	1	5	0	0	1	6	True	False	True
TOR3A	ENSG00000186283.14	ENST00000367627.8	1	0	0	0	0	0	False	False	False
ZMYND11	ENSG00000015171.19	ENST00000381591.5	1	0	0	0	0	0	False	False	False
BLVRB	ENSG00000090013.11	ENST00000263368.9	1	0	0	0	0	0	False	False	False
KIAA0319L	ENSG00000142687.18	ENST00000325722.8	1	0	0	0	0	0	False	False	False
KRIT1	ENSG00000001631.15	ENST00000394507.5	1	0	0	0	0	0	False	False	False
NMT2	ENSG00000152465.18	ENST00000378165.9	1	0	0	0	0	0	False	False	False
SCAF1	ENSG00000126461.15	ENST00000360565.8	1	0	0	0	0	0	False	False	False
STX18	ENSG00000168818.10	ENST00000306200.7	2	1	0	0	0	1	True	False	True
TMEM9	ENSG00000116857.17	ENST00000367330.6	1	0	0	0	0	0	False	False	False
UBQLN4	ENSG00000160803.8	ENST00000368309.4	2	1	0	0	0	1	True	False	True
YKT6	ENSG00000106636.8	ENST00000223369.3	1	1	0	0	0	1	True	False	True
CDCA7	ENSG00000144354.14	ENST00000306721.8	1	2	0	0	0	2	True	False	True
DPY19L4	ENSG00000156162.16	ENST00000414645.6	1	2	0	0	0	2	True	False	True
EPS15L1	ENSG00000127527.14	ENST00000455140.7	1	0	0	0	0	0	False	False	False
TMEM167A	ENSG00000174695.10	ENST00000502346.2	2	1	0	0	0	1	True	False	True
WRAP53	ENSG00000141499.17	ENST00000316024.9	1	0	0	0	0	0	False	False	False
ACOT7	ENSG00000097021.19	ENST00000377842.7	1	1	0	0	0	1	True	False	True
AGGF1	ENSG00000164252.13	ENST00000312916.12	3	9	0	0	0	9	True	False	True
FAP	ENSG00000078098.14	ENST00000188790.9	1	0	0	0	0	0	False	False	False
MAP3K2	ENSG00000169967.16	ENST00000409947.5	1	0	0	0	0	0	False	False	False
NFS1	ENSG00000244005.13	ENST00000374092.9	1	0	0	0	0	0	False	False	False
OOEP	ENSG00000203907.9	ENST00000370359.5	4	3	0	0	0	3	True	False	True
RRP1	ENSG00000160214.13	ENST00000497547.2	1	0	0	0	0	0	False	False	False
SYNM	ENSG00000182253.15	ENST00000336292.11	1	0	0	0	0	0	False	False	False
TOR1A	ENSG00000136827.12	ENST00000351698.5	1	0	0	0	0	0	False	False	False
ABLIM1	ENSG00000099204.20	ENST00000369256.6	1	0	0	0	0	0	False	False	False
BCAS4	ENSG00000124243.17	ENST00000358791.9	2	0	0	0	0	0	False	False	False
DNMBP	ENSG00000107554.17	ENST00000324109.9	1	0	0	0	0	0	False	False	False
FECH	ENSG00000066926.12	ENST00000262093.11	1	1	0	0	0	1	True	False	True
H2AC15	ENSG00000275221.2	ENST00000618958.2	1	0	0	0	0	0	False	False	False
MTMR6	ENSG00000139505.11	ENST00000381801.5	1	0	0	0	0	0	False	False	False
PIGU	ENSG00000101464.10	ENST00000217446.7	1	1	0	0	0	1	True	False	True
RBM4B	ENSG00000173914.12	ENST00000525754.5	4	1	0	0	0	1	True	False	True
SENP1	ENSG00000079387.14	ENST00000448372.5	1	0	0	0	0	0	False	False	False
VPS50	ENSG00000004766.17	ENST00000305866.10	1	0	0	0	0	0	False	False	False
ARID1A	ENSG00000117713.20	ENST00000324856.13	1	0	0	0	0	0	False	False	False
HAUS4	ENSG00000092036.18	ENST00000206474.11	1	1	0	0	0	1	True	False	True
KLHL12	ENSG00000117153.16	ENST00000367261.8	1	1	0	0	0	1	True	False	True
MTA1	ENSG00000182979.18	ENST00000331320.12	1	0	0	0	0	0	False	False	False
AC107871.1	ENSG00000260007.3	ENST00000562767.2	1	0	0	0	0	0	False	False	False
ARHGEF2	ENSG00000116584.20	ENST00000313667.8	1	0	0	0	0	0	False	False	False
ASH2L	ENSG00000129691.16	ENST00000343823.11	1	3	1	0	0	4	True	True	True
MCTP1	ENSG00000175471.19	ENST00000312216.12	1	0	0	0	0	0	False	False	False
ANK2	ENSG00000145362.20	ENST00000672240.1	2	0	0	0	0	0	False	False	False
BCKDK	ENSG00000103507.14	ENST00000394951.5	1	0	0	0	0	0	False	False	False
COX6C	ENSG00000164919.11	ENST00000523016.1	1	24	1	0	1	26	True	True	True
DENND4A	ENSG00000174485.15	ENST00000431932.6	1	1	0	0	0	1	True	False	True
LMBRD2	ENSG00000164187.7	ENST00000296603.5	1	0	0	0	0	0	False	False	False
NOP53	ENSG00000105373.19	ENST00000246802.10	1	1	0	0	0	1	True	False	True
RALA	ENSG00000006451.8	ENST00000005257.7	1	2	0	0	0	2	True	False	True
TENT5A	ENSG00000112773.16	ENST00000320172.11	1	0	0	0	0	0	False	False	False
TRIP10	ENSG00000125733.18	ENST00000313244.14	1	0	0	0	0	0	False	False	False
USP25	ENSG00000155313.15	ENST00000400183.6	1	0	0	0	0	0	False	False	False
DVL2	ENSG00000004975.12	ENST00000005340.10	1	0	0	0	0	0	False	False	False
SLC9A3R1	ENSG00000109062.12	ENST00000262613.10	1	0	0	0	0	0	False	False	False
TRIM44	ENSG00000166326.7	ENST00000299413.7	1	0	0	0	0	0	False	False	False
ADNP2	ENSG00000101544.9	ENST00000262198.9	1	0	0	0	0	0	False	False	False
MED25	ENSG00000104973.18	ENST00000593767.3	1	0	0	0	0	0	False	False	False
MED4	ENSG00000136146.15	ENST00000258648.7	1	0	0	0	0	0	False	False	False
CCNC	ENSG00000112237.13	ENST00000520429.6	1	0	0	0	0	0	False	False	False
EPHB4	ENSG00000196411.10	ENST00000358173.8	1	0	0	0	0	0	False	False	False
NDUFA6	ENSG00000184983.11	ENST00000498737.8	1	0	0	0	0	0	False	False	False
PRKRIP1	ENSG00000128563.13	ENST00000496391.5	1	0	0	0	0	0	False	False	False
AC005154.5	ENSG00000281039.1	ENST00000598361.4	3	1	0	0	0	1	True	False	True
AIG1	ENSG00000146416.19	ENST00000357847.9	1	0	0	0	0	0	False	False	False
ASB6	ENSG00000148331.12	ENST00000277458.5	1	0	0	0	0	0	False	False	False
BTF3L4	ENSG00000134717.18	ENST00000313334.13	2	5	0	0	0	5	True	False	True
CCSER1	ENSG00000184305.15	ENST00000509176.5	2	0	0	0	0	0	False	False	False
HPS5	ENSG00000110756.18	ENST00000349215.8	1	0	0	0	0	0	False	False	False
MRPS18B	ENSG00000204568.12	ENST00000259873.5	1	1	0	0	0	1	True	False	True
SVEP1	ENSG00000165124.18	ENST00000374469.6	1	0	0	0	0	0	False	False	False
SZRD1	ENSG00000055070.17	ENST00000401088.9	1	2	0	0	0	2	True	False	True
ATAD5	ENSG00000176208.9	ENST00000321990.5	1	0	0	0	0	0	False	False	False
CYB5B	ENSG00000103018.17	ENST00000307892.13	1	2	0	0	0	2	True	False	True
MTMR12	ENSG00000150712.11	ENST00000382142.8	1	1	0	0	0	1	True	False	True
POLE3	ENSG00000148229.13	ENST00000374171.5	1	0	0	0	0	0	False	False	False
RAB5A	ENSG00000144566.11	ENST00000273047.9	1	2	0	0	1	3	True	False	True
RBFOX1	ENSG00000078328.21	ENST00000311745.9	3	0	2	0	0	2	False	True	True
AL365205.1	ENSG00000124593.16	ENST00000335515.10	3	0	0	0	0	0	False	False	False
ALDH3A1	ENSG00000108602.18	ENST00000457500.6	1	0	0	0	0	0	False	False	False
C12orf10	ENSG00000139637.14	ENST00000267103.10	1	1	0	0	0	1	True	False	True
CHMP4B	ENSG00000101421.4	ENST00000217402.3	1	1	0	0	0	1	True	False	True
CPSF4	ENSG00000160917.15	ENST00000292476.10	1	0	0	0	0	0	False	False	False
DRG2	ENSG00000108591.10	ENST00000225729.8	1	0	0	0	0	0	False	False	False
KIAA1217	ENSG00000120549.18	ENST00000376454.8	1	0	0	0	0	0	False	False	False
PPP1R12B	ENSG00000077157.22	ENST00000608999.6	2	0	0	0	0	0	False	False	False
STRN4	ENSG00000090372.15	ENST00000263280.11	1	0	0	0	0	0	False	False	False
CEP78	ENSG00000148019.14	ENST00000643273.2	1	0	0	0	0	0	False	False	False
CYB561A3	ENSG00000162144.10	ENST00000294072.9	1	0	0	0	0	0	False	False	False
FBXL17	ENSG00000145743.17	ENST00000542267.7	1	0	0	0	0	0	False	False	False
LIX1L	ENSG00000271601.4	ENST00000604000.4	1	0	0	0	0	0	False	False	False
RNF11	ENSG00000123091.5	ENST00000242719.4	2	2	0	0	0	2	True	False	True
TKFC	ENSG00000149476.15	ENST00000394900.7	1	0	0	0	0	0	False	False	False
TTC19	ENSG00000011295.16	ENST00000261647.10	1	0	0	0	0	0	False	False	False
COG2	ENSG00000135775.14	ENST00000366669.9	1	0	0	0	0	0	False	False	False
HERC3	ENSG00000138641.18	ENST00000402738.6	3	0	0	0	0	0	False	False	False
CNOT4	ENSG00000080802.18	ENST00000423368.6	1	1	0	0	0	1	True	False	True
DBR1	ENSG00000138231.13	ENST00000260803.9	1	0	0	0	0	0	False	False	False
HDGFL2	ENSG00000167674.15	ENST00000616600.5	1	0	0	0	0	0	False	False	False
OSBP2	ENSG00000184792.16	ENST00000332585.11	1	0	0	0	0	0	False	False	False
PRMT2	ENSG00000160310.18	ENST00000397637.5	1	0	0	0	0	0	False	False	False
RAD18	ENSG00000070950.10	ENST00000264926.7	1	0	0	0	0	0	False	False	False
ZNF121	ENSG00000197961.11	ENST00000586602.5	1	0	0	0	0	0	False	False	False
ACOXL	ENSG00000153093.18	ENST00000389811.8	2	0	0	0	0	0	False	False	False
GNA12	ENSG00000146535.14	ENST00000275364.8	4	0	0	0	0	0	False	False	False
IMPA2	ENSG00000141401.12	ENST00000269159.8	1	0	0	0	0	0	False	False	False
NUTF2	ENSG00000102898.12	ENST00000219169.9	2	7	0	0	1	8	True	False	True
STK3	ENSG00000104375.17	ENST00000419617.7	1	0	0	0	0	0	False	False	False
TCEAL9	ENSG00000185222.10	ENST00000646896.1	1	1	0	0	0	1	True	False	True
UBN1	ENSG00000118900.15	ENST00000262376.11	1	1	0	0	0	1	True	False	True
AC253572.1	ENSG00000286106.1	ENST00000624419.2	4	0	0	0	0	0	False	False	False
DNAJC16	ENSG00000116138.13	ENST00000375847.8	1	0	0	0	0	0	False	False	False
KANTR	ENSG00000232593.7	ENST00000604062.6	4	0	0	0	0	0	False	False	False
MRPL4	ENSG00000105364.14	ENST00000307422.9	1	0	0	0	0	0	False	False	False
RUFY2	ENSG00000204130.13	ENST00000602465.5	1	0	0	0	0	0	False	False	False
XIAP	ENSG00000101966.12	ENST00000371199.7	1	4	0	0	0	4	True	False	True
CHMP2B	ENSG00000083937.9	ENST00000263780.9	1	0	0	0	0	0	False	False	False
SDHD	ENSG00000204370.12	ENST00000375549.8	4	6	0	0	0	6	True	False	True
AC253536.7	ENSG00000285762.1	ENST00000404092.5	4	0	0	0	0	0	False	False	False
DPP7	ENSG00000176978.14	ENST00000371579.7	1	0	0	0	0	0	False	False	False
FAM104A	ENSG00000133193.12	ENST00000403627.7	1	0	0	0	0	0	False	False	False
RYR2	ENSG00000198626.17	ENST00000366574.7	4	0	0	0	0	0	False	False	False
TMEM132A	ENSG00000006118.14	ENST00000005286.8	1	0	0	0	0	0	False	False	False
TRMT5	ENSG00000126814.7	ENST00000261249.7	1	0	0	0	0	0	False	False	False
ZBTB11	ENSG00000066422.5	ENST00000312938.5	1	0	0	0	0	0	False	False	False
ZFP91	ENSG00000186660.15	ENST00000316059.7	3	0	0	0	0	0	False	False	False
BRWD1	ENSG00000185658.13	ENST00000333229.6	1	3	0	0	0	3	True	False	True
C6orf201	ENSG00000185689.16	ENST00000380175.9	1	0	0	0	0	0	False	False	False
CMTR1	ENSG00000137200.13	ENST00000373451.9	1	0	0	0	0	0	False	False	False
DCTN3	ENSG00000137100.16	ENST00000259632.12	1	0	0	0	0	0	False	False	False
AC092647.5	ENSG00000249773.3	ENST00000426595.1	3	0	0	0	0	0	False	False	False
CLN6	ENSG00000128973.13	ENST00000249806.11	1	0	0	0	0	0	False	False	False
GPALPP1	ENSG00000133114.18	ENST00000379151.9	1	0	0	0	0	0	False	False	False
IL1RAPL2	ENSG00000189108.13	ENST00000372582.6	2	0	0	0	0	0	False	False	False
MRPL11	ENSG00000174547.13	ENST00000310999.11	1	1	0	0	0	1	True	False	True
RWDD1	ENSG00000111832.13	ENST00000466444.7	1	3	0	0	0	3	True	False	True
SCO2	ENSG00000284194.3	ENST00000543927.6	1	0	0	0	0	0	False	False	False
AL589666.1	ENSG00000271793.1	ENST00000503906.1	3	0	0	0	0	0	False	False	False
DAXX	ENSG00000204209.13	ENST00000266000.10	1	0	0	0	0	0	False	False	False
GTF2A1	ENSG00000165417.12	ENST00000553612.6	1	0	0	0	0	0	False	False	False
HIBCH	ENSG00000198130.16	ENST00000359678.10	1	1	0	0	0	1	True	False	True
IFRD2	ENSG00000214706.10	ENST00000436390.5	1	0	0	0	0	0	False	False	False
KBTBD4	ENSG00000123444.14	ENST00000430070.7	1	0	0	0	0	0	False	False	False
POLK	ENSG00000122008.15	ENST00000241436.8	1	0	0	0	0	0	False	False	False
RASSF8	ENSG00000123094.15	ENST00000405154.6	1	0	0	0	0	0	False	False	False
TULP4	ENSG00000130338.13	ENST00000367097.8	1	0	0	0	0	0	False	False	False
TVP23C	ENSG00000175106.16	ENST00000428082.6	4	1	0	0	0	1	True	False	True
ZFP91-CNTF	ENSG00000255073.8	ENST00000389919.8	3	0	0	0	0	0	False	False	False
AL358113.1	ENSG00000285130.2	ENST00000642889.1	3	0	0	0	0	0	False	False	False
CENPW	ENSG00000203760.8	ENST00000368328.4	1	1	0	0	0	1	True	False	True
CRIP2	ENSG00000182809.11	ENST00000329146.9	1	0	0	0	0	0	False	False	False
EED	ENSG00000074266.21	ENST00000263360.11	1	2	0	0	0	2	True	False	True
MRPS11	ENSG00000181991.16	ENST00000325844.9	1	1	0	0	0	1	True	False	True
NEMP1	ENSG00000166881.10	ENST00000300128.9	1	0	0	0	0	0	False	False	False
COG7	ENSG00000168434.13	ENST00000307149.10	1	0	0	0	0	0	False	False	False
CYBA	ENSG00000051523.11	ENST00000261623.8	1	0	0	0	0	0	False	False	False
FBXL12	ENSG00000127452.9	ENST00000247977.9	2	1	0	0	0	1	True	False	True
MEA1	ENSG00000124733.5	ENST00000642555.1	1	0	0	0	0	0	False	False	False
TRAK2	ENSG00000115993.13	ENST00000332624.8	1	1	0	0	0	1	True	False	True
EIF2B4	ENSG00000115211.16	ENST00000451130.6	1	0	0	0	0	0	False	False	False
G2E3	ENSG00000092140.16	ENST00000206595.11	1	1	0	0	0	1	True	False	True
GTF2E2	ENSG00000197265.9	ENST00000355904.9	1	1	0	0	1	2	True	False	True
H4C4	ENSG00000277157.2	ENST00000614247.2	1	0	0	0	0	0	False	False	False
KCTD20	ENSG00000112078.14	ENST00000373731.7	1	0	0	0	0	0	False	False	False
LNPK	ENSG00000144320.14	ENST00000272748.9	1	0	0	0	0	0	False	False	False
METTL26	ENSG00000130731.16	ENST00000301686.13	1	0	0	0	0	0	False	False	False
MSLN	ENSG00000102854.16	ENST00000382862.7	1	0	0	0	0	0	False	False	False
RFX5	ENSG00000143390.17	ENST00000290524.8	1	0	0	0	0	0	False	False	False
AKT2	ENSG00000105221.18	ENST00000392038.7	1	0	0	0	0	0	False	False	False
CHM	ENSG00000188419.14	ENST00000357749.7	1	0	0	0	0	0	False	False	False
KIFAP3	ENSG00000075945.13	ENST00000361580.7	1	0	0	0	0	0	False	False	False
SAMHD1	ENSG00000101347.10	ENST00000646673.2	1	0	0	0	0	0	False	False	False
ATF7	ENSG00000170653.19	ENST00000420353.7	3	0	0	0	0	0	False	False	False
BNIP3L	ENSG00000104765.16	ENST00000380629.7	1	4	1	0	1	6	True	True	True
CLDN12	ENSG00000157224.16	ENST00000287916.8	1	0	0	0	0	0	False	False	False
DCTN5	ENSG00000166847.10	ENST00000300087.7	1	1	0	0	0	1	True	False	True
DECR1	ENSG00000104325.7	ENST00000220764.7	1	0	0	0	0	0	False	False	False
EPN1	ENSG00000063245.15	ENST00000270460.11	1	0	0	0	0	0	False	False	False
PARL	ENSG00000175193.14	ENST00000317096.9	3	2	0	0	0	2	True	False	True
ALG10B	ENSG00000175548.9	ENST00000308742.9	4	0	0	0	0	0	False	False	False
C1GALT1C1	ENSG00000171155.8	ENST00000304661.6	1	0	0	0	0	0	False	False	False
EZH2	ENSG00000106462.11	ENST00000460911.5	1	1	0	0	0	1	True	False	True
HIPK1	ENSG00000163349.22	ENST00000426820.7	1	0	0	0	0	0	False	False	False
JUP	ENSG00000173801.17	ENST00000393931.8	1	0	0	0	0	0	False	False	False
KHDC1	ENSG00000135314.12	ENST00000370384.7	2	0	0	0	0	0	False	False	False
LSM12	ENSG00000161654.10	ENST00000591247.6	2	0	0	0	0	0	False	False	False
MLEC	ENSG00000110917.8	ENST00000228506.8	1	1	0	0	0	1	True	False	True
NUS1	ENSG00000153989.8	ENST00000368494.4	2	3	0	0	0	3	True	False	True
PNMA1	ENSG00000176903.5	ENST00000316836.5	1	0	0	0	0	0	False	False	False
ALG11	ENSG00000253710.4	ENST00000521508.2	3	0	1	0	0	1	False	True	True
GRB10	ENSG00000106070.20	ENST00000335866.7	1	0	0	0	0	0	False	False	False
LRP12	ENSG00000147650.11	ENST00000276654.9	1	0	0	0	0	0	False	False	False
MSI2	ENSG00000153944.11	ENST00000284073.7	1	0	0	0	0	0	False	False	False
TRAPPC11	ENSG00000168538.16	ENST00000334690.11	1	0	0	0	0	0	False	False	False
TUBGCP5	ENSG00000275835.5	ENST00000615383.5	1	0	0	0	0	0	False	False	False
AC046185.1	ENSG00000125695.12	ENST00000580553.1	3	0	0	0	0	0	False	False	False
BAP1	ENSG00000163930.10	ENST00000460680.6	1	0	0	0	0	0	False	False	False
EAPP	ENSG00000129518.9	ENST00000250454.8	1	0	0	0	0	0	False	False	False
ERCC4	ENSG00000175595.15	ENST00000311895.8	1	0	0	0	0	0	False	False	False
LSM5	ENSG00000106355.10	ENST00000450169.7	1	2	0	0	0	2	True	False	True
MTX2	ENSG00000128654.14	ENST00000249442.11	1	1	0	0	0	1	True	False	True
SLC16A7	ENSG00000118596.12	ENST00000547379.6	1	0	0	0	0	0	False	False	False
SUGP2	ENSG00000064607.17	ENST00000452918.7	1	0	0	0	0	0	False	False	False
TBC1D23	ENSG00000036054.13	ENST00000394144.9	1	0	0	0	0	0	False	False	False
TIMM44	ENSG00000104980.8	ENST00000270538.8	1	0	0	0	0	0	False	False	False
AL157935.3	ENSG00000257524.6	ENST00000646171.1	3	0	0	0	0	0	False	False	False
ATF6B	ENSG00000213676.13	ENST00000375201.8	1	0	0	0	0	0	False	False	False
COQ2	ENSG00000173085.15	ENST00000311469.9	1	0	0	0	0	0	False	False	False
FGF2	ENSG00000138685.16	ENST00000644866.2	1	0	0	0	0	0	False	False	False
FHL3	ENSG00000183386.10	ENST00000373016.4	1	0	0	0	0	0	False	False	False
GTF2H3	ENSG00000111358.14	ENST00000543341.7	1	1	0	0	0	1	True	False	True
JMJD8	ENSG00000161999.13	ENST00000609261.6	1	0	0	0	0	0	False	False	False
NGRN	ENSG00000182768.9	ENST00000379095.5	3	4	0	0	1	5	True	False	True
SLC35F1	ENSG00000196376.11	ENST00000360388.9	2	0	0	0	0	0	False	False	False
ALG9	ENSG00000086848.15	ENST00000614444.4	3	0	0	0	0	0	False	False	False
ATPSCKMT	ENSG00000150756.14	ENST00000511437.6	1	1	0	0	0	1	True	False	True
BMP6	ENSG00000153162.9	ENST00000283147.7	1	1	0	0	0	1	True	False	True
CD320	ENSG00000167775.11	ENST00000301458.10	1	0	0	0	0	0	False	False	False
COX6A1	ENSG00000111775.3	ENST00000229379.3	2	7	0	0	0	7	True	False	True
DBT	ENSG00000137992.14	ENST00000370132.8	1	1	0	0	0	1	True	False	True
GOLT1B	ENSG00000111711.10	ENST00000229314.10	1	0	0	0	0	0	False	False	False
GTF2H1	ENSG00000110768.12	ENST00000265963.9	1	1	0	0	0	1	True	False	True
MAGI1	ENSG00000151276.23	ENST00000483466.5	1	0	0	0	0	0	False	False	False
NCOA6	ENSG00000198646.14	ENST00000374796.6	1	0	0	0	0	0	False	False	False
NPC2	ENSG00000119655.11	ENST00000555619.6	1	0	0	0	0	0	False	False	False
PARP2	ENSG00000129484.13	ENST00000429687.7	1	1	0	0	0	1	True	False	True
PSEN1	ENSG00000080815.19	ENST00000394164.5	1	0	0	0	0	0	False	False	False
TRIM47	ENSG00000132481.7	ENST00000254816.6	1	0	0	0	0	0	False	False	False
AC009070.1	ENSG00000286221.1	ENST00000651567.1	1	0	0	0	0	0	False	False	False
AAK1	ENSG00000115977.19	ENST00000409085.9	1	0	0	0	0	0	False	False	False
ARL2	ENSG00000213465.8	ENST00000246747.9	3	0	0	0	0	0	False	False	False
CACHD1	ENSG00000158966.16	ENST00000290039.6	1	0	0	0	0	0	False	False	False
CCDC59	ENSG00000133773.12	ENST00000256151.8	1	2	0	0	0	2	True	False	True
JTB	ENSG00000143543.15	ENST00000271843.9	3	1	0	0	0	1	True	False	True
RMDN3	ENSG00000137824.16	ENST00000260385.10	1	0	0	0	0	0	False	False	False
SRGAP1	ENSG00000196935.9	ENST00000355086.8	1	0	0	0	0	0	False	False	False
B3GALNT2	ENSG00000162885.13	ENST00000366600.8	1	1	0	0	0	1	True	False	True
BYSL	ENSG00000112578.10	ENST00000230340.9	1	0	0	0	0	0	False	False	False
FCHO2	ENSG00000157107.14	ENST00000430046.7	1	0	0	0	0	0	False	False	False
IP6K1	ENSG00000176095.12	ENST00000613416.4	1	0	0	0	0	0	False	False	False
MFAP2	ENSG00000117122.14	ENST00000375535.4	1	0	0	0	0	0	False	False	False
NVL	ENSG00000143748.18	ENST00000281701.11	1	0	0	0	0	0	False	False	False
CKS1B	ENSG00000173207.13	ENST00000308987.6	2	4	0	0	0	4	True	False	True
MAF1	ENSG00000179632.10	ENST00000322428.10	1	1	0	0	0	1	True	False	True
UTP23	ENSG00000147679.12	ENST00000309822.7	1	0	0	0	0	0	False	False	False
WDR18	ENSG00000065268.11	ENST00000585809.6	1	0	0	0	0	0	False	False	False
AC048338.2	ENSG00000284934.1	ENST00000443649.8	3	0	0	0	0	0	False	False	False
BCL9L	ENSG00000186174.12	ENST00000334801.7	1	0	0	0	0	0	False	False	False
CNIH4	ENSG00000143771.12	ENST00000465271.6	1	1	0	0	0	1	True	False	True
DIABLO	ENSG00000184047.19	ENST00000464942.7	3	0	0	0	0	0	False	False	False
DYRK1A	ENSG00000157540.21	ENST00000339659.9	1	0	0	0	0	0	False	False	False
ERLEC1	ENSG00000068912.14	ENST00000185150.9	1	1	0	0	0	1	True	False	True
JPT2	ENSG00000206053.13	ENST00000248098.8	1	0	0	0	0	0	False	False	False
STK4	ENSG00000101109.12	ENST00000372806.8	1	1	0	0	0	1	True	False	True
WDR44	ENSG00000131725.14	ENST00000254029.8	1	0	0	0	0	0	False	False	False
AL117348.2	ENSG00000255835.1	ENST00000432920.2	3	0	0	0	0	0	False	False	False
C9orf64	ENSG00000165118.15	ENST00000376344.8	1	0	1	0	0	1	False	True	True
CENPU	ENSG00000151725.12	ENST00000281453.10	1	2	0	0	0	2	True	False	True
NR2F2	ENSG00000185551.15	ENST00000394166.8	1	0	0	0	0	0	False	False	False
RNMT	ENSG00000101654.17	ENST00000383314.6	1	0	0	0	0	0	False	False	False
THOC1	ENSG00000079134.12	ENST00000261600.11	1	0	0	0	0	0	False	False	False
TMEM267	ENSG00000151881.14	ENST00000500337.6	1	0	0	0	0	0	False	False	False
YEATS2	ENSG00000163872.16	ENST00000305135.10	1	0	0	0	0	0	False	False	False
AKT1S1	ENSG00000204673.10	ENST00000391835.1	1	0	0	0	0	0	False	False	False
ENTHD1	ENSG00000176177.10	ENST00000325157.7	2	0	0	0	0	0	False	False	False
TIMM21	ENSG00000075336.12	ENST00000169551.11	1	0	0	0	0	0	False	False	False
TP53I3	ENSG00000115129.14	ENST00000238721.9	1	0	0	0	0	0	False	False	False
ZNF24	ENSG00000172466.16	ENST00000399061.3	1	0	0	0	0	0	False	False	False
BICD2	ENSG00000185963.14	ENST00000356884.11	1	0	0	0	0	0	False	False	False
CD276	ENSG00000103855.18	ENST00000318443.10	1	0	0	0	0	0	False	False	False
FANCA	ENSG00000187741.15	ENST00000389301.8	1	0	0	0	0	0	False	False	False
GPATCH8	ENSG00000186566.13	ENST00000591680.6	1	0	0	0	0	0	False	False	False
MIOS	ENSG00000164654.16	ENST00000340080.9	1	0	0	0	0	0	False	False	False
PID1	ENSG00000153823.18	ENST00000392055.7	1	0	0	0	0	0	False	False	False
ABCD1	ENSG00000101986.12	ENST00000218104.6	1	0	0	0	0	0	False	False	False
CAMSAP1	ENSG00000130559.19	ENST00000389532.9	1	0	0	0	0	0	False	False	False
ECEL1	ENSG00000171551.12	ENST00000304546.6	1	0	0	0	0	0	False	False	False
ELP5	ENSG00000170291.15	ENST00000396628.6	1	0	0	0	0	0	False	False	False
GINS4	ENSG00000147536.12	ENST00000276533.4	1	0	0	0	0	0	False	False	False
NDUFA5	ENSG00000128609.15	ENST00000355749.7	2	11	1	0	1	13	True	True	True
ODR4	ENSG00000157181.16	ENST00000287859.11	1	0	0	0	0	0	False	False	False
RAB11B	ENSG00000185236.12	ENST00000328024.11	1	0	0	0	0	0	False	False	False
RAB13	ENSG00000143545.10	ENST00000368575.5	4	0	0	0	0	0	False	False	False
REXO4	ENSG00000148300.12	ENST00000371942.8	1	1	0	0	0	1	True	False	True
SMYD3	ENSG00000185420.19	ENST00000490107.6	1	0	0	0	0	0	False	False	False
SSU72	ENSG00000160075.12	ENST00000291386.4	1	1	0	0	0	1	True	False	True
BECN1	ENSG00000126581.13	ENST00000361523.8	1	1	0	0	0	1	True	False	True
C12orf45	ENSG00000151131.11	ENST00000552951.7	1	1	0	0	0	1	True	False	True
KIF18B	ENSG00000186185.14	ENST00000593135.6	1	0	0	0	0	0	False	False	False
MAP1LC3B	ENSG00000140941.14	ENST00000650688.1	4	8	0	0	1	9	True	False	True
MED27	ENSG00000160563.14	ENST00000292035.10	2	1	0	0	0	1	True	False	True
MYBL1	ENSG00000185697.16	ENST00000522677.7	1	0	0	0	0	0	False	False	False
NAF1	ENSG00000145414.9	ENST00000274054.3	1	0	0	0	0	0	False	False	False
NSL1	ENSG00000117697.15	ENST00000366977.8	1	0	0	0	0	0	False	False	False
TERF1	ENSG00000147601.14	ENST00000276603.10	2	6	0	0	1	7	True	False	True
UGT8	ENSG00000174607.11	ENST00000310836.11	1	0	0	0	0	0	False	False	False
ZFAND6	ENSG00000086666.19	ENST00000613266.4	1	0	1	0	0	1	False	True	True
CERS6	ENSG00000172292.14	ENST00000392687.4	1	0	0	0	0	0	False	False	False
FAAH2	ENSG00000165591.6	ENST00000374900.4	2	0	0	0	0	0	False	False	False
INTS8	ENSG00000164941.14	ENST00000523731.6	1	0	0	0	0	0	False	False	False
LSM3	ENSG00000170860.4	ENST00000306024.4	2	4	0	0	1	5	True	False	True
PPIH	ENSG00000171960.11	ENST00000304979.8	1	2	0	0	0	2	True	False	True
SEZ6L2	ENSG00000174938.14	ENST00000617533.4	1	0	0	0	0	0	False	False	False
SSBP3	ENSG00000157216.15	ENST00000371320.7	2	1	1	0	0	2	True	True	True
TCTN3	ENSG00000119977.21	ENST00000614499.4	1	0	0	0	0	0	False	False	False
UBE2E2	ENSG00000182247.10	ENST00000396703.6	1	0	0	0	0	0	False	False	False
ANKRD50	ENSG00000151458.12	ENST00000504087.6	1	0	0	0	0	0	False	False	False
DSCC1	ENSG00000136982.6	ENST00000313655.5	1	0	0	0	0	0	False	False	False
PDCL3	ENSG00000115539.14	ENST00000264254.11	2	7	0	0	0	7	True	False	True
PMF1-BGLAP	ENSG00000260238.6	ENST00000368276.8	3	0	0	0	0	0	False	False	False
RPS6KB1	ENSG00000108443.14	ENST00000225577.9	1	0	0	0	0	0	False	False	False
AKAP1	ENSG00000121057.13	ENST00000621116.4	1	0	0	0	0	0	False	False	False
BCS1L	ENSG00000074582.15	ENST00000431802.5	1	0	0	0	0	0	False	False	False
EMC2	ENSG00000104412.8	ENST00000220853.8	1	0	0	0	0	0	False	False	False
MEF2A	ENSG00000068305.17	ENST00000354410.9	1	1	0	0	0	1	True	False	True
MGAT2	ENSG00000168282.6	ENST00000305386.4	1	0	0	0	0	0	False	False	False
MRPL52	ENSG00000172590.18	ENST00000355151.9	1	0	0	0	0	0	False	False	False
PYCR2	ENSG00000143811.19	ENST00000343818.11	3	0	0	0	0	0	False	False	False
RNF115	ENSG00000265491.5	ENST00000582693.5	1	0	0	0	0	0	False	False	False
TOMM7	ENSG00000196683.10	ENST00000358435.8	1	2	0	0	0	2	True	False	True
AGPAT5	ENSG00000155189.12	ENST00000285518.11	1	1	0	0	0	1	True	False	True
ERCC2	ENSG00000104884.16	ENST00000391945.10	1	0	0	0	0	0	False	False	False
SUPT7L	ENSG00000119760.16	ENST00000337768.10	1	0	0	0	0	0	False	False	False
UXT	ENSG00000126756.12	ENST00000333119.7	1	0	0	0	0	0	False	False	False
ATP13A1	ENSG00000105726.17	ENST00000357324.11	1	0	0	0	0	0	False	False	False
COG1	ENSG00000166685.12	ENST00000299886.9	1	0	0	0	0	0	False	False	False
EXOC6B	ENSG00000144036.16	ENST00000272427.11	1	0	0	0	0	0	False	False	False
ITGB5	ENSG00000082781.12	ENST00000296181.9	1	0	0	0	0	0	False	False	False
LRRC49	ENSG00000137821.11	ENST00000260382.9	1	0	0	0	0	0	False	False	False
NEXN	ENSG00000162614.18	ENST00000334785.11	1	0	0	0	0	0	False	False	False
PTGES2	ENSG00000148334.15	ENST00000338961.11	1	0	0	0	0	0	False	False	False
CRNKL1	ENSG00000101343.14	ENST00000377340.6	1	0	0	0	0	0	False	False	False
DLGAP1	ENSG00000170579.17	ENST00000400150.7	3	0	0	0	0	0	False	False	False
HSBP1	ENSG00000230989.7	ENST00000433866.7	1	3	0	0	0	3	True	False	True
PPP1R14B	ENSG00000173457.11	ENST00000309318.8	2	4	0	0	0	4	True	False	True
SRA1	ENSG00000213523.10	ENST00000336283.7	1	0	0	0	0	0	False	False	False
THOC6	ENSG00000131652.14	ENST00000326266.13	1	0	0	0	0	0	False	False	False
EARS2	ENSG00000103356.17	ENST00000449606.7	1	0	0	0	0	0	False	False	False
GNL1	ENSG00000204590.12	ENST00000376621.7	1	0	0	0	0	0	False	False	False
HOMER1	ENSG00000152413.15	ENST00000334082.11	1	0	0	0	0	0	False	False	False
MIS12	ENSG00000167842.16	ENST00000381165.3	1	0	0	0	0	0	False	False	False
MUS81	ENSG00000172732.12	ENST00000308110.9	1	0	0	0	0	0	False	False	False
NCDN	ENSG00000020129.16	ENST00000373243.7	1	0	0	0	0	0	False	False	False
SAAL1	ENSG00000166788.10	ENST00000524803.6	1	0	0	0	0	0	False	False	False
SENP5	ENSG00000119231.11	ENST00000323460.10	1	0	0	0	0	0	False	False	False
DSTYK	ENSG00000133059.17	ENST00000367162.8	1	0	0	0	0	0	False	False	False
LRRC15	ENSG00000172061.9	ENST00000347624.4	1	0	0	0	0	0	False	False	False
LRSAM1	ENSG00000148356.13	ENST00000323301.8	1	0	0	0	0	0	False	False	False
NREP	ENSG00000134986.14	ENST00000379671.7	1	2	0	0	0	2	True	False	True
PIM3	ENSG00000198355.5	ENST00000360612.5	1	0	0	0	0	0	False	False	False
SLC44A1	ENSG00000070214.16	ENST00000374720.8	1	0	0	0	0	0	False	False	False
WDR25	ENSG00000176473.13	ENST00000335290.10	1	0	0	0	0	0	False	False	False
AL049844.3	ENSG00000280148.1	ENST00000454207.2	3	0	0	0	0	0	False	False	False
CNTNAP3	ENSG00000106714.17	ENST00000297668.10	4	0	0	0	0	0	False	False	False
COL6A2	ENSG00000142173.16	ENST00000300527.9	1	0	0	0	0	0	False	False	False
ITSN2	ENSG00000198399.14	ENST00000355123.8	1	0	0	0	0	0	False	False	False
MINPP1	ENSG00000107789.16	ENST00000371996.9	1	0	0	0	0	0	False	False	False
RRP36	ENSG00000124541.7	ENST00000244496.6	1	0	0	0	0	0	False	False	False
SLC35F2	ENSG00000110660.15	ENST00000525815.6	1	0	0	0	0	0	False	False	False
SNCA	ENSG00000145335.17	ENST00000394991.8	1	0	0	0	0	0	False	False	False
TLK1	ENSG00000198586.14	ENST00000431350.7	1	1	0	0	0	1	True	False	True
UBE2N	ENSG00000177889.10	ENST00000318066.7	2	3	0	0	2	5	True	False	True
BPNT1	ENSG00000162813.18	ENST00000469520.6	1	0	0	0	0	0	False	False	False
FKBP14	ENSG00000106080.11	ENST00000222803.10	1	0	0	0	0	0	False	False	False
ICMT	ENSG00000116237.16	ENST00000343813.10	1	0	0	0	0	0	False	False	False
MRPL30	ENSG00000185414.20	ENST00000338148.8	3	1	0	0	0	1	True	False	True
PDZD8	ENSG00000165650.12	ENST00000334464.7	1	0	0	0	0	0	False	False	False
PHF23	ENSG00000040633.13	ENST00000320316.8	1	0	0	0	0	0	False	False	False
SDF2	ENSG00000132581.10	ENST00000247020.9	1	1	0	0	0	1	True	False	True
XRCC4	ENSG00000152422.16	ENST00000511817.1	1	0	0	0	0	0	False	False	False
ALG5	ENSG00000120697.9	ENST00000239891.4	1	0	0	0	0	0	False	False	False
FBXW5	ENSG00000159069.14	ENST00000325285.8	1	0	0	0	0	0	False	False	False
PMF1	ENSG00000160783.19	ENST00000368277.3	3	0	0	0	0	0	False	False	False
TACO1	ENSG00000136463.8	ENST00000258975.7	1	0	0	0	0	0	False	False	False
DLGAP4	ENSG00000080845.17	ENST00000339266.9	1	0	0	0	0	0	False	False	False
MRPL27	ENSG00000108826.16	ENST00000225969.9	1	0	0	0	0	0	False	False	False
NXPE3	ENSG00000144815.16	ENST00000273347.10	1	0	0	0	0	0	False	False	False
PKP4	ENSG00000144283.21	ENST00000389759.7	1	1	0	0	0	1	True	False	True
UHRF1BP1	ENSG00000065060.17	ENST00000192788.6	1	0	0	0	0	0	False	False	False
VAC14	ENSG00000103043.15	ENST00000261776.10	1	1	0	0	0	1	True	False	True
AASDHPPT	ENSG00000149313.11	ENST00000278618.9	1	0	0	0	0	0	False	False	False
AP1S1	ENSG00000106367.15	ENST00000337619.11	1	0	0	0	0	0	False	False	False
ATF7-NPFF	ENSG00000267281.2	ENST00000591834.1	3	0	0	0	0	0	False	False	False
BRF1	ENSG00000185024.17	ENST00000547530.7	1	0	0	0	0	0	False	False	False
FAM120B	ENSG00000112584.13	ENST00000476287.3	1	0	0	0	0	0	False	False	False
LACTB	ENSG00000103642.12	ENST00000261893.9	1	0	0	0	0	0	False	False	False
LATS1	ENSG00000131023.13	ENST00000543571.6	1	0	0	0	0	0	False	False	False
LZIC	ENSG00000162441.12	ENST00000377223.6	1	0	0	0	0	0	False	False	False
NFKB1	ENSG00000109320.13	ENST00000226574.9	1	0	0	0	0	0	False	False	False
PLPP1	ENSG00000067113.17	ENST00000307259.9	1	0	0	0	0	0	False	False	False
RAB20	ENSG00000139832.5	ENST00000267328.5	1	0	0	0	0	0	False	False	False
CASP2	ENSG00000106144.20	ENST00000310447.10	1	0	0	0	0	0	False	False	False
RIPOR1	ENSG00000039523.20	ENST00000042381.9	1	0	0	0	0	0	False	False	False
CCDC65	ENSG00000139537.11	ENST00000320516.5	1	1	0	0	0	1	True	False	True
CFLAR	ENSG00000003402.20	ENST00000309955.8	1	0	0	0	0	0	False	False	False
RAB27A	ENSG00000069974.16	ENST00000396307.6	1	0	0	0	0	0	False	False	False
APRT	ENSG00000198931.11	ENST00000378364.8	1	0	0	0	0	0	False	False	False
KNOP1	ENSG00000103550.14	ENST00000219837.12	1	5	0	0	0	5	True	False	True
MRPL16	ENSG00000166902.5	ENST00000300151.5	1	0	0	0	0	0	False	False	False
MTMR1	ENSG00000063601.17	ENST00000445323.7	1	0	0	0	0	0	False	False	False
RIOK1	ENSG00000124784.9	ENST00000379834.7	1	0	0	0	0	0	False	False	False
SETD3	ENSG00000183576.13	ENST00000331768.10	1	0	0	0	0	0	False	False	False
SPAG16	ENSG00000144451.19	ENST00000331683.10	1	0	0	0	0	0	False	False	False
UGCG	ENSG00000148154.10	ENST00000374279.4	1	0	0	0	0	0	False	False	False
ZNF639	ENSG00000121864.10	ENST00000326361.7	1	0	0	0	0	0	False	False	False
ZNHIT3	ENSG00000273611.5	ENST00000617429.5	1	0	0	0	0	0	False	False	False
ARL14EP	ENSG00000152219.5	ENST00000282032.4	1	0	0	0	1	1	False	False	True
DACH1	ENSG00000276644.5	ENST00000613252.5	2	0	0	0	0	0	False	False	False
GINS2	ENSG00000131153.9	ENST00000253462.8	1	1	0	0	0	1	True	False	True
INVS	ENSG00000119509.13	ENST00000262457.7	2	0	0	0	0	0	False	False	False
NSDHL	ENSG00000147383.11	ENST00000370274.8	1	0	0	0	0	0	False	False	False
PEX3	ENSG00000034693.15	ENST00000367591.5	1	0	0	0	0	0	False	False	False
PLAGL1	ENSG00000118495.20	ENST00000360537.6	1	0	0	0	0	0	False	False	False
RNF14	ENSG00000013561.18	ENST00000347642.7	1	4	0	0	0	4	True	False	True
SGTA	ENSG00000104969.10	ENST00000221566.7	1	0	0	0	0	0	False	False	False
SLC35F6	ENSG00000213699.9	ENST00000344420.10	1	0	0	0	0	0	False	False	False
AC013717.1	ENSG00000285542.1	ENST00000649044.1	3	0	0	0	0	0	False	False	False
CIAO1	ENSG00000144021.3	ENST00000488633.2	1	0	0	0	0	0	False	False	False
FIS1	ENSG00000214253.9	ENST00000223136.5	1	1	0	0	0	1	True	False	True
MIPEP	ENSG00000027001.10	ENST00000382172.4	1	2	0	0	0	2	True	False	True
MORC4	ENSG00000133131.15	ENST00000355610.9	1	0	0	0	0	0	False	False	False
NDUFA11	ENSG00000174886.14	ENST00000308961.5	1	0	0	0	0	0	False	False	False
TAF12	ENSG00000120656.11	ENST00000263974.4	1	0	0	0	0	0	False	False	False
TES	ENSG00000135269.18	ENST00000358204.9	1	1	0	0	0	1	True	False	True
VEZT	ENSG00000028203.18	ENST00000436874.6	1	1	0	0	0	1	True	False	True
ATPAF1	ENSG00000123472.12	ENST00000576409.5	1	0	0	0	0	0	False	False	False
ERF	ENSG00000105722.10	ENST00000222329.9	1	0	0	0	0	0	False	False	False
GABARAPL1	ENSG00000139112.11	ENST00000266458.10	1	1	0	0	0	1	True	False	True
KCNAB1	ENSG00000169282.17	ENST00000302490.12	2	0	0	0	0	0	False	False	False
KITLG	ENSG00000049130.16	ENST00000644744.1	1	0	0	0	0	0	False	False	False
MROH7-TTC4	ENSG00000271723.5	ENST00000414150.6	3	0	0	0	0	0	False	False	False
NMI	ENSG00000123609.11	ENST00000243346.10	1	0	0	0	0	0	False	False	False
PPP1R8	ENSG00000117751.18	ENST00000311772.10	1	1	0	0	0	1	True	False	True
SMIM4	ENSG00000168273.8	ENST00000477703.6	1	0	0	0	0	0	False	False	False
TGM2	ENSG00000198959.12	ENST00000361475.7	1	0	0	0	0	0	False	False	False
TTC38	ENSG00000075234.17	ENST00000381031.8	1	0	0	0	0	0	False	False	False
ZNRD2	ENSG00000173465.8	ENST00000309328.8	1	0	0	0	0	0	False	False	False
EFNA1	ENSG00000169242.12	ENST00000368407.8	1	0	0	0	0	0	False	False	False
FNBP1L	ENSG00000137942.16	ENST00000370253.6	1	0	0	0	0	0	False	False	False
LAMTOR4	ENSG00000188186.10	ENST00000341942.9	1	0	0	0	0	0	False	False	False
STAU2	ENSG00000040341.18	ENST00000524300.6	1	1	0	0	0	1	True	False	True
AMOTL1	ENSG00000166025.18	ENST00000433060.3	1	0	0	0	0	0	False	False	False
CCNE2	ENSG00000175305.17	ENST00000520509.5	1	0	0	0	0	0	False	False	False
CCNT1	ENSG00000129315.11	ENST00000261900.8	1	0	0	0	0	0	False	False	False
CDC25C	ENSG00000158402.20	ENST00000323760.11	1	0	0	0	0	0	False	False	False
FAM162A	ENSG00000114023.15	ENST00000477892.5	1	0	0	0	0	0	False	False	False
IL32	ENSG00000008517.17	ENST00000534507.5	1	0	0	0	0	0	False	False	False
MKRN2	ENSG00000075975.16	ENST00000170447.12	1	0	0	0	0	0	False	False	False
SLC38A9	ENSG00000177058.12	ENST00000396865.7	1	0	0	0	0	0	False	False	False
TICRR	ENSG00000140534.14	ENST00000560985.5	1	0	0	0	0	0	False	False	False
DRAP1	ENSG00000175550.8	ENST00000312515.7	1	0	0	0	0	0	False	False	False
EME2	ENSG00000197774.13	ENST00000568449.6	1	0	0	0	0	0	False	False	False
GTPBP10	ENSG00000105793.16	ENST00000222511.11	1	0	0	0	0	0	False	False	False
PABPC3	ENSG00000151846.8	ENST00000281589.4	4	1	0	0	0	1	True	False	True
PRR14L	ENSG00000183530.14	ENST00000327423.11	1	0	0	0	0	0	False	False	False
ALDH2	ENSG00000111275.13	ENST00000261733.7	1	0	0	0	0	0	False	False	False
ANOS1	ENSG00000011201.12	ENST00000262648.8	1	0	0	0	0	0	False	False	False
CDH6	ENSG00000113361.13	ENST00000265071.3	1	0	0	0	0	0	False	False	False
CHMP4A	ENSG00000254505.11	ENST00000347519.12	3	1	0	0	0	1	True	False	True
KDM3A	ENSG00000115548.17	ENST00000409556.5	1	1	0	0	0	1	True	False	True
LDOC1	ENSG00000182195.9	ENST00000370526.5	1	0	0	0	0	0	False	False	False
MMACHC	ENSG00000132763.15	ENST00000401061.9	1	0	0	0	0	0	False	False	False
MRPL2	ENSG00000112651.12	ENST00000388752.8	1	1	0	0	0	1	True	False	True
NOP9	ENSG00000196943.14	ENST00000267425.8	1	0	0	0	0	0	False	False	False
SLC39A8	ENSG00000138821.13	ENST00000394833.6	1	0	0	0	0	0	False	False	False
UBE2B	ENSG00000119048.8	ENST00000265339.7	1	0	0	0	0	0	False	False	False
ADCY3	ENSG00000138031.14	ENST00000260600.9	1	0	0	0	0	0	False	False	False
RBPJ	ENSG00000168214.20	ENST00000355476.7	1	4	0	0	0	4	True	False	True
SFT2D2	ENSG00000213064.10	ENST00000271375.7	1	0	0	0	0	0	False	False	False
AC010616.1	ENSG00000285505.1	ENST00000644613.1	3	0	0	0	0	0	False	False	False
ASF1B	ENSG00000105011.9	ENST00000263382.8	1	0	0	0	0	0	False	False	False
GABARAPL2	ENSG00000034713.8	ENST00000037243.7	1	3	0	0	0	3	True	False	True
GTF2A2	ENSG00000140307.11	ENST00000396060.7	1	3	0	0	0	3	True	False	True
IFI16	ENSG00000163565.18	ENST00000295809.11	1	0	0	0	0	0	False	False	False
MRPL17	ENSG00000158042.9	ENST00000288937.7	1	0	0	0	0	0	False	False	False
MRPL38	ENSG00000204316.13	ENST00000309352.4	1	0	0	0	0	0	False	False	False
P2RX5	ENSG00000083454.22	ENST00000225328.10	3	0	0	0	0	0	False	False	False
PMS1	ENSG00000064933.18	ENST00000441310.7	1	0	0	0	0	0	False	False	False
POTEM	ENSG00000222036.8	ENST00000547889.6	4	0	0	0	0	0	False	False	False
TELO2	ENSG00000100726.15	ENST00000262319.11	1	0	0	0	0	0	False	False	False
TRIM5	ENSG00000132256.19	ENST00000380034.8	1	0	0	0	0	0	False	False	False
USP4	ENSG00000114316.13	ENST00000265560.9	1	1	0	0	0	1	True	False	True
CAGE1	ENSG00000164304.16	ENST00000502583.6	2	0	0	0	0	0	False	False	False
DDX11	ENSG00000013573.17	ENST00000542838.6	2	0	0	0	0	0	False	False	False
JAK2	ENSG00000096968.14	ENST00000381652.4	4	0	0	0	0	0	False	False	False
NDUFA1	ENSG00000125356.7	ENST00000371437.5	1	0	0	0	0	0	False	False	False
PDE12	ENSG00000174840.9	ENST00000311180.9	1	0	0	0	0	0	False	False	False
PRPF18	ENSG00000165630.14	ENST00000378572.8	1	0	0	0	0	0	False	False	False
TOMM6	ENSG00000214736.7	ENST00000398884.7	3	5	0	0	0	5	True	False	True
TSPAN9	ENSG00000011105.14	ENST00000011898.10	2	0	0	0	0	0	False	False	False
METTL17	ENSG00000165792.17	ENST00000339374.10	1	0	0	0	0	0	False	False	False
NDRG1	ENSG00000104419.16	ENST00000414097.6	1	0	0	0	0	0	False	False	False
NEIL3	ENSG00000109674.4	ENST00000264596.4	1	0	0	0	0	0	False	False	False
OGFR	ENSG00000060491.16	ENST00000290291.10	1	0	0	0	0	0	False	False	False
TMEM181	ENSG00000146433.8	ENST00000367090.3	1	0	0	0	0	0	False	False	False
UBE2G1	ENSG00000132388.12	ENST00000396981.6	1	1	0	0	0	1	True	False	True
AMZ2	ENSG00000196704.12	ENST00000577985.5	1	3	0	0	0	3	True	False	True
EXOC1	ENSG00000090989.18	ENST00000349598.6	1	0	0	0	0	0	False	False	False
PRIM1	ENSG00000198056.15	ENST00000338193.11	1	1	0	0	0	1	True	False	True
RAB35	ENSG00000111737.12	ENST00000229340.10	1	0	0	0	0	0	False	False	False
RALGPS2	ENSG00000116191.17	ENST00000367635.7	1	0	0	0	0	0	False	False	False
RAPGEF2	ENSG00000109756.9	ENST00000644474.1	1	0	0	0	0	0	False	False	False
TTC4	ENSG00000243725.7	ENST00000371281.4	3	1	0	0	0	1	True	False	True
ANAPC13	ENSG00000129055.12	ENST00000510994.5	1	2	0	0	0	2	True	False	True
ARF6	ENSG00000165527.7	ENST00000298316.7	1	1	0	0	0	1	True	False	True
BRMS1	ENSG00000174744.14	ENST00000359957.8	1	0	0	0	0	0	False	False	False
ELP3	ENSG00000134014.17	ENST00000256398.13	1	0	0	0	0	0	False	False	False
FOXK1	ENSG00000164916.11	ENST00000328914.5	1	0	0	0	0	0	False	False	False
FOXP4	ENSG00000137166.15	ENST00000373060.5	1	0	0	0	0	0	False	False	False
GNPTAB	ENSG00000111670.16	ENST00000299314.12	1	0	0	0	0	0	False	False	False
STRN	ENSG00000115808.12	ENST00000263918.9	1	1	0	0	0	1	True	False	True
TRAPPC12	ENSG00000171853.16	ENST00000324266.10	1	0	0	0	0	0	False	False	False
CDK9	ENSG00000136807.14	ENST00000373264.5	1	0	0	0	0	0	False	False	False
CFAP97	ENSG00000164323.14	ENST00000458385.7	1	1	0	0	0	1	True	False	True
LLGL1	ENSG00000131899.11	ENST00000316843.9	1	0	0	0	0	0	False	False	False
MT-ATP8	ENSG00000228253.1	ENST00000361851.1	2	0	0	0	0	0	False	False	False
RBAK-RBAKDN	ENSG00000272968.5	ENST00000407184.5	1	0	0	0	0	0	False	False	False
SSX2IP	ENSG00000117155.16	ENST00000342203.7	1	1	0	0	0	1	True	False	True
STX5	ENSG00000162236.12	ENST00000294179.8	1	0	0	0	0	0	False	False	False
ZNF410	ENSG00000119725.20	ENST00000555044.6	3	0	0	0	0	0	False	False	False
KAT6A	ENSG00000083168.11	ENST00000265713.8	1	0	0	0	0	0	False	False	False
MAPK12	ENSG00000188130.14	ENST00000215659.13	1	0	0	0	0	0	False	False	False
SEPTIN6	ENSG00000125354.23	ENST00000360156.11	1	0	0	0	0	0	False	False	False
VWA8	ENSG00000102763.18	ENST00000379310.8	1	0	0	0	0	0	False	False	False
ZBTB8OS	ENSG00000176261.15	ENST00000468695.5	1	2	0	0	0	2	True	False	True
IVD	ENSG00000128928.10	ENST00000651168.1	1	0	0	0	0	0	False	False	False
KRAS	ENSG00000133703.13	ENST00000311936.8	1	1	0	0	0	1	True	False	True
NADSYN1	ENSG00000172890.13	ENST00000319023.7	1	0	0	0	0	0	False	False	False
POT1	ENSG00000128513.16	ENST00000357628.8	1	0	0	0	0	0	False	False	False
RBMS3	ENSG00000144642.22	ENST00000273139.13	3	0	0	0	0	0	False	False	False
RMDN1	ENSG00000176623.12	ENST00000406452.8	1	0	0	0	0	0	False	False	False
RPS27AP5	ENSG00000231767.4	ENST00000647225.1	4	3	1	0	0	4	True	True	True
CNOT11	ENSG00000158435.8	ENST00000289382.8	1	0	0	0	0	0	False	False	False
DDT	ENSG00000099977.14	ENST00000398344.8	4	1	0	0	0	1	True	False	True
HAUS1	ENSG00000152240.13	ENST00000282058.11	1	3	0	0	0	3	True	False	True
SYNRG	ENSG00000275066.5	ENST00000619541.4	1	0	0	0	0	0	False	False	False
ZHX1	ENSG00000165156.15	ENST00000297857.3	1	0	0	0	0	0	False	False	False
AGO2	ENSG00000123908.12	ENST00000220592.10	1	0	0	0	0	0	False	False	False
ANPEP	ENSG00000166825.14	ENST00000300060.7	1	0	0	0	0	0	False	False	False
FARP2	ENSG00000006607.14	ENST00000264042.8	1	0	0	0	0	0	False	False	False
FBXW2	ENSG00000119402.17	ENST00000608872.6	1	1	0	0	0	1	True	False	True
FNBP1	ENSG00000187239.17	ENST00000446176.7	1	1	0	0	1	2	True	False	True
GRAMD1C	ENSG00000178075.20	ENST00000358160.9	2	0	0	0	0	0	False	False	False
HSF1	ENSG00000185122.11	ENST00000528838.6	1	0	0	0	0	0	False	False	False
ITPA	ENSG00000125877.13	ENST00000380113.8	1	0	0	0	0	0	False	False	False
LYAR	ENSG00000145220.14	ENST00000343470.9	1	0	0	0	0	0	False	False	False
MFSD14A	ENSG00000156875.14	ENST00000370152.8	3	0	0	0	0	0	False	False	False
SLC25A51	ENSG00000122696.14	ENST00000377716.6	2	2	1	0	0	3	True	True	True
WRN	ENSG00000165392.11	ENST00000298139.7	1	0	0	0	0	0	False	False	False
ARHGEF7	ENSG00000102606.18	ENST00000646102.1	1	0	0	0	0	0	False	False	False
CCDC85C	ENSG00000205476.9	ENST00000380243.9	1	0	0	0	0	0	False	False	False
CHCHD7	ENSG00000170791.18	ENST00000355315.8	1	1	0	0	0	1	True	False	True
NTHL1	ENSG00000065057.9	ENST00000219066.5	1	0	0	0	0	0	False	False	False
RAB21	ENSG00000080371.6	ENST00000261263.5	1	0	0	0	0	0	False	False	False
SF3A2	ENSG00000104897.10	ENST00000221494.10	1	1	0	0	0	1	True	False	True
TNFAIP2	ENSG00000185215.10	ENST00000560869.6	1	0	0	0	0	0	False	False	False
C12orf29	ENSG00000133641.18	ENST00000356891.4	1	3	0	0	0	3	True	False	True
CDCA8	ENSG00000134690.11	ENST00000373055.6	1	3	0	0	1	4	True	False	True
HYPK	ENSG00000242028.7	ENST00000406925.6	1	1	0	0	0	1	True	False	True
MEF2D	ENSG00000116604.18	ENST00000464356.6	1	0	0	0	0	0	False	False	False
USP36	ENSG00000055483.19	ENST00000542802.7	1	0	0	0	0	0	False	False	False
CYB561D2	ENSG00000114395.10	ENST00000418577.1	1	0	0	0	0	0	False	False	False
EEF2KMT	ENSG00000118894.15	ENST00000427587.9	4	0	0	0	0	0	False	False	False
GYS1	ENSG00000104812.15	ENST00000323798.8	1	0	0	0	0	0	False	False	False
H3C1	ENSG00000275714.2	ENST00000613854.2	1	0	0	0	0	0	False	False	False
PDE7B	ENSG00000171408.14	ENST00000308191.11	1	0	0	0	0	0	False	False	False
VRK2	ENSG00000028116.17	ENST00000435505.6	1	0	0	0	0	0	False	False	False
ZNF532	ENSG00000074657.13	ENST00000336078.8	1	0	0	0	0	0	False	False	False
ARL1	ENSG00000120805.14	ENST00000261636.13	1	0	0	0	0	0	False	False	False
CCDC138	ENSG00000163006.12	ENST00000295124.9	1	0	0	0	0	0	False	False	False
NDE1	ENSG00000072864.15	ENST00000396355.5	1	1	0	0	1	2	True	False	True
PPP1R42	ENSG00000178125.14	ENST00000522909.5	1	0	0	0	0	0	False	False	False
AC005670.2	ENSG00000262633.2	ENST00000571841.1	3	0	0	0	0	0	False	False	False
CDC7	ENSG00000097046.13	ENST00000428239.5	1	0	0	0	0	0	False	False	False
DDTL	ENSG00000099974.8	ENST00000215770.6	4	0	0	0	0	0	False	False	False
FRMD5	ENSG00000171877.21	ENST00000417257.6	4	0	0	0	0	0	False	False	False
GET1-SH3BGR	ENSG00000285815.1	ENST00000647779.1	3	0	0	0	0	0	False	False	False
IRAK3	ENSG00000090376.11	ENST00000261233.9	2	0	0	0	0	0	False	False	False
KAT2A	ENSG00000108773.11	ENST00000225916.10	1	0	0	0	0	0	False	False	False
KLF5	ENSG00000102554.14	ENST00000377687.6	1	0	0	0	0	0	False	False	False
LRP8	ENSG00000157193.18	ENST00000306052.12	1	0	0	0	0	0	False	False	False
MTMR4	ENSG00000108389.9	ENST00000323456.9	1	0	0	0	0	0	False	False	False
TRPS1	ENSG00000104447.12	ENST00000395715.7	1	0	0	0	0	0	False	False	False
TUT7	ENSG00000083223.18	ENST00000375963.8	1	0	0	0	0	0	False	False	False
AHI1	ENSG00000135541.21	ENST00000265602.11	1	0	0	0	0	0	False	False	False
CERS5	ENSG00000139624.14	ENST00000317551.12	1	0	0	0	0	0	False	False	False
CSF1	ENSG00000184371.14	ENST00000329608.11	1	0	0	0	0	0	False	False	False
DYM	ENSG00000141627.13	ENST00000269445.10	1	0	0	0	0	0	False	False	False
HMGXB3	ENSG00000113716.13	ENST00000502717.6	1	0	0	0	0	0	False	False	False
NEBL	ENSG00000078114.18	ENST00000417816.2	4	0	0	0	0	0	False	False	False
STRIP1	ENSG00000143093.15	ENST00000369795.8	1	0	0	0	0	0	False	False	False
TANGO6	ENSG00000103047.8	ENST00000261778.2	1	0	0	0	0	0	False	False	False
AKR7A2	ENSG00000053371.12	ENST00000235835.7	1	2	0	0	0	2	True	False	True
ARHGAP11B	ENSG00000285077.2	ENST00000428041.4	4	0	0	0	0	0	False	False	False
CAMTA1	ENSG00000171735.19	ENST00000303635.12	1	1	0	0	0	1	True	False	True
CIAO2A	ENSG00000166797.11	ENST00000300030.8	1	2	0	0	0	2	True	False	True
DCK	ENSG00000156136.10	ENST00000286648.10	1	0	0	0	0	0	False	False	False
NEDD4L	ENSG00000049759.18	ENST00000382850.8	1	0	0	0	0	0	False	False	False
OARD1	ENSG00000124596.17	ENST00000479950.5	1	0	0	0	0	0	False	False	False
TMEM222	ENSG00000186501.14	ENST00000611517.4	1	0	0	0	0	0	False	False	False
TNFRSF12A	ENSG00000006327.14	ENST00000326577.9	1	0	0	0	0	0	False	False	False
AC010463.1	ENSG00000269307.1	ENST00000596542.1	3	0	0	0	0	0	False	False	False
AC108488.2	ENSG00000286905.1	ENST00000658393.1	3	0	0	0	0	0	False	False	False
ADCY7	ENSG00000121281.13	ENST00000673801.1	1	0	0	0	0	0	False	False	False
CREG1	ENSG00000143162.9	ENST00000370509.5	1	0	0	0	0	0	False	False	False
DEPDC4	ENSG00000166153.16	ENST00000416321.5	1	0	0	0	0	0	False	False	False
H4-16	ENSG00000197837.3	ENST00000539745.1	1	0	0	0	0	0	False	False	False
NIP7	ENSG00000132603.15	ENST00000254940.10	1	3	0	0	0	3	True	False	True
SLC12A4	ENSG00000124067.17	ENST00000316341.8	1	0	0	0	0	0	False	False	False
ZDHHC6	ENSG00000023041.11	ENST00000369405.7	1	1	0	0	0	1	True	False	True
ANKIB1	ENSG00000001629.10	ENST00000265742.8	1	0	0	0	0	0	False	False	False
EXT1	ENSG00000182197.12	ENST00000378204.7	1	0	0	0	0	0	False	False	False
METTL8	ENSG00000123600.20	ENST00000612742.4	1	1	0	0	0	1	True	False	True
PNPO	ENSG00000108439.11	ENST00000642017.2	1	0	0	0	0	0	False	False	False
PSMD9	ENSG00000110801.14	ENST00000541212.6	3	0	0	0	0	0	False	False	False
ARMC1	ENSG00000104442.10	ENST00000276569.8	1	1	0	0	0	1	True	False	True
BABAM2	ENSG00000158019.20	ENST00000342045.6	1	0	0	0	0	0	False	False	False
BRMS1L	ENSG00000100916.14	ENST00000216807.12	1	0	0	0	0	0	False	False	False
COX8A	ENSG00000176340.4	ENST00000314133.4	3	0	0	0	0	0	False	False	False
CXXC5	ENSG00000171604.12	ENST00000302517.8	1	0	0	0	0	0	False	False	False
HMG20B	ENSG00000064961.19	ENST00000333651.11	1	0	0	0	0	0	False	False	False
JAG1	ENSG00000101384.12	ENST00000254958.10	1	0	0	0	0	0	False	False	False
METTL9	ENSG00000197006.14	ENST00000358154.8	1	0	0	0	0	0	False	False	False
N4BP1	ENSG00000102921.8	ENST00000262384.4	1	0	0	0	0	0	False	False	False
RNF181	ENSG00000168894.10	ENST00000306368.9	1	2	0	0	0	2	True	False	True
TTC14	ENSG00000163728.11	ENST00000296015.9	1	1	0	0	0	1	True	False	True
ACTR6	ENSG00000075089.9	ENST00000188312.6	1	1	0	0	0	1	True	False	True
FKBP15	ENSG00000119321.9	ENST00000446284.6	1	0	0	0	0	0	False	False	False
GTF2B	ENSG00000137947.12	ENST00000370500.10	1	0	0	0	0	0	False	False	False
HDAC3	ENSG00000171720.10	ENST00000305264.8	1	0	0	0	0	0	False	False	False
INO80E	ENSG00000169592.15	ENST00000563197.6	1	0	0	0	0	0	False	False	False
LEPR	ENSG00000116678.20	ENST00000349533.11	1	0	0	0	0	0	False	False	False
NAGA	ENSG00000198951.12	ENST00000396398.8	1	0	0	0	0	0	False	False	False
PLPP2	ENSG00000141934.10	ENST00000434325.7	1	0	0	0	0	0	False	False	False
SOX4	ENSG00000124766.7	ENST00000244745.4	1	0	0	0	0	0	False	False	False
TTC28	ENSG00000100154.14	ENST00000397906.6	1	0	0	0	0	0	False	False	False
AP3S1	ENSG00000177879.17	ENST00000316788.12	1	3	0	0	0	3	True	False	True
GLP2R	ENSG00000065325.13	ENST00000262441.10	1	0	0	0	0	0	False	False	False
MGAT5	ENSG00000152127.9	ENST00000281923.4	1	0	0	0	0	0	False	False	False
MRPL32	ENSG00000106591.4	ENST00000223324.3	1	1	0	0	0	1	True	False	True
NABP2	ENSG00000139579.13	ENST00000380198.6	1	1	0	0	0	1	True	False	True
PCNX1	ENSG00000100731.16	ENST00000304743.7	1	0	0	0	0	0	False	False	False
TTC7A	ENSG00000068724.17	ENST00000319190.11	1	0	0	0	0	0	False	False	False
C11orf24	ENSG00000171067.11	ENST00000304271.11	1	0	0	0	0	0	False	False	False
COQ5	ENSG00000110871.15	ENST00000288532.11	1	0	0	0	0	0	False	False	False
DCUN1D5	ENSG00000137692.12	ENST00000260247.10	1	0	0	0	0	0	False	False	False
POTEF	ENSG00000196604.13	ENST00000409914.7	4	0	0	0	0	0	False	False	False
TIMP3	ENSG00000100234.11	ENST00000266085.6	1	0	0	0	0	0	False	False	False
TMEM138	ENSG00000149483.12	ENST00000278826.11	1	0	0	0	0	0	False	False	False
TUBG2	ENSG00000037042.9	ENST00000251412.8	4	0	0	0	0	0	False	False	False
XPC	ENSG00000154767.15	ENST00000285021.12	1	0	0	0	0	0	False	False	False
ARHGAP11B	ENSG00000284906.1	ENST00000622744.4	4	0	0	0	0	0	False	False	False
BRD3	ENSG00000169925.17	ENST00000303407.12	1	0	0	0	0	0	False	False	False
CREB3L1	ENSG00000157613.11	ENST00000621158.5	1	0	0	0	0	0	False	False	False
EDRF1	ENSG00000107938.18	ENST00000356792.9	1	0	0	0	0	0	False	False	False
MAP2K3	ENSG00000034152.19	ENST00000342679.9	1	0	0	0	0	0	False	False	False
RPA2	ENSG00000117748.10	ENST00000373912.8	1	3	0	0	0	3	True	False	True
TRIM27	ENSG00000204713.11	ENST00000377199.4	1	0	0	0	0	0	False	False	False
BLNK	ENSG00000095585.17	ENST00000224337.10	4	0	0	0	0	0	False	False	False
CBFB	ENSG00000067955.15	ENST00000412916.7	1	0	0	0	0	0	False	False	False
EOGT	ENSG00000163378.14	ENST00000383701.8	1	0	0	0	0	0	False	False	False
NDUFB2	ENSG00000090266.13	ENST00000476279.5	1	1	0	0	0	1	True	False	True
PPP3CB	ENSG00000107758.15	ENST00000360663.9	1	0	0	0	0	0	False	False	False
PSMB8	ENSG00000204264.12	ENST00000374882.8	1	0	0	0	0	0	False	False	False
STRADA	ENSG00000266173.7	ENST00000336174.12	3	0	0	0	1	1	False	False	True
SWT1	ENSG00000116668.13	ENST00000367500.9	2	0	0	0	0	0	False	False	False
ZNF573	ENSG00000189144.13	ENST00000536220.5	2	0	0	0	0	0	False	False	False
ZNHIT1	ENSG00000106400.12	ENST00000305105.3	1	1	0	0	0	1	True	False	True
AC022137.3	ENSG00000286261.1	ENST00000610928.4	4	0	0	0	0	0	False	False	False
ACVR1	ENSG00000115170.15	ENST00000434821.7	1	0	0	0	0	0	False	False	False
DHRS4	ENSG00000157326.19	ENST00000313250.10	4	0	0	0	0	0	False	False	False
DISP1	ENSG00000154309.8	ENST00000284476.7	1	0	0	0	0	0	False	False	False
SH3GLB2	ENSG00000148341.17	ENST00000372564.7	1	0	0	0	0	0	False	False	False
SIRT1	ENSG00000096717.12	ENST00000212015.11	1	0	0	0	0	0	False	False	False
SMIM15	ENSG00000188725.8	ENST00000339020.8	1	5	0	0	0	5	True	False	True
TCF3	ENSG00000071564.17	ENST00000262965.12	1	1	0	0	0	1	True	False	True
VTI1A	ENSG00000151532.13	ENST00000393077.2	1	0	0	0	0	0	False	False	False
ATP6V0E1	ENSG00000113732.9	ENST00000519374.6	1	4	0	0	0	4	True	False	True
DPCD	ENSG00000166171.13	ENST00000370151.9	1	0	0	0	0	0	False	False	False
MZT2B	ENSG00000152082.15	ENST00000409255.1	4	0	0	0	0	0	False	False	False
C16orf58	ENSG00000140688.17	ENST00000327237.7	1	0	0	0	0	0	False	False	False
FP565260.2	ENSG00000276612.3	ENST00000623476.2	4	0	0	0	0	0	False	False	False
GGPS1	ENSG00000152904.11	ENST00000282841.9	1	0	0	0	0	0	False	False	False
GID8	ENSG00000101193.8	ENST00000266069.5	1	0	0	0	0	0	False	False	False
HARS2	ENSG00000112855.17	ENST00000230771.9	1	0	0	0	0	0	False	False	False
LDB1	ENSG00000198728.11	ENST00000673968.1	1	0	0	0	0	0	False	False	False
PINK1	ENSG00000158828.8	ENST00000321556.5	1	0	0	0	0	0	False	False	False
RFX7	ENSG00000181827.15	ENST00000673874.1	1	0	0	0	0	0	False	False	False
SPAG7	ENSG00000091640.8	ENST00000206020.8	1	0	0	0	0	0	False	False	False
SVIL	ENSG00000197321.15	ENST00000355867.8	2	0	0	0	0	0	False	False	False
TDRD9	ENSG00000156414.19	ENST00000409874.9	1	0	0	0	0	0	False	False	False
TOMM5	ENSG00000175768.13	ENST00000321301.7	1	2	0	0	0	2	True	False	True
ZKSCAN7	ENSG00000196345.13	ENST00000273320.7	2	0	0	0	0	0	False	False	False
CAPN7	ENSG00000131375.10	ENST00000253693.7	1	0	0	0	0	0	False	False	False
CUL5	ENSG00000166266.14	ENST00000393094.7	1	0	0	0	0	0	False	False	False
MAD1L1	ENSG00000002822.15	ENST00000406869.5	3	0	1	0	0	1	False	True	True
MAGOHB	ENSG00000111196.10	ENST00000320756.7	1	0	1	0	0	1	False	True	True
MED15	ENSG00000099917.17	ENST00000263205.11	1	2	0	0	0	2	True	False	True
OSBPL2	ENSG00000130703.17	ENST00000313733.9	1	0	0	0	0	0	False	False	False
RBBP8	ENSG00000101773.19	ENST00000399722.6	1	2	1	0	0	3	True	True	True
SCOC	ENSG00000153130.17	ENST00000608372.5	2	2	0	0	0	2	True	False	True
TMEM126B	ENSG00000171204.13	ENST00000358867.11	1	1	0	0	0	1	True	False	True
TMEM168	ENSG00000146802.13	ENST00000312814.11	1	0	0	0	0	0	False	False	False
TRAPPC10	ENSG00000160218.13	ENST00000291574.9	1	0	0	0	0	0	False	False	False
DIAPH2	ENSG00000147202.18	ENST00000373049.8	1	1	0	0	0	1	True	False	True
ERI1	ENSG00000104626.15	ENST00000250263.8	1	0	0	0	0	0	False	False	False
TGIF1	ENSG00000177426.21	ENST00000343820.10	1	1	0	0	0	1	True	False	True
TMEM41B	ENSG00000166471.11	ENST00000528080.6	1	0	0	0	0	0	False	False	False
WDR45	ENSG00000196998.19	ENST00000634944.1	3	0	1	0	0	1	False	True	True
ZNF814	ENSG00000204514.10	ENST00000435989.7	4	0	0	0	0	0	False	False	False
APOL2	ENSG00000128335.14	ENST00000249066.10	1	0	0	0	0	0	False	False	False
ATG4B	ENSG00000168397.17	ENST00000404914.8	1	0	0	0	0	0	False	False	False
C1RL	ENSG00000139178.11	ENST00000266542.9	1	0	0	0	0	0	False	False	False
DVL3	ENSG00000161202.20	ENST00000313143.9	1	0	0	0	0	0	False	False	False
FBXO28	ENSG00000143756.12	ENST00000366862.10	1	0	0	0	0	0	False	False	False
HPF1	ENSG00000056050.7	ENST00000393381.3	1	1	0	0	0	1	True	False	True
NSUN5	ENSG00000130305.17	ENST00000438747.7	2	0	0	0	0	0	False	False	False
PAPPA	ENSG00000182752.10	ENST00000328252.4	1	0	0	0	0	0	False	False	False
RFLNA	ENSG00000178882.15	ENST00000546355.4	1	0	0	0	0	0	False	False	False
TVP23B	ENSG00000171928.14	ENST00000307767.13	4	3	1	0	0	4	True	True	True
VPS25	ENSG00000131475.7	ENST00000253794.7	1	1	0	0	0	1	True	False	True
AC069503.2	ENSG00000256950.2	ENST00000546333.1	3	0	0	0	0	0	False	False	False
AK1	ENSG00000106992.19	ENST00000644144.2	3	0	0	0	0	0	False	False	False
BAG3	ENSG00000151929.10	ENST00000369085.8	1	0	0	0	0	0	False	False	False
ENTR1	ENSG00000165689.17	ENST00000298537.11	1	2	0	0	0	2	True	False	True
GFPT2	ENSG00000131459.13	ENST00000253778.13	1	0	0	0	0	0	False	False	False
KHDC4	ENSG00000132680.11	ENST00000368321.8	1	0	0	0	0	0	False	False	False
RAB23	ENSG00000112210.12	ENST00000468148.6	1	0	0	0	0	0	False	False	False
SCUBE1	ENSG00000159307.19	ENST00000360835.9	1	0	0	0	0	0	False	False	False
TENT4A	ENSG00000112941.14	ENST00000631941.2	1	0	0	0	0	0	False	False	False
USHBP1	ENSG00000130307.12	ENST00000252597.8	3	0	0	0	0	0	False	False	False
AC138894.1	ENSG00000261832.6	ENST00000635887.1	3	0	0	0	0	0	False	False	False
FGFR1	ENSG00000077782.21	ENST00000532791.5	1	0	0	0	0	0	False	False	False
PCSK9	ENSG00000169174.11	ENST00000302118.5	1	0	0	0	0	0	False	False	False
URM1	ENSG00000167118.11	ENST00000372853.9	1	0	0	0	0	0	False	False	False
CEP112	ENSG00000154240.17	ENST00000392769.6	2	0	0	0	0	0	False	False	False
ENOPH1	ENSG00000145293.16	ENST00000273920.8	1	1	0	0	0	1	True	False	True
FMNL1	ENSG00000184922.14	ENST00000331495.8	1	0	0	0	0	0	False	False	False
GALE	ENSG00000117308.15	ENST00000617979.5	1	0	0	0	0	0	False	False	False
MED23	ENSG00000112282.18	ENST00000368068.8	1	0	0	0	0	0	False	False	False
TAX1BP3	ENSG00000213977.8	ENST00000225525.4	3	0	0	0	0	0	False	False	False
HGSNAT	ENSG00000165102.15	ENST00000379644.9	1	0	0	0	0	0	False	False	False
NDUFAF1	ENSG00000137806.9	ENST00000260361.9	1	1	0	0	0	1	True	False	True
ORC6	ENSG00000091651.9	ENST00000219097.7	1	0	0	0	0	0	False	False	False
PHF5A	ENSG00000100410.8	ENST00000216252.4	1	5	0	0	0	5	True	False	True
SETD7	ENSG00000145391.13	ENST00000274031.7	1	0	0	0	0	0	False	False	False
C3	ENSG00000125730.17	ENST00000245907.11	1	0	0	0	0	0	False	False	False
COIL	ENSG00000121058.5	ENST00000240316.5	1	1	0	0	1	2	True	False	True
GSTCD	ENSG00000138780.15	ENST00000515279.6	1	0	0	0	0	0	False	False	False
OBI1	ENSG00000152193.8	ENST00000282003.7	1	0	0	0	0	0	False	False	False
PNPLA2	ENSG00000177666.17	ENST00000336615.9	1	0	0	0	0	0	False	False	False
PPP1R13L	ENSG00000104881.16	ENST00000360957.10	1	0	0	0	0	0	False	False	False
UBXN2A	ENSG00000173960.14	ENST00000309033.5	1	4	0	0	0	4	True	False	True
ACSM3	ENSG00000005187.12	ENST00000289416.10	1	0	0	0	0	0	False	False	False
CANT1	ENSG00000171302.17	ENST00000302345.6	1	1	0	0	0	1	True	False	True
ETNK1	ENSG00000139163.16	ENST00000266517.9	1	1	0	0	0	1	True	False	True
H4C1	ENSG00000278637.2	ENST00000617569.2	1	0	0	0	0	0	False	False	False
NFATC3	ENSG00000072736.19	ENST00000346183.8	1	0	0	0	0	0	False	False	False
PDE2A	ENSG00000186642.16	ENST00000444035.6	1	0	0	0	0	0	False	False	False
PGAM5	ENSG00000247077.7	ENST00000498926.7	1	1	0	0	0	1	True	False	True
TDP2	ENSG00000111802.14	ENST00000378198.9	1	0	0	0	0	0	False	False	False
UTY	ENSG00000183878.15	ENST00000545955.5	4	0	0	0	0	0	False	False	False
ZCRB1	ENSG00000139168.8	ENST00000266529.8	1	2	0	0	1	3	True	False	True
AKIRIN2	ENSG00000135334.9	ENST00000257787.6	1	0	0	0	0	0	False	False	False
FAH	ENSG00000103876.13	ENST00000407106.5	1	0	0	0	0	0	False	False	False
FHOD1	ENSG00000135723.14	ENST00000258201.9	1	0	0	0	0	0	False	False	False
NUDT6	ENSG00000170917.14	ENST00000304430.10	1	0	0	0	0	0	False	False	False
TMED4	ENSG00000158604.15	ENST00000457408.7	1	0	0	0	0	0	False	False	False
BAX	ENSG00000087088.20	ENST00000345358.12	1	0	0	0	0	0	False	False	False
CIB1	ENSG00000185043.12	ENST00000328649.11	1	0	0	0	0	0	False	False	False
MEST	ENSG00000106484.16	ENST00000341441.9	1	4	0	0	0	4	True	False	True
NKAIN3	ENSG00000185942.11	ENST00000523211.5	2	0	0	0	0	0	False	False	False
NUDT9	ENSG00000170502.13	ENST00000473942.5	1	1	0	0	0	1	True	False	True
RALGAPA1	ENSG00000174373.16	ENST00000307138.10	2	0	0	0	0	0	False	False	False
TMEM259	ENSG00000182087.14	ENST00000356663.8	1	0	0	0	0	0	False	False	False
VPS28	ENSG00000160948.14	ENST00000292510.6	1	0	0	0	0	0	False	False	False
ZNF330	ENSG00000109445.11	ENST00000262990.9	1	0	0	0	0	0	False	False	False
ATN1	ENSG00000111676.15	ENST00000396684.3	1	0	0	0	0	0	False	False	False
GYG1	ENSG00000163754.18	ENST00000296048.10	1	2	1	0	0	3	True	True	True
NEU1	ENSG00000204386.11	ENST00000375631.5	1	0	0	0	0	0	False	False	False
PPM1A	ENSG00000100614.18	ENST00000395076.9	1	1	0	0	0	1	True	False	True
TNPO2	ENSG00000105576.15	ENST00000450764.6	1	0	0	0	0	0	False	False	False
ZDHHC20	ENSG00000180776.15	ENST00000400590.7	1	4	0	0	1	5	True	False	True
ALMS1	ENSG00000116127.18	ENST00000613296.5	1	0	0	0	0	0	False	False	False
ARL14EPL	ENSG00000268223.5	ENST00000601302.3	2	0	0	0	0	0	False	False	False
DDX31	ENSG00000125485.17	ENST00000372159.7	1	0	0	0	0	0	False	False	False
EEF1E1	ENSG00000124802.12	ENST00000379715.10	3	1	0	0	0	1	True	False	True
H2BC8	ENSG00000273802.2	ENST00000541790.3	1	0	0	0	0	0	False	False	False
SAMD4B	ENSG00000179134.15	ENST00000314471.10	1	0	0	0	0	0	False	False	False
SIVA1	ENSG00000184990.13	ENST00000329967.11	1	0	0	0	0	0	False	False	False
SLC6A8	ENSG00000130821.16	ENST00000253122.10	1	0	0	0	1	1	False	False	True
AC091551.1	ENSG00000267699.2	ENST00000590722.2	3	0	0	0	0	0	False	False	False
DMAP1	ENSG00000178028.14	ENST00000372289.7	1	0	0	0	0	0	False	False	False
KIF3B	ENSG00000101350.8	ENST00000375712.4	1	0	0	0	0	0	False	False	False
NIN	ENSG00000100503.24	ENST00000245441.9	1	0	0	0	0	0	False	False	False
SNX12	ENSG00000147164.12	ENST00000622277.4	1	0	0	0	0	0	False	False	False
UBOX5	ENSG00000185019.17	ENST00000217173.7	1	0	0	0	0	0	False	False	False
UQCRHL	ENSG00000233954.6	ENST00000483273.2	4	0	0	0	0	0	False	False	False
APEX2	ENSG00000169188.5	ENST00000374987.4	1	0	0	0	0	0	False	False	False
CCDC39	ENSG00000284862.3	ENST00000476379.6	1	0	0	0	0	0	False	False	False
CEP83	ENSG00000173588.15	ENST00000397809.10	1	0	0	0	0	0	False	False	False
CRELD2	ENSG00000184164.14	ENST00000407217.7	1	0	0	0	0	0	False	False	False
DNAH6	ENSG00000115423.19	ENST00000389394.8	2	0	0	0	0	0	False	False	False
LSM4	ENSG00000130520.11	ENST00000593829.6	1	0	0	0	0	0	False	False	False
MATN2	ENSG00000132561.14	ENST00000254898.7	1	0	0	0	0	0	False	False	False
PEX5	ENSG00000139197.10	ENST00000455147.6	1	1	0	0	0	1	True	False	True
AIFM2	ENSG00000042286.15	ENST00000613322.4	1	0	0	0	0	0	False	False	False
ANKS1A	ENSG00000064999.15	ENST00000649117.1	1	0	0	0	0	0	False	False	False
BRCC3	ENSG00000185515.14	ENST00000369462.5	1	1	0	0	0	1	True	False	True
FKBP11	ENSG00000134285.11	ENST00000550765.6	1	0	0	0	0	0	False	False	False
MED16	ENSG00000175221.15	ENST00000312090.10	1	0	0	0	0	0	False	False	False
MOB1B	ENSG00000173542.9	ENST00000309395.7	1	0	0	0	0	0	False	False	False
CDCA5	ENSG00000146670.10	ENST00000275517.8	1	0	0	0	0	0	False	False	False
CDYL	ENSG00000153046.18	ENST00000397588.8	1	1	2	0	0	3	True	True	True
CNN1	ENSG00000130176.8	ENST00000252456.7	1	0	0	0	0	0	False	False	False
EPM2AIP1	ENSG00000178567.8	ENST00000322716.8	1	0	0	0	0	0	False	False	False
FAS	ENSG00000026103.22	ENST00000652046.1	1	0	0	0	0	0	False	False	False
PLCD3	ENSG00000161714.12	ENST00000619929.5	1	0	0	0	0	0	False	False	False
RBL2	ENSG00000103479.16	ENST00000262133.11	1	0	0	0	0	0	False	False	False
SMURF1	ENSG00000198742.9	ENST00000361368.6	1	0	0	0	0	0	False	False	False
BAZ2B	ENSG00000123636.18	ENST00000392783.7	1	0	0	0	0	0	False	False	False
BSCL2	ENSG00000168000.14	ENST00000360796.9	3	0	0	0	0	0	False	False	False
DHRS3	ENSG00000162496.9	ENST00000616661.5	1	0	0	0	0	0	False	False	False
KRT10	ENSG00000186395.8	ENST00000269576.6	1	0	0	0	0	0	False	False	False
LPCAT2	ENSG00000087253.13	ENST00000262134.10	1	0	0	1	0	1	False	False	True
SESTD1	ENSG00000187231.14	ENST00000428443.8	1	0	0	0	0	0	False	False	False
TMEM106C	ENSG00000134291.12	ENST00000429772.7	1	0	0	0	0	0	False	False	False
GMPPA	ENSG00000144591.19	ENST00000358215.8	1	0	0	0	0	0	False	False	False
GRPEL1	ENSG00000109519.13	ENST00000264954.5	1	0	2	0	1	3	False	True	True
LMBR1	ENSG00000105983.22	ENST00000353442.10	1	0	0	0	0	0	False	False	False
SLC25A46	ENSG00000164209.17	ENST00000355943.8	1	0	0	0	0	0	False	False	False
ZPR1	ENSG00000109917.11	ENST00000227322.8	1	1	0	0	0	1	True	False	True
CD82	ENSG00000085117.12	ENST00000227155.9	1	0	0	0	0	0	False	False	False
DMAC1	ENSG00000137038.8	ENST00000358227.5	1	1	0	0	0	1	True	False	True
FAM20B	ENSG00000116199.12	ENST00000263733.5	1	1	0	0	0	1	True	False	True
RNF212	ENSG00000178222.13	ENST00000433731.7	1	0	0	0	0	0	False	False	False
TMEM69	ENSG00000159596.7	ENST00000372025.5	1	2	0	0	0	2	True	False	True
CFAP20	ENSG00000070761.8	ENST00000262498.8	1	0	0	0	0	0	False	False	False
CFDP1	ENSG00000153774.9	ENST00000283882.4	1	0	0	0	0	0	False	False	False
LUM	ENSG00000139329.5	ENST00000266718.5	1	0	0	0	0	0	False	False	False
PARP16	ENSG00000138617.15	ENST00000261888.10	3	0	0	0	0	0	False	False	False
RETREG2	ENSG00000144567.11	ENST00000430297.7	1	0	0	0	0	0	False	False	False
TERF2	ENSG00000132604.11	ENST00000254942.8	1	0	0	0	0	0	False	False	False
TMEM101	ENSG00000091947.10	ENST00000589334.5	1	0	0	0	0	0	False	False	False
TUBA4B	ENSG00000243910.8	ENST00000490341.3	4	0	0	0	0	0	False	False	False
ZNF81	ENSG00000197779.13	ENST00000376954.5	1	0	0	0	0	0	False	False	False
ARPP19	ENSG00000128989.10	ENST00000566423.5	1	2	0	0	0	2	True	False	True
ERVK3-1	ENSG00000142396.10	ENST00000413518.5	3	0	0	0	0	0	False	False	False
FAM3C	ENSG00000196937.11	ENST00000359943.8	2	0	0	0	0	0	False	False	False
FOSL2	ENSG00000075426.12	ENST00000264716.9	1	0	0	0	0	0	False	False	False
S100PBP	ENSG00000116497.18	ENST00000373475.10	1	0	0	0	0	0	False	False	False
TMA7	ENSG00000232112.3	ENST00000438607.2	2	0	0	0	0	0	False	False	False
URGCP	ENSG00000106608.16	ENST00000402306.7	1	0	0	0	0	0	False	False	False
ATP6V1G1	ENSG00000136888.7	ENST00000374050.4	1	4	1	0	0	5	True	True	True
CCDC90B	ENSG00000137500.9	ENST00000529689.5	1	1	0	0	0	1	True	False	True
IFT172	ENSG00000138002.15	ENST00000260570.8	1	0	0	0	0	0	False	False	False
MRPL46	ENSG00000259494.2	ENST00000312475.5	3	0	0	0	0	0	False	False	False
MVB12A	ENSG00000141971.13	ENST00000317040.12	1	0	0	0	0	0	False	False	False
QTRT2	ENSG00000151576.10	ENST00000281273.8	1	0	0	0	0	0	False	False	False
ZNF544	ENSG00000198131.14	ENST00000269829.5	1	0	0	0	0	0	False	False	False
CRKL	ENSG00000099942.13	ENST00000354336.8	1	0	0	0	0	0	False	False	False
GPKOW	ENSG00000068394.11	ENST00000156109.7	1	0	0	0	0	0	False	False	False
MAPK9	ENSG00000050748.17	ENST00000452135.6	1	0	0	0	0	0	False	False	False
MZT2A	ENSG00000173272.16	ENST00000309451.7	4	0	0	0	0	0	False	False	False
PARP8	ENSG00000151883.19	ENST00000281631.10	1	0	0	0	0	0	False	False	False
POMK	ENSG00000185900.10	ENST00000331373.10	1	0	1	0	0	1	False	True	True
POP1	ENSG00000104356.11	ENST00000401707.7	1	0	0	0	0	0	False	False	False
SDC1	ENSG00000115884.11	ENST00000381150.5	1	0	0	0	0	0	False	False	False
TRIP4	ENSG00000103671.10	ENST00000261884.8	1	1	0	0	0	1	True	False	True
ZNF217	ENSG00000171940.13	ENST00000371471.6	1	0	0	0	0	0	False	False	False
ZNF28	ENSG00000198538.11	ENST00000457749.7	4	0	0	0	0	0	False	False	False
CENPL	ENSG00000120334.15	ENST00000345664.10	1	0	0	0	1	1	False	False	True
NBPF9	ENSG00000269713.7	ENST00000615421.4	4	0	0	0	0	0	False	False	False
PEX19	ENSG00000162735.18	ENST00000368072.9	1	0	0	0	0	0	False	False	False
REEP4	ENSG00000168476.12	ENST00000306306.8	1	0	0	0	0	0	False	False	False
SIPA1L3	ENSG00000105738.11	ENST00000222345.11	1	0	0	0	0	0	False	False	False
TENT2	ENSG00000164329.13	ENST00000423041.6	1	0	0	0	0	0	False	False	False
THUMPD1	ENSG00000066654.14	ENST00000396083.7	1	1	0	0	0	1	True	False	True
YIPF4	ENSG00000119820.11	ENST00000238831.9	1	0	0	0	0	0	False	False	False
ABHD14A	ENSG00000248487.9	ENST00000273596.8	1	0	0	0	0	0	False	False	False
ADI1	ENSG00000182551.14	ENST00000327435.11	1	2	0	0	0	2	True	False	True
DMXL2	ENSG00000104093.13	ENST00000543779.6	1	0	0	0	0	0	False	False	False
HRH1	ENSG00000196639.6	ENST00000397056.1	3	0	0	0	0	0	False	False	False
MCPH1	ENSG00000147316.13	ENST00000344683.10	1	0	0	0	0	0	False	False	False
PEF1	ENSG00000162517.13	ENST00000373703.5	1	1	0	0	0	1	True	False	True
SLC50A1	ENSG00000169241.19	ENST00000368404.9	1	0	0	0	0	0	False	False	False
TBC1D10B	ENSG00000169221.14	ENST00000409939.8	1	0	0	0	0	0	False	False	False
TRIM26	ENSG00000234127.9	ENST00000454678.7	1	0	0	0	0	0	False	False	False
TWNK	ENSG00000107815.10	ENST00000311916.8	1	0	0	0	0	0	False	False	False
TXNRD2	ENSG00000184470.21	ENST00000400521.7	1	0	0	0	0	0	False	False	False
ELP6	ENSG00000163832.16	ENST00000296149.9	1	0	0	0	0	0	False	False	False
EPDR1	ENSG00000086289.12	ENST00000199448.9	1	2	0	0	0	2	True	False	True
HEBP1	ENSG00000013583.10	ENST00000014930.9	1	0	0	0	0	0	False	False	False
KIAA1109	ENSG00000138688.15	ENST00000264501.8	1	0	0	0	0	0	False	False	False
RPS28	ENSG00000233927.5	ENST00000600659.3	2	7	0	0	1	8	True	False	True
SERPINB1	ENSG00000021355.13	ENST00000380739.6	1	0	0	0	0	0	False	False	False
SNTB2	ENSG00000168807.16	ENST00000336278.8	1	0	0	0	0	0	False	False	False
DPH5	ENSG00000117543.21	ENST00000370109.8	1	0	0	0	0	0	False	False	False
GINM1	ENSG00000055211.14	ENST00000367419.10	1	0	0	0	0	0	False	False	False
KCNK1	ENSG00000135750.15	ENST00000366621.8	1	0	0	0	0	0	False	False	False
PHC3	ENSG00000173889.16	ENST00000495893.7	1	0	0	0	0	0	False	False	False
SIN3B	ENSG00000127511.9	ENST00000248054.9	1	0	0	0	0	0	False	False	False
ABTB2	ENSG00000166016.6	ENST00000435224.3	1	0	0	0	0	0	False	False	False
CEP44	ENSG00000164118.13	ENST00000503780.6	1	0	0	0	0	0	False	False	False
COA6	ENSG00000168275.16	ENST00000366612.1	1	0	0	0	0	0	False	False	False
GAS1	ENSG00000180447.7	ENST00000298743.9	1	0	0	0	0	0	False	False	False
HSD17B11	ENSG00000198189.11	ENST00000358290.9	1	0	0	0	0	0	False	False	False
HTRA2	ENSG00000115317.11	ENST00000258080.7	1	0	0	0	0	0	False	False	False
MEIS1	ENSG00000143995.20	ENST00000272369.14	1	0	0	0	0	0	False	False	False
PFDN4	ENSG00000101132.10	ENST00000371419.7	1	2	0	0	0	2	True	False	True
PGGT1B	ENSG00000164219.10	ENST00000419445.6	1	2	0	0	0	2	True	False	True
SYT12	ENSG00000173227.14	ENST00000393946.6	1	0	0	0	0	0	False	False	False
TMEM189	ENSG00000240849.11	ENST00000371652.9	3	0	0	0	0	0	False	False	False
TMEM97	ENSG00000109084.14	ENST00000226230.8	1	2	0	0	0	2	True	False	True
TWSG1	ENSG00000128791.12	ENST00000262120.10	1	0	0	0	0	0	False	False	False
BABAM1	ENSG00000105393.16	ENST00000359435.8	3	0	0	0	0	0	False	False	False
BLOC1S6	ENSG00000104164.12	ENST00000220531.9	1	1	0	0	0	1	True	False	True
DNAJC5	ENSG00000101152.11	ENST00000360864.9	1	1	0	0	0	1	True	False	True
KLHDC10	ENSG00000128607.14	ENST00000335420.10	1	0	0	0	0	0	False	False	False
MAP3K4	ENSG00000085511.20	ENST00000392142.9	1	0	0	0	0	0	False	False	False
MLST8	ENSG00000167965.18	ENST00000564088.5	1	0	0	0	0	0	False	False	False
RPP38	ENSG00000152464.15	ENST00000616640.1	1	0	0	0	0	0	False	False	False
SNAPC1	ENSG00000023608.5	ENST00000216294.5	1	1	0	0	0	1	True	False	True
STK39	ENSG00000198648.11	ENST00000355999.5	1	1	0	0	0	1	True	False	True
CHUK	ENSG00000213341.11	ENST00000370397.8	1	0	0	0	0	0	False	False	False
GMPR2	ENSG00000100938.17	ENST00000355299.8	1	0	0	0	0	0	False	False	False
MRPS17	ENSG00000239789.6	ENST00000285298.9	3	2	0	0	1	3	True	False	True
NAB1	ENSG00000138386.17	ENST00000337386.10	1	1	0	0	0	1	True	False	True
NARF	ENSG00000141562.18	ENST00000309794.16	1	0	0	0	0	0	False	False	False
RAPGEF6	ENSG00000158987.21	ENST00000296859.10	3	0	0	0	1	1	False	False	True
SLC47A1	ENSG00000142494.13	ENST00000270570.8	1	0	0	0	0	0	False	False	False
ZNF771	ENSG00000179965.12	ENST00000319296.10	1	0	0	0	0	0	False	False	False
CDKN3	ENSG00000100526.20	ENST00000335183.11	1	0	0	0	0	0	False	False	False
CEP350	ENSG00000135837.16	ENST00000367607.8	1	0	0	0	0	0	False	False	False
COG6	ENSG00000133103.17	ENST00000455146.8	1	0	0	0	0	0	False	False	False
HMG20A	ENSG00000140382.15	ENST00000381714.7	1	0	0	0	0	0	False	False	False
METTL14	ENSG00000145388.15	ENST00000388822.10	1	0	0	0	0	0	False	False	False
SASS6	ENSG00000156876.10	ENST00000287482.6	1	0	0	0	0	0	False	False	False
TROAP	ENSG00000135451.13	ENST00000257909.8	1	0	0	0	0	0	False	False	False
TTC9C	ENSG00000162222.14	ENST00000316461.9	1	0	0	0	0	0	False	False	False
TXNIP	ENSG00000265972.6	ENST00000582401.6	1	0	0	0	0	0	False	False	False
ZBTB44	ENSG00000196323.14	ENST00000527478.6	1	0	0	0	0	0	False	False	False
ATP5F1D	ENSG00000099624.8	ENST00000215375.7	1	0	0	0	0	0	False	False	False
CLN3	ENSG00000188603.20	ENST00000569430.6	3	0	0	0	0	0	False	False	False
HSPB11	ENSG00000081870.11	ENST00000194214.9	1	0	0	0	0	0	False	False	False
KIAA1522	ENSG00000162522.11	ENST00000401073.7	1	0	0	0	0	0	False	False	False
NSD3	ENSG00000147548.17	ENST00000317025.13	1	2	0	0	0	2	True	False	True
PCNT	ENSG00000160299.17	ENST00000359568.10	1	0	0	0	0	0	False	False	False
PCNX3	ENSG00000197136.4	ENST00000355703.3	1	0	0	0	0	0	False	False	False
PDGFC	ENSG00000145431.11	ENST00000502773.6	1	0	0	0	0	0	False	False	False
RAD51	ENSG00000051180.17	ENST00000267868.8	1	0	0	0	0	0	False	False	False
SGO1	ENSG00000129810.15	ENST00000263753.8	1	2	0	0	0	2	True	False	True
TFAP2A	ENSG00000137203.14	ENST00000379608.8	1	0	0	0	0	0	False	False	False
TTC8	ENSG00000165533.18	ENST00000622513.4	1	0	0	0	0	0	False	False	False
WBP2	ENSG00000132471.12	ENST00000591399.5	1	3	0	0	0	3	True	False	True
XRRA1	ENSG00000166435.15	ENST00000340360.10	1	0	0	0	0	0	False	False	False
AL355315.1	ENSG00000249967.1	ENST00000370649.3	3	0	0	0	0	0	False	False	False
FAM216A	ENSG00000204856.12	ENST00000377673.10	1	0	0	0	0	0	False	False	False
NR2F1	ENSG00000175745.14	ENST00000327111.8	1	0	0	0	0	0	False	False	False
NUP210	ENSG00000132182.12	ENST00000254508.7	1	0	0	0	0	0	False	False	False
PBXIP1	ENSG00000163346.17	ENST00000368463.8	1	0	0	0	0	0	False	False	False
RAD9A	ENSG00000172613.8	ENST00000307980.7	3	0	0	0	0	0	False	False	False
SBNO2	ENSG00000064932.16	ENST00000361757.8	1	0	0	0	0	0	False	False	False
VPS8	ENSG00000156931.15	ENST00000625842.2	1	0	0	0	0	0	False	False	False
ANAPC16	ENSG00000166295.9	ENST00000621663.4	1	0	0	0	0	0	False	False	False
ATP11A	ENSG00000068650.18	ENST00000487903.5	1	0	0	0	0	0	False	False	False
CHMP1A	ENSG00000131165.15	ENST00000397901.8	1	1	0	0	0	1	True	False	True
DCTN6	ENSG00000104671.8	ENST00000221114.8	1	1	0	0	0	1	True	False	True
GDAP1	ENSG00000104381.13	ENST00000220822.12	1	0	0	0	0	0	False	False	False
LMTK2	ENSG00000164715.6	ENST00000297293.6	1	0	0	0	0	0	False	False	False
MTF2	ENSG00000143033.18	ENST00000370298.9	1	0	0	0	0	0	False	False	False
TRMT11	ENSG00000066651.20	ENST00000334379.11	1	2	0	0	0	2	True	False	True
ZNF503	ENSG00000165655.17	ENST00000372524.5	1	0	0	0	0	0	False	False	False
ALKBH3	ENSG00000166199.13	ENST00000302708.9	1	0	0	0	0	0	False	False	False
BCAR3	ENSG00000137936.18	ENST00000260502.11	1	0	0	0	0	0	False	False	False
C12orf57	ENSG00000111678.11	ENST00000229281.6	1	1	0	0	0	1	True	False	True
GAA	ENSG00000171298.13	ENST00000302262.8	1	0	0	0	0	0	False	False	False
MRPL35	ENSG00000132313.15	ENST00000337109.9	1	3	0	0	0	3	True	False	True
SRRM5	ENSG00000226763.5	ENST00000417606.3	1	0	0	0	0	0	False	False	False
TNKS1BP1	ENSG00000149115.14	ENST00000532437.1	1	0	0	0	0	0	False	False	False
TPRKB	ENSG00000144034.16	ENST00000272424.11	1	2	0	0	0	2	True	False	True
ETFDH	ENSG00000171503.12	ENST00000511912.6	1	0	0	0	0	0	False	False	False
FAM189A1	ENSG00000104059.4	ENST00000261275.4	1	0	0	0	0	0	False	False	False
KALRN	ENSG00000160145.15	ENST00000360013.7	2	0	0	0	0	0	False	False	False
PDCD5	ENSG00000105185.12	ENST00000590247.7	1	2	0	0	0	2	True	False	True
WRNIP1	ENSG00000124535.16	ENST00000380773.9	1	0	0	0	0	0	False	False	False
ZNF512	ENSG00000243943.10	ENST00000355467.6	1	0	0	0	0	0	False	False	False
ELP4	ENSG00000109911.19	ENST00000640961.2	1	0	0	0	0	0	False	False	False
ISG15	ENSG00000187608.10	ENST00000649529.1	1	0	0	0	0	0	False	False	False
SH3BGRL	ENSG00000131171.13	ENST00000373212.6	1	0	0	0	0	0	False	False	False
TTF1	ENSG00000125482.13	ENST00000334270.3	1	0	0	0	0	0	False	False	False
ADAMTS8	ENSG00000134917.10	ENST00000257359.7	1	0	0	0	0	0	False	False	False
CDIPT	ENSG00000103502.14	ENST00000219789.11	1	0	0	0	0	0	False	False	False
CMTM6	ENSG00000091317.8	ENST00000205636.4	1	1	0	0	2	3	True	False	True
PDPK1	ENSG00000140992.19	ENST00000342085.9	2	0	0	0	0	0	False	False	False
RARA	ENSG00000131759.18	ENST00000254066.10	1	0	0	0	0	0	False	False	False
TRIT1	ENSG00000043514.17	ENST00000316891.10	1	0	0	0	0	0	False	False	False
VEZF1	ENSG00000136451.9	ENST00000581208.2	1	0	0	0	0	0	False	False	False
AVL9	ENSG00000105778.19	ENST00000318709.9	1	0	0	0	0	0	False	False	False
C5orf24	ENSG00000181904.9	ENST00000394976.4	1	0	0	0	0	0	False	False	False
EPG5	ENSG00000152223.15	ENST00000282041.11	1	0	0	0	0	0	False	False	False
INTS6	ENSG00000102786.15	ENST00000311234.9	1	0	0	0	0	0	False	False	False
OGFRL1	ENSG00000119900.9	ENST00000370435.5	1	0	0	0	0	0	False	False	False
SNX27	ENSG00000143376.14	ENST00000458013.7	1	0	0	0	0	0	False	False	False
XPNPEP3	ENSG00000196236.13	ENST00000357137.9	1	0	0	0	0	0	False	False	False
ZC3H4	ENSG00000130749.10	ENST00000253048.10	1	0	0	0	0	0	False	False	False
ZNF664	ENSG00000179195.16	ENST00000539644.5	1	0	0	0	0	0	False	False	False
ANAPC15	ENSG00000110200.8	ENST00000227618.8	1	1	0	0	0	1	True	False	True
BTRC	ENSG00000166167.18	ENST00000370187.8	1	0	0	0	1	1	False	False	True
CRK	ENSG00000167193.8	ENST00000300574.3	1	0	0	0	0	0	False	False	False
LSM14B	ENSG00000149657.20	ENST00000279068.11	1	0	0	0	0	0	False	False	False
MCM8	ENSG00000125885.13	ENST00000610722.4	3	0	0	0	0	0	False	False	False
RNASEH1	ENSG00000171865.10	ENST00000315212.4	3	3	0	0	0	3	True	False	True
APIP	ENSG00000149089.13	ENST00000395787.4	2	1	0	0	0	1	True	False	True
CLUAP1	ENSG00000103351.13	ENST00000576634.6	1	0	0	0	0	0	False	False	False
DGUOK	ENSG00000114956.20	ENST00000264093.9	1	0	0	0	0	0	False	False	False
NACC2	ENSG00000148411.8	ENST00000277554.4	1	0	0	0	0	0	False	False	False
REV3L	ENSG00000009413.16	ENST00000358835.7	1	0	0	0	0	0	False	False	False
SECISBP2L	ENSG00000138593.9	ENST00000559471.6	1	0	0	0	0	0	False	False	False
CCDC124	ENSG00000007080.11	ENST00000597436.5	1	0	0	0	0	0	False	False	False
CELSR1	ENSG00000075275.17	ENST00000262738.8	1	0	0	0	0	0	False	False	False
DCAF16	ENSG00000163257.11	ENST00000382247.6	1	0	0	0	0	0	False	False	False
DHX37	ENSG00000150990.8	ENST00000308736.7	1	0	0	0	0	0	False	False	False
FEM1B	ENSG00000169018.6	ENST00000306917.5	1	0	0	0	0	0	False	False	False
MED8	ENSG00000159479.17	ENST00000372457.9	1	0	0	0	0	0	False	False	False
RTCA	ENSG00000137996.12	ENST00000370128.8	1	0	0	0	0	0	False	False	False
SCAF4	ENSG00000156304.15	ENST00000286835.12	1	0	0	0	0	0	False	False	False
SCAMP2	ENSG00000140497.16	ENST00000268099.13	1	0	0	0	0	0	False	False	False
SLC25A36	ENSG00000114120.14	ENST00000324194.12	1	1	0	0	0	1	True	False	True
UHRF1BP1L	ENSG00000111647.13	ENST00000279907.12	1	0	0	0	0	0	False	False	False
ADGRA3	ENSG00000152990.14	ENST00000334304.10	1	1	0	0	0	1	True	False	True
AK3	ENSG00000147853.17	ENST00000381809.8	1	6	1	0	0	7	True	True	True
CDCA4	ENSG00000170779.11	ENST00000336219.4	1	1	0	0	0	1	True	False	True
COQ4	ENSG00000167113.11	ENST00000300452.8	1	0	0	0	0	0	False	False	False
RNASEH2B	ENSG00000136104.21	ENST00000645188.1	1	0	0	0	0	0	False	False	False
TLCD4-RWDD3	ENSG00000271092.5	ENST00000604534.5	3	0	0	0	0	0	False	False	False
DDI2	ENSG00000197312.12	ENST00000480945.6	1	0	0	0	0	0	False	False	False
DENND1A	ENSG00000119522.16	ENST00000373624.6	1	0	0	0	0	0	False	False	False
ESF1	ENSG00000089048.14	ENST00000202816.5	1	1	0	0	0	1	True	False	True
FOPNL	ENSG00000133393.13	ENST00000255759.11	1	0	0	0	0	0	False	False	False
GGACT	ENSG00000134864.10	ENST00000376250.6	2	0	0	0	0	0	False	False	False
KAT5	ENSG00000172977.13	ENST00000341318.9	1	0	0	0	0	0	False	False	False
SMTN	ENSG00000183963.18	ENST00000333137.11	1	0	0	0	0	0	False	False	False
TMA16	ENSG00000198498.10	ENST00000358572.10	1	2	0	0	0	2	True	False	True
TXLNG	ENSG00000086712.13	ENST00000380122.10	1	0	0	0	0	0	False	False	False
WDR59	ENSG00000103091.15	ENST00000262144.11	1	1	0	0	0	1	True	False	True
BRI3	ENSG00000164713.10	ENST00000297290.4	1	3	0	0	0	3	True	False	True
GTF2E1	ENSG00000153767.10	ENST00000283875.6	1	0	0	0	0	0	False	False	False
HECTD3	ENSG00000126107.15	ENST00000372172.5	1	0	0	0	0	0	False	False	False
MRPL43	ENSG00000055950.16	ENST00000318364.12	1	0	0	0	0	0	False	False	False
NECTIN2	ENSG00000130202.10	ENST00000252483.10	1	0	0	0	0	0	False	False	False
POLR3E	ENSG00000058600.16	ENST00000299853.10	1	0	0	0	0	0	False	False	False
RAPGEF1	ENSG00000107263.18	ENST00000372195.5	1	0	0	0	0	0	False	False	False
TLE5	ENSG00000104964.15	ENST00000327141.9	1	0	0	0	0	0	False	False	False
TRIM32	ENSG00000119401.10	ENST00000450136.1	1	0	0	0	0	0	False	False	False
UPF3A	ENSG00000169062.15	ENST00000375299.8	2	3	0	0	0	3	True	False	True
ATG101	ENSG00000123395.14	ENST00000336854.8	1	0	0	0	0	0	False	False	False
CCDC58	ENSG00000160124.9	ENST00000291458.9	2	17	0	0	1	18	True	False	True
IMP3	ENSG00000177971.8	ENST00000314852.2	1	0	0	0	0	0	False	False	False
NDUFS7	ENSG00000115286.20	ENST00000233627.14	1	0	0	0	0	0	False	False	False
ZNF318	ENSG00000171467.16	ENST00000361428.3	1	0	0	0	0	0	False	False	False
ABCB9	ENSG00000150967.18	ENST00000542678.5	1	0	0	0	0	0	False	False	False
GNB5	ENSG00000069966.18	ENST00000358784.11	1	0	0	0	0	0	False	False	False
MAGOH	ENSG00000162385.11	ENST00000371470.8	1	2	0	0	0	2	True	False	True
SELENOS	ENSG00000131871.15	ENST00000398226.7	1	0	0	0	0	0	False	False	False
SLC25A10	ENSG00000183048.12	ENST00000350690.10	3	0	0	0	0	0	False	False	False
STARD3NL	ENSG00000010270.13	ENST00000009041.11	1	0	0	0	0	0	False	False	False
ADIPOR1	ENSG00000159346.13	ENST00000340990.10	1	1	0	0	0	1	True	False	True
ARRDC3	ENSG00000113369.9	ENST00000265138.4	1	0	0	0	0	0	False	False	False
EXOSC4	ENSG00000178896.9	ENST00000316052.6	1	0	0	0	0	0	False	False	False
HAUS7	ENSG00000213397.10	ENST00000370211.8	3	0	0	0	0	0	False	False	False
NFKB2	ENSG00000077150.20	ENST00000369966.8	1	2	0	0	0	2	True	False	True
OSBPL11	ENSG00000144909.8	ENST00000296220.6	1	0	0	0	0	0	False	False	False
PPP6R2	ENSG00000100239.16	ENST00000395744.7	1	0	0	0	0	0	False	False	False
PTPN23	ENSG00000076201.15	ENST00000265562.5	1	0	0	0	0	0	False	False	False
RMI1	ENSG00000178966.16	ENST00000325875.7	1	0	0	0	0	0	False	False	False
VPS18	ENSG00000104142.11	ENST00000220509.10	1	0	0	0	0	0	False	False	False
ZBTB1	ENSG00000126804.13	ENST00000554015.5	1	0	0	0	0	0	False	False	False
AC114490.2	ENSG00000271741.1	ENST00000487874.1	3	0	0	0	0	0	False	False	False
EXTL2	ENSG00000162694.14	ENST00000370113.7	1	0	0	0	0	0	False	False	False
FLYWCH1	ENSG00000059122.16	ENST00000253928.13	1	1	0	0	0	1	True	False	True
GOSR1	ENSG00000108587.15	ENST00000451249.6	1	0	0	0	0	0	False	False	False
LAMA2	ENSG00000196569.12	ENST00000421865.2	2	0	0	0	0	0	False	False	False
LYPLA2	ENSG00000011009.11	ENST00000374514.8	2	3	0	0	0	3	True	False	True
NRG4	ENSG00000169752.17	ENST00000394907.8	1	0	0	0	0	0	False	False	False
RAD17	ENSG00000152942.19	ENST00000509734.5	1	1	0	0	0	1	True	False	True
SELENOT	ENSG00000198843.13	ENST00000471696.6	2	2	0	0	0	2	True	False	True
SMCO4	ENSG00000166002.7	ENST00000298966.7	2	0	0	0	0	0	False	False	False
UBIAD1	ENSG00000120942.13	ENST00000376810.5	1	0	0	0	0	0	False	False	False
WASL	ENSG00000106299.8	ENST00000223023.5	1	0	0	0	0	0	False	False	False
CTDSP2	ENSG00000175215.11	ENST00000398073.7	1	1	0	0	8	9	True	False	True
INSIG1	ENSG00000186480.13	ENST00000340368.9	1	0	0	0	0	0	False	False	False
TM2D2	ENSG00000169490.17	ENST00000456397.7	1	0	0	0	0	0	False	False	False
UIMC1	ENSG00000087206.17	ENST00000511320.6	1	0	0	0	0	0	False	False	False
C2CD5	ENSG00000111731.12	ENST00000446597.5	1	0	0	0	0	0	False	False	False
CC2D2A	ENSG00000048342.16	ENST00000424120.5	1	0	0	0	0	0	False	False	False
CDC42EP1	ENSG00000128283.7	ENST00000249014.5	1	0	0	0	0	0	False	False	False
DCBLD2	ENSG00000057019.16	ENST00000326840.11	1	0	0	0	0	0	False	False	False
GNA13	ENSG00000120063.10	ENST00000439174.7	1	1	0	0	0	1	True	False	True
GRIPAP1	ENSG00000068400.13	ENST00000376423.8	1	0	0	0	0	0	False	False	False
PFDN1	ENSG00000113068.10	ENST00000261813.9	1	2	0	0	0	2	True	False	True
PNPLA3	ENSG00000100344.11	ENST00000216180.8	1	0	0	0	0	0	False	False	False
RNF121	ENSG00000137522.18	ENST00000361756.8	1	0	0	0	0	0	False	False	False
SLC11A2	ENSG00000110911.16	ENST00000644495.1	1	0	0	0	0	0	False	False	False
DOLK	ENSG00000175283.8	ENST00000372586.4	1	0	0	0	0	0	False	False	False
GM2A	ENSG00000196743.9	ENST00000357164.4	1	2	0	0	0	2	True	False	True
NF2	ENSG00000186575.19	ENST00000338641.10	1	0	0	0	0	0	False	False	False
PNO1	ENSG00000115946.8	ENST00000263657.7	1	1	0	0	0	1	True	False	True
PRKAR1B	ENSG00000188191.15	ENST00000406797.5	1	0	0	0	0	0	False	False	False
RELCH	ENSG00000134444.14	ENST00000644646.1	1	1	0	0	0	1	True	False	True
UBXN2B	ENSG00000215114.10	ENST00000399598.7	2	1	0	0	0	1	True	False	True
EFL1	ENSG00000140598.15	ENST00000268206.12	1	2	0	0	0	2	True	False	True
EMC10	ENSG00000161671.17	ENST00000376918.7	1	0	0	0	0	0	False	False	False
LZTFL1	ENSG00000163818.17	ENST00000296135.11	1	0	0	0	0	0	False	False	False
NFU1	ENSG00000169599.13	ENST00000303698.7	1	2	0	0	0	2	True	False	True
SHKBP1	ENSG00000160410.15	ENST00000291842.10	1	0	0	0	0	0	False	False	False
ZNF813	ENSG00000198346.11	ENST00000396403.9	4	0	0	0	0	0	False	False	False
GBP2	ENSG00000162645.13	ENST00000370466.4	1	0	0	0	0	0	False	False	False
HEATR3	ENSG00000155393.13	ENST00000299192.8	1	0	0	0	0	0	False	False	False
KDELR3	ENSG00000100196.11	ENST00000216014.9	1	0	0	0	0	0	False	False	False
MARCHF5	ENSG00000198060.10	ENST00000358935.3	1	0	0	0	0	0	False	False	False
POLR3B	ENSG00000013503.10	ENST00000228347.9	1	0	0	0	0	0	False	False	False
RNF220	ENSG00000187147.18	ENST00000355387.6	1	0	0	0	0	0	False	False	False
SAP130	ENSG00000136715.18	ENST00000643581.1	1	0	0	0	0	0	False	False	False
SMPD1	ENSG00000166311.10	ENST00000342245.9	1	0	0	0	0	0	False	False	False
STAT2	ENSG00000170581.14	ENST00000314128.9	1	0	0	0	0	0	False	False	False
B4GALT4	ENSG00000121578.13	ENST00000483209.5	1	0	0	0	0	0	False	False	False
FUNDC2	ENSG00000165775.18	ENST00000369498.8	2	3	0	0	0	3	True	False	True
GPX4	ENSG00000167468.17	ENST00000354171.13	1	0	0	0	0	0	False	False	False
LEMD3	ENSG00000174106.3	ENST00000308330.3	1	0	0	0	0	0	False	False	False
NSMCE4A	ENSG00000107672.15	ENST00000369023.8	1	2	0	0	0	2	True	False	True
PAM16	ENSG00000217930.8	ENST00000318059.8	3	0	0	0	0	0	False	False	False
RCOR1	ENSG00000089902.10	ENST00000262241.7	1	1	0	0	0	1	True	False	True
RIMS2	ENSG00000176406.23	ENST00000504942.6	2	0	0	0	0	0	False	False	False
RNF114	ENSG00000124226.11	ENST00000244061.6	1	0	0	0	0	0	False	False	False
ZBTB41	ENSG00000177888.7	ENST00000367405.4	1	0	0	0	0	0	False	False	False
AC008763.2	ENSG00000268400.5	ENST00000598664.5	2	0	0	0	0	0	False	False	False
AKIP1	ENSG00000166452.12	ENST00000309377.9	1	1	0	0	0	1	True	False	True
MRPL58	ENSG00000167862.10	ENST00000301585.10	1	0	0	0	0	0	False	False	False
TMEM147	ENSG00000105677.12	ENST00000222284.10	1	0	0	0	0	0	False	False	False
WDR92	ENSG00000243667.7	ENST00000295121.11	3	0	0	0	0	0	False	False	False
ABRAXAS1	ENSG00000163322.14	ENST00000321945.12	2	2	0	0	0	2	True	False	True
IL18	ENSG00000150782.12	ENST00000280357.12	1	0	0	0	0	0	False	False	False
JMJD6	ENSG00000070495.14	ENST00000397625.8	1	0	0	0	0	0	False	False	False
MAN1A1	ENSG00000111885.7	ENST00000368468.4	1	0	0	0	0	0	False	False	False
MLF1	ENSG00000178053.19	ENST00000355893.11	1	0	0	0	0	0	False	False	False
RHOT2	ENSG00000140983.14	ENST00000315082.9	1	0	0	0	0	0	False	False	False
SENP2	ENSG00000163904.13	ENST00000296257.10	1	0	0	0	0	0	False	False	False
TRMT1L	ENSG00000121486.12	ENST00000367506.10	1	0	0	0	0	0	False	False	False
ZNF598	ENSG00000167962.14	ENST00000562103.2	1	1	0	0	0	1	True	False	True
ATF2	ENSG00000115966.17	ENST00000264110.7	1	0	0	0	0	0	False	False	False
GATB	ENSG00000059691.12	ENST00000263985.11	1	0	0	0	0	0	False	False	False
KLHL22	ENSG00000099910.17	ENST00000328879.9	2	0	0	0	0	0	False	False	False
MGAT1	ENSG00000131446.16	ENST00000333055.8	1	0	0	0	0	0	False	False	False
MICA	ENSG00000204520.14	ENST00000449934.7	1	0	0	0	0	0	False	False	False
MLX	ENSG00000108788.11	ENST00000435881.6	1	1	0	0	0	1	True	False	True
NTPCR	ENSG00000135778.12	ENST00000366628.10	1	1	0	0	0	1	True	False	True
TTLL3	ENSG00000214021.16	ENST00000426895.9	1	0	0	0	0	0	False	False	False
TXN2	ENSG00000100348.10	ENST00000216185.7	1	1	0	0	0	1	True	False	True
BARD1	ENSG00000138376.11	ENST00000260947.9	1	0	0	0	0	0	False	False	False
BCAT2	ENSG00000105552.15	ENST00000316273.11	1	0	0	0	0	0	False	False	False
CNST	ENSG00000162852.14	ENST00000366513.9	1	0	0	0	0	0	False	False	False
EGLN3	ENSG00000129521.15	ENST00000250457.9	1	1	0	0	0	1	True	False	True
KLC2	ENSG00000174996.11	ENST00000417856.5	1	0	0	0	0	0	False	False	False
LCMT1	ENSG00000205629.12	ENST00000399069.8	1	0	0	0	0	0	False	False	False
RNF168	ENSG00000163961.4	ENST00000318037.3	1	0	0	0	0	0	False	False	False
SNX29	ENSG00000048471.14	ENST00000566228.6	1	0	0	0	0	0	False	False	False
TRIM23	ENSG00000113595.15	ENST00000231524.14	1	0	0	0	0	0	False	False	False
ACOT13	ENSG00000112304.11	ENST00000230048.5	1	1	0	0	0	1	True	False	True
CNOT3	ENSG00000088038.19	ENST00000358389.7	1	0	0	0	0	0	False	False	False
CXorf56	ENSG00000018610.15	ENST00000644802.2	2	0	0	0	0	0	False	False	False
DOCK9	ENSG00000088387.19	ENST00000448493.7	1	0	0	0	0	0	False	False	False
LYPLA1	ENSG00000120992.18	ENST00000316963.8	2	3	0	0	0	3	True	False	True
MYO9A	ENSG00000066933.16	ENST00000356056.10	1	0	0	0	0	0	False	False	False
NDUFC1	ENSG00000109390.12	ENST00000544855.5	1	0	0	0	0	0	False	False	False
RLF	ENSG00000117000.9	ENST00000372771.5	1	0	0	0	0	0	False	False	False
S100A13	ENSG00000189171.14	ENST00000440685.6	1	0	0	0	0	0	False	False	False
AAR2	ENSG00000131043.12	ENST00000373932.3	1	0	0	0	0	0	False	False	False
BCR	ENSG00000186716.21	ENST00000305877.13	1	1	0	0	0	1	True	False	True
IER5L	ENSG00000188483.8	ENST00000372491.4	1	0	0	0	0	0	False	False	False
INTS5	ENSG00000185085.2	ENST00000330574.2	1	0	0	0	0	0	False	False	False
JAG2	ENSG00000184916.9	ENST00000331782.8	1	0	0	0	0	0	False	False	False
MPV17	ENSG00000115204.15	ENST00000380044.6	1	0	0	0	0	0	False	False	False
NCOA2	ENSG00000140396.13	ENST00000452400.7	1	0	0	0	0	0	False	False	False
AC013271.1	ENSG00000284337.1	ENST00000640669.1	4	0	0	0	0	0	False	False	False
AC093423.3	ENSG00000271949.1	ENST00000370453.5	1	0	0	0	0	0	False	False	False
CD83	ENSG00000112149.10	ENST00000379153.4	1	0	0	0	0	0	False	False	False
CRB1	ENSG00000134376.16	ENST00000367400.8	1	0	0	0	0	0	False	False	False
H2AX	ENSG00000188486.3	ENST00000530167.1	1	0	0	0	0	0	False	False	False
IGSF3	ENSG00000143061.18	ENST00000369486.8	1	0	0	0	0	0	False	False	False
MRPL36	ENSG00000171421.13	ENST00000508987.1	1	0	0	0	0	0	False	False	False
PIAS3	ENSG00000131788.16	ENST00000393045.7	1	0	0	0	0	0	False	False	False
SORBS3	ENSG00000120896.13	ENST00000240123.11	1	0	0	0	0	0	False	False	False
TYRO3	ENSG00000092445.12	ENST00000263798.8	1	0	0	0	0	0	False	False	False
UNC50	ENSG00000115446.11	ENST00000357765.6	1	0	0	0	0	0	False	False	False
VGLL4	ENSG00000144560.15	ENST00000430365.7	1	0	0	0	0	0	False	False	False
AL928654.3	ENSG00000257341.5	ENST00000477724.6	3	0	0	0	0	0	False	False	False
BORA	ENSG00000136122.18	ENST00000390667.11	1	0	0	0	0	0	False	False	False
GUCY1A2	ENSG00000152402.11	ENST00000526355.7	2	0	0	0	0	0	False	False	False
PDE4B	ENSG00000184588.18	ENST00000423207.6	1	0	0	0	0	0	False	False	False
PIK3CA	ENSG00000121879.5	ENST00000263967.4	1	0	0	0	0	0	False	False	False
SKA3	ENSG00000165480.16	ENST00000314759.6	1	0	0	0	0	0	False	False	False
TAP1	ENSG00000168394.11	ENST00000354258.4	1	0	0	0	0	0	False	False	False
AC112229.3	ENSG00000257207.5	ENST00000603767.1	4	0	0	0	0	0	False	False	False
ATG16L1	ENSG00000085978.22	ENST00000392017.9	1	0	0	0	0	0	False	False	False
HMGN5	ENSG00000198157.11	ENST00000358130.7	1	0	0	0	0	0	False	False	False
MTA3	ENSG00000057935.13	ENST00000405094.1	1	1	0	0	0	1	True	False	True
PNPLA6	ENSG00000032444.16	ENST00000600737.5	1	0	0	0	0	0	False	False	False
RBM33	ENSG00000184863.11	ENST00000401878.8	1	0	0	0	0	0	False	False	False
RXRA	ENSG00000186350.12	ENST00000481739.2	1	0	0	0	0	0	False	False	False
TMEM19	ENSG00000139291.14	ENST00000266673.10	1	0	0	0	0	0	False	False	False
TRAPPC13	ENSG00000113597.18	ENST00000438419.6	1	1	0	0	0	1	True	False	True
ZNF655	ENSG00000197343.11	ENST00000424881.5	1	0	0	0	0	0	False	False	False
BRWD3	ENSG00000165288.11	ENST00000373275.5	1	0	0	0	0	0	False	False	False
CCDC14	ENSG00000175455.15	ENST00000409697.7	1	0	0	0	0	0	False	False	False
CCDC82	ENSG00000149231.15	ENST00000645439.1	1	0	0	0	0	0	False	False	False
MEPCE	ENSG00000146834.14	ENST00000310512.4	1	0	0	0	0	0	False	False	False
NRM	ENSG00000137404.14	ENST00000259953.8	1	0	0	0	0	0	False	False	False
RAD54B	ENSG00000197275.14	ENST00000336148.10	1	0	0	0	0	0	False	False	False
REEP3	ENSG00000165476.14	ENST00000373758.5	1	0	0	0	0	0	False	False	False
RMND1	ENSG00000155906.19	ENST00000622845.5	1	2	0	0	0	2	True	False	True
CMAS	ENSG00000111726.13	ENST00000229329.7	1	0	0	0	0	0	False	False	False
MSTO1	ENSG00000125459.17	ENST00000245564.8	2	0	0	0	0	0	False	False	False
ADARB1	ENSG00000197381.16	ENST00000348831.9	1	1	0	0	0	1	True	False	True
AKAP6	ENSG00000151320.11	ENST00000280979.9	4	0	0	0	0	0	False	False	False
ANKRD27	ENSG00000105186.16	ENST00000306065.9	1	0	0	0	0	0	False	False	False
BRCA2	ENSG00000139618.15	ENST00000380152.7	1	0	0	0	0	0	False	False	False
DNTTIP1	ENSG00000101457.13	ENST00000372622.8	1	0	0	0	0	0	False	False	False
DYNLT1	ENSG00000146425.11	ENST00000367089.8	1	2	0	0	0	2	True	False	True
HOXC10	ENSG00000180818.5	ENST00000303460.5	1	0	0	0	0	0	False	False	False
LIMS3	ENSG00000256977.12	ENST00000480744.2	4	0	0	0	0	0	False	False	False
NOP10	ENSG00000182117.6	ENST00000328848.6	1	2	0	0	0	2	True	False	True
POLR2F	ENSG00000100142.16	ENST00000442738.7	1	0	0	0	0	0	False	False	False
SAMD9	ENSG00000205413.8	ENST00000379958.3	1	0	0	0	0	0	False	False	False
SMARCD2	ENSG00000108604.16	ENST00000448276.7	1	0	0	0	0	0	False	False	False
SZT2	ENSG00000198198.17	ENST00000634258.3	1	0	0	0	0	0	False	False	False
AKAP8L	ENSG00000011243.18	ENST00000397410.10	1	0	0	0	0	0	False	False	False
ASS1	ENSG00000130707.18	ENST00000372394.5	2	14	0	0	0	14	True	False	True
B4GALNT1	ENSG00000135454.14	ENST00000341156.9	1	0	0	0	0	0	False	False	False
LAMTOR5	ENSG00000134248.13	ENST00000602318.5	1	1	0	0	0	1	True	False	True
LIMS4	ENSG00000256671.6	ENST00000632897.1	4	0	0	0	0	0	False	False	False
CHN1	ENSG00000128656.15	ENST00000409900.9	1	0	0	0	0	0	False	False	False
CYREN	ENSG00000122783.16	ENST00000393114.7	1	0	0	0	0	0	False	False	False
DAP	ENSG00000112977.16	ENST00000230895.11	1	0	0	0	0	0	False	False	False
PLSCR1	ENSG00000188313.13	ENST00000342435.9	1	0	0	0	0	0	False	False	False
RANBP3	ENSG00000031823.14	ENST00000340578.10	1	0	0	0	0	0	False	False	False
RMND5B	ENSG00000145916.19	ENST00000515098.5	1	0	0	0	0	0	False	False	False
SLC1A4	ENSG00000115902.11	ENST00000234256.4	1	0	0	0	0	0	False	False	False
UXS1	ENSG00000115652.14	ENST00000409501.7	1	0	0	0	0	0	False	False	False
AC006059.2	ENSG00000280571.2	ENST00000648550.1	2	0	0	0	0	0	False	False	False
AD000671.1	ENSG00000188223.9	ENST00000591613.2	3	0	0	0	0	0	False	False	False
DNPEP	ENSG00000123992.19	ENST00000520694.6	1	0	0	0	0	0	False	False	False
FAIM	ENSG00000158234.12	ENST00000393035.6	1	0	0	0	0	0	False	False	False
FAM185A	ENSG00000222011.9	ENST00000413034.3	2	0	0	0	0	0	False	False	False
PIK3R2	ENSG00000105647.18	ENST00000222254.13	3	0	0	0	0	0	False	False	False
RPS6KA1	ENSG00000117676.14	ENST00000531382.5	1	0	0	0	0	0	False	False	False
TOMM22	ENSG00000100216.6	ENST00000216034.6	1	7	0	0	0	7	True	False	True
TPRA1	ENSG00000163870.16	ENST00000648957.1	1	0	0	0	0	0	False	False	False
TRAPPC4	ENSG00000196655.12	ENST00000533632.6	1	0	0	0	0	0	False	False	False
AC005020.2	ENSG00000272647.3	ENST00000455905.1	1	0	0	0	0	0	False	False	False
AC069257.4	ENSG00000272741.1	ENST00000431391.1	3	0	0	0	0	0	False	False	False
KCTD12	ENSG00000178695.6	ENST00000377474.4	1	0	0	0	0	0	False	False	False
NDUFAF4	ENSG00000123545.6	ENST00000316149.8	1	4	0	0	0	4	True	False	True
RABGAP1L	ENSG00000152061.23	ENST00000251507.8	1	1	0	0	0	1	True	False	True
ABCA7	ENSG00000064687.13	ENST00000263094.11	1	0	0	0	0	0	False	False	False
ABHD12	ENSG00000100997.20	ENST00000339157.10	1	0	0	0	0	0	False	False	False
AP4M1	ENSG00000221838.10	ENST00000359593.9	1	0	0	0	0	0	False	False	False
CCP110	ENSG00000103540.16	ENST00000396212.6	1	0	0	0	0	0	False	False	False
CPT2	ENSG00000157184.7	ENST00000371486.4	1	0	0	0	0	0	False	False	False
PCF11	ENSG00000165494.11	ENST00000298281.8	1	0	0	0	0	0	False	False	False
PKN3	ENSG00000160447.7	ENST00000291906.5	1	0	0	0	0	0	False	False	False
PPIL1	ENSG00000137168.8	ENST00000373699.6	1	1	0	0	0	1	True	False	True
R3HDM1	ENSG00000048991.16	ENST00000409606.5	1	0	0	0	0	0	False	False	False
RNF123	ENSG00000164068.16	ENST00000327697.11	1	0	0	0	0	0	False	False	False
CDH13	ENSG00000140945.17	ENST00000567109.6	1	0	0	0	0	0	False	False	False
FASTKD1	ENSG00000138399.18	ENST00000453153.7	1	1	0	0	0	1	True	False	True
PALMD	ENSG00000099260.11	ENST00000263174.9	1	0	0	0	0	0	False	False	False
RXRB	ENSG00000204231.10	ENST00000374680.3	1	0	0	0	0	0	False	False	False
SOX6	ENSG00000110693.18	ENST00000528252.5	2	0	0	0	0	0	False	False	False
USP37	ENSG00000135913.11	ENST00000258399.8	1	1	0	0	0	1	True	False	True
AASDH	ENSG00000157426.14	ENST00000205214.11	1	0	0	0	0	0	False	False	False
FKBP2	ENSG00000173486.13	ENST00000394540.4	3	0	0	0	0	0	False	False	False
MOCS2	ENSG00000164172.19	ENST00000396954.8	1	0	0	0	0	0	False	False	False
PPAN	ENSG00000130810.20	ENST00000253107.12	3	0	0	0	0	0	False	False	False
PPAN-P2RY11	ENSG00000243207.6	ENST00000393796.4	3	0	0	0	0	0	False	False	False
RP2	ENSG00000102218.6	ENST00000218340.4	1	0	0	0	0	0	False	False	False
C1QTNF3-AMACR	ENSG00000273294.1	ENST00000382079.3	1	0	0	0	0	0	False	False	False
CCDC142	ENSG00000135637.14	ENST00000290418.4	1	0	0	0	0	0	False	False	False
DNA2	ENSG00000138346.15	ENST00000358410.8	1	0	0	0	0	0	False	False	False
FAM210A	ENSG00000177150.13	ENST00000322247.7	1	0	0	0	0	0	False	False	False
FKRP	ENSG00000181027.11	ENST00000318584.10	1	0	0	0	0	0	False	False	False
HIGD1A	ENSG00000181061.13	ENST00000321331.11	2	17	0	0	0	17	True	False	True
JADE2	ENSG00000043143.20	ENST00000282605.8	1	0	0	0	0	0	False	False	False
LCORL	ENSG00000178177.15	ENST00000382226.5	1	0	0	0	0	0	False	False	False
MISP	ENSG00000099812.9	ENST00000215582.8	1	0	0	0	0	0	False	False	False
RAI1	ENSG00000108557.19	ENST00000353383.6	1	0	0	0	0	0	False	False	False
SCFD2	ENSG00000184178.16	ENST00000401642.8	1	0	0	0	0	0	False	False	False
SEC61B	ENSG00000106803.10	ENST00000223641.5	1	1	0	0	0	1	True	False	True
THAP5	ENSG00000177683.14	ENST00000415914.4	1	2	0	0	0	2	True	False	True
ARGLU1	ENSG00000134884.15	ENST00000400198.8	1	0	0	0	0	0	False	False	False
GMFB	ENSG00000197045.13	ENST00000616146.4	1	1	0	0	0	1	True	False	True
KLF9	ENSG00000119138.4	ENST00000377126.3	1	0	0	0	0	0	False	False	False
MLLT11	ENSG00000213190.4	ENST00000368921.5	1	0	0	0	0	0	False	False	False
THAP12	ENSG00000137492.8	ENST00000260045.8	2	12	0	0	0	12	True	False	True
UBE2E3	ENSG00000170035.16	ENST00000602710.5	2	0	0	0	0	0	False	False	False
AKT1	ENSG00000142208.16	ENST00000554581.5	1	0	0	0	0	0	False	False	False
HYAL2	ENSG00000068001.14	ENST00000447092.5	1	0	0	0	0	0	False	False	False
MFAP4	ENSG00000166482.12	ENST00000299610.5	1	0	0	0	0	0	False	False	False
MIDEAS	ENSG00000156030.13	ENST00000423556.6	1	0	0	0	0	0	False	False	False
PIP4K2A	ENSG00000150867.14	ENST00000376573.9	1	0	0	0	0	0	False	False	False
SLC22A5	ENSG00000197375.13	ENST00000245407.8	1	0	0	0	0	0	False	False	False
ZFAND1	ENSG00000104231.11	ENST00000220669.10	1	1	1	0	0	2	True	True	True
BACH1	ENSG00000156273.16	ENST00000399921.5	1	0	0	0	0	0	False	False	False
BRAP	ENSG00000089234.16	ENST00000419234.9	1	0	0	0	0	0	False	False	False
CAMLG	ENSG00000164615.5	ENST00000297156.4	1	0	0	0	0	0	False	False	False
EIF1B	ENSG00000114784.4	ENST00000232905.4	1	0	0	0	0	0	False	False	False
IFIT5	ENSG00000152778.9	ENST00000371795.5	1	0	0	0	0	0	False	False	False
LRRK1	ENSG00000154237.13	ENST00000388948.8	1	0	0	0	0	0	False	False	False
LUC7L	ENSG00000007392.16	ENST00000293872.12	1	0	0	0	0	0	False	False	False
MACROD1	ENSG00000133315.11	ENST00000255681.7	1	0	0	0	0	0	False	False	False
NARS2	ENSG00000137513.10	ENST00000281038.10	1	0	0	0	0	0	False	False	False
POLR2J3	ENSG00000285437.1	ENST00000613744.4	4	0	0	0	0	0	False	False	False
RABAC1	ENSG00000105404.11	ENST00000222008.11	3	0	0	0	0	0	False	False	False
VPS4A	ENSG00000132612.16	ENST00000254950.13	1	0	0	0	0	0	False	False	False
WWP1	ENSG00000123124.14	ENST00000517970.6	1	1	0	0	0	1	True	False	True
FKTN	ENSG00000106692.14	ENST00000223528.6	1	0	0	0	0	0	False	False	False
NET1	ENSG00000173848.19	ENST00000380359.3	1	1	0	0	0	1	True	False	True
ALPK2	ENSG00000198796.7	ENST00000361673.4	1	0	0	0	0	0	False	False	False
ARL3	ENSG00000138175.9	ENST00000260746.6	1	0	0	0	0	0	False	False	False
CSK	ENSG00000103653.16	ENST00000220003.13	1	0	0	0	0	0	False	False	False
FN3KRP	ENSG00000141560.15	ENST00000269373.11	1	0	0	0	0	0	False	False	False
MFSD10	ENSG00000109736.15	ENST00000329687.8	1	0	0	0	0	0	False	False	False
MSRB3	ENSG00000174099.12	ENST00000646299.1	1	0	0	0	0	0	False	False	False
OSGEP	ENSG00000092094.11	ENST00000206542.9	1	0	0	0	0	0	False	False	False
PPM1L	ENSG00000163590.14	ENST00000498165.6	4	0	0	0	0	0	False	False	False
PPP3CC	ENSG00000120910.14	ENST00000240139.9	1	0	0	0	0	0	False	False	False
SMG6	ENSG00000070366.14	ENST00000263073.11	1	0	0	0	0	0	False	False	False
AC090517.4	ENSG00000285253.1	ENST00000559000.6	3	0	0	0	0	0	False	False	False
ATP5MPL	ENSG00000156411.10	ENST00000554880.5	1	2	0	0	0	2	True	False	True
CHSY3	ENSG00000198108.4	ENST00000305031.5	1	0	0	0	0	0	False	False	False
DENND1B	ENSG00000213047.13	ENST00000620048.6	2	0	0	0	0	0	False	False	False
IFT43	ENSG00000119650.12	ENST00000314067.10	1	0	0	0	0	0	False	False	False
KANK1	ENSG00000107104.19	ENST00000619269.4	1	1	0	0	0	1	True	False	True
LRIG3	ENSG00000139263.11	ENST00000320743.7	1	0	0	0	0	0	False	False	False
NUP42	ENSG00000136243.17	ENST00000258742.10	1	0	0	0	0	0	False	False	False
PANK2	ENSG00000125779.22	ENST00000316562.8	1	0	0	0	0	0	False	False	False
POLH	ENSG00000170734.12	ENST00000372236.9	1	1	0	0	0	1	True	False	True
POLR3D	ENSG00000168495.13	ENST00000397802.8	1	1	0	0	0	1	True	False	True
RBM12B	ENSG00000183808.11	ENST00000399300.6	1	0	0	0	0	0	False	False	False
THYN1	ENSG00000151500.15	ENST00000341541.8	1	0	0	0	0	0	False	False	False
ZNF507	ENSG00000168813.17	ENST00000355898.6	1	0	0	0	0	0	False	False	False
AC004687.2	ENSG00000285897.1	ENST00000648873.1	3	0	0	0	0	0	False	False	False
AC009779.4	ENSG00000258311.5	ENST00000550412.5	3	0	0	0	0	0	False	False	False
CTIF	ENSG00000134030.14	ENST00000382998.8	1	0	0	0	0	0	False	False	False
DDIAS	ENSG00000165490.13	ENST00000525361.5	3	0	0	0	0	0	False	False	False
EPHA2	ENSG00000142627.13	ENST00000358432.8	1	0	0	0	0	0	False	False	False
MRPS12	ENSG00000128626.11	ENST00000407800.2	1	0	0	0	0	0	False	False	False
NFYB	ENSG00000120837.8	ENST00000240055.8	1	3	0	0	0	3	True	False	True
STPG2	ENSG00000163116.10	ENST00000295268.4	2	0	0	0	0	0	False	False	False
SYNE2	ENSG00000054654.18	ENST00000344113.8	1	0	0	0	0	0	False	False	False
TMEM126A	ENSG00000171202.7	ENST00000304511.7	1	2	1	0	0	3	True	True	True
VAV2	ENSG00000160293.17	ENST00000406606.7	1	0	0	0	0	0	False	False	False
C19orf53	ENSG00000104979.9	ENST00000588234.6	1	1	0	0	0	1	True	False	True
CHKA	ENSG00000110721.12	ENST00000265689.9	1	0	0	0	0	0	False	False	False
DEPDC1B	ENSG00000035499.13	ENST00000265036.10	1	0	0	0	0	0	False	False	False
MCUR1	ENSG00000050393.11	ENST00000379170.8	1	2	0	0	0	2	True	False	True
RRS1	ENSG00000179041.4	ENST00000320270.4	1	0	0	0	0	0	False	False	False
SMG5	ENSG00000198952.8	ENST00000361813.5	1	1	0	0	0	1	True	False	True
TAOK2	ENSG00000149930.18	ENST00000279394.7	1	0	0	0	0	0	False	False	False
YIPF6	ENSG00000181704.12	ENST00000462683.6	1	0	0	0	0	0	False	False	False
ZNF562	ENSG00000171466.10	ENST00000453372.7	1	0	1	0	0	1	False	True	True
CETN2	ENSG00000147400.10	ENST00000370277.5	1	0	0	0	0	0	False	False	False
DPAGT1	ENSG00000172269.19	ENST00000409993.6	1	0	0	0	0	0	False	False	False
LLPH	ENSG00000139233.7	ENST00000266604.7	4	2	0	0	0	2	True	False	True
PODXL2	ENSG00000114631.11	ENST00000342480.7	1	0	0	0	0	0	False	False	False
RBIS	ENSG00000176731.12	ENST00000619594.5	1	6	0	0	2	8	True	False	True
RSRP1	ENSG00000117616.18	ENST00000243189.12	4	0	0	0	0	0	False	False	False
SNUPN	ENSG00000169371.14	ENST00000564644.5	1	0	0	0	0	0	False	False	False
SUPT4H1	ENSG00000213246.7	ENST00000225504.8	3	2	0	0	0	2	True	False	True
WFS1	ENSG00000109501.14	ENST00000226760.5	1	0	0	0	0	0	False	False	False
ALG12	ENSG00000182858.14	ENST00000330817.11	1	0	0	0	0	0	False	False	False
ANKRD13A	ENSG00000076513.17	ENST00000261739.9	1	0	0	0	0	0	False	False	False
AP001453.5	ENSG00000286264.1	ENST00000651560.1	3	0	0	0	0	0	False	False	False
KIF26B	ENSG00000162849.16	ENST00000407071.7	1	0	0	0	0	0	False	False	False
NEK1	ENSG00000137601.17	ENST00000507142.6	1	0	0	0	0	0	False	False	False
OAZ2	ENSG00000180304.14	ENST00000326005.10	1	0	0	0	0	0	False	False	False
PPM1D	ENSG00000170836.12	ENST00000305921.8	1	0	0	0	0	0	False	False	False
PTPRA	ENSG00000132670.20	ENST00000216877.10	1	1	0	0	0	1	True	False	True
PTPRN	ENSG00000054356.14	ENST00000295718.7	1	0	0	0	0	0	False	False	False
SPC25	ENSG00000152253.9	ENST00000282074.7	1	0	0	0	0	0	False	False	False
STAMBP	ENSG00000124356.16	ENST00000394070.7	1	1	0	0	0	1	True	False	True
ABCC5	ENSG00000114770.17	ENST00000334444.11	1	0	0	0	0	0	False	False	False
AC008750.8	ENSG00000269403.1	ENST00000600067.1	3	0	0	0	0	0	False	False	False
ALG13	ENSG00000101901.12	ENST00000394780.8	1	0	0	0	0	0	False	False	False
IFT46	ENSG00000118096.8	ENST00000264020.6	2	0	0	0	0	0	False	False	False
RPRD1B	ENSG00000101413.12	ENST00000373433.9	1	0	0	0	0	0	False	False	False
AC012531.3	ENSG00000273049.1	ENST00000513209.1	1	0	0	0	0	0	False	False	False
ARL6IP4	ENSG00000182196.13	ENST00000315580.9	1	0	0	0	0	0	False	False	False
CEP128	ENSG00000100629.17	ENST00000555265.6	1	0	0	0	0	0	False	False	False
DAAM1	ENSG00000100592.15	ENST00000360909.7	1	0	0	0	0	0	False	False	False
DICER1	ENSG00000100697.14	ENST00000526495.5	1	0	0	0	0	0	False	False	False
EIF2D	ENSG00000143486.16	ENST00000271764.7	1	0	0	0	0	0	False	False	False
GIT2	ENSG00000139436.21	ENST00000355312.8	1	0	0	0	0	0	False	False	False
HMGXB4	ENSG00000100281.14	ENST00000216106.6	1	0	0	0	0	0	False	False	False
MIEF1	ENSG00000100335.15	ENST00000325301.7	1	0	0	0	0	0	False	False	False
TMEM70	ENSG00000175606.11	ENST00000312184.6	1	0	0	0	0	0	False	False	False
WIPF1	ENSG00000115935.17	ENST00000392547.6	1	0	0	0	0	0	False	False	False
DUSP14	ENSG00000276023.5	ENST00000614411.1	1	0	0	0	0	0	False	False	False
FBXO9	ENSG00000112146.16	ENST00000323557.11	1	0	0	0	0	0	False	False	False
KIAA0355	ENSG00000166398.13	ENST00000299505.7	1	0	0	0	0	0	False	False	False
NDUFAF6	ENSG00000156170.13	ENST00000396124.9	1	0	0	0	0	0	False	False	False
RSPRY1	ENSG00000159579.14	ENST00000537866.5	1	0	0	0	0	0	False	False	False
CDKN1A	ENSG00000124762.14	ENST00000405375.5	1	0	0	0	0	0	False	False	False
DCAF5	ENSG00000139990.18	ENST00000341516.10	1	0	0	0	0	0	False	False	False
FADD	ENSG00000168040.5	ENST00000301838.5	1	0	0	0	0	0	False	False	False
HAGHL	ENSG00000103253.18	ENST00000389703.7	1	0	0	0	0	0	False	False	False
PATL1	ENSG00000166889.14	ENST00000300146.10	1	2	0	0	0	2	True	False	True
SCAMP4	ENSG00000227500.10	ENST00000316097.13	1	0	0	0	0	0	False	False	False
WDR83OS	ENSG00000105583.11	ENST00000596731.7	3	0	0	0	0	0	False	False	False
AL360181.3	ENSG00000254536.2	ENST00000468317.3	3	0	0	0	0	0	False	False	False
ARL6IP6	ENSG00000177917.11	ENST00000326446.10	1	1	0	0	0	1	True	False	True
CUEDC2	ENSG00000107874.11	ENST00000369937.5	1	0	0	0	0	0	False	False	False
DHRS4L2	ENSG00000187630.17	ENST00000335125.11	4	0	0	0	0	0	False	False	False
KLHL20	ENSG00000076321.11	ENST00000209884.5	1	0	0	0	0	0	False	False	False
MEAF6	ENSG00000163875.15	ENST00000373075.6	1	1	0	0	0	1	True	False	True
MRPS25	ENSG00000131368.8	ENST00000253686.7	1	1	0	0	1	2	True	False	True
PEA15	ENSG00000162734.13	ENST00000360472.9	1	1	0	0	0	1	True	False	True
REPS1	ENSG00000135597.18	ENST00000450536.6	1	0	0	0	0	0	False	False	False
TOM1	ENSG00000100284.21	ENST00000449058.7	1	0	0	0	0	0	False	False	False
ZNF12	ENSG00000164631.19	ENST00000405858.6	1	0	0	0	0	0	False	False	False
CCNJL	ENSG00000135083.15	ENST00000257536.12	2	0	0	0	0	0	False	False	False
DNAJB12	ENSG00000148719.15	ENST00000444643.7	1	1	0	0	0	1	True	False	True
EPS8L2	ENSG00000177106.16	ENST00000533256.5	1	0	0	0	0	0	False	False	False
GLMN	ENSG00000174842.17	ENST00000370360.8	1	0	0	0	0	0	False	False	False
GOSR2	ENSG00000108433.17	ENST00000640051.2	3	2	0	0	0	2	True	False	True
OTUD7B	ENSG00000264522.6	ENST00000581312.6	1	0	0	0	0	0	False	False	False
POLN	ENSG00000130997.16	ENST00000511885.6	1	0	0	0	0	0	False	False	False
TAF9B	ENSG00000187325.5	ENST00000341864.6	1	2	0	0	0	2	True	False	True
WDR4	ENSG00000160193.12	ENST00000398208.3	1	1	1	0	0	2	True	True	True
ADD3	ENSG00000148700.15	ENST00000277900.12	1	0	0	0	0	0	False	False	False
ANAPC4	ENSG00000053900.10	ENST00000315368.7	1	0	0	0	0	0	False	False	False
ARHGAP6	ENSG00000047648.23	ENST00000337414.9	1	0	0	0	0	0	False	False	False
CLPP	ENSG00000125656.11	ENST00000245816.11	1	0	0	0	0	0	False	False	False
CYSTM1	ENSG00000120306.11	ENST00000261811.6	1	0	0	0	0	0	False	False	False
MRPL55	ENSG00000162910.19	ENST00000366735.5	1	0	0	0	0	0	False	False	False
NGDN	ENSG00000129460.16	ENST00000408901.8	1	0	0	0	0	0	False	False	False
RAB4B-EGLN2	ENSG00000171570.11	ENST00000594136.2	3	0	0	0	0	0	False	False	False
ZNF675	ENSG00000197372.10	ENST00000359788.9	2	0	0	0	0	0	False	False	False
CDH18	ENSG00000145526.12	ENST00000382275.6	2	0	0	0	0	0	False	False	False
HASPIN	ENSG00000177602.5	ENST00000325418.5	1	0	0	0	0	0	False	False	False
HDAC4	ENSG00000068024.16	ENST00000345617.7	1	0	0	0	0	0	False	False	False
IQCJ-SCHIP1	ENSG00000283154.2	ENST00000527095.7	3	0	0	0	0	0	False	False	False
PPIL2	ENSG00000100023.19	ENST00000335025.12	1	0	0	0	0	0	False	False	False
RBM19	ENSG00000122965.11	ENST00000545145.6	1	0	0	0	0	0	False	False	False
TEX264	ENSG00000164081.12	ENST00000415259.5	1	0	0	0	0	0	False	False	False
ZNF490	ENSG00000188033.10	ENST00000311437.11	1	0	0	0	0	0	False	False	False
FZR1	ENSG00000105325.14	ENST00000441788.6	1	0	0	0	0	0	False	False	False
HAUS3	ENSG00000214367.8	ENST00000243706.8	1	0	0	0	0	0	False	False	False
MINK1	ENSG00000141503.17	ENST00000355280.11	1	0	0	0	0	0	False	False	False
NKAP	ENSG00000101882.10	ENST00000371410.5	1	0	0	0	0	0	False	False	False
ZDHHC17	ENSG00000186908.14	ENST00000426126.6	1	0	0	0	0	0	False	False	False
AC009133.6	ENSG00000280893.1	ENST00000609618.2	3	0	0	0	0	0	False	False	False
AC098650.1	ENSG00000283563.1	ENST00000635992.1	3	0	0	0	0	0	False	False	False
ARPC5L	ENSG00000136950.13	ENST00000353214.6	1	0	0	0	0	0	False	False	False
ASIC2	ENSG00000108684.14	ENST00000359872.6	2	0	0	0	0	0	False	False	False
C11orf54	ENSG00000182919.14	ENST00000331239.8	3	0	0	0	0	0	False	False	False
CHPT1	ENSG00000111666.11	ENST00000229266.8	1	0	0	0	0	0	False	False	False
CISD1	ENSG00000122873.12	ENST00000333926.6	1	3	0	0	0	3	True	False	True
IMP4	ENSG00000136718.10	ENST00000259239.8	1	0	0	0	0	0	False	False	False
LRRC23	ENSG00000010626.15	ENST00000443597.7	2	0	0	0	0	0	False	False	False
MKKS	ENSG00000125863.20	ENST00000347364.7	3	0	0	0	0	0	False	False	False
NAPRT	ENSG00000147813.16	ENST00000449291.7	1	0	0	0	0	0	False	False	False
NDUFB7	ENSG00000099795.7	ENST00000215565.3	1	0	0	0	0	0	False	False	False
NME4	ENSG00000103202.13	ENST00000219479.7	1	3	0	0	0	3	True	False	True
SIKE1	ENSG00000052723.12	ENST00000060969.6	1	0	0	0	0	0	False	False	False
TSC1	ENSG00000165699.15	ENST00000298552.9	1	0	0	0	0	0	False	False	False
ZNF384	ENSG00000126746.17	ENST00000396801.7	1	0	0	0	0	0	False	False	False
ARHGEF39	ENSG00000137135.18	ENST00000378387.4	1	0	0	0	0	0	False	False	False
CWC22	ENSG00000163510.14	ENST00000410053.8	1	0	0	0	0	0	False	False	False
KEAP1	ENSG00000079999.14	ENST00000393623.6	1	0	0	0	0	0	False	False	False
NLE1	ENSG00000073536.18	ENST00000442241.9	1	0	0	0	0	0	False	False	False
P3R3URF-PIK3R3	ENSG00000278139.1	ENST00000540385.2	3	0	0	0	0	0	False	False	False
PAGR1	ENSG00000280789.2	ENST00000320330.8	3	0	0	0	0	0	False	False	False
SLITRK5	ENSG00000165300.7	ENST00000325089.7	1	0	0	0	0	0	False	False	False
TAF4B	ENSG00000141384.13	ENST00000269142.10	2	1	0	0	0	1	True	False	True
XBP1	ENSG00000100219.16	ENST00000611155.4	1	1	0	0	0	1	True	False	True
ZNF670-ZNF695	ENSG00000135747.11	ENST00000465049.6	1	0	0	0	0	0	False	False	False
CDT1	ENSG00000167513.9	ENST00000301019.9	1	0	0	0	0	0	False	False	False
FGFR2	ENSG00000066468.23	ENST00000457416.6	1	0	0	0	0	0	False	False	False
FXYD5	ENSG00000089327.15	ENST00000342879.7	1	0	0	0	0	0	False	False	False
LGALS8	ENSG00000116977.18	ENST00000526589.5	1	0	0	0	0	0	False	False	False
PLD2	ENSG00000129219.14	ENST00000263088.11	1	0	0	0	0	0	False	False	False
SNRNP48	ENSG00000168566.13	ENST00000342415.6	1	0	0	0	0	0	False	False	False
STK17B	ENSG00000081320.11	ENST00000263955.9	1	0	0	0	0	0	False	False	False
TMEM9B	ENSG00000175348.11	ENST00000534025.6	1	0	0	0	0	0	False	False	False
ZNF277	ENSG00000198839.10	ENST00000361822.8	1	0	0	0	0	0	False	False	False
ADAM19	ENSG00000135074.16	ENST00000257527.9	1	0	0	0	0	0	False	False	False
RAB9A	ENSG00000123595.8	ENST00000464506.2	1	0	0	0	0	0	False	False	False
RFXANK	ENSG00000064490.14	ENST00000303088.9	1	0	0	0	0	0	False	False	False
RPUSD3	ENSG00000156990.14	ENST00000383820.9	1	0	0	0	0	0	False	False	False
AC091167.2	ENSG00000261147.1	ENST00000561573.1	3	0	0	0	0	0	False	False	False
CAAP1	ENSG00000120159.13	ENST00000333916.8	1	0	0	0	0	0	False	False	False
CD99L2	ENSG00000102181.21	ENST00000370377.8	1	0	0	0	0	0	False	False	False
DALRD3	ENSG00000178149.17	ENST00000341949.9	1	0	0	0	0	0	False	False	False
EMC8	ENSG00000131148.9	ENST00000253457.8	1	0	0	0	0	0	False	False	False
GRK6	ENSG00000198055.11	ENST00000528793.5	1	1	0	0	0	1	True	False	True
MARF1	ENSG00000166783.22	ENST00000396368.8	1	0	0	0	0	0	False	False	False
ORMDL1	ENSG00000128699.14	ENST00000325795.7	1	0	0	0	0	0	False	False	False
RIMKLB	ENSG00000166532.16	ENST00000357529.7	1	2	0	0	0	2	True	False	True
UQCC1	ENSG00000101019.22	ENST00000374385.10	1	0	0	0	0	0	False	False	False
DAPK1	ENSG00000196730.13	ENST00000408954.8	2	0	0	0	0	0	False	False	False
GAR1	ENSG00000109534.17	ENST00000226796.7	1	1	0	0	0	1	True	False	True
SDHAF2	ENSG00000167985.7	ENST00000301761.7	1	0	0	0	0	0	False	False	False
SGMS2	ENSG00000164023.14	ENST00000394684.8	1	0	0	0	0	0	False	False	False
SPTY2D1	ENSG00000179119.15	ENST00000336349.6	1	0	0	0	0	0	False	False	False
C14orf39	ENSG00000179008.9	ENST00000321731.8	2	0	0	0	0	0	False	False	False
CEP250	ENSG00000126001.16	ENST00000397527.6	1	0	0	0	0	0	False	False	False
FOXO3	ENSG00000118689.15	ENST00000343882.10	4	0	0	0	0	0	False	False	False
LAMA3	ENSG00000053747.16	ENST00000313654.13	1	0	0	0	0	0	False	False	False
MAST2	ENSG00000086015.22	ENST00000361297.7	1	0	0	0	0	0	False	False	False
MEIOC	ENSG00000180336.18	ENST00000409122.7	1	0	0	0	0	0	False	False	False
NADK	ENSG00000008130.15	ENST00000341426.9	1	0	0	0	0	0	False	False	False
TMEM179B	ENSG00000185475.11	ENST00000333449.9	1	0	0	0	0	0	False	False	False
UBE3B	ENSG00000151148.14	ENST00000342494.8	1	0	0	0	0	0	False	False	False
AP001458.2	ENSG00000255432.1	ENST00000528405.1	3	0	0	0	0	0	False	False	False
COMMD10	ENSG00000145781.9	ENST00000274458.9	1	0	0	0	0	0	False	False	False
GET1	ENSG00000182093.16	ENST00000649170.1	3	1	0	0	0	1	True	False	True
GOLGA1	ENSG00000136935.14	ENST00000373555.9	1	0	0	0	0	0	False	False	False
MN1	ENSG00000169184.6	ENST00000302326.5	1	0	0	0	0	0	False	False	False
TREX2	ENSG00000183479.12	ENST00000330912.6	3	0	0	0	0	0	False	False	False
AKAP10	ENSG00000108599.15	ENST00000225737.11	1	0	0	0	0	0	False	False	False
APAF1	ENSG00000120868.14	ENST00000551964.6	1	0	0	0	0	0	False	False	False
CARMIL1	ENSG00000079691.18	ENST00000329474.7	1	0	0	0	0	0	False	False	False
CMC1	ENSG00000187118.14	ENST00000466830.6	1	4	0	0	0	4	True	False	True
MPHOSPH9	ENSG00000051825.15	ENST00000606320.6	1	0	0	0	0	0	False	False	False
PPP5D1	ENSG00000230510.6	ENST00000414155.5	2	0	0	0	0	0	False	False	False
RNF6	ENSG00000127870.17	ENST00000381588.9	1	2	0	0	0	2	True	False	True
TINCR	ENSG00000223573.7	ENST00000646160.1	2	0	0	0	0	0	False	False	False
TPCN1	ENSG00000186815.12	ENST00000335509.10	1	0	0	0	0	0	False	False	False
ADGRB2	ENSG00000121753.12	ENST00000398538.5	1	0	0	0	0	0	False	False	False
CHMP3	ENSG00000115561.16	ENST00000263856.9	3	1	0	0	0	1	True	False	True
DCXR	ENSG00000169738.8	ENST00000306869.7	1	0	0	0	0	0	False	False	False
MRPL1	ENSG00000169288.18	ENST00000315567.13	1	0	0	0	0	0	False	False	False
PEX13	ENSG00000162928.9	ENST00000295030.6	1	0	0	0	0	0	False	False	False
PLEKHM2	ENSG00000116786.13	ENST00000375799.8	1	0	0	0	0	0	False	False	False
RBMX2	ENSG00000134597.16	ENST00000305536.11	1	5	0	0	0	5	True	False	True
SNIP1	ENSG00000163877.11	ENST00000296215.8	1	0	0	0	0	0	False	False	False
SRRD	ENSG00000100104.13	ENST00000215917.11	1	0	0	0	0	0	False	False	False
TOR1B	ENSG00000136816.16	ENST00000259339.7	1	0	0	0	0	0	False	False	False
UTP25	ENSG00000117597.18	ENST00000491415.7	1	0	0	0	0	0	False	False	False
C19orf48	ENSG00000167747.14	ENST00000391812.5	1	0	0	0	0	0	False	False	False
LAMB3	ENSG00000196878.15	ENST00000391911.5	1	0	0	0	0	0	False	False	False
NBDY	ENSG00000204272.13	ENST00000374922.9	2	0	0	0	0	0	False	False	False
NRL	ENSG00000129535.13	ENST00000561028.6	1	0	0	0	0	0	False	False	False
PIK3R3	ENSG00000117461.15	ENST00000262741.10	3	0	0	0	0	0	False	False	False
RPL22L1	ENSG00000163584.18	ENST00000295830.13	1	2	0	0	0	2	True	False	True
SFXN3	ENSG00000107819.13	ENST00000393459.5	1	0	0	0	0	0	False	False	False
SLPI	ENSG00000124107.5	ENST00000338380.2	1	0	0	0	0	0	False	False	False
ZNF483	ENSG00000173258.13	ENST00000309235.6	1	0	0	0	0	0	False	False	False
CERK	ENSG00000100422.14	ENST00000216264.13	1	0	0	0	0	0	False	False	False
EML3	ENSG00000149499.11	ENST00000394773.6	1	0	0	0	0	0	False	False	False
GRAMD1B	ENSG00000023171.18	ENST00000635736.1	2	0	0	0	0	0	False	False	False
KCMF1	ENSG00000176407.18	ENST00000409785.9	1	0	0	0	0	0	False	False	False
MPG	ENSG00000103152.12	ENST00000356432.8	1	0	0	0	0	0	False	False	False
RBM7	ENSG00000076053.10	ENST00000375490.9	1	1	0	0	0	1	True	False	True
RNF149	ENSG00000163162.9	ENST00000295317.4	1	0	0	0	0	0	False	False	False
SSNA1	ENSG00000176101.12	ENST00000322310.10	1	0	0	0	0	0	False	False	False
STEAP3	ENSG00000115107.20	ENST00000393106.6	1	0	0	0	0	0	False	False	False
TNFAIP1	ENSG00000109079.10	ENST00000226225.7	1	0	0	0	0	0	False	False	False
YEATS4	ENSG00000127337.7	ENST00000247843.7	1	0	0	0	0	0	False	False	False
CCDC25	ENSG00000147419.19	ENST00000356537.9	1	1	1	0	0	2	True	True	True
ERCC6L2	ENSG00000182150.17	ENST00000288985.12	3	0	0	0	0	0	False	False	False
EXOC6	ENSG00000138190.17	ENST00000260762.10	1	0	0	0	0	0	False	False	False
NEPRO	ENSG00000163608.15	ENST00000314400.10	1	0	0	0	0	0	False	False	False
NETO2	ENSG00000171208.10	ENST00000562435.6	1	2	0	0	0	2	True	False	True
AMACR	ENSG00000242110.8	ENST00000382068.3	1	1	0	0	0	1	True	False	True
ASL	ENSG00000126522.17	ENST00000304874.14	1	0	0	0	0	0	False	False	False
C17orf80	ENSG00000141219.15	ENST00000359042.6	1	1	0	0	0	1	True	False	True
CCDC43	ENSG00000180329.14	ENST00000315286.13	1	0	0	0	0	0	False	False	False
CINP	ENSG00000100865.15	ENST00000216756.11	1	0	0	0	0	0	False	False	False
CYBRD1	ENSG00000071967.12	ENST00000321348.9	1	0	0	0	0	0	False	False	False
DCPS	ENSG00000110063.10	ENST00000263579.5	1	0	0	0	0	0	False	False	False
ENPP1	ENSG00000197594.13	ENST00000647893.1	1	0	0	0	0	0	False	False	False
GGT1	ENSG00000100031.19	ENST00000400382.6	4	0	0	0	0	0	False	False	False
GRIK2	ENSG00000164418.20	ENST00000421544.6	1	0	0	0	0	0	False	False	False
IRF2BPL	ENSG00000119669.5	ENST00000238647.5	1	0	0	0	0	0	False	False	False
MORC3	ENSG00000159256.13	ENST00000400485.6	1	0	0	0	0	0	False	False	False
MRPL49	ENSG00000149792.9	ENST00000279242.7	1	2	0	0	0	2	True	False	True
NIM1K	ENSG00000177453.7	ENST00000512796.1	4	0	0	0	0	0	False	False	False
PATJ	ENSG00000132849.20	ENST00000642238.1	1	0	0	0	0	0	False	False	False
TRAF5	ENSG00000082512.15	ENST00000261464.10	1	0	0	0	0	0	False	False	False
ZNF462	ENSG00000148143.13	ENST00000277225.10	1	0	0	0	0	0	False	False	False
BNC2	ENSG00000173068.18	ENST00000380672.9	1	0	0	0	0	0	False	False	False
DUSP11	ENSG00000144048.10	ENST00000272444.7	1	0	0	0	0	0	False	False	False
FBXO4	ENSG00000151876.13	ENST00000281623.8	1	0	0	0	0	0	False	False	False
GOLPH3L	ENSG00000143457.11	ENST00000271732.8	1	0	0	0	0	0	False	False	False
IPPK	ENSG00000127080.10	ENST00000287996.8	1	1	0	0	0	1	True	False	True
NBPF15	ENSG00000266338.6	ENST00000577412.5	4	0	0	0	0	0	False	False	False
TMTC1	ENSG00000133687.16	ENST00000551659.5	1	0	0	0	0	0	False	False	False
UCKL1	ENSG00000198276.16	ENST00000369908.9	1	0	0	0	0	0	False	False	False
VPS26C	ENSG00000157538.14	ENST00000309117.11	1	1	0	0	0	1	True	False	True
FGFR1OP2	ENSG00000111790.14	ENST00000327214.5	1	2	0	0	0	2	True	False	True
GTF3A	ENSG00000122034.16	ENST00000381140.9	1	0	0	0	0	0	False	False	False
HMOX1	ENSG00000100292.17	ENST00000216117.9	1	0	0	0	0	0	False	False	False
LIN9	ENSG00000183814.15	ENST00000328205.9	1	0	0	0	0	0	False	False	False
MTBP	ENSG00000172167.8	ENST00000305949.6	1	0	0	0	0	0	False	False	False
SPSB2	ENSG00000111671.9	ENST00000524270.5	2	0	0	0	0	0	False	False	False
STXBP4	ENSG00000166263.13	ENST00000376352.6	1	0	0	0	0	0	False	False	False
TANK	ENSG00000136560.14	ENST00000259075.6	1	0	0	0	0	0	False	False	False
TIMM9	ENSG00000100575.14	ENST00000395159.7	1	3	0	0	0	3	True	False	True
VAMP3	ENSG00000049245.13	ENST00000054666.11	1	0	0	0	0	0	False	False	False
CADM1	ENSG00000182985.17	ENST00000331581.10	1	0	0	0	0	0	False	False	False
LIN54	ENSG00000189308.11	ENST00000340417.8	1	0	0	0	0	0	False	False	False
MEIS2	ENSG00000134138.20	ENST00000561208.6	1	0	0	0	0	0	False	False	False
MIDN	ENSG00000167470.12	ENST00000300952.6	1	0	0	0	0	0	False	False	False
SH2D1A	ENSG00000183918.17	ENST00000371139.9	4	0	0	0	0	0	False	False	False
SUFU	ENSG00000107882.12	ENST00000369902.8	1	0	0	0	0	0	False	False	False
BLOC1S1	ENSG00000135441.7	ENST00000548925.5	3	0	0	0	0	0	False	False	False
DESI2	ENSG00000121644.19	ENST00000302550.16	1	1	0	0	0	1	True	False	True
TCEAL8	ENSG00000180964.17	ENST00000372685.8	1	1	0	0	0	1	True	False	True
WDR45B	ENSG00000141580.16	ENST00000392325.9	1	2	1	0	0	3	True	True	True
ATG12	ENSG00000145782.13	ENST00000509910.2	1	2	0	0	0	2	True	False	True
CENPJ	ENSG00000151849.15	ENST00000381884.9	1	0	0	0	0	0	False	False	False
GTF3C6	ENSG00000155115.7	ENST00000329970.8	2	3	0	0	0	3	True	False	True
JAGN1	ENSG00000171135.15	ENST00000647897.1	1	0	0	0	0	0	False	False	False
LRIF1	ENSG00000121931.16	ENST00000369763.5	1	0	0	0	0	0	False	False	False
UTRN	ENSG00000152818.18	ENST00000367545.7	1	0	0	0	0	0	False	False	False
AC110275.1	ENSG00000254673.1	ENST00000534420.1	3	0	0	0	0	0	False	False	False
ATP6V0A2	ENSG00000185344.14	ENST00000330342.8	1	0	0	0	0	0	False	False	False
ERCC6	ENSG00000225830.14	ENST00000355832.10	1	0	0	0	0	0	False	False	False
MGME1	ENSG00000125871.14	ENST00000377710.10	1	0	0	0	0	0	False	False	False
PDZD11	ENSG00000120509.10	ENST00000239666.8	1	1	0	0	0	1	True	False	True
SUPT20H	ENSG00000102710.20	ENST00000350612.11	1	2	0	0	0	2	True	False	True
TIMM13	ENSG00000099800.8	ENST00000215570.8	1	0	0	0	1	1	False	False	True
C12orf4	ENSG00000047621.12	ENST00000261250.8	1	0	0	0	0	0	False	False	False
CCNDBP1	ENSG00000166946.14	ENST00000300213.9	1	0	0	0	0	0	False	False	False
DGCR2	ENSG00000070413.20	ENST00000263196.12	1	0	0	0	0	0	False	False	False
FAN1	ENSG00000198690.10	ENST00000362065.9	1	0	0	0	0	0	False	False	False
FBXL6	ENSG00000182325.11	ENST00000331890.6	1	0	0	0	0	0	False	False	False
ILRUN	ENSG00000196821.10	ENST00000374023.8	1	1	0	0	0	1	True	False	True
SLC9A6	ENSG00000198689.11	ENST00000370695.7	1	0	0	0	0	0	False	False	False
SOGA1	ENSG00000149639.15	ENST00000237536.9	1	0	0	0	0	0	False	False	False
TEX13D	ENSG00000282419.3	ENST00000632372.3	4	0	0	0	0	0	False	False	False
ABHD3	ENSG00000158201.10	ENST00000289119.7	1	0	0	0	0	0	False	False	False
ARSB	ENSG00000113273.17	ENST00000264914.10	1	0	0	0	0	0	False	False	False
CYB5R1	ENSG00000159348.13	ENST00000367249.9	1	0	0	0	0	0	False	False	False
DELE1	ENSG00000081791.9	ENST00000432126.7	1	0	0	0	0	0	False	False	False
DIP2A	ENSG00000160305.18	ENST00000417564.3	1	0	0	0	0	0	False	False	False
FKBP1A	ENSG00000088832.17	ENST00000400137.9	4	4	0	0	0	4	True	False	True
KLHL21	ENSG00000162413.16	ENST00000377658.8	1	0	0	0	0	0	False	False	False
MAP2K4	ENSG00000065559.15	ENST00000353533.10	1	1	0	0	0	1	True	False	True
MRNIP	ENSG00000161010.15	ENST00000292586.11	1	0	0	0	0	0	False	False	False
SMAP1	ENSG00000112305.15	ENST00000370455.8	1	0	0	0	0	0	False	False	False
TAMM41	ENSG00000144559.10	ENST00000455809.5	1	0	0	0	0	0	False	False	False
ZNF232	ENSG00000167840.13	ENST00000575898.5	3	0	0	0	0	0	False	False	False
AL136531.2	ENSG00000274322.1	ENST00000617804.1	4	0	0	0	0	0	False	False	False
DENND3	ENSG00000105339.10	ENST00000519811.5	1	1	0	0	0	1	True	False	True
ITFG2	ENSG00000111203.13	ENST00000228799.7	1	1	0	0	0	1	True	False	True
MCC	ENSG00000171444.18	ENST00000408903.7	1	0	0	0	0	0	False	False	False
MTG1	ENSG00000148824.19	ENST00000317502.11	3	0	0	0	0	0	False	False	False
ORMDL2	ENSG00000123353.10	ENST00000243045.10	1	0	0	0	0	0	False	False	False
PWWP2A	ENSG00000170234.13	ENST00000307063.9	1	0	0	0	0	0	False	False	False
PYURF	ENSG00000145337.5	ENST00000273968.5	1	0	0	0	0	0	False	False	False
RPAP2	ENSG00000122484.9	ENST00000610020.2	1	1	0	0	0	1	True	False	True
SOS1	ENSG00000115904.13	ENST00000402219.7	1	0	0	0	0	0	False	False	False
SRD5A1	ENSG00000145545.12	ENST00000274192.7	1	1	0	0	0	1	True	False	True
CENPM	ENSG00000100162.15	ENST00000215980.10	1	0	0	0	0	0	False	False	False
CTPS2	ENSG00000047230.15	ENST00000443824.5	1	0	0	0	0	0	False	False	False
FEZ1	ENSG00000149557.14	ENST00000648911.1	1	0	0	0	0	0	False	False	False
FHL1	ENSG00000022267.19	ENST00000370683.6	1	1	0	0	0	1	True	False	True
GNG11	ENSG00000127920.6	ENST00000248564.6	1	0	0	0	0	0	False	False	False
PANK3	ENSG00000120137.7	ENST00000239231.7	1	1	0	0	0	1	True	False	True
SLC35A5	ENSG00000138459.9	ENST00000492406.6	1	0	0	0	0	0	False	False	False
UBXN6	ENSG00000167671.12	ENST00000301281.11	1	0	0	0	0	0	False	False	False
CLK1	ENSG00000013441.16	ENST00000321356.9	1	0	0	0	0	0	False	False	False
GDE1	ENSG00000006007.12	ENST00000353258.8	1	0	0	0	0	0	False	False	False
GPR137	ENSG00000173264.14	ENST00000438980.6	1	0	0	0	0	0	False	False	False
L3HYPDH	ENSG00000126790.12	ENST00000247194.9	1	0	0	0	0	0	False	False	False
MRPL14	ENSG00000180992.7	ENST00000372014.5	1	0	0	0	0	0	False	False	False
STX16	ENSG00000124222.22	ENST00000371141.8	3	0	0	0	0	0	False	False	False
TMEM161A	ENSG00000064545.15	ENST00000162044.14	1	0	0	0	0	0	False	False	False
EFCAB11	ENSG00000140025.16	ENST00000316738.12	1	0	0	0	0	0	False	False	False
NUDT4	ENSG00000173598.14	ENST00000337179.9	4	0	0	0	1	1	False	False	True
SFN	ENSG00000175793.12	ENST00000339276.6	1	0	0	0	0	0	False	False	False
BBS4	ENSG00000140463.14	ENST00000268057.9	1	0	0	0	0	0	False	False	False
DESI1	ENSG00000100418.8	ENST00000263256.7	1	0	0	0	0	0	False	False	False
JPH1	ENSG00000104369.5	ENST00000342232.5	1	0	0	0	0	0	False	False	False
NBPF1	ENSG00000219481.10	ENST00000430580.6	4	0	0	0	0	0	False	False	False
PAFAH1B3	ENSG00000079462.7	ENST00000538771.5	1	0	0	0	0	0	False	False	False
AMZ1	ENSG00000174945.13	ENST00000312371.8	4	0	0	0	0	0	False	False	False
CDKN2B	ENSG00000147883.12	ENST00000276925.7	1	0	0	0	0	0	False	False	False
MAPK3	ENSG00000102882.12	ENST00000263025.9	1	0	0	0	0	0	False	False	False
SCAND1	ENSG00000171222.10	ENST00000373991.3	1	0	0	0	0	0	False	False	False
TAF13	ENSG00000197780.10	ENST00000338366.6	1	1	0	0	0	1	True	False	True
WDR73	ENSG00000177082.13	ENST00000434634.7	1	0	0	0	0	0	False	False	False
BLZF1	ENSG00000117475.14	ENST00000367808.8	1	0	1	0	0	1	False	True	True
CETN3	ENSG00000153140.8	ENST00000283122.7	1	0	0	0	0	0	False	False	False
DRAM2	ENSG00000156171.14	ENST00000286692.8	1	0	0	0	0	0	False	False	False
EVI5	ENSG00000067208.14	ENST00000370331.5	1	0	0	0	0	0	False	False	False
LHFPL2	ENSG00000145685.14	ENST00000380345.7	1	0	0	0	0	0	False	False	False
NECAP2	ENSG00000157191.20	ENST00000337132.10	1	0	0	0	0	0	False	False	False
OFD1	ENSG00000046651.15	ENST00000340096.11	1	1	0	0	0	1	True	False	True
TCF7L2	ENSG00000148737.17	ENST00000369397.8	1	0	0	0	0	0	False	False	False
TTC21B	ENSG00000123607.15	ENST00000243344.8	1	0	0	0	0	0	False	False	False
ZCCHC14	ENSG00000140948.13	ENST00000671377.2	1	0	0	0	0	0	False	False	False
H2BU1	ENSG00000196890.4	ENST00000620438.1	4	0	0	0	0	0	False	False	False
IFNGR2	ENSG00000159128.14	ENST00000290219.10	1	0	0	0	0	0	False	False	False
RIOX2	ENSG00000170854.18	ENST00000333396.11	1	0	0	0	0	0	False	False	False
SLC31A1	ENSG00000136868.11	ENST00000374212.5	1	1	0	0	0	1	True	False	True
TMBIM4	ENSG00000155957.17	ENST00000358230.7	3	0	0	0	0	0	False	False	False
ATP10D	ENSG00000145246.14	ENST00000273859.8	1	0	0	0	0	0	False	False	False
COA7	ENSG00000162377.6	ENST00000371538.5	1	0	0	0	0	0	False	False	False
DCUN1D4	ENSG00000109184.15	ENST00000334635.10	1	0	0	0	0	0	False	False	False
MALT1	ENSG00000172175.15	ENST00000649217.2	1	0	0	0	0	0	False	False	False
PPP2R3C	ENSG00000092020.10	ENST00000261475.9	1	0	0	0	0	0	False	False	False
ROMO1	ENSG00000125995.16	ENST00000374078.5	1	2	0	0	0	2	True	False	True
SFRP4	ENSG00000106483.12	ENST00000436072.7	1	0	0	0	0	0	False	False	False
SLC35E2B	ENSG00000189339.12	ENST00000617444.5	4	0	0	0	0	0	False	False	False
TFAP4	ENSG00000090447.12	ENST00000204517.11	1	0	0	0	0	0	False	False	False
AC124312.1	ENSG00000214265.11	ENST00000551312.6	1	0	0	0	0	0	False	False	False
DNAJB14	ENSG00000164031.17	ENST00000442697.7	1	1	0	0	0	1	True	False	True
DUSP16	ENSG00000111266.9	ENST00000298573.9	1	0	0	0	0	0	False	False	False
HAUS2	ENSG00000137814.12	ENST00000260372.8	1	0	0	0	0	0	False	False	False
MEN1	ENSG00000133895.16	ENST00000377326.7	1	0	0	0	0	0	False	False	False
NHSL2	ENSG00000204131.9	ENST00000633930.1	2	0	0	0	0	0	False	False	False
PCNX2	ENSG00000135749.19	ENST00000258229.14	2	0	0	0	0	0	False	False	False
PMVK	ENSG00000163344.6	ENST00000368467.4	1	0	0	0	0	0	False	False	False
RPS6KA4	ENSG00000162302.13	ENST00000334205.9	1	0	0	0	0	0	False	False	False
STAT5A	ENSG00000126561.16	ENST00000345506.8	4	0	0	0	0	0	False	False	False
ZFP36L1	ENSG00000185650.10	ENST00000336440.3	1	0	0	0	0	0	False	False	False
ZNF789	ENSG00000198556.14	ENST00000331410.10	1	0	0	0	0	0	False	False	False
ARL17B	ENSG00000228696.10	ENST00000450673.4	4	1	1	0	0	2	True	True	True
HIKESHI	ENSG00000149196.16	ENST00000278483.8	1	4	0	0	0	4	True	False	True
RHOBTB1	ENSG00000072422.17	ENST00000337910.10	1	0	0	0	0	0	False	False	False
ZNF687	ENSG00000143373.18	ENST00000324048.9	1	0	0	0	0	0	False	False	False
CEP164	ENSG00000110274.16	ENST00000278935.8	1	1	0	0	0	1	True	False	True
GIT1	ENSG00000108262.15	ENST00000394869.7	1	0	0	0	0	0	False	False	False
GLIPR2	ENSG00000122694.16	ENST00000377960.9	1	0	0	0	0	0	False	False	False
GRB14	ENSG00000115290.10	ENST00000263915.8	2	0	0	0	0	0	False	False	False
AMMECR1	ENSG00000101935.10	ENST00000262844.10	1	0	0	0	0	0	False	False	False
CSPG4	ENSG00000173546.7	ENST00000308508.5	1	0	1	0	0	1	False	True	True
DIS3L	ENSG00000166938.13	ENST00000319212.9	1	0	0	0	0	0	False	False	False
LAMTOR1	ENSG00000149357.10	ENST00000278671.10	1	0	0	0	0	0	False	False	False
MRM2	ENSG00000122687.19	ENST00000242257.14	3	0	0	0	0	0	False	False	False
PAK1	ENSG00000149269.10	ENST00000356341.8	1	0	0	0	0	0	False	False	False
RAB3D	ENSG00000105514.8	ENST00000222120.8	1	0	0	0	0	0	False	False	False
SLC25A33	ENSG00000171612.7	ENST00000302692.7	2	0	0	0	0	0	False	False	False
Z82190.2	ENSG00000285404.1	ENST00000646701.1	3	0	0	0	0	0	False	False	False
ABHD8	ENSG00000127220.6	ENST00000247706.4	1	0	0	0	0	0	False	False	False
BNIP3	ENSG00000176171.11	ENST00000368636.8	2	40	2	0	2	44	True	True	True
HHAT	ENSG00000054392.13	ENST00000261458.8	3	0	0	0	0	0	False	False	False
INPP5B	ENSG00000204084.13	ENST00000373024.8	1	0	0	0	0	0	False	False	False
PHKA1	ENSG00000067177.15	ENST00000373542.9	1	1	0	0	0	1	True	False	True
TEAD4	ENSG00000197905.9	ENST00000359864.7	1	0	0	0	0	0	False	False	False
TSEN34	ENSG00000170892.12	ENST00000302937.8	1	0	0	0	0	0	False	False	False
ACOT1	ENSG00000184227.8	ENST00000311148.9	4	0	0	0	0	0	False	False	False
EMB	ENSG00000170571.12	ENST00000303221.10	2	0	0	0	0	0	False	False	False
GNA11	ENSG00000088256.9	ENST00000078429.9	1	1	0	0	0	1	True	False	True
IRF3	ENSG00000126456.16	ENST00000597198.5	1	0	0	0	0	0	False	False	False
KLHL23	ENSG00000213160.10	ENST00000392647.7	1	0	0	0	0	0	False	False	False
RTL8C	ENSG00000134590.14	ENST00000257013.9	1	0	0	0	0	0	False	False	False
SDE2	ENSG00000143751.10	ENST00000272091.8	1	0	0	0	0	0	False	False	False
SGSM3	ENSG00000100359.21	ENST00000248929.14	3	0	0	0	0	0	False	False	False
TADA2A	ENSG00000276234.5	ENST00000615182.5	1	0	0	0	0	0	False	False	False
CBX4	ENSG00000141582.15	ENST00000269397.9	1	0	0	0	0	0	False	False	False
COQ9	ENSG00000088682.14	ENST00000262507.11	1	0	0	0	0	0	False	False	False
DDX60L	ENSG00000181381.13	ENST00000511577.5	1	0	0	0	0	0	False	False	False
EIF1AD	ENSG00000175376.9	ENST00000533544.6	1	0	0	0	0	0	False	False	False
EIF2B2	ENSG00000119718.11	ENST00000266126.10	1	0	0	0	0	0	False	False	False
FAM72A	ENSG00000196550.10	ENST00000367128.7	4	0	0	0	0	0	False	False	False
GATC	ENSG00000257218.6	ENST00000551765.6	1	1	0	0	0	1	True	False	True
LRP1B	ENSG00000168702.18	ENST00000389484.8	1	0	0	0	0	0	False	False	False
SENP7	ENSG00000138468.16	ENST00000394095.7	2	0	0	0	0	0	False	False	False
SF3B5	ENSG00000169976.7	ENST00000367569.4	1	0	0	0	0	0	False	False	False
TOX	ENSG00000198846.6	ENST00000361421.2	1	0	0	0	0	0	False	False	False
ASB8	ENSG00000177981.11	ENST00000536549.5	1	0	0	0	0	0	False	False	False
HUS1	ENSG00000136273.13	ENST00000258774.10	1	0	0	0	0	0	False	False	False
LIMD1	ENSG00000144791.10	ENST00000273317.5	1	0	0	0	0	0	False	False	False
NECAP1	ENSG00000089818.18	ENST00000639955.1	1	2	0	0	0	2	True	False	True
NUBP2	ENSG00000095906.17	ENST00000262302.14	1	0	0	0	0	0	False	False	False
RRAGC	ENSG00000116954.8	ENST00000373001.4	1	0	0	0	0	0	False	False	False
ZNF143	ENSG00000166478.10	ENST00000396602.7	1	0	0	0	0	0	False	False	False
CEP85	ENSG00000130695.15	ENST00000252992.8	1	0	0	0	0	0	False	False	False
DHX34	ENSG00000134815.19	ENST00000328771.9	1	0	0	0	0	0	False	False	False
EFNA5	ENSG00000184349.13	ENST00000333274.11	1	0	0	0	0	0	False	False	False
FBXL2	ENSG00000153558.16	ENST00000484457.6	1	0	0	0	0	0	False	False	False
FLVCR1	ENSG00000162769.13	ENST00000366971.9	1	0	0	0	0	0	False	False	False
MAP1LC3B2	ENSG00000258102.5	ENST00000556529.4	4	1	0	0	0	1	True	False	True
OTOGL	ENSG00000165899.11	ENST00000458043.6	4	0	0	0	0	0	False	False	False
SPATA5L1	ENSG00000171763.20	ENST00000305560.11	1	0	0	0	0	0	False	False	False
TAF1B	ENSG00000115750.17	ENST00000263663.10	1	0	0	0	0	0	False	False	False
UNC13D	ENSG00000092929.11	ENST00000207549.8	1	0	0	0	0	0	False	False	False
CDC42EP3	ENSG00000163171.8	ENST00000611976.1	1	1	0	0	0	1	True	False	True
CEP63	ENSG00000182923.17	ENST00000383229.7	1	0	0	0	0	0	False	False	False
CNTNAP3B	ENSG00000154529.15	ENST00000377561.7	4	0	0	0	0	0	False	False	False
FAM110A	ENSG00000125898.13	ENST00000304189.6	2	0	0	0	0	0	False	False	False
FAM133B	ENSG00000234545.8	ENST00000445716.6	2	0	0	0	0	0	False	False	False
KIAA1143	ENSG00000163807.6	ENST00000296121.6	2	1	0	0	0	1	True	False	True
MFSD5	ENSG00000182544.9	ENST00000329548.5	1	0	0	0	0	0	False	False	False
MRFAP1L1	ENSG00000178988.11	ENST00000320848.7	1	0	0	0	0	0	False	False	False
NUP35	ENSG00000163002.13	ENST00000295119.9	1	2	0	0	0	2	True	False	True
TFE3	ENSG00000068323.17	ENST00000315869.8	1	0	0	0	0	0	False	False	False
AGK	ENSG00000006530.18	ENST00000649286.2	1	2	0	0	0	2	True	False	True
ASDURF	ENSG00000286053.1	ENST00000607829.5	3	0	0	0	0	0	False	False	False
BBS7	ENSG00000138686.10	ENST00000264499.9	1	0	0	0	0	0	False	False	False
FURIN	ENSG00000140564.12	ENST00000618099.4	1	0	0	0	0	0	False	False	False
GINS1	ENSG00000101003.10	ENST00000262460.5	1	0	0	0	0	0	False	False	False
LRIG1	ENSG00000144749.13	ENST00000273261.7	1	0	0	0	0	0	False	False	False
LSM1	ENSG00000175324.10	ENST00000311351.9	1	2	0	0	0	2	True	False	True
SLC12A8	ENSG00000221955.10	ENST00000393469.8	1	0	0	0	0	0	False	False	False
ZNF280D	ENSG00000137871.20	ENST00000267807.11	3	0	0	0	0	0	False	False	False
COA8	ENSG00000256053.8	ENST00000409074.7	3	0	0	0	0	0	False	False	False
POLR2J	ENSG00000005075.15	ENST00000292614.9	4	0	0	0	0	0	False	False	False
RNF187	ENSG00000168159.13	ENST00000305943.8	1	0	0	0	0	0	False	False	False
SLC35A3	ENSG00000117620.15	ENST00000533028.8	3	0	0	0	0	0	False	False	False
THAP4	ENSG00000176946.12	ENST00000407315.6	1	0	0	0	0	0	False	False	False
TRMT61B	ENSG00000171103.11	ENST00000306108.10	1	0	0	0	0	0	False	False	False
TTC26	ENSG00000105948.13	ENST00000464848.5	1	0	0	0	0	0	False	False	False
ARAF	ENSG00000078061.13	ENST00000377045.9	1	3	0	0	0	3	True	False	True
C1orf122	ENSG00000197982.14	ENST00000373042.5	1	0	0	0	0	0	False	False	False
COPS7B	ENSG00000144524.18	ENST00000350033.8	1	0	0	0	0	0	False	False	False
ELOVL6	ENSG00000170522.9	ENST00000394607.7	1	0	0	0	0	0	False	False	False
FAM13A	ENSG00000138640.15	ENST00000264344.10	1	0	0	0	0	0	False	False	False
KATNB1	ENSG00000140854.13	ENST00000379661.8	1	0	0	0	0	0	False	False	False
KHDRBS3	ENSG00000131773.14	ENST00000355849.10	2	0	0	0	0	0	False	False	False
MFSD2A	ENSG00000168389.18	ENST00000372811.10	2	0	0	0	0	0	False	False	False
MTSS2	ENSG00000132613.15	ENST00000338779.11	1	0	0	0	0	0	False	False	False
OSBPL3	ENSG00000070882.13	ENST00000313367.7	1	0	0	0	0	0	False	False	False
SPRTN	ENSG00000010072.16	ENST00000295050.12	1	0	0	0	0	0	False	False	False
UACA	ENSG00000137831.15	ENST00000322954.11	1	0	0	0	0	0	False	False	False
ATXN7L3B	ENSG00000253719.4	ENST00000519948.4	1	0	0	0	0	0	False	False	False
BTG1	ENSG00000133639.6	ENST00000256015.5	1	1	0	0	0	1	True	False	True
COQ10B	ENSG00000115520.8	ENST00000263960.6	1	1	0	0	1	2	True	False	True
FBXO42	ENSG00000037637.11	ENST00000375592.8	1	0	0	0	0	0	False	False	False
GMDS	ENSG00000112699.11	ENST00000380815.5	1	0	0	0	0	0	False	False	False
MXD4	ENSG00000123933.17	ENST00000337190.7	1	0	0	0	0	0	False	False	False
MYPN	ENSG00000138347.15	ENST00000358913.9	1	0	0	0	0	0	False	False	False
SMIM27	ENSG00000235453.10	ENST00000644531.1	1	0	0	0	0	0	False	False	False
STAM2	ENSG00000115145.10	ENST00000263904.5	1	0	0	0	0	0	False	False	False
TMEM115	ENSG00000126062.4	ENST00000266025.4	1	0	0	0	0	0	False	False	False
TNIP1	ENSG00000145901.15	ENST00000315050.11	1	0	0	0	0	0	False	False	False
TUSC2	ENSG00000114383.10	ENST00000232496.5	1	0	0	0	0	0	False	False	False
WWP2	ENSG00000198373.12	ENST00000359154.6	1	1	0	0	0	1	True	False	True
CHD6	ENSG00000124177.15	ENST00000373233.8	1	0	0	0	0	0	False	False	False
ERG28	ENSG00000133935.7	ENST00000256319.7	1	0	0	0	0	0	False	False	False
IRAK1	ENSG00000184216.14	ENST00000369980.8	1	0	0	0	0	0	False	False	False
MIER3	ENSG00000155545.19	ENST00000381213.7	1	0	0	0	0	0	False	False	False
NAPG	ENSG00000134265.13	ENST00000322897.11	1	2	0	0	0	2	True	False	True
NPM3	ENSG00000107833.10	ENST00000370110.5	1	1	0	0	0	1	True	False	True
RNF34	ENSG00000170633.16	ENST00000361234.9	1	0	0	0	0	0	False	False	False
SFMBT1	ENSG00000163935.14	ENST00000394752.8	1	0	0	0	0	0	False	False	False
WDR81	ENSG00000167716.18	ENST00000409644.5	1	0	0	0	0	0	False	False	False
BMI1	ENSG00000168283.14	ENST00000376663.8	3	0	0	0	0	0	False	False	False
CDK2AP2	ENSG00000167797.8	ENST00000301488.8	1	4	0	0	0	4	True	False	True
CELSR3	ENSG00000008300.17	ENST00000164024.5	1	0	0	0	0	0	False	False	False
CRMP1	ENSG00000072832.15	ENST00000397890.6	1	0	0	0	0	0	False	False	False
EHHADH	ENSG00000113790.11	ENST00000231887.8	2	0	0	0	0	0	False	False	False
IFT22	ENSG00000128581.17	ENST00000315322.10	1	0	0	0	0	0	False	False	False
INTS9	ENSG00000104299.15	ENST00000521022.6	1	0	0	0	0	0	False	False	False
MACROD2	ENSG00000172264.17	ENST00000217246.8	2	1	0	0	0	1	True	False	True
PCK2	ENSG00000100889.12	ENST00000216780.9	1	0	0	0	0	0	False	False	False
POLR2J2	ENSG00000228049.7	ENST00000358438.6	4	0	0	0	0	0	False	False	False
POP7	ENSG00000172336.5	ENST00000303151.5	1	0	0	0	0	0	False	False	False
PTPN9	ENSG00000169410.10	ENST00000618819.5	1	0	0	0	0	0	False	False	False
SAMD1	ENSG00000141858.12	ENST00000533683.7	1	0	0	0	0	0	False	False	False
WASF1	ENSG00000112290.13	ENST00000392588.5	1	1	0	0	0	1	True	False	True
ACBD5	ENSG00000107897.19	ENST00000396271.8	1	0	0	0	0	0	False	False	False
ADAMTS6	ENSG00000049192.15	ENST00000381055.8	1	0	0	0	0	0	False	False	False
ARMC8	ENSG00000114098.18	ENST00000469044.6	1	1	0	0	0	1	True	False	True
CDKN1C	ENSG00000129757.13	ENST00000414822.8	1	0	0	0	0	0	False	False	False
DMTF1	ENSG00000135164.18	ENST00000394703.9	1	0	0	0	0	0	False	False	False
ITM2C	ENSG00000135916.16	ENST00000326427.11	1	0	0	0	0	0	False	False	False
NKTR	ENSG00000114857.18	ENST00000232978.13	1	0	0	0	0	0	False	False	False
RBM18	ENSG00000119446.14	ENST00000417201.4	1	0	0	0	0	0	False	False	False
TCF19	ENSG00000137310.12	ENST00000376257.8	1	0	0	0	0	0	False	False	False
TPMT	ENSG00000137364.5	ENST00000309983.5	1	4	0	0	0	4	True	False	True
TSEN15	ENSG00000198860.13	ENST00000645668.2	1	3	0	0	0	3	True	False	True
ZNF394	ENSG00000160908.15	ENST00000651061.1	1	0	0	0	0	0	False	False	False
CDS2	ENSG00000101290.14	ENST00000460006.6	1	0	0	0	0	0	False	False	False
CYP20A1	ENSG00000119004.16	ENST00000356079.9	1	0	0	0	0	0	False	False	False
DMAC2	ENSG00000105341.18	ENST00000221943.13	1	0	0	0	0	0	False	False	False
DUSP12	ENSG00000081721.12	ENST00000367943.5	1	0	0	0	0	0	False	False	False
GADD45B	ENSG00000099860.9	ENST00000215631.9	1	0	0	0	0	0	False	False	False
GCNT7	ENSG00000124091.9	ENST00000617620.1	1	0	0	0	0	0	False	False	False
IRAK1BP1	ENSG00000146243.14	ENST00000369940.7	1	0	0	0	0	0	False	False	False
MACO1	ENSG00000204178.11	ENST00000374343.5	1	0	0	0	0	0	False	False	False
PLK4	ENSG00000142731.11	ENST00000270861.10	1	0	0	0	1	1	False	False	True
POC1A	ENSG00000164087.8	ENST00000296484.7	1	0	0	0	0	0	False	False	False
POLR2K	ENSG00000147669.11	ENST00000353107.8	1	3	0	0	0	3	True	False	True
STYXL1	ENSG00000127952.17	ENST00000248600.5	1	0	0	0	0	0	False	False	False
SUV39H1	ENSG00000101945.17	ENST00000376687.4	1	0	0	0	0	0	False	False	False
WDR13	ENSG00000101940.18	ENST00000376729.10	1	0	0	0	0	0	False	False	False
WWC1	ENSG00000113645.14	ENST00000265293.8	1	0	0	0	0	0	False	False	False
EPN2	ENSG00000072134.15	ENST00000347697.6	1	1	0	0	0	1	True	False	True
FASTKD5	ENSG00000215251.4	ENST00000380266.4	1	0	0	0	0	0	False	False	False
GEMIN6	ENSG00000152147.11	ENST00000281950.8	1	0	0	0	0	0	False	False	False
HIPK3	ENSG00000110422.12	ENST00000456517.2	1	0	0	0	0	0	False	False	False
LMO1	ENSG00000166407.14	ENST00000335790.8	1	0	0	0	0	0	False	False	False
NDUFB1	ENSG00000183648.11	ENST00000329559.8	1	2	0	0	0	2	True	False	True
PITPNC1	ENSG00000154217.15	ENST00000581322.6	1	1	0	0	0	1	True	False	True
TRAPPC2L	ENSG00000167515.10	ENST00000301021.7	1	1	0	0	0	1	True	False	True
AL049697.1	ENSG00000213204.8	ENST00000507897.5	1	0	0	0	0	0	False	False	False
ANKRD13C	ENSG00000118454.13	ENST00000370944.9	1	0	0	0	0	0	False	False	False
CC2D1B	ENSG00000154222.14	ENST00000284376.7	1	0	0	0	0	0	False	False	False
DNPH1	ENSG00000112667.13	ENST00000230431.11	1	1	0	0	0	1	True	False	True
EXOC8	ENSG00000116903.7	ENST00000366645.1	1	0	0	0	0	0	False	False	False
MAGEF1	ENSG00000177383.5	ENST00000317897.5	1	0	0	0	0	0	False	False	False
NOL3	ENSG00000140939.14	ENST00000268605.11	1	0	0	0	0	0	False	False	False
NUMB	ENSG00000133961.20	ENST00000555238.5	1	0	0	0	0	0	False	False	False
PAXBP1	ENSG00000159086.15	ENST00000331923.9	1	1	0	0	0	1	True	False	True
PITHD1	ENSG00000057757.10	ENST00000246151.9	1	0	0	0	0	0	False	False	False
PTPN13	ENSG00000163629.13	ENST00000411767.7	1	0	0	0	0	0	False	False	False
RTTN	ENSG00000176225.14	ENST00000640769.2	1	0	0	0	0	0	False	False	False
SEMA3A	ENSG00000075213.11	ENST00000265362.9	1	0	0	0	0	0	False	False	False
UBE2F	ENSG00000184182.18	ENST00000612130.4	3	3	0	0	1	4	True	False	True
VHL	ENSG00000134086.8	ENST00000256474.3	1	0	0	0	0	0	False	False	False
DCLK2	ENSG00000170390.16	ENST00000302176.8	1	0	0	0	0	0	False	False	False
EI24	ENSG00000149547.15	ENST00000278903.11	1	5	0	0	1	6	True	False	True
KDM1B	ENSG00000165097.16	ENST00000650836.2	1	0	0	0	0	0	False	False	False
MRPS18A	ENSG00000096080.11	ENST00000372133.7	1	1	0	0	0	1	True	False	True
NUDCD2	ENSG00000170584.11	ENST00000302764.9	1	0	0	0	0	0	False	False	False
STK25	ENSG00000115694.15	ENST00000316586.9	1	1	0	0	0	1	True	False	True
STX10	ENSG00000104915.15	ENST00000587230.6	1	0	0	0	0	0	False	False	False
SYNPO	ENSG00000171992.13	ENST00000307662.5	1	0	0	0	0	0	False	False	False
TMEM135	ENSG00000166575.17	ENST00000305494.6	1	0	0	0	0	0	False	False	False
ARHGEF40	ENSG00000165801.10	ENST00000298694.9	1	0	0	0	0	0	False	False	False
CHIT1	ENSG00000133063.16	ENST00000367229.6	4	0	0	0	0	0	False	False	False
CITED2	ENSG00000164442.10	ENST00000367651.4	1	0	0	0	0	0	False	False	False
LMAN2L	ENSG00000114988.11	ENST00000264963.8	1	0	0	0	0	0	False	False	False
NUMBL	ENSG00000105245.9	ENST00000252891.8	1	0	0	0	0	0	False	False	False
PPP1R3C	ENSG00000119938.9	ENST00000238994.6	1	0	0	0	0	0	False	False	False
PRKRA	ENSG00000180228.13	ENST00000325748.9	1	0	0	0	0	0	False	False	False
TCIM	ENSG00000176907.5	ENST00000315792.5	1	0	0	0	0	0	False	False	False
TXNDC11	ENSG00000153066.12	ENST00000283033.9	1	0	0	0	1	1	False	False	True
YAE1	ENSG00000241127.8	ENST00000223273.7	1	0	0	0	0	0	False	False	False
AC112128.1	ENSG00000285943.1	ENST00000649772.1	3	0	0	0	0	0	False	False	False
CENPP	ENSG00000188312.14	ENST00000375587.8	1	1	0	0	0	1	True	False	True
CHURC1	ENSG00000258289.8	ENST00000549115.5	3	0	0	0	0	0	False	False	False
ELK4	ENSG00000158711.14	ENST00000357992.9	1	0	0	0	0	0	False	False	False
IMPA1	ENSG00000133731.10	ENST00000256108.10	1	1	0	0	0	1	True	False	True
MRPS31	ENSG00000102738.8	ENST00000323563.8	1	0	0	0	0	0	False	False	False
PITPNM1	ENSG00000110697.13	ENST00000356404.8	1	0	0	0	0	0	False	False	False
RPAIN	ENSG00000129197.14	ENST00000381209.7	1	0	0	0	0	0	False	False	False
SLC2A4RG	ENSG00000125520.14	ENST00000266077.5	1	0	0	0	0	0	False	False	False
TRMT6	ENSG00000089195.15	ENST00000203001.7	1	0	0	0	0	0	False	False	False
WDR55	ENSG00000120314.18	ENST00000358337.9	1	0	0	0	0	0	False	False	False
BCL10	ENSG00000142867.14	ENST00000648566.1	1	0	0	0	0	0	False	False	False
CDK5	ENSG00000164885.13	ENST00000485972.6	1	1	0	0	0	1	True	False	True
CEP295NL	ENSG00000178404.10	ENST00000322630.3	1	0	0	0	0	0	False	False	False
ENTPD5	ENSG00000187097.12	ENST00000334696.10	1	1	0	0	0	1	True	False	True
HACD1	ENSG00000165996.14	ENST00000361271.8	1	0	0	0	0	0	False	False	False
MRPS14	ENSG00000120333.4	ENST00000476371.1	1	0	0	0	0	0	False	False	False
NAGK	ENSG00000124357.13	ENST00000244204.11	1	0	0	0	0	0	False	False	False
NAPEPLD	ENSG00000161048.11	ENST00000417955.5	2	0	0	0	0	0	False	False	False
QRSL1	ENSG00000130348.11	ENST00000369046.8	1	3	0	0	0	3	True	False	True
SGPP1	ENSG00000126821.8	ENST00000247225.7	1	0	0	0	0	0	False	False	False
SMARCAL1	ENSG00000138375.13	ENST00000357276.9	1	0	0	0	0	0	False	False	False
TMEM258	ENSG00000134825.16	ENST00000537328.6	1	1	0	0	1	2	True	False	True
TOE1	ENSG00000132773.12	ENST00000372090.6	1	0	0	0	0	0	False	False	False
USP28	ENSG00000048028.11	ENST00000003302.8	1	0	0	0	0	0	False	False	False
ZCCHC17	ENSG00000121766.15	ENST00000373714.5	1	1	0	0	0	1	True	False	True
ZNF525	ENSG00000203326.12	ENST00000474037.6	4	0	0	0	0	0	False	False	False
AKAP8	ENSG00000105127.9	ENST00000269701.7	1	0	0	0	0	0	False	False	False
AL049650.2	ENSG00000256566.1	ENST00000461548.1	3	0	0	0	0	0	False	False	False
ARL13B	ENSG00000169379.16	ENST00000394222.8	1	0	0	0	0	0	False	False	False
C2orf69	ENSG00000178074.6	ENST00000319974.6	1	4	0	0	0	4	True	False	True
DCTPP1	ENSG00000179958.9	ENST00000319285.5	1	0	0	0	0	0	False	False	False
DMAC2L	ENSG00000125375.16	ENST00000311459.12	1	0	0	0	0	0	False	False	False
JUN	ENSG00000177606.7	ENST00000371222.4	1	0	0	0	0	0	False	False	False
KIF4B	ENSG00000226650.6	ENST00000435029.6	4	1	0	0	0	1	True	False	True
MAP4K3	ENSG00000011566.15	ENST00000263881.8	1	0	0	0	0	0	False	False	False
MKRN1	ENSG00000133606.11	ENST00000255977.7	1	0	0	0	0	0	False	False	False
TRNAU1AP	ENSG00000180098.9	ENST00000373830.4	1	0	0	0	0	0	False	False	False
TSPYL2	ENSG00000184205.14	ENST00000375442.8	1	0	0	0	0	0	False	False	False
BTG3	ENSG00000154640.15	ENST00000348354.7	1	1	0	0	0	1	True	False	True
CCDC125	ENSG00000183323.13	ENST00000396496.7	1	0	0	0	0	0	False	False	False
CCNL1	ENSG00000163660.12	ENST00000295926.8	1	0	0	0	0	0	False	False	False
CISD2	ENSG00000145354.12	ENST00000273986.10	1	0	0	0	0	0	False	False	False
COG3	ENSG00000136152.15	ENST00000349995.10	1	0	0	0	0	0	False	False	False
KRI1	ENSG00000129347.21	ENST00000652042.1	1	0	0	0	0	0	False	False	False
LSM7	ENSG00000130332.15	ENST00000252622.15	1	0	0	0	0	0	False	False	False
NAA60	ENSG00000122390.19	ENST00000649205.1	1	0	0	0	0	0	False	False	False
PCSK7	ENSG00000160613.13	ENST00000320934.8	1	0	0	0	0	0	False	False	False
UMAD1	ENSG00000219545.11	ENST00000636849.1	1	0	0	0	0	0	False	False	False
BAG4	ENSG00000156735.11	ENST00000287322.5	1	1	0	0	0	1	True	False	True
BMERB1	ENSG00000166780.11	ENST00000300006.9	1	0	0	0	0	0	False	False	False
CD3EAP	ENSG00000117877.10	ENST00000589804.1	1	0	0	0	0	0	False	False	False
CEP72	ENSG00000112877.8	ENST00000264935.6	1	0	0	0	0	0	False	False	False
FAHD2B	ENSG00000144199.12	ENST00000414820.6	4	0	0	0	0	0	False	False	False
KBTBD6	ENSG00000165572.8	ENST00000379485.2	1	0	0	0	0	0	False	False	False
MARK2	ENSG00000072518.20	ENST00000502399.7	1	19	2	0	2	23	True	True	True
SPIRE1	ENSG00000134278.15	ENST00000410092.7	1	0	0	0	0	0	False	False	False
ZNF587B	ENSG00000269343.8	ENST00000651253.2	4	0	0	0	0	0	False	False	False
ANKMY2	ENSG00000106524.9	ENST00000306999.7	1	0	0	0	0	0	False	False	False
EXOSC5	ENSG00000077348.9	ENST00000221233.9	1	0	0	0	0	0	False	False	False
KATNA1	ENSG00000186625.14	ENST00000367411.7	1	0	0	0	0	0	False	False	False
LRWD1	ENSG00000161036.13	ENST00000292616.10	1	0	0	0	0	0	False	False	False
SH3RF1	ENSG00000154447.15	ENST00000284637.14	1	0	0	0	0	0	False	False	False
SLC43A2	ENSG00000167703.15	ENST00000301335.10	1	0	0	0	0	0	False	False	False
SLFN12	ENSG00000172123.12	ENST00000394562.5	1	0	0	0	0	0	False	False	False
SNURF	ENSG00000273173.5	ENST00000577949.5	1	2	0	0	0	2	True	False	True
SURF6	ENSG00000148296.7	ENST00000372022.6	1	2	0	0	0	2	True	False	True
ANKRD10	ENSG00000088448.14	ENST00000267339.6	1	0	0	0	0	0	False	False	False
COMMD3	ENSG00000148444.16	ENST00000376836.8	3	0	0	0	0	0	False	False	False
DYNLRB1	ENSG00000125971.16	ENST00000357156.6	1	2	0	0	0	2	True	False	True
MPI	ENSG00000178802.18	ENST00000352410.9	1	0	0	0	0	0	False	False	False
MUL1	ENSG00000090432.7	ENST00000264198.5	1	0	0	0	0	0	False	False	False
PTER	ENSG00000165983.14	ENST00000378000.5	1	0	0	0	0	0	False	False	False
TYW1B	ENSG00000277149.5	ENST00000620995.5	4	0	0	0	1	1	False	False	True
CTDNEP1	ENSG00000175826.12	ENST00000574322.6	1	2	0	0	0	2	True	False	True
DTX2	ENSG00000091073.19	ENST00000324432.9	2	0	0	0	0	0	False	False	False
E2F3	ENSG00000112242.15	ENST00000346618.8	1	2	0	0	0	2	True	False	True
FAM120AOS	ENSG00000188938.17	ENST00000375412.11	1	0	0	0	0	0	False	False	False
GALNS	ENSG00000141012.13	ENST00000268695.10	1	0	0	0	0	0	False	False	False
H2BC14	ENSG00000273703.2	ENST00000621112.2	1	0	0	0	0	0	False	False	False
MARCKSL1	ENSG00000175130.7	ENST00000329421.8	1	2	0	0	0	2	True	False	True
MYLK	ENSG00000065534.18	ENST00000360304.7	1	0	0	0	0	0	False	False	False
NCS1	ENSG00000107130.10	ENST00000372398.6	1	0	0	0	0	0	False	False	False
TEFM	ENSG00000172171.11	ENST00000581216.6	1	0	0	0	0	0	False	False	False
TTC7B	ENSG00000165914.15	ENST00000328459.11	2	1	0	0	0	1	True	False	True
DDX55	ENSG00000111364.16	ENST00000238146.9	1	1	0	0	1	2	True	False	True
DOCK11	ENSG00000147251.15	ENST00000276202.8	1	1	0	0	0	1	True	False	True
MPC2	ENSG00000143158.11	ENST00000271373.9	1	0	0	0	0	0	False	False	False
NAA20	ENSG00000173418.12	ENST00000334982.9	1	3	0	0	0	3	True	False	True
SLC19A2	ENSG00000117479.15	ENST00000236137.10	1	0	0	0	0	0	False	False	False
SSH2	ENSG00000141298.19	ENST00000269033.7	1	0	0	0	0	0	False	False	False
ACAA1	ENSG00000060971.18	ENST00000333167.13	1	0	0	0	0	0	False	False	False
CLIP4	ENSG00000115295.20	ENST00000320081.10	1	0	0	0	0	0	False	False	False
DNAJC17	ENSG00000104129.10	ENST00000220496.9	1	1	0	0	1	2	True	False	True
KAT8	ENSG00000103510.20	ENST00000543774.6	1	0	0	0	0	0	False	False	False
LTBP4	ENSG00000090006.18	ENST00000396819.8	1	0	0	0	0	0	False	False	False
SHISA5	ENSG00000164054.15	ENST00000296444.6	1	2	0	0	0	2	True	False	True
B9D1	ENSG00000108641.18	ENST00000261499.10	1	0	0	0	0	0	False	False	False
BTBD7	ENSG00000011114.15	ENST00000334746.10	1	2	0	0	0	2	True	False	True
COX20	ENSG00000203667.10	ENST00000411948.7	2	2	0	0	0	2	True	False	True
DNAJC25-GNG10	ENSG00000244115.1	ENST00000374294.3	4	0	0	0	0	0	False	False	False
DUS3L	ENSG00000141994.16	ENST00000309061.12	1	0	0	0	0	0	False	False	False
EMP2	ENSG00000213853.10	ENST00000359543.8	1	1	0	0	0	1	True	False	True
FAM204A	ENSG00000165669.14	ENST00000369183.9	1	3	0	0	0	3	True	False	True
PRPF39	ENSG00000185246.18	ENST00000355765.11	1	0	0	0	0	0	False	False	False
TMEM14A	ENSG00000096092.6	ENST00000211314.5	1	0	0	0	0	0	False	False	False
ZCCHC10	ENSG00000155329.12	ENST00000509437.6	1	2	0	0	0	2	True	False	True
GABBR2	ENSG00000136928.7	ENST00000259455.4	2	0	0	0	0	0	False	False	False
HCFC1R1	ENSG00000103145.11	ENST00000574980.5	1	0	0	0	0	0	False	False	False
MED21	ENSG00000152944.9	ENST00000282892.4	1	1	0	0	0	1	True	False	True
NSFL1C	ENSG00000088833.17	ENST00000216879.8	1	1	0	0	0	1	True	False	True
QPRT	ENSG00000103485.19	ENST00000395384.9	1	0	0	0	0	0	False	False	False
RPL39L	ENSG00000163923.10	ENST00000433055.1	3	0	0	0	0	0	False	False	False
RPP14	ENSG00000163684.11	ENST00000445193.7	3	0	0	0	0	0	False	False	False
USP38	ENSG00000170185.10	ENST00000307017.9	1	0	0	0	0	0	False	False	False
ZKSCAN1	ENSG00000106261.17	ENST00000324306.11	1	0	0	0	0	0	False	False	False
ZNF354B	ENSG00000178338.11	ENST00000322434.8	1	0	0	0	0	0	False	False	False
CDK14	ENSG00000058091.17	ENST00000380050.8	1	0	0	0	0	0	False	False	False
FAM72B	ENSG00000188610.12	ENST00000369390.7	4	0	0	0	0	0	False	False	False
MMGT1	ENSG00000169446.5	ENST00000305963.2	1	0	0	0	0	0	False	False	False
MTMR14	ENSG00000163719.20	ENST00000296003.9	1	2	0	0	0	2	True	False	True
POLR3G	ENSG00000113356.12	ENST00000651687.1	1	2	0	0	0	2	True	False	True
RWDD2B	ENSG00000156253.7	ENST00000493196.2	1	1	0	0	0	1	True	False	True
TMEM116	ENSG00000198270.13	ENST00000552374.7	1	0	0	0	0	0	False	False	False
AC090227.2	ENSG00000266997.2	ENST00000590532.2	3	1	0	0	0	1	True	False	True
AGO3	ENSG00000126070.20	ENST00000373191.9	1	0	0	0	0	0	False	False	False
ANKRD40	ENSG00000154945.7	ENST00000285243.7	1	0	0	0	0	0	False	False	False
ATP5ME	ENSG00000169020.10	ENST00000304312.5	1	0	0	0	0	0	False	False	False
CYFIP2	ENSG00000055163.20	ENST00000620254.5	1	0	0	0	0	0	False	False	False
GMPPB	ENSG00000173540.13	ENST00000480687.5	1	0	0	0	0	0	False	False	False
GNG5	ENSG00000174021.11	ENST00000370641.3	1	5	0	0	1	6	True	False	True
PBDC1	ENSG00000102390.11	ENST00000373358.8	1	0	0	0	0	0	False	False	False
SNAPC5	ENSG00000174446.13	ENST00000316634.6	1	1	0	0	0	1	True	False	True
UBE2J1	ENSG00000198833.7	ENST00000435041.3	1	0	0	0	0	0	False	False	False
C20orf194	ENSG00000088854.12	ENST00000252032.9	4	0	0	0	0	0	False	False	False
GATD3A	ENSG00000160221.18	ENST00000291577.11	4	0	0	0	0	0	False	False	False
KATNAL1	ENSG00000102781.14	ENST00000380615.8	1	0	0	0	0	0	False	False	False
MITD1	ENSG00000158411.11	ENST00000289359.6	1	0	0	0	0	0	False	False	False
POLR2I	ENSG00000105258.9	ENST00000221859.9	1	0	0	0	0	0	False	False	False
TMEM45A	ENSG00000181458.10	ENST00000323523.8	1	0	0	0	0	0	False	False	False
AP5M1	ENSG00000053770.12	ENST00000261558.8	1	1	0	0	0	1	True	False	True
ATP8B2	ENSG00000143515.18	ENST00000368489.5	1	0	0	0	0	0	False	False	False
C14orf119	ENSG00000179933.6	ENST00000319074.6	1	1	0	0	0	1	True	False	True
GSK3A	ENSG00000105723.12	ENST00000222330.8	1	0	0	0	0	0	False	False	False
H2BC6	ENSG00000274290.3	ENST00000634910.1	4	0	0	0	0	0	False	False	False
KMT5A	ENSG00000183955.13	ENST00000402868.8	2	3	0	0	0	3	True	False	True
MSL3	ENSG00000005302.19	ENST00000312196.10	1	0	0	0	0	0	False	False	False
RAB30	ENSG00000137502.10	ENST00000533486.5	1	0	0	0	0	0	False	False	False
RWDD4	ENSG00000182552.15	ENST00000326397.10	2	2	0	0	0	2	True	False	True
TYK2	ENSG00000105397.14	ENST00000525621.6	1	0	0	0	0	0	False	False	False
ALDH16A1	ENSG00000161618.10	ENST00000293350.9	1	0	0	0	0	0	False	False	False
HENMT1	ENSG00000162639.16	ENST00000370032.9	1	0	0	0	0	0	False	False	False
IL10RB	ENSG00000243646.10	ENST00000290200.7	3	0	0	0	0	0	False	False	False
LAMTOR2	ENSG00000116586.12	ENST00000368305.9	1	0	0	0	0	0	False	False	False
MCCC1	ENSG00000078070.13	ENST00000265594.9	1	0	0	0	0	0	False	False	False
MRM3	ENSG00000171861.11	ENST00000304478.9	1	2	0	0	0	2	True	False	True
ZBTB6	ENSG00000186130.5	ENST00000373659.4	1	0	0	0	0	0	False	False	False
AOPEP	ENSG00000148120.16	ENST00000375315.6	1	0	0	0	0	0	False	False	False
CREB1	ENSG00000118260.15	ENST00000353267.8	1	2	1	0	0	3	True	True	True
EYS	ENSG00000188107.15	ENST00000503581.6	4	0	0	0	0	0	False	False	False
FAHD2A	ENSG00000115042.10	ENST00000233379.9	4	1	0	0	0	1	True	False	True
HEATR5B	ENSG00000008869.12	ENST00000233099.6	1	0	0	0	0	0	False	False	False
IER3IP1	ENSG00000134049.6	ENST00000256433.6	3	1	0	0	0	1	True	False	True
INO80	ENSG00000128908.17	ENST00000648947.1	1	0	0	0	0	0	False	False	False
MAD2L2	ENSG00000116670.15	ENST00000235310.7	1	0	0	0	0	0	False	False	False
MAPK8	ENSG00000107643.16	ENST00000395611.7	1	0	0	0	0	0	False	False	False
PLXNA1	ENSG00000114554.11	ENST00000393409.2	1	0	0	0	0	0	False	False	False
SLC35C2	ENSG00000080189.15	ENST00000372230.10	1	1	0	0	0	1	True	False	True
ACAP3	ENSG00000131584.19	ENST00000354700.10	1	0	0	0	0	0	False	False	False
AP4B1	ENSG00000134262.13	ENST00000369569.6	1	0	0	0	0	0	False	False	False
ARMH3	ENSG00000120029.13	ENST00000370033.9	1	0	0	0	0	0	False	False	False
ATAD2B	ENSG00000119778.15	ENST00000238789.10	1	0	0	0	0	0	False	False	False
CCN5	ENSG00000064205.10	ENST00000372868.6	1	0	0	0	0	0	False	False	False
CHSY1	ENSG00000131873.7	ENST00000254190.4	1	0	0	0	0	0	False	False	False
EEF1AKMT2	ENSG00000203791.15	ENST00000368836.7	1	0	0	0	0	0	False	False	False
ING3	ENSG00000071243.16	ENST00000315870.10	1	0	0	0	0	0	False	False	False
MCAT	ENSG00000100294.13	ENST00000290429.11	1	0	0	0	0	0	False	False	False
METTL23	ENSG00000181038.13	ENST00000615984.4	1	0	0	0	0	0	False	False	False
NUDT15	ENSG00000136159.4	ENST00000258662.3	1	2	0	0	0	2	True	False	True
PKN1	ENSG00000123143.13	ENST00000242783.11	1	0	0	0	0	0	False	False	False
PRR13	ENSG00000205352.11	ENST00000429243.7	2	6	0	0	0	6	True	False	True
ZNF428	ENSG00000131116.12	ENST00000300811.8	1	0	0	0	0	0	False	False	False
CDC42SE2	ENSG00000158985.13	ENST00000505065.1	1	0	0	0	0	0	False	False	False
HS1BP3	ENSG00000118960.13	ENST00000304031.8	1	0	0	0	0	0	False	False	False
NAGLU	ENSG00000108784.10	ENST00000225927.7	1	0	0	0	0	0	False	False	False
NKIRAS2	ENSG00000168256.18	ENST00000307641.9	1	0	0	0	0	0	False	False	False
NPAT	ENSG00000149308.17	ENST00000278612.9	1	0	0	0	0	0	False	False	False
PLXNA3	ENSG00000130827.6	ENST00000369682.4	1	0	0	0	0	0	False	False	False
RTKN2	ENSG00000182010.11	ENST00000373789.8	1	0	0	0	0	0	False	False	False
SFXN4	ENSG00000183605.17	ENST00000355697.7	1	1	0	0	0	1	True	False	True
SKA1	ENSG00000154839.10	ENST00000285116.8	1	0	0	0	0	0	False	False	False
ARMCX6	ENSG00000198960.11	ENST00000539247.5	2	0	0	0	0	0	False	False	False
CCND1	ENSG00000110092.4	ENST00000227507.3	1	0	0	0	0	0	False	False	False
MFSD3	ENSG00000167700.9	ENST00000301327.5	1	0	0	0	0	0	False	False	False
NOM1	ENSG00000146909.8	ENST00000275820.4	1	0	0	0	0	0	False	False	False
PPM1B	ENSG00000138032.21	ENST00000282412.9	3	0	0	0	0	0	False	False	False
QDPR	ENSG00000151552.12	ENST00000281243.10	1	0	0	0	0	0	False	False	False
ZDHHC9	ENSG00000188706.13	ENST00000357166.11	1	0	0	0	0	0	False	False	False
ALG6	ENSG00000088035.18	ENST00000263440.6	1	0	0	0	0	0	False	False	False
DUS1L	ENSG00000169718.18	ENST00000306796.10	1	0	0	0	0	0	False	False	False
E2F5	ENSG00000133740.11	ENST00000416274.7	1	0	0	0	0	0	False	False	False
ENDOG	ENSG00000167136.7	ENST00000372642.5	1	0	0	0	0	0	False	False	False
IMMP2L	ENSG00000184903.10	ENST00000405709.7	1	0	0	0	0	0	False	False	False
MRI1	ENSG00000037757.14	ENST00000040663.8	1	0	0	0	0	0	False	False	False
PDCD2	ENSG00000071994.11	ENST00000541970.6	1	3	0	0	0	3	True	False	True
SMIM12	ENSG00000163866.9	ENST00000521580.3	1	1	0	0	0	1	True	False	True
ZNF660	ENSG00000144792.9	ENST00000322734.2	2	0	0	0	0	0	False	False	False
AL445524.2	ENSG00000287856.1	ENST00000662216.1	1	0	0	0	0	0	False	False	False
CTDP1	ENSG00000060069.17	ENST00000613122.5	1	0	0	0	0	0	False	False	False
GHR	ENSG00000112964.14	ENST00000230882.9	2	0	0	0	0	0	False	False	False
HDAC8	ENSG00000147099.21	ENST00000373573.9	1	0	0	0	0	0	False	False	False
SLC49A4	ENSG00000138463.9	ENST00000261038.6	1	0	0	0	0	0	False	False	False
TRMU	ENSG00000100416.15	ENST00000645190.1	1	0	0	0	0	0	False	False	False
TRUB1	ENSG00000165832.6	ENST00000298746.5	1	0	0	0	0	0	False	False	False
CFAP36	ENSG00000163001.11	ENST00000349456.8	1	0	0	0	0	0	False	False	False
CRLF3	ENSG00000176390.12	ENST00000324238.7	1	3	0	0	0	3	True	False	True
FAM114A2	ENSG00000055147.19	ENST00000351797.9	1	0	0	0	0	0	False	False	False
MBOAT2	ENSG00000143797.12	ENST00000305997.8	1	0	0	0	0	0	False	False	False
PGAP4	ENSG00000165152.9	ENST00000374851.1	1	0	0	0	0	0	False	False	False
PI4K2A	ENSG00000155252.13	ENST00000370631.3	3	0	0	0	0	0	False	False	False
PMM1	ENSG00000100417.12	ENST00000216259.8	1	0	0	0	0	0	False	False	False
RNF139	ENSG00000170881.5	ENST00000303545.4	1	0	0	0	0	0	False	False	False
USP3	ENSG00000140455.17	ENST00000380324.8	1	0	0	0	0	0	False	False	False
AC055811.2	ENSG00000264187.1	ENST00000427497.3	3	0	0	0	0	0	False	False	False
BIRC2	ENSG00000110330.8	ENST00000613397.4	1	0	0	0	0	0	False	False	False
C1D	ENSG00000197223.11	ENST00000355848.7	2	4	0	0	0	4	True	False	True
EFHD2	ENSG00000142634.13	ENST00000375980.9	1	0	0	0	0	0	False	False	False
EPB41L4A	ENSG00000129595.13	ENST00000621003.4	1	0	0	0	0	0	False	False	False
IFT140	ENSG00000187535.14	ENST00000426508.7	1	0	0	0	0	0	False	False	False
IRS2	ENSG00000185950.9	ENST00000375856.5	1	0	0	0	0	0	False	False	False
KLF17	ENSG00000171872.5	ENST00000372299.4	2	0	0	0	0	0	False	False	False
POMGNT1	ENSG00000085998.14	ENST00000371984.8	1	0	0	0	0	0	False	False	False
PSTPIP2	ENSG00000152229.18	ENST00000409746.5	1	0	0	0	0	0	False	False	False
RARG	ENSG00000172819.17	ENST00000425354.7	1	0	0	0	0	0	False	False	False
SLC15A4	ENSG00000139370.12	ENST00000266771.10	1	0	0	0	0	0	False	False	False
UBAC1	ENSG00000130560.9	ENST00000371756.4	1	0	0	0	0	0	False	False	False
VANGL1	ENSG00000173218.15	ENST00000355485.7	1	0	0	0	0	0	False	False	False
ELMOD2	ENSG00000179387.10	ENST00000323570.8	1	0	0	0	0	0	False	False	False
GAS6	ENSG00000183087.15	ENST00000327773.7	1	0	0	0	0	0	False	False	False
HDHD2	ENSG00000167220.12	ENST00000300605.11	1	0	0	0	0	0	False	False	False
NCKIPSD	ENSG00000213672.8	ENST00000416649.6	1	0	0	0	0	0	False	False	False
POP5	ENSG00000167272.11	ENST00000357500.5	1	0	0	0	0	0	False	False	False
RNF2	ENSG00000121481.11	ENST00000367510.8	1	2	0	0	0	2	True	False	True
STARD4	ENSG00000164211.13	ENST00000296632.8	1	0	0	0	0	0	False	False	False
TRABD	ENSG00000170638.9	ENST00000303434.8	1	0	0	0	0	0	False	False	False
DZIP1L	ENSG00000158163.15	ENST00000327532.7	2	0	0	0	0	0	False	False	False
ZMYND19	ENSG00000165724.6	ENST00000298585.3	1	1	0	0	0	1	True	False	True
ARHGEF38	ENSG00000236699.9	ENST00000265154.6	1	0	0	0	0	0	False	False	False
ATG2B	ENSG00000066739.12	ENST00000359933.6	1	0	0	0	0	0	False	False	False
CEP70	ENSG00000114107.9	ENST00000474781.5	1	0	0	0	0	0	False	False	False
GATD3B	ENSG00000280071.4	ENST00000620528.5	4	0	0	0	0	0	False	False	False
IFT80	ENSG00000068885.15	ENST00000326448.12	3	0	0	0	0	0	False	False	False
MAP3K14	ENSG00000006062.17	ENST00000376926.8	1	0	0	0	0	0	False	False	False
RTEL1	ENSG00000258366.9	ENST00000360203.11	3	0	0	0	0	0	False	False	False
SMIM26	ENSG00000232388.5	ENST00000411646.2	1	0	0	0	1	1	False	False	True
SNX19	ENSG00000120451.10	ENST00000265909.8	1	3	0	0	0	3	True	False	True
TSR3	ENSG00000007520.4	ENST00000007390.3	1	0	0	0	0	0	False	False	False
DYNLT3	ENSG00000165169.11	ENST00000378578.9	1	2	0	0	0	2	True	False	True
GPR108	ENSG00000125734.15	ENST00000264080.11	1	0	0	0	0	0	False	False	False
MRPL10	ENSG00000159111.13	ENST00000351111.7	1	1	0	0	0	1	True	False	True
OXNAD1	ENSG00000154814.14	ENST00000606098.1	1	0	0	0	0	0	False	False	False
PHF8	ENSG00000172943.20	ENST00000338154.11	1	0	0	0	0	0	False	False	False
SDC4	ENSG00000124145.6	ENST00000372733.3	1	1	0	0	0	1	True	False	True
TRMT2A	ENSG00000099899.15	ENST00000403707.7	1	0	0	0	0	0	False	False	False
APBB1	ENSG00000166313.19	ENST00000299402.10	1	0	0	0	0	0	False	False	False
DIPK2A	ENSG00000181744.9	ENST00000315691.8	1	0	0	0	0	0	False	False	False
GAMT	ENSG00000130005.13	ENST00000252288.8	1	2	0	0	0	2	True	False	True
HDHD5	ENSG00000069998.12	ENST00000336737.8	1	0	0	0	0	0	False	False	False
PXDC1	ENSG00000168994.14	ENST00000380283.5	1	0	0	0	0	0	False	False	False
QPCTL	ENSG00000011478.12	ENST00000012049.10	1	0	0	0	0	0	False	False	False
SPG7	ENSG00000197912.16	ENST00000645818.2	1	0	0	0	0	0	False	False	False
ST20-MTHFS	ENSG00000259332.3	ENST00000479961.1	3	0	0	0	0	0	False	False	False
AGBL5	ENSG00000084693.16	ENST00000360131.5	1	0	0	0	0	0	False	False	False
BRPF1	ENSG00000156983.16	ENST00000424362.6	1	0	0	0	0	0	False	False	False
IER2	ENSG00000160888.7	ENST00000588173.1	1	0	0	0	0	0	False	False	False
IMPACT	ENSG00000154059.11	ENST00000284202.9	1	3	0	0	0	3	True	False	True
INTS2	ENSG00000108506.12	ENST00000647009.1	1	0	0	0	0	0	False	False	False
LRRC61	ENSG00000127399.15	ENST00000359623.9	1	0	0	0	0	0	False	False	False
NBPF11	ENSG00000263956.6	ENST00000615281.4	4	0	0	0	0	0	False	False	False
PI4K2B	ENSG00000038210.14	ENST00000264864.8	1	0	0	0	0	0	False	False	False
PIKFYVE	ENSG00000115020.17	ENST00000264380.9	1	0	0	0	0	0	False	False	False
SGTB	ENSG00000197860.10	ENST00000381007.9	1	0	0	0	0	0	False	False	False
SIRPA	ENSG00000198053.11	ENST00000400068.7	4	0	0	0	0	0	False	False	False
SLC35B4	ENSG00000205060.11	ENST00000378509.9	1	0	0	0	0	0	False	False	False
TDP1	ENSG00000042088.14	ENST00000335725.9	1	0	0	0	0	0	False	False	False
UQCC2	ENSG00000137288.10	ENST00000607484.6	1	0	0	0	0	0	False	False	False
AACS	ENSG00000081760.17	ENST00000316519.11	1	0	0	0	0	0	False	False	False
ABLIM3	ENSG00000173210.19	ENST00000506113.5	1	0	0	0	0	0	False	False	False
ARL17A	ENSG00000185829.18	ENST00000336125.6	4	0	0	0	0	0	False	False	False
CCDC12	ENSG00000160799.11	ENST00000425441.5	1	1	0	0	0	1	True	False	True
MRPS36	ENSG00000134056.12	ENST00000256441.5	1	5	0	0	1	6	True	False	True
PUS1	ENSG00000177192.14	ENST00000443358.6	1	0	0	0	0	0	False	False	False
SCRN3	ENSG00000144306.15	ENST00000272732.11	1	0	0	0	0	0	False	False	False
SUDS3	ENSG00000111707.12	ENST00000543473.2	1	1	0	0	0	1	True	False	True
TMBIM1	ENSG00000135926.15	ENST00000444881.5	1	0	0	0	0	0	False	False	False
UQCR10	ENSG00000184076.13	ENST00000330029.6	1	1	0	0	0	1	True	False	True
C11orf98	ENSG00000278615.5	ENST00000524958.6	3	0	1	0	0	1	False	True	True
CDK17	ENSG00000059758.8	ENST00000261211.8	1	0	0	0	0	0	False	False	False
CREM	ENSG00000095794.19	ENST00000345491.7	3	0	0	0	0	0	False	False	False
DTX3L	ENSG00000163840.10	ENST00000296161.9	1	0	0	0	0	0	False	False	False
EPPK1	ENSG00000261150.3	ENST00000568225.2	1	0	0	0	0	0	False	False	False
KHNYN	ENSG00000100441.10	ENST00000553935.6	1	0	0	0	0	0	False	False	False
LRRC57	ENSG00000180979.10	ENST00000323443.6	3	1	0	0	0	1	True	False	True
PHTF1	ENSG00000116793.16	ENST00000369604.6	1	0	0	0	0	0	False	False	False
POGK	ENSG00000143157.11	ENST00000367875.1	1	0	0	0	0	0	False	False	False
SURF1	ENSG00000148290.10	ENST00000371974.8	1	0	0	0	0	0	False	False	False
TUBD1	ENSG00000108423.15	ENST00000325752.8	1	0	0	0	0	0	False	False	False
CEP41	ENSG00000106477.19	ENST00000223208.10	1	0	0	0	0	0	False	False	False
CKLF-CMTM1	ENSG00000254788.7	ENST00000616804.5	3	0	0	0	0	0	False	False	False
KCNAB2	ENSG00000069424.15	ENST00000378097.6	1	0	0	0	0	0	False	False	False
KIF7	ENSG00000166813.15	ENST00000394412.8	1	0	0	0	0	0	False	False	False
MBD1	ENSG00000141644.17	ENST00000590208.5	1	0	0	0	0	0	False	False	False
MYCBP	ENSG00000214114.9	ENST00000494695.4	3	2	0	0	0	2	True	False	True
NFIL3	ENSG00000165030.4	ENST00000297689.4	1	0	0	0	0	0	False	False	False
POLE2	ENSG00000100479.13	ENST00000216367.10	1	1	0	0	0	1	True	False	True
PPP2R2B	ENSG00000156475.18	ENST00000336640.10	4	0	0	0	0	0	False	False	False
RNF169	ENSG00000166439.6	ENST00000299563.5	1	0	0	0	0	0	False	False	False
SFT2D1	ENSG00000198818.10	ENST00000361731.4	1	0	0	0	0	0	False	False	False
SLC9A3R2	ENSG00000065054.14	ENST00000424542.7	1	0	0	0	0	0	False	False	False
STX6	ENSG00000135823.14	ENST00000258301.6	1	0	0	0	0	0	False	False	False
VKORC1L1	ENSG00000196715.7	ENST00000360768.5	1	0	0	0	0	0	False	False	False
ASAP3	ENSG00000088280.19	ENST00000336689.8	1	0	0	0	0	0	False	False	False
LIMS2	ENSG00000072163.19	ENST00000355119.8	1	1	0	0	0	1	True	False	True
NUDT1	ENSG00000106268.15	ENST00000397049.2	1	0	0	0	0	0	False	False	False
TIMM17B	ENSG00000126768.12	ENST00000376582.7	1	1	0	0	0	1	True	False	True
AC098850.3	ENSG00000266302.6	ENST00000448331.7	2	0	0	0	0	0	False	False	False
C18orf25	ENSG00000152242.11	ENST00000619301.4	1	1	0	0	0	1	True	False	True
GRAMD1A	ENSG00000089351.14	ENST00000317991.9	1	0	0	0	0	0	False	False	False
HTD2	ENSG00000255154.7	ENST00000477305.5	3	0	0	0	0	0	False	False	False
NOA1	ENSG00000084092.7	ENST00000264230.5	1	0	0	0	0	0	False	False	False
PPIL3	ENSG00000240344.9	ENST00000392283.9	1	0	0	0	0	0	False	False	False
PREB	ENSG00000138073.14	ENST00000260643.7	1	0	0	0	0	0	False	False	False
PTCD2	ENSG00000049883.15	ENST00000380639.10	1	2	0	0	0	2	True	False	True
RING1	ENSG00000204227.5	ENST00000374656.5	1	0	0	0	0	0	False	False	False
SLC26A6	ENSG00000225697.13	ENST00000395550.7	1	0	0	0	0	0	False	False	False
SPRYD3	ENSG00000167778.9	ENST00000301463.9	1	0	0	0	0	0	False	False	False
TEX30	ENSG00000151287.17	ENST00000376032.9	1	0	0	0	0	0	False	False	False
ZNF83	ENSG00000167766.18	ENST00000597597.1	3	0	0	0	0	0	False	False	False
ANTXR2	ENSG00000163297.17	ENST00000403729.7	2	0	0	0	0	0	False	False	False
ARV1	ENSG00000173409.14	ENST00000310256.7	1	0	0	0	0	0	False	False	False
FCHSD2	ENSG00000137478.15	ENST00000409418.9	1	0	0	0	0	0	False	False	False
MAML1	ENSG00000161021.13	ENST00000292599.4	1	0	0	0	0	0	False	False	False
PHRF1	ENSG00000070047.13	ENST00000264555.10	1	0	0	0	0	0	False	False	False
SNX8	ENSG00000106266.11	ENST00000222990.8	1	0	0	0	0	0	False	False	False
TNS2	ENSG00000111077.18	ENST00000314250.11	1	0	0	0	0	0	False	False	False
ABHD10	ENSG00000144827.9	ENST00000273359.8	1	1	0	0	0	1	True	False	True
APBB2	ENSG00000163697.17	ENST00000508593.6	1	0	0	0	0	0	False	False	False
ATP7B	ENSG00000123191.16	ENST00000242839.10	2	1	0	0	0	1	True	False	True
DCAF11	ENSG00000100897.18	ENST00000446197.8	1	0	0	0	0	0	False	False	False
GNAQ	ENSG00000156052.11	ENST00000286548.9	1	1	0	0	0	1	True	False	True
HMBS	ENSG00000256269.10	ENST00000652429.1	1	0	0	0	0	0	False	False	False
IFT57	ENSG00000114446.5	ENST00000264538.4	1	2	0	0	0	2	True	False	True
MRPL50	ENSG00000136897.8	ENST00000374865.5	1	3	0	0	0	3	True	False	True
NEFH	ENSG00000100285.10	ENST00000310624.7	1	2	0	0	0	2	True	False	True
RPGRIP1L	ENSG00000103494.14	ENST00000621565.4	1	0	0	0	0	0	False	False	False
SH3BGRL3	ENSG00000142669.15	ENST00000270792.10	1	1	0	0	0	1	True	False	True
STX8	ENSG00000170310.15	ENST00000306357.9	1	1	0	0	0	1	True	False	True
TOP1MT	ENSG00000184428.13	ENST00000329245.9	1	0	0	0	0	0	False	False	False
TUBB4A	ENSG00000104833.12	ENST00000264071.7	4	1	0	0	0	1	True	False	True
AL139260.3	ENSG00000274944.4	ENST00000454994.3	3	0	0	0	0	0	False	False	False
BCKDHB	ENSG00000083123.15	ENST00000320393.9	1	0	0	0	0	0	False	False	False
FERMT1	ENSG00000101311.15	ENST00000217289.8	1	0	0	0	0	0	False	False	False
MANBAL	ENSG00000101363.12	ENST00000373605.7	1	0	0	0	0	0	False	False	False
MBIP	ENSG00000151332.19	ENST00000416007.9	1	0	0	0	0	0	False	False	False
RNF41	ENSG00000181852.18	ENST00000345093.9	1	0	0	0	0	0	False	False	False
RNF8	ENSG00000112130.17	ENST00000373479.9	1	0	0	0	0	0	False	False	False
SMIM7	ENSG00000214046.8	ENST00000487416.6	1	1	0	0	0	1	True	False	True
CACNA1C	ENSG00000151067.22	ENST00000347598.9	1	0	0	0	0	0	False	False	False
CLTB	ENSG00000175416.15	ENST00000310418.8	1	0	0	0	0	0	False	False	False
RHOD	ENSG00000173156.7	ENST00000308831.7	1	0	0	0	0	0	False	False	False
SMAP2	ENSG00000084070.12	ENST00000372718.8	1	0	0	0	0	0	False	False	False
SUV39H2	ENSG00000152455.16	ENST00000354919.11	1	2	0	0	0	2	True	False	True
TIMM10	ENSG00000134809.9	ENST00000257245.9	1	0	0	0	0	0	False	False	False
TMEM208	ENSG00000168701.19	ENST00000304800.14	1	0	0	0	0	0	False	False	False
AC026316.4	ENSG00000285218.1	ENST00000486975.1	4	0	0	0	0	0	False	False	False
KAT6B	ENSG00000156650.14	ENST00000287239.10	1	0	0	0	0	0	False	False	False
NDUFAF7	ENSG00000003509.16	ENST00000002125.9	1	1	0	0	0	1	True	False	True
NFIA	ENSG00000162599.17	ENST00000403491.8	1	0	0	0	0	0	False	False	False
PLTP	ENSG00000100979.15	ENST00000477313.5	1	0	0	0	0	0	False	False	False
RNF126	ENSG00000070423.18	ENST00000292363.10	1	1	0	0	0	1	True	False	True
SLC37A4	ENSG00000137700.18	ENST00000545985.5	1	0	0	0	0	0	False	False	False
CYTH3	ENSG00000008256.16	ENST00000396741.3	1	0	0	0	0	0	False	False	False
DIXDC1	ENSG00000150764.14	ENST00000440460.7	1	0	0	0	0	0	False	False	False
PAQR4	ENSG00000162073.14	ENST00000318782.9	1	0	0	0	0	0	False	False	False
PIGC	ENSG00000135845.10	ENST00000367728.1	1	1	0	0	0	1	True	False	True
PLCB1	ENSG00000182621.18	ENST00000338037.11	1	0	0	0	0	0	False	False	False
TPD52L1	ENSG00000111907.21	ENST00000534000.6	1	0	0	0	0	0	False	False	False
XRCC1	ENSG00000073050.12	ENST00000262887.10	1	0	0	0	0	0	False	False	False
APOOL	ENSG00000155008.14	ENST00000373173.7	1	1	0	0	0	1	True	False	True
B3GALNT1	ENSG00000169255.15	ENST00000652730.1	1	1	0	0	0	1	True	False	True
CNPY3	ENSG00000137161.17	ENST00000372836.5	1	0	0	0	0	0	False	False	False
FAM107B	ENSG00000065809.13	ENST00000622567.4	1	0	0	0	0	0	False	False	False
INIP	ENSG00000148153.14	ENST00000374242.9	1	1	0	0	0	1	True	False	True
ITPRIPL2	ENSG00000205730.6	ENST00000381440.4	1	0	0	0	0	0	False	False	False
LRFN4	ENSG00000173621.9	ENST00000393952.3	3	0	0	0	0	0	False	False	False
NABP1	ENSG00000173559.14	ENST00000425611.8	1	0	0	0	0	0	False	False	False
PDE6A	ENSG00000132915.11	ENST00000255266.10	2	0	0	0	0	0	False	False	False
PGP	ENSG00000184207.9	ENST00000333503.8	1	0	0	0	0	0	False	False	False
PPP1R11	ENSG00000204619.8	ENST00000376772.8	1	2	0	0	0	2	True	False	True
TMEM120B	ENSG00000188735.13	ENST00000449592.7	1	0	0	0	0	0	False	False	False
TMEM94	ENSG00000177728.17	ENST00000314256.12	1	0	0	0	0	0	False	False	False
ZDHHC3	ENSG00000163812.15	ENST00000424952.7	1	1	0	0	0	1	True	False	True
AGTRAP	ENSG00000177674.16	ENST00000314340.10	1	0	0	0	0	0	False	False	False
CSGALNACT1	ENSG00000147408.14	ENST00000454498.6	1	0	0	0	0	0	False	False	False
DGCR8	ENSG00000128191.16	ENST00000351989.8	1	0	0	0	0	0	False	False	False
DNAJC14	ENSG00000135392.16	ENST00000357606.7	1	0	0	0	0	0	False	False	False
GET4	ENSG00000239857.7	ENST00000265857.8	1	0	0	0	0	0	False	False	False
GRK2	ENSG00000173020.11	ENST00000308595.10	1	0	0	0	0	0	False	False	False
PLEKHA1	ENSG00000107679.14	ENST00000368990.7	1	1	0	0	0	1	True	False	True
SEMA3F	ENSG00000001617.12	ENST00000434342.5	1	0	0	0	0	0	False	False	False
TMEM63B	ENSG00000137216.19	ENST00000259746.13	1	0	0	0	0	0	False	False	False
UNC93B1	ENSG00000110057.8	ENST00000227471.7	1	0	0	0	0	0	False	False	False
ZBTB40	ENSG00000184677.18	ENST00000404138.5	1	0	0	0	0	0	False	False	False
ZNF765	ENSG00000196417.13	ENST00000396408.8	4	0	0	0	0	0	False	False	False
ABCA1	ENSG00000165029.16	ENST00000374736.8	1	0	0	0	0	0	False	False	False
ACY1	ENSG00000243989.9	ENST00000404366.7	1	1	0	0	0	1	True	False	True
AP3S2	ENSG00000157823.17	ENST00000336418.9	3	0	0	0	0	0	False	False	False
BRD1	ENSG00000100425.18	ENST00000216267.12	1	0	0	0	0	0	False	False	False
CAVIN3	ENSG00000170955.10	ENST00000303927.4	1	0	0	0	0	0	False	False	False
NUFIP1	ENSG00000083635.8	ENST00000379161.5	2	0	0	0	0	0	False	False	False
POMZP3	ENSG00000146707.14	ENST00000310842.8	4	0	0	0	0	0	False	False	False
PPDPF	ENSG00000125534.10	ENST00000370179.8	1	2	0	1	0	3	True	False	True
SAP30	ENSG00000164105.4	ENST00000296504.4	1	1	0	0	0	1	True	False	True
SYS1-DBNDD2	ENSG00000254806.5	ENST00000458187.5	1	0	0	0	0	0	False	False	False
TYMP	ENSG00000025708.14	ENST00000487577.5	1	0	0	0	0	0	False	False	False
ZBED4	ENSG00000100426.7	ENST00000216268.6	1	0	0	0	0	0	False	False	False
CKLF	ENSG00000217555.13	ENST00000264001.9	3	0	0	0	0	0	False	False	False
DYNLL2	ENSG00000264364.3	ENST00000579991.3	1	0	0	0	0	0	False	False	False
EXOSC1	ENSG00000171311.13	ENST00000370902.8	1	0	0	0	0	0	False	False	False
KSR1	ENSG00000141068.14	ENST00000644974.1	1	0	0	0	0	0	False	False	False
SPICE1	ENSG00000163611.11	ENST00000295872.8	3	0	0	0	0	0	False	False	False
STX4	ENSG00000103496.15	ENST00000313843.8	1	0	0	0	0	0	False	False	False
TASP1	ENSG00000089123.16	ENST00000337743.9	2	0	0	0	0	0	False	False	False
TRIR	ENSG00000123144.11	ENST00000242784.5	1	0	0	0	0	0	False	False	False
CCT6B	ENSG00000132141.14	ENST00000314144.10	1	1	0	0	0	1	True	False	True
CGAS	ENSG00000164430.16	ENST00000370315.4	1	0	0	0	0	0	False	False	False
DNAAF4	ENSG00000256061.7	ENST00000321149.7	1	0	0	0	0	0	False	False	False
EPS8	ENSG00000151491.14	ENST00000642278.1	1	0	0	0	0	0	False	False	False
FUT8	ENSG00000033170.17	ENST00000360689.9	1	0	0	0	0	0	False	False	False
GDAP2	ENSG00000196505.11	ENST00000369443.10	1	0	0	0	0	0	False	False	False
KDSR	ENSG00000119537.18	ENST00000645214.2	1	0	0	0	0	0	False	False	False
OTUD6B	ENSG00000155100.11	ENST00000285420.8	1	0	0	0	0	0	False	False	False
POLR2D	ENSG00000144231.11	ENST00000272645.9	1	2	0	0	0	2	True	False	True
RRP9	ENSG00000114767.7	ENST00000232888.7	1	0	0	0	0	0	False	False	False
SLC35A4	ENSG00000176087.15	ENST00000514199.1	1	0	0	0	0	0	False	False	False
SPC24	ENSG00000161888.11	ENST00000592540.5	1	0	0	0	0	0	False	False	False
YIPF2	ENSG00000130733.10	ENST00000253031.6	1	0	0	0	0	0	False	False	False
ZMIZ2	ENSG00000122515.15	ENST00000309315.9	1	0	0	0	0	0	False	False	False
ARL2BP	ENSG00000102931.8	ENST00000219204.8	1	10	0	0	1	11	True	False	True
CBLL1	ENSG00000105879.12	ENST00000440859.8	1	1	0	0	0	1	True	False	True
CCDC93	ENSG00000125633.11	ENST00000376300.7	1	1	0	0	0	1	True	False	True
DNMT3A	ENSG00000119772.16	ENST00000264709.7	1	1	0	0	0	1	True	False	True
KIAA1586	ENSG00000168116.14	ENST00000370733.5	1	0	0	0	0	0	False	False	False
LCOR	ENSG00000196233.13	ENST00000371103.8	3	0	0	0	0	0	False	False	False
POP4	ENSG00000105171.10	ENST00000585603.6	1	0	0	0	0	0	False	False	False
SLC17A5	ENSG00000119899.13	ENST00000355773.6	1	0	0	0	0	0	False	False	False
SLC39A11	ENSG00000133195.11	ENST00000255559.7	2	0	0	0	0	0	False	False	False
STOX2	ENSG00000173320.12	ENST00000308497.9	1	0	0	0	0	0	False	False	False
TRAF3IP2	ENSG00000056972.20	ENST00000368761.11	1	0	0	0	0	0	False	False	False
ARL15	ENSG00000185305.11	ENST00000504924.6	1	0	0	0	0	0	False	False	False
CENPQ	ENSG00000031691.7	ENST00000335783.4	1	0	0	0	0	0	False	False	False
CEP57L1	ENSG00000183137.14	ENST00000517392.5	1	1	0	0	0	1	True	False	True
CRIP1	ENSG00000213145.10	ENST00000330233.11	3	4	0	0	0	4	True	False	True
CRY1	ENSG00000008405.12	ENST00000008527.10	1	0	0	0	0	0	False	False	False
DOCK2	ENSG00000134516.18	ENST00000520908.7	1	0	0	0	0	0	False	False	False
NFAT5	ENSG00000102908.22	ENST00000349945.7	1	0	0	0	0	0	False	False	False
PDPR	ENSG00000090857.14	ENST00000288050.9	2	0	0	0	0	0	False	False	False
PTDSS2	ENSG00000174915.12	ENST00000308020.6	1	0	0	0	0	0	False	False	False
RNF10	ENSG00000022840.16	ENST00000325954.9	1	1	0	0	0	1	True	False	True
AL355102.2	ENSG00000258691.1	ENST00000553811.1	2	0	0	0	0	0	False	False	False
CENPX	ENSG00000169689.15	ENST00000392359.8	1	0	0	0	0	0	False	False	False
COPRS	ENSG00000172301.11	ENST00000302362.11	1	1	0	0	0	1	True	False	True
GEN1	ENSG00000178295.15	ENST00000381254.7	1	0	0	0	0	0	False	False	False
GUCD1	ENSG00000138867.16	ENST00000435822.5	1	0	0	0	0	0	False	False	False
MAN2B1	ENSG00000104774.13	ENST00000456935.7	1	0	0	0	0	0	False	False	False
SIAE	ENSG00000110013.13	ENST00000263593.8	1	0	0	0	0	0	False	False	False
ABRAXAS2	ENSG00000165660.8	ENST00000298492.6	1	0	0	0	0	0	False	False	False
ADCY6	ENSG00000174233.11	ENST00000307885.4	1	0	0	0	0	0	False	False	False
CEP95	ENSG00000258890.7	ENST00000556440.7	1	0	0	0	0	0	False	False	False
GPAM	ENSG00000119927.14	ENST00000348367.9	1	0	0	0	0	0	False	False	False
ITPR2	ENSG00000123104.12	ENST00000381340.8	1	0	0	0	0	0	False	False	False
SIMC1	ENSG00000170085.18	ENST00000429602.7	2	0	0	0	0	0	False	False	False
SLC25A35	ENSG00000125434.11	ENST00000577745.2	1	0	0	0	0	0	False	False	False
SLC25A40	ENSG00000075303.13	ENST00000341119.10	1	0	0	0	0	0	False	False	False
TDRD3	ENSG00000083544.15	ENST00000535286.5	1	0	0	0	0	0	False	False	False
C17orf49	ENSG00000258315.5	ENST00000546495.5	3	0	0	0	0	0	False	False	False
CCDC30	ENSG00000186409.18	ENST00000342022.8	2	0	0	0	1	1	False	False	True
CEP97	ENSG00000182504.11	ENST00000341893.8	1	0	0	0	0	0	False	False	False
FEM1C	ENSG00000145780.8	ENST00000274457.5	1	0	0	0	0	0	False	False	False
GLRX5	ENSG00000182512.5	ENST00000331334.5	1	2	0	0	0	2	True	False	True
HCN2	ENSG00000099822.3	ENST00000251287.3	1	2	0	0	0	2	True	False	True
MICB	ENSG00000204516.10	ENST00000252229.7	1	0	0	0	0	0	False	False	False
NISCH	ENSG00000010322.16	ENST00000479054.5	1	0	0	0	0	0	False	False	False
OCIAD2	ENSG00000145247.12	ENST00000508632.6	1	1	0	0	0	1	True	False	True
TNFRSF11B	ENSG00000164761.9	ENST00000297350.9	1	0	0	0	0	0	False	False	False
ZNF33A	ENSG00000189180.16	ENST00000458705.6	1	0	0	0	0	0	False	False	False
CIC	ENSG00000079432.7	ENST00000572681.6	1	24	3	0	2	29	True	True	True
ISOC2	ENSG00000063241.8	ENST00000425675.7	1	0	0	0	0	0	False	False	False
JADE3	ENSG00000102221.14	ENST00000614628.5	1	0	0	0	0	0	False	False	False
KCTD5	ENSG00000167977.9	ENST00000301738.9	1	1	0	0	0	1	True	False	True
MRS2	ENSG00000124532.14	ENST00000378386.7	1	2	0	0	0	2	True	False	True
MTERF3	ENSG00000156469.9	ENST00000287025.4	1	0	0	0	0	0	False	False	False
NOC4L	ENSG00000184967.7	ENST00000330579.6	1	0	0	0	0	0	False	False	False
PARP14	ENSG00000173193.15	ENST00000474629.7	1	0	0	0	0	0	False	False	False
QTRT1	ENSG00000213339.9	ENST00000250237.10	1	1	0	0	0	1	True	False	True
RBAK	ENSG00000146587.18	ENST00000396912.2	1	0	0	0	0	0	False	False	False
ADGRG6	ENSG00000112414.15	ENST00000367608.6	1	0	0	0	0	0	False	False	False
AL034430.1	ENSG00000285508.1	ENST00000609375.1	3	0	0	0	0	0	False	False	False
ANO4	ENSG00000151572.18	ENST00000392977.8	1	0	0	0	0	0	False	False	False
BDH2	ENSG00000164039.15	ENST00000296424.9	1	0	0	0	0	0	False	False	False
CDC37L1	ENSG00000106993.12	ENST00000381854.4	1	0	0	0	0	0	False	False	False
HYLS1	ENSG00000198331.10	ENST00000425380.6	1	0	0	0	0	0	False	False	False
MZT1	ENSG00000204899.6	ENST00000377818.4	1	2	0	0	0	2	True	False	True
RHCE	ENSG00000188672.19	ENST00000294413.13	4	0	0	0	0	0	False	False	False
SCLY	ENSG00000132330.18	ENST00000651534.1	1	0	0	0	0	0	False	False	False
SFSWAP	ENSG00000061936.9	ENST00000261674.8	1	0	0	0	0	0	False	False	False
SLC35C1	ENSG00000181830.9	ENST00000314134.4	1	0	0	0	0	0	False	False	False
SUMO3	ENSG00000184900.16	ENST00000332859.11	1	10	0	0	0	10	True	False	True
AGPAT3	ENSG00000160216.21	ENST00000291572.13	1	0	0	0	0	0	False	False	False
ARMC10	ENSG00000170632.14	ENST00000441711.6	2	0	0	0	0	0	False	False	False
EMSY	ENSG00000158636.16	ENST00000525919.5	1	0	0	0	0	0	False	False	False
GPATCH2	ENSG00000092978.11	ENST00000366935.8	1	0	0	0	0	0	False	False	False
HDAC7	ENSG00000061273.18	ENST00000080059.12	1	0	0	0	0	0	False	False	False
LIMK2	ENSG00000182541.18	ENST00000333611.8	1	1	0	0	0	1	True	False	True
MTG2	ENSG00000101181.17	ENST00000370823.7	1	0	0	0	0	0	False	False	False
SDCCAG8	ENSG00000054282.16	ENST00000366541.8	1	0	0	0	0	0	False	False	False
SLC25A4	ENSG00000151729.11	ENST00000281456.11	1	0	0	0	0	0	False	False	False
SMIM30	ENSG00000214194.9	ENST00000397764.8	2	0	0	0	1	1	False	False	True
SPATA21	ENSG00000187144.11	ENST00000540400.1	1	0	0	0	0	0	False	False	False
TMLHE	ENSG00000185973.11	ENST00000334398.8	1	0	0	0	0	0	False	False	False
TTBK2	ENSG00000128881.17	ENST00000622375.4	4	0	0	0	0	0	False	False	False
WDR62	ENSG00000075702.18	ENST00000401500.7	1	1	0	0	0	1	True	False	True
ZNRD1	ENSG00000066379.15	ENST00000332435.10	1	0	0	0	0	0	False	False	False
ASRGL1	ENSG00000162174.12	ENST00000415229.6	2	0	0	0	0	0	False	False	False
CASP3	ENSG00000164305.19	ENST00000308394.9	1	1	0	0	0	1	True	False	True
CNPPD1	ENSG00000115649.16	ENST00000409789.5	1	0	0	0	0	0	False	False	False
COQ3	ENSG00000132423.12	ENST00000254759.8	1	0	0	0	0	0	False	False	False
DDA1	ENSG00000130311.11	ENST00000359866.9	1	1	0	0	0	1	True	False	True
GPC4	ENSG00000076716.9	ENST00000370828.4	1	0	0	0	0	0	False	False	False
PML	ENSG00000140464.20	ENST00000268058.8	1	0	0	0	0	0	False	False	False
RCOR3	ENSG00000117625.13	ENST00000419091.6	1	0	0	0	0	0	False	False	False
TNFRSF10D	ENSG00000173530.6	ENST00000312584.4	1	0	0	0	0	0	False	False	False
USE1	ENSG00000053501.13	ENST00000263897.10	1	1	0	0	0	1	True	False	True
ARSK	ENSG00000164291.17	ENST00000380009.9	1	0	0	0	0	0	False	False	False
GREM2	ENSG00000180875.5	ENST00000318160.5	1	0	0	0	0	0	False	False	False
ISOC1	ENSG00000066583.12	ENST00000173527.6	1	0	0	0	0	0	False	False	False
MRPL34	ENSG00000130312.6	ENST00000252602.1	1	0	0	0	0	0	False	False	False
RAMAC	ENSG00000169612.4	ENST00000304191.4	4	0	0	0	0	0	False	False	False
TMEM53	ENSG00000126106.14	ENST00000372237.8	1	0	0	0	0	0	False	False	False
UFM1	ENSG00000120686.12	ENST00000239878.9	1	4	0	0	0	4	True	False	True
BCKDHA	ENSG00000248098.12	ENST00000269980.7	3	0	0	0	0	0	False	False	False
CLMP	ENSG00000166250.12	ENST00000448775.4	1	0	0	0	0	0	False	False	False
CWF19L2	ENSG00000152404.15	ENST00000282251.9	1	0	0	0	0	0	False	False	False
FAM72D	ENSG00000215784.6	ENST00000400889.3	4	0	0	0	0	0	False	False	False
GTF2H4	ENSG00000213780.11	ENST00000259895.9	1	0	0	0	0	0	False	False	False
MBNL3	ENSG00000076770.14	ENST00000370853.7	1	0	0	0	0	0	False	False	False
SNX13	ENSG00000071189.21	ENST00000428135.7	1	0	0	0	0	0	False	False	False
SOCS5	ENSG00000171150.9	ENST00000306503.5	1	4	0	0	0	4	True	False	True
AGTPBP1	ENSG00000135049.15	ENST00000357081.7	1	0	0	0	0	0	False	False	False
C8orf44-SGK3	ENSG00000288602.1	ENST00000519289.1	2	0	0	0	0	0	False	False	False
IFITM1	ENSG00000185885.16	ENST00000328221.5	4	2	0	0	0	2	True	False	True
MOSPD2	ENSG00000130150.12	ENST00000380492.8	1	0	0	0	0	0	False	False	False
PUS3	ENSG00000110060.9	ENST00000227474.8	1	0	0	0	0	0	False	False	False
RUNX1	ENSG00000159216.18	ENST00000300305.7	3	0	0	0	0	0	False	False	False
SLX4IP	ENSG00000149346.15	ENST00000334534.10	2	0	0	0	0	0	False	False	False
TBC1D1	ENSG00000065882.16	ENST00000261439.9	1	0	0	0	0	0	False	False	False
ZNF589	ENSG00000164048.14	ENST00000354698.8	1	0	0	0	0	0	False	False	False
CEP162	ENSG00000135315.12	ENST00000403245.8	1	0	0	0	0	0	False	False	False
FBRS	ENSG00000156860.16	ENST00000356166.11	1	0	0	0	0	0	False	False	False
HTR2C	ENSG00000147246.10	ENST00000276198.6	2	0	0	0	0	0	False	False	False
RAD54L2	ENSG00000164080.13	ENST00000409535.6	1	0	0	0	0	0	False	False	False
WFDC1	ENSG00000103175.11	ENST00000568638.1	1	0	0	0	0	0	False	False	False
ATG2A	ENSG00000110046.13	ENST00000377264.8	1	0	0	0	0	0	False	False	False
CASP1	ENSG00000137752.24	ENST00000533400.6	1	0	0	0	0	0	False	False	False
CRYZL1	ENSG00000205758.12	ENST00000381554.8	1	0	0	0	0	0	False	False	False
CYLD	ENSG00000083799.17	ENST00000398568.6	1	0	0	0	0	0	False	False	False
MTMR3	ENSG00000100330.16	ENST00000401950.7	1	0	0	0	0	0	False	False	False
NT5C	ENSG00000125458.7	ENST00000245552.7	1	2	0	0	1	3	True	False	True
SERTAD2	ENSG00000179833.4	ENST00000313349.3	1	0	0	0	0	0	False	False	False
TTC13	ENSG00000143643.13	ENST00000366661.9	1	0	0	0	0	0	False	False	False
UVRAG	ENSG00000198382.9	ENST00000356136.8	1	0	0	0	0	0	False	False	False
APPL2	ENSG00000136044.12	ENST00000258530.8	1	0	0	0	0	0	False	False	False
COL16A1	ENSG00000084636.18	ENST00000373672.8	1	0	0	0	0	0	False	False	False
ETV6	ENSG00000139083.11	ENST00000396373.9	1	0	0	0	0	0	False	False	False
GLRX2	ENSG00000023572.9	ENST00000367439.7	1	0	0	0	0	0	False	False	False
KLF6	ENSG00000067082.15	ENST00000497571.6	1	0	0	0	0	0	False	False	False
KMT2A	ENSG00000118058.23	ENST00000389506.10	1	0	0	0	0	0	False	False	False
MSL2	ENSG00000174579.4	ENST00000309993.3	1	0	0	0	0	0	False	False	False
PALB2	ENSG00000083093.10	ENST00000261584.9	1	0	0	0	0	0	False	False	False
PER1	ENSG00000179094.16	ENST00000317276.9	1	0	0	0	0	0	False	False	False
PHF12	ENSG00000109118.14	ENST00000332830.9	1	0	0	0	0	0	False	False	False
RAB12	ENSG00000206418.4	ENST00000329286.7	1	0	0	0	0	0	False	False	False
RFK	ENSG00000135002.12	ENST00000376736.6	1	8	0	0	3	11	True	False	True
SCAI	ENSG00000173611.18	ENST00000336505.11	1	0	0	0	0	0	False	False	False
VPS11	ENSG00000160695.14	ENST00000621676.4	1	0	0	0	0	0	False	False	False
ZNF800	ENSG00000048405.10	ENST00000265827.8	1	0	0	0	0	0	False	False	False
BCL2L12	ENSG00000126453.9	ENST00000616144.4	1	1	0	0	0	1	True	False	True
CBX6	ENSG00000183741.12	ENST00000407418.8	1	0	0	0	0	0	False	False	False
DGKZ	ENSG00000149091.15	ENST00000421244.6	2	1	0	0	0	1	True	False	True
GUK1	ENSG00000143774.16	ENST00000391865.7	1	0	0	0	0	0	False	False	False
NFATC2IP	ENSG00000176953.12	ENST00000320805.8	1	0	0	0	0	0	False	False	False
PSENEN	ENSG00000205155.8	ENST00000587708.7	3	0	0	0	0	0	False	False	False
SHPRH	ENSG00000146414.16	ENST00000275233.12	1	0	0	0	0	0	False	False	False
SLC9B2	ENSG00000164038.16	ENST00000394785.9	1	0	0	0	0	0	False	False	False
TSPAN18	ENSG00000157570.12	ENST00000520358.7	1	0	0	0	0	0	False	False	False
ZNF561	ENSG00000171469.11	ENST00000302851.8	1	0	0	0	0	0	False	False	False
ATAD3C	ENSG00000215915.10	ENST00000378785.7	4	0	0	0	0	0	False	False	False
CPPED1	ENSG00000103381.12	ENST00000381774.9	1	0	0	0	0	0	False	False	False
FBXL4	ENSG00000112234.9	ENST00000369244.7	1	0	0	0	0	0	False	False	False
MPLKIP	ENSG00000168303.9	ENST00000306984.8	1	0	0	0	0	0	False	False	False
MRPL53	ENSG00000204822.7	ENST00000258105.8	1	1	0	0	0	1	True	False	True
PRUNE1	ENSG00000143363.17	ENST00000271620.8	1	0	1	0	0	1	False	True	True
SEC22A	ENSG00000121542.12	ENST00000309934.4	1	0	0	0	0	0	False	False	False
ZFAND3	ENSG00000156639.12	ENST00000287218.9	1	0	0	0	0	0	False	False	False
ACTG2	ENSG00000163017.14	ENST00000409624.1	1	2	0	0	0	2	True	False	True
GCNT2	ENSG00000111846.18	ENST00000265012.4	3	0	0	0	0	0	False	False	False
H3-5	ENSG00000188375.5	ENST00000340398.5	4	0	0	0	0	0	False	False	False
MRPL41	ENSG00000182154.8	ENST00000371443.6	1	0	0	0	0	0	False	False	False
MYNN	ENSG00000085274.15	ENST00000349841.9	1	0	0	0	0	0	False	False	False
PRKCD	ENSG00000163932.15	ENST00000330452.8	1	0	0	0	0	0	False	False	False
RCE1	ENSG00000173653.8	ENST00000309657.8	1	0	0	0	0	0	False	False	False
RHBDD2	ENSG00000005486.17	ENST00000006777.11	1	0	0	0	0	0	False	False	False
RTEL1-TNFRSF6B	ENSG00000026036.22	ENST00000492259.6	3	1	0	0	0	1	True	False	True
RTN4IP1	ENSG00000130347.13	ENST00000369063.8	1	1	0	0	0	1	True	False	True
CCDC85B	ENSG00000175602.4	ENST00000312579.4	1	0	0	0	0	0	False	False	False
FAHD1	ENSG00000180185.11	ENST00000427358.3	1	0	0	0	0	0	False	False	False
FANCD2OS	ENSG00000163705.13	ENST00000450660.3	1	0	0	0	0	0	False	False	False
IQSEC1	ENSG00000144711.16	ENST00000273221.8	1	0	0	0	0	0	False	False	False
LIMK1	ENSG00000106683.15	ENST00000336180.7	1	0	0	0	0	0	False	False	False
SASH1	ENSG00000111961.18	ENST00000367467.8	1	0	0	0	0	0	False	False	False
UBL4A	ENSG00000102178.13	ENST00000369660.9	1	0	0	0	0	0	False	False	False
ZNF586	ENSG00000083828.16	ENST00000396154.7	1	0	0	0	0	0	False	False	False
ASPHD1	ENSG00000174939.11	ENST00000308748.10	1	0	0	0	0	0	False	False	False
BRK1	ENSG00000254999.4	ENST00000530758.2	1	2	0	0	0	2	True	False	True
EAF1	ENSG00000144597.14	ENST00000396842.7	1	0	0	0	0	0	False	False	False
EIPR1	ENSG00000032389.12	ENST00000382125.8	1	0	0	0	0	0	False	False	False
GGA3	ENSG00000125447.18	ENST00000537686.6	1	0	0	0	0	0	False	False	False
GPATCH2L	ENSG00000089916.18	ENST00000261530.12	1	0	0	0	0	0	False	False	False
RRP8	ENSG00000132275.11	ENST00000254605.11	1	0	0	0	0	0	False	False	False
TGFBR2	ENSG00000163513.19	ENST00000295754.10	1	0	0	0	0	0	False	False	False
JUND	ENSG00000130522.6	ENST00000252818.5	1	0	0	0	0	0	False	False	False
NRG1	ENSG00000157168.20	ENST00000287842.7	1	0	0	0	0	0	False	False	False
SRBD1	ENSG00000068784.13	ENST00000263736.5	1	0	0	0	0	0	False	False	False
TBC1D13	ENSG00000107021.16	ENST00000372648.10	1	0	0	0	0	0	False	False	False
VPS36	ENSG00000136100.14	ENST00000378060.9	1	0	0	0	0	0	False	False	False
AC012309.1	ENSG00000267360.6	ENST00000585860.2	3	0	0	0	0	0	False	False	False
DNAAF2	ENSG00000165506.14	ENST00000298292.12	1	0	0	0	0	0	False	False	False
DPM2	ENSG00000136908.17	ENST00000314392.12	1	0	0	0	0	0	False	False	False
DTD1	ENSG00000125821.13	ENST00000377452.4	1	0	0	0	0	0	False	False	False
GTPBP2	ENSG00000172432.19	ENST00000307126.10	1	0	0	0	0	0	False	False	False
HSF2	ENSG00000025156.13	ENST00000368455.9	1	1	0	0	0	1	True	False	True
KLHL15	ENSG00000174010.9	ENST00000328046.8	1	0	0	0	0	0	False	False	False
LYRM2	ENSG00000083099.11	ENST00000523377.2	1	2	0	0	0	2	True	False	True
MAIP1	ENSG00000162972.10	ENST00000295079.6	1	0	0	0	0	0	False	False	False
NFATC4	ENSG00000100968.14	ENST00000250373.9	1	0	0	0	0	0	False	False	False
PEX14	ENSG00000142655.13	ENST00000356607.9	1	0	0	0	0	0	False	False	False
RRAS2	ENSG00000133818.14	ENST00000256196.9	2	2	0	0	0	2	True	False	True
SRF	ENSG00000112658.8	ENST00000265354.6	1	0	0	0	0	0	False	False	False
TMEM201	ENSG00000188807.13	ENST00000340381.11	1	0	0	0	0	0	False	False	False
UNC13B	ENSG00000198722.14	ENST00000378495.7	1	0	0	0	0	0	False	False	False
BSDC1	ENSG00000160058.18	ENST00000455895.6	1	0	0	0	0	0	False	False	False
CEBPD	ENSG00000221869.5	ENST00000408965.4	1	0	0	0	0	0	False	False	False
FGFR1OP	ENSG00000213066.13	ENST00000366847.9	1	0	0	0	0	0	False	False	False
KLHL28	ENSG00000179454.14	ENST00000396128.9	1	0	0	0	0	0	False	False	False
NR4A1	ENSG00000123358.20	ENST00000243050.5	1	0	0	0	0	0	False	False	False
OIP5	ENSG00000104147.9	ENST00000220514.8	1	1	0	0	0	1	True	False	True
SLAIN2	ENSG00000109171.15	ENST00000264313.11	1	0	0	0	0	0	False	False	False
WDR54	ENSG00000005448.17	ENST00000348227.4	1	0	0	0	0	0	False	False	False
AK4	ENSG00000162433.15	ENST00000395334.6	2	4	0	0	0	4	True	False	True
EVA1C	ENSG00000166979.13	ENST00000300255.7	1	0	0	0	0	0	False	False	False
FSD1L	ENSG00000106701.12	ENST00000394926.7	2	0	0	0	0	0	False	False	False
LRIG2	ENSG00000198799.12	ENST00000361127.6	1	0	0	0	0	0	False	False	False
MOCS3	ENSG00000124217.5	ENST00000244051.3	1	0	0	0	0	0	False	False	False
NPDC1	ENSG00000107281.10	ENST00000371601.5	1	1	0	0	0	1	True	False	True
NUBP1	ENSG00000103274.11	ENST00000283027.10	1	1	0	0	0	1	True	False	True
NUDT19	ENSG00000213965.3	ENST00000397061.3	1	4	0	0	0	4	True	False	True
PPT2	ENSG00000221988.13	ENST00000395523.5	3	0	0	0	0	0	False	False	False
RGP1	ENSG00000107185.10	ENST00000378078.5	1	0	0	0	0	0	False	False	False
RSPO3	ENSG00000146374.14	ENST00000356698.9	1	0	0	0	0	0	False	False	False
TTLL7	ENSG00000137941.17	ENST00000260505.13	1	0	0	0	0	0	False	False	False
WDFY3	ENSG00000163625.15	ENST00000295888.8	1	0	0	0	0	0	False	False	False
ZRANB1	ENSG00000019995.6	ENST00000359653.4	1	0	0	0	0	0	False	False	False
ADGRE2	ENSG00000127507.18	ENST00000315576.8	4	0	0	0	0	0	False	False	False
ATG4C	ENSG00000125703.15	ENST00000317868.9	1	0	0	0	0	0	False	False	False
CCDC106	ENSG00000173581.8	ENST00000586790.6	1	0	0	0	0	0	False	False	False
CRIPT	ENSG00000119878.6	ENST00000238892.4	1	1	0	0	0	1	True	False	True
LACTB2	ENSG00000147592.9	ENST00000276590.5	1	0	0	0	0	0	False	False	False
MMAA	ENSG00000151611.16	ENST00000649156.2	2	0	0	0	0	0	False	False	False
RTL8A	ENSG00000203950.6	ENST00000370775.2	1	0	0	0	0	0	False	False	False
SLC35E2A	ENSG00000215790.7	ENST00000643905.1	4	0	0	0	0	0	False	False	False
TUT1	ENSG00000149016.16	ENST00000476907.6	3	0	0	0	0	0	False	False	False
ZNF587	ENSG00000198466.12	ENST00000423137.1	4	0	0	0	0	0	False	False	False
ABCB8	ENSG00000197150.12	ENST00000358849.8	1	0	0	0	0	0	False	False	False
AGA	ENSG00000038002.9	ENST00000264595.7	1	0	0	0	0	0	False	False	False
ALKBH2	ENSG00000189046.11	ENST00000429722.3	1	0	0	0	0	0	False	False	False
LCMT2	ENSG00000168806.8	ENST00000305641.7	1	0	0	0	0	0	False	False	False
MAFK	ENSG00000198517.10	ENST00000343242.9	1	0	0	0	0	0	False	False	False
NECAB3	ENSG00000125967.16	ENST00000246190.10	1	0	0	0	0	0	False	False	False
PLSCR3	ENSG00000187838.17	ENST00000574401.5	3	0	0	0	0	0	False	False	False
SERF1B	ENSG00000205572.10	ENST00000380751.9	4	0	0	0	0	0	False	False	False
THG1L	ENSG00000113272.14	ENST00000231198.12	1	0	0	0	0	0	False	False	False
TMEM185B	ENSG00000226479.4	ENST00000426077.3	1	1	0	0	0	1	True	False	True
TMEM241	ENSG00000134490.14	ENST00000383233.8	1	1	0	0	0	1	True	False	True
VPS37A	ENSG00000155975.10	ENST00000324849.9	1	1	0	0	0	1	True	False	True
FBLIM1	ENSG00000162458.13	ENST00000375771.5	1	2	0	0	0	2	True	False	True
PPIP5K1	ENSG00000168781.22	ENST00000334933.8	2	0	0	0	0	0	False	False	False
RBM15B	ENSG00000259956.2	ENST00000563281.2	1	0	0	0	0	0	False	False	False
SNAP29	ENSG00000099940.12	ENST00000215730.12	1	0	0	0	0	0	False	False	False
TCEAL3	ENSG00000196507.11	ENST00000372628.5	4	0	0	0	0	0	False	False	False
TMEM256	ENSG00000205544.4	ENST00000302422.4	1	2	0	0	0	2	True	False	True
YJU2	ENSG00000105248.16	ENST00000262962.12	1	0	0	0	0	0	False	False	False
AC097637.1	ENSG00000173366.11	ENST00000494383.1	3	0	0	0	0	0	False	False	False
ADGRL4	ENSG00000162618.15	ENST00000370742.4	2	0	0	0	0	0	False	False	False
ALS2	ENSG00000003393.15	ENST00000264276.11	1	1	0	0	0	1	True	False	True
ARMCX5	ENSG00000125962.14	ENST00000604957.1	1	0	0	0	0	0	False	False	False
CC2D1A	ENSG00000132024.17	ENST00000318003.11	1	0	0	0	0	0	False	False	False
CSNK1G1	ENSG00000169118.18	ENST00000634811.1	3	0	0	0	0	0	False	False	False
DCLRE1B	ENSG00000118655.7	ENST00000650450.2	1	0	0	0	0	0	False	False	False
ERCC8	ENSG00000049167.14	ENST00000265038.9	1	0	0	0	0	0	False	False	False
FBXL18	ENSG00000155034.19	ENST00000382368.8	1	0	0	0	0	0	False	False	False
LETMD1	ENSG00000050426.16	ENST00000262055.9	1	0	0	0	0	0	False	False	False
MEX3C	ENSG00000176624.11	ENST00000406189.4	1	0	0	0	0	0	False	False	False
PGLS	ENSG00000130313.7	ENST00000252603.7	1	0	0	0	0	0	False	False	False
SERF1A	ENSG00000172058.15	ENST00000317633.13	4	2	0	0	0	2	True	False	True
SNRNP27	ENSG00000124380.11	ENST00000244227.8	1	1	0	0	0	1	True	False	True
TMEM184B	ENSG00000198792.13	ENST00000361684.8	1	0	0	0	0	0	False	False	False
AGO1	ENSG00000092847.13	ENST00000373204.6	1	0	0	0	0	0	False	False	False
LANCL2	ENSG00000132434.9	ENST00000254770.2	1	0	0	0	0	0	False	False	False
MAPKAPK3	ENSG00000114738.11	ENST00000446044.5	1	0	0	0	0	0	False	False	False
SLC25A26	ENSG00000144741.17	ENST00000354883.10	1	0	0	0	0	0	False	False	False
SUSD1	ENSG00000106868.17	ENST00000374270.8	1	0	0	0	0	0	False	False	False
TNFAIP3	ENSG00000118503.15	ENST00000612899.5	1	0	0	0	0	0	False	False	False
TOB2	ENSG00000183864.5	ENST00000327492.4	1	1	0	0	0	1	True	False	True
TRIM56	ENSG00000169871.13	ENST00000306085.11	1	0	0	0	0	0	False	False	False
XXYLT1	ENSG00000173950.16	ENST00000310380.11	1	0	0	0	0	0	False	False	False
AC007375.2	ENSG00000259164.1	ENST00000557752.1	1	0	0	0	0	0	False	False	False
ADAT1	ENSG00000065457.10	ENST00000307921.7	1	0	0	0	0	0	False	False	False
BMP2K	ENSG00000138756.17	ENST00000335016.9	1	0	0	0	0	0	False	False	False
CPNE4	ENSG00000196353.11	ENST00000512055.5	2	0	0	0	0	0	False	False	False
DUSP3	ENSG00000108861.9	ENST00000226004.8	1	1	0	0	0	1	True	False	True
OSTM1	ENSG00000081087.15	ENST00000193322.8	1	0	0	0	0	0	False	False	False
TIMM8B	ENSG00000150779.12	ENST00000504148.3	1	2	0	0	0	2	True	False	True
ZNF407	ENSG00000215421.9	ENST00000299687.9	1	0	0	0	0	0	False	False	False
ANKRD42	ENSG00000137494.14	ENST00000533342.6	2	0	0	0	0	0	False	False	False
CAMK2G	ENSG00000148660.20	ENST00000322635.7	1	0	0	0	0	0	False	False	False
DTWD1	ENSG00000104047.15	ENST00000251250.7	1	2	0	0	0	2	True	False	True
HIGD2A	ENSG00000146066.3	ENST00000274787.3	1	3	0	0	0	3	True	False	True
HPS6	ENSG00000166189.8	ENST00000299238.7	1	0	0	0	0	0	False	False	False
KAT14	ENSG00000149474.13	ENST00000435364.7	1	0	0	0	0	0	False	False	False
NCKAP5L	ENSG00000167566.17	ENST00000335999.7	1	0	0	0	0	0	False	False	False
USP20	ENSG00000136878.13	ENST00000315480.9	1	0	0	0	0	0	False	False	False
WIZ	ENSG00000011451.21	ENST00000673675.1	1	0	0	0	0	0	False	False	False
ZNF706	ENSG00000120963.12	ENST00000520347.5	2	0	0	0	0	0	False	False	False
CEP290	ENSG00000198707.16	ENST00000552810.6	1	0	0	0	0	0	False	False	False
GLCCI1	ENSG00000106415.13	ENST00000223145.10	1	0	0	0	0	0	False	False	False
RALB	ENSG00000144118.14	ENST00000272519.10	1	0	0	0	0	0	False	False	False
SUGP1	ENSG00000105705.16	ENST00000247001.10	1	2	0	0	0	2	True	False	True
UQCR11	ENSG00000127540.12	ENST00000591899.8	3	1	0	0	0	1	True	False	True
WBP1L	ENSG00000166272.18	ENST00000369889.5	1	10	1	0	1	12	True	True	True
ZDHHC4	ENSG00000136247.14	ENST00000396706.2	1	1	0	0	0	1	True	False	True
C17orf75	ENSG00000108666.10	ENST00000577809.6	1	0	0	0	0	0	False	False	False
CALCOCO1	ENSG00000012822.16	ENST00000550804.6	1	0	0	0	0	0	False	False	False
COA4	ENSG00000181924.7	ENST00000545127.1	1	0	0	0	0	0	False	False	False
PANX1	ENSG00000110218.9	ENST00000227638.8	1	0	0	0	0	0	False	False	False
SULT1A1	ENSG00000196502.11	ENST00000395609.5	4	0	0	0	0	0	False	False	False
TWISTNB	ENSG00000105849.6	ENST00000222567.6	1	1	0	0	0	1	True	False	True
WASHC1	ENSG00000181404.17	ENST00000442898.5	2	1	1	0	1	3	True	True	True
ZNF302	ENSG00000089335.21	ENST00000505242.6	1	0	0	0	0	0	False	False	False
ADGRD1	ENSG00000111452.13	ENST00000535015.5	1	0	0	0	0	0	False	False	False
FAM168A	ENSG00000054965.10	ENST00000356467.4	1	0	0	0	0	0	False	False	False
FRRS1	ENSG00000156869.14	ENST00000646001.2	1	0	0	0	0	0	False	False	False
NDUFA3	ENSG00000170906.16	ENST00000485876.6	1	5	0	0	1	6	True	False	True
PHACTR2	ENSG00000112419.14	ENST00000427704.6	1	1	0	0	0	1	True	False	True
RCCD1	ENSG00000166965.12	ENST00000394258.6	1	0	0	0	0	0	False	False	False
SLC38A6	ENSG00000139974.15	ENST00000267488.8	1	0	0	0	0	0	False	False	False
TBP	ENSG00000112592.14	ENST00000230354.10	1	0	0	0	0	0	False	False	False
WASF3	ENSG00000132970.14	ENST00000335327.6	2	1	0	0	0	1	True	False	True
ZNF33B	ENSG00000196693.15	ENST00000359467.8	4	0	0	0	0	0	False	False	False
CCDC117	ENSG00000159873.10	ENST00000249064.9	1	1	0	0	0	1	True	False	True
DIS3L2	ENSG00000144535.19	ENST00000325385.11	1	0	0	0	0	0	False	False	False
FAM72C	ENSG00000263513.5	ENST00000584486.5	4	0	0	0	0	0	False	False	False
ILKAP	ENSG00000132323.9	ENST00000254654.8	1	0	0	0	0	0	False	False	False
IMMP1L	ENSG00000148950.11	ENST00000278200.5	1	4	0	0	0	4	True	False	True
KCNJ10	ENSG00000177807.10	ENST00000644903.1	1	0	0	0	0	0	False	False	False
LEPROT	ENSG00000213625.9	ENST00000371065.9	1	0	0	0	0	0	False	False	False
NFXL1	ENSG00000170448.12	ENST00000507489.2	1	0	0	0	0	0	False	False	False
PAGE1	ENSG00000068985.5	ENST00000376150.4	1	0	0	0	0	0	False	False	False
PIGL	ENSG00000108474.17	ENST00000225609.10	1	0	0	0	0	0	False	False	False
RAB22A	ENSG00000124209.4	ENST00000244040.4	1	0	0	0	0	0	False	False	False
RBSN	ENSG00000131381.12	ENST00000253699.7	1	0	0	0	0	0	False	False	False
RNF157	ENSG00000141576.16	ENST00000269391.11	2	0	0	0	0	0	False	False	False
RPP40	ENSG00000124787.14	ENST00000380051.7	1	4	0	0	0	4	True	False	True
BAIAP2	ENSG00000175866.15	ENST00000428708.6	1	0	0	0	0	0	False	False	False
CDK16	ENSG00000102225.16	ENST00000357227.9	1	1	0	0	0	1	True	False	True
CRABP2	ENSG00000143320.9	ENST00000621784.4	1	0	0	0	0	0	False	False	False
GAL	ENSG00000069482.7	ENST00000265643.4	1	0	0	0	0	0	False	False	False
NFKBIA	ENSG00000100906.11	ENST00000216797.10	1	0	0	0	0	0	False	False	False
SLC2A13	ENSG00000151229.13	ENST00000280871.9	1	0	0	0	0	0	False	False	False
UNK	ENSG00000132478.10	ENST00000589666.6	1	0	0	0	0	0	False	False	False
ABITRAM	ENSG00000119328.12	ENST00000322940.11	1	1	0	0	0	1	True	False	True
AL136295.5	ENSG00000259529.2	ENST00000558468.2	3	0	0	0	0	0	False	False	False
COQ6	ENSG00000119723.17	ENST00000334571.7	1	1	0	0	0	1	True	False	True
CREBRF	ENSG00000164463.12	ENST00000296953.6	2	0	0	0	0	0	False	False	False
DDR2	ENSG00000162733.19	ENST00000367922.7	1	0	0	0	0	0	False	False	False
HDAC6	ENSG00000094631.21	ENST00000376619.6	1	0	0	0	0	0	False	False	False
ING4	ENSG00000111653.20	ENST00000341550.9	1	0	0	0	0	0	False	False	False
MED30	ENSG00000164758.7	ENST00000297347.7	2	0	0	0	0	0	False	False	False
PIP4K2C	ENSG00000166908.18	ENST00000354947.10	1	0	0	0	0	0	False	False	False
VTI1B	ENSG00000100568.11	ENST00000554659.6	1	4	0	0	0	4	True	False	True
BBS9	ENSG00000122507.21	ENST00000355070.6	1	0	0	0	0	0	False	False	False
BEGAIN	ENSG00000183092.16	ENST00000443071.6	1	0	0	0	0	0	False	False	False
FAM32A	ENSG00000105058.12	ENST00000263384.12	1	5	0	0	0	5	True	False	True
FOXC1	ENSG00000054598.9	ENST00000645831.2	1	0	0	0	0	0	False	False	False
GANC	ENSG00000214013.9	ENST00000318010.12	1	0	0	0	0	0	False	False	False
MKNK1	ENSG00000079277.21	ENST00000371945.9	1	0	0	0	0	0	False	False	False
PIK3R1	ENSG00000145675.15	ENST00000521381.6	1	0	0	0	0	0	False	False	False
RNF25	ENSG00000163481.8	ENST00000295704.7	1	0	0	0	0	0	False	False	False
BDNF	ENSG00000176697.19	ENST00000314915.6	1	0	0	0	0	0	False	False	False
CORO2A	ENSG00000106789.13	ENST00000343933.9	1	0	0	0	0	0	False	False	False
DHFR2	ENSG00000178700.8	ENST00000314636.2	1	0	0	0	0	0	False	False	False
FOXRED1	ENSG00000110074.11	ENST00000263578.10	1	0	0	0	0	0	False	False	False
KDM4B	ENSG00000127663.15	ENST00000159111.9	1	0	1	0	0	1	False	True	True
MGAT5B	ENSG00000167889.12	ENST00000569840.6	1	0	0	0	0	0	False	False	False
NFRKB	ENSG00000170322.14	ENST00000446488.7	1	0	0	0	0	0	False	False	False
PCIF1	ENSG00000100982.12	ENST00000372409.8	1	0	0	0	0	0	False	False	False
PDSS2	ENSG00000164494.12	ENST00000369037.9	1	1	0	0	0	1	True	False	True
PIAS4	ENSG00000105229.7	ENST00000262971.3	1	0	0	0	0	0	False	False	False
PSMG3	ENSG00000157778.9	ENST00000288607.3	1	1	0	0	0	1	True	False	True
SEMA4D	ENSG00000187764.11	ENST00000450295.5	2	0	0	0	0	0	False	False	False
C8orf76	ENSG00000189376.12	ENST00000276704.6	3	0	0	0	0	0	False	False	False
LEMD2	ENSG00000161904.12	ENST00000293760.10	1	0	0	0	0	0	False	False	False
PINX1	ENSG00000258724.1	ENST00000554914.1	3	0	0	0	0	0	False	False	False
RAD54L	ENSG00000085999.13	ENST00000371975.9	1	0	0	0	0	0	False	False	False
RTL6	ENSG00000188636.4	ENST00000341255.4	1	0	0	0	0	0	False	False	False
TBC1D19	ENSG00000109680.11	ENST00000264866.9	1	0	0	0	0	0	False	False	False
TMEM91	ENSG00000142046.15	ENST00000392002.7	1	0	0	0	0	0	False	False	False
WNT7B	ENSG00000188064.10	ENST00000339464.9	1	0	0	0	0	0	False	False	False
ZDHHC16	ENSG00000171307.19	ENST00000393760.6	1	0	0	0	0	0	False	False	False
NOCT	ENSG00000151014.6	ENST00000280614.4	1	0	0	0	0	0	False	False	False
RNFT1	ENSG00000189050.16	ENST00000305783.13	1	1	0	0	1	2	True	False	True
RYK	ENSG00000163785.12	ENST00000623711.3	1	1	0	0	0	1	True	False	True
SLF2	ENSG00000119906.13	ENST00000370269.3	1	0	0	0	0	0	False	False	False
SMURF2	ENSG00000108854.16	ENST00000262435.14	1	0	0	0	0	0	False	False	False
SREK1IP1	ENSG00000153006.16	ENST00000513458.9	1	1	0	0	0	1	True	False	True
TENM2	ENSG00000145934.16	ENST00000518659.5	1	0	0	0	0	0	False	False	False
TREX1	ENSG00000213689.14	ENST00000625293.3	3	0	0	0	0	0	False	False	False
TUG1	ENSG00000253352.9	ENST00000644773.1	1	0	0	0	0	0	False	False	False
AC010323.1	ENSG00000167774.2	ENST00000598884.1	3	0	0	0	0	0	False	False	False
BET1	ENSG00000105829.13	ENST00000222547.8	1	2	0	0	0	2	True	False	True
CCDC66	ENSG00000180376.17	ENST00000394672.8	1	0	0	0	0	0	False	False	False
EIF4ENIF1	ENSG00000184708.18	ENST00000397525.5	1	0	0	0	0	0	False	False	False
FAM193A	ENSG00000125386.15	ENST00000637812.1	1	0	0	0	0	0	False	False	False
KYAT1	ENSG00000171097.14	ENST00000302586.8	3	0	0	0	0	0	False	False	False
PGAP1	ENSG00000197121.15	ENST00000354764.9	1	0	0	0	0	0	False	False	False
PHLDA3	ENSG00000174307.7	ENST00000367311.5	1	0	0	0	0	0	False	False	False
TBC1D22A	ENSG00000054611.14	ENST00000337137.9	1	0	0	0	0	0	False	False	False
TMED1	ENSG00000099203.7	ENST00000214869.7	1	0	0	0	0	0	False	False	False
TMEM39A	ENSG00000176142.13	ENST00000319172.10	1	0	0	0	0	0	False	False	False
VIPAS39	ENSG00000151445.16	ENST00000553888.5	1	0	0	0	0	0	False	False	False
WDR19	ENSG00000157796.18	ENST00000399820.8	1	0	0	0	0	0	False	False	False
C1orf105	ENSG00000180999.11	ENST00000367727.9	1	0	0	0	0	0	False	False	False
CCNY	ENSG00000108100.18	ENST00000374704.8	1	1	0	0	0	1	True	False	True
F3	ENSG00000117525.14	ENST00000334047.12	1	1	0	0	0	1	True	False	True
IL1RAP	ENSG00000196083.10	ENST00000439062.6	1	0	0	0	0	0	False	False	False
PRH1	ENSG00000231887.7	ENST00000543626.4	1	0	0	0	0	0	False	False	False
RP1	ENSG00000104237.11	ENST00000637698.1	2	0	0	0	0	0	False	False	False
RPS19BP1	ENSG00000187051.9	ENST00000334678.8	1	0	0	0	0	0	False	False	False
AC018630.2	ENSG00000275778.2	ENST00000536668.2	1	0	0	0	0	0	False	False	False
ANGEL2	ENSG00000174606.14	ENST00000366962.8	1	0	0	0	0	0	False	False	False
AP002748.5	ENSG00000256349.1	ENST00000419755.3	3	0	0	0	0	0	False	False	False
EDEM1	ENSG00000134109.11	ENST00000256497.9	1	0	1	0	0	1	False	True	True
EME1	ENSG00000154920.14	ENST00000338165.8	1	0	0	0	0	0	False	False	False
MAP2K7	ENSG00000076984.17	ENST00000397983.7	1	0	0	0	0	0	False	False	False
PDK2	ENSG00000005882.12	ENST00000503176.6	1	0	0	0	0	0	False	False	False
PIN1	ENSG00000127445.14	ENST00000247970.9	1	1	0	0	0	1	True	False	True
POC1B	ENSG00000139323.14	ENST00000313546.8	1	0	0	0	0	0	False	False	False
SLC25A44	ENSG00000160785.13	ENST00000359511.4	1	0	0	0	0	0	False	False	False
SP110	ENSG00000135899.17	ENST00000258381.10	1	0	0	0	0	0	False	False	False
ULK1	ENSG00000177169.10	ENST00000321867.6	1	0	0	0	0	0	False	False	False
AC013470.2	ENSG00000226690.8	ENST00000636804.1	2	0	0	0	0	0	False	False	False
AHRR	ENSG00000063438.17	ENST00000515206.5	1	0	0	0	0	0	False	False	False
ATE1	ENSG00000107669.17	ENST00000224652.10	1	0	0	0	0	0	False	False	False
BLOC1S2	ENSG00000196072.12	ENST00000370372.7	1	1	0	0	0	1	True	False	True
FKBP5	ENSG00000096060.14	ENST00000536438.5	1	0	0	0	0	0	False	False	False
GALK1	ENSG00000108479.12	ENST00000225614.6	1	0	0	0	0	0	False	False	False
IFT52	ENSG00000101052.13	ENST00000373030.8	1	0	0	0	0	0	False	False	False
LRRC14	ENSG00000160959.8	ENST00000292524.6	1	0	0	0	0	0	False	False	False
PSMC3IP	ENSG00000131470.14	ENST00000393795.7	1	0	0	0	0	0	False	False	False
STMP1	ENSG00000243317.8	ENST00000507606.3	1	2	0	0	1	3	True	False	True
TACC2	ENSG00000138162.19	ENST00000369005.6	1	0	0	0	0	0	False	False	False
ZNF292	ENSG00000188994.13	ENST00000369577.8	1	0	0	0	0	0	False	False	False
AC022826.2	ENSG00000258677.2	ENST00000358757.5	3	0	0	0	0	0	False	False	False
B4GAT1	ENSG00000174684.7	ENST00000311181.5	1	0	0	0	0	0	False	False	False
C16orf96	ENSG00000205832.7	ENST00000444310.4	2	0	0	0	0	0	False	False	False
C19orf44	ENSG00000105072.9	ENST00000221671.8	1	0	0	0	0	0	False	False	False
NDNF	ENSG00000173376.14	ENST00000379692.9	1	0	0	0	0	0	False	False	False
NMU	ENSG00000109255.11	ENST00000264218.7	1	0	0	0	0	0	False	False	False
ODF2L	ENSG00000122417.15	ENST00000370566.7	1	0	0	0	0	0	False	False	False
PAQR3	ENSG00000163291.14	ENST00000512733.5	1	0	0	0	0	0	False	False	False
PURB	ENSG00000146676.10	ENST00000395699.5	1	0	0	0	0	0	False	False	False
SELENOK	ENSG00000113811.11	ENST00000495461.6	1	3	0	0	1	4	True	False	True
SLC35A1	ENSG00000164414.18	ENST00000369552.9	1	0	0	0	0	0	False	False	False
SLC39A13	ENSG00000165915.14	ENST00000354884.8	1	0	0	0	0	0	False	False	False
SPAST	ENSG00000021574.12	ENST00000315285.8	1	0	0	0	0	0	False	False	False
SYDE1	ENSG00000105137.13	ENST00000342784.7	1	0	0	0	0	0	False	False	False
TFB1M	ENSG00000029639.11	ENST00000367166.5	1	0	0	0	0	0	False	False	False
TIAM2	ENSG00000146426.18	ENST00000360366.8	1	0	0	0	0	0	False	False	False
ACD	ENSG00000102977.17	ENST00000620338.4	1	1	0	0	1	2	True	False	True
AKIRIN1	ENSG00000174574.16	ENST00000432648.8	1	3	0	0	0	3	True	False	True
GADD45A	ENSG00000116717.13	ENST00000370986.9	1	0	0	0	0	0	False	False	False
HERPUD2	ENSG00000122557.10	ENST00000396081.5	1	0	0	0	0	0	False	False	False
ITGB3	ENSG00000259207.9	ENST00000559488.7	1	0	0	0	0	0	False	False	False
KIAA0753	ENSG00000198920.11	ENST00000361413.8	1	0	0	0	0	0	False	False	False
KRT14	ENSG00000186847.6	ENST00000167586.7	4	0	0	0	0	0	False	False	False
NCEH1	ENSG00000144959.11	ENST00000475381.7	1	0	0	0	0	0	False	False	False
PANK4	ENSG00000157881.16	ENST00000378466.9	1	0	0	0	0	0	False	False	False
PJA1	ENSG00000181191.11	ENST00000361478.1	1	0	0	0	0	0	False	False	False
RHOF	ENSG00000139725.8	ENST00000267205.7	1	0	0	0	0	0	False	False	False
SMCR8	ENSG00000176994.11	ENST00000406438.5	1	0	0	0	0	0	False	False	False
TEX9	ENSG00000151575.14	ENST00000352903.6	1	0	0	0	0	0	False	False	False
TNFRSF10A	ENSG00000104689.10	ENST00000221132.8	1	0	0	0	0	0	False	False	False
TRAF3IP1	ENSG00000204104.12	ENST00000373327.5	1	0	0	0	0	0	False	False	False
ALG2	ENSG00000119523.10	ENST00000476832.2	1	0	0	0	0	0	False	False	False
CTNS	ENSG00000040531.16	ENST00000046640.9	1	0	0	0	0	0	False	False	False
FAM151B	ENSG00000152380.10	ENST00000282226.5	4	0	0	0	0	0	False	False	False
FAM3A	ENSG00000071889.16	ENST00000447601.6	1	0	0	0	0	0	False	False	False
GCOM1	ENSG00000137878.17	ENST00000649429.1	2	0	0	0	0	0	False	False	False
HLA-G	ENSG00000204632.11	ENST00000428701.5	4	0	0	0	0	0	False	False	False
KANSL3	ENSG00000114982.19	ENST00000666923.1	1	0	0	0	0	0	False	False	False
PIMREG	ENSG00000129195.16	ENST00000572447.6	1	4	0	0	0	4	True	False	True
SETMAR	ENSG00000170364.12	ENST00000358065.4	1	0	0	0	0	0	False	False	False
TCIRG1	ENSG00000110719.10	ENST00000265686.8	1	0	0	0	0	0	False	False	False
TSPAN14	ENSG00000108219.15	ENST00000372158.6	1	0	0	0	0	0	False	False	False
VLDLR	ENSG00000147852.16	ENST00000382099.2	1	1	0	0	0	1	True	False	True
ZNF445	ENSG00000185219.17	ENST00000396077.8	1	0	0	0	0	0	False	False	False
AFF3	ENSG00000144218.19	ENST00000409579.5	1	0	0	0	0	0	False	False	False
BID	ENSG00000015475.18	ENST00000622694.4	1	0	0	0	0	0	False	False	False
CCDC22	ENSG00000101997.13	ENST00000376227.4	1	0	0	0	0	0	False	False	False
COMMD6	ENSG00000188243.12	ENST00000377615.7	1	0	0	0	0	0	False	False	False
DPH2	ENSG00000132768.14	ENST00000255108.8	1	0	0	0	0	0	False	False	False
ECSIT	ENSG00000130159.14	ENST00000270517.12	1	0	0	0	0	0	False	False	False
KATNBL1	ENSG00000134152.11	ENST00000256544.8	2	6	0	0	0	6	True	False	True
LBH	ENSG00000213626.13	ENST00000395323.9	1	0	0	0	0	0	False	False	False
PEX2	ENSG00000164751.15	ENST00000357039.9	1	0	0	0	0	0	False	False	False
POMT2	ENSG00000009830.11	ENST00000261534.8	1	0	0	0	0	0	False	False	False
SLC46A1	ENSG00000076351.13	ENST00000612814.5	1	0	0	0	0	0	False	False	False
TMEM183A	ENSG00000163444.12	ENST00000367242.4	2	6	0	0	1	7	True	False	True
ZNF254	ENSG00000213096.10	ENST00000357002.4	3	0	0	0	0	0	False	False	False
ZNF426	ENSG00000130818.12	ENST00000253115.7	1	0	0	0	0	0	False	False	False
CYB5R4	ENSG00000065615.14	ENST00000369681.10	1	0	0	0	0	0	False	False	False
DNAJC24	ENSG00000170946.15	ENST00000465995.6	1	1	0	0	0	1	True	False	True
EOLA2	ENSG00000197021.9	ENST00000370406.8	4	0	0	0	0	0	False	False	False
NAA16	ENSG00000172766.19	ENST00000379406.8	1	0	0	0	0	0	False	False	False
RIPK1	ENSG00000137275.14	ENST00000259808.9	1	0	0	0	0	0	False	False	False
SURF2	ENSG00000148291.10	ENST00000371964.5	1	0	0	0	0	0	False	False	False
TNFAIP8	ENSG00000145779.8	ENST00000504771.3	1	0	0	0	0	0	False	False	False
TPCN2	ENSG00000162341.18	ENST00000294309.8	3	0	0	0	0	0	False	False	False
TRAPPC5	ENSG00000181029.9	ENST00000596148.3	1	0	0	0	0	0	False	False	False
USF1	ENSG00000158773.14	ENST00000368021.7	1	1	0	0	0	1	True	False	True
ZCCHC9	ENSG00000131732.12	ENST00000254037.6	1	3	0	0	0	3	True	False	True
B4GALT3	ENSG00000158850.15	ENST00000622395.4	1	0	0	0	0	0	False	False	False
CCDC3	ENSG00000151468.11	ENST00000378825.5	1	0	0	0	0	0	False	False	False
CEP104	ENSG00000116198.13	ENST00000378230.8	1	0	0	0	0	0	False	False	False
CHRAC1	ENSG00000104472.10	ENST00000220913.10	1	2	0	0	0	2	True	False	True
FBXO33	ENSG00000165355.7	ENST00000298097.7	1	0	0	0	0	0	False	False	False
GBP3	ENSG00000117226.12	ENST00000370481.9	4	0	0	0	0	0	False	False	False
KAZN	ENSG00000189337.17	ENST00000636203.1	3	0	0	0	0	0	False	False	False
MND1	ENSG00000121211.8	ENST00000240488.8	1	1	0	0	0	1	True	False	True
PIGQ	ENSG00000007541.17	ENST00000321878.10	1	0	0	0	0	0	False	False	False
ZSWIM8	ENSG00000214655.10	ENST00000398706.6	1	0	0	0	0	0	False	False	False
ANKRD44	ENSG00000065413.20	ENST00000282272.15	1	0	0	0	0	0	False	False	False
CASTOR2	ENSG00000274070.2	ENST00000616305.2	4	0	0	0	0	0	False	False	False
CDC34	ENSG00000099804.9	ENST00000215574.9	1	0	0	0	0	0	False	False	False
CIR1	ENSG00000138433.16	ENST00000342016.8	1	3	0	0	0	3	True	False	True
DEDD	ENSG00000158796.17	ENST00000368006.8	1	0	0	0	0	0	False	False	False
EFHC2	ENSG00000183690.13	ENST00000420999.2	2	0	0	0	0	0	False	False	False
ETS1	ENSG00000134954.14	ENST00000319397.6	1	0	0	0	0	0	False	False	False
HAVCR2	ENSG00000135077.9	ENST00000307851.9	1	0	0	0	0	0	False	False	False
MACIR	ENSG00000181751.10	ENST00000319933.7	1	0	0	0	0	0	False	False	False
PRNP	ENSG00000171867.17	ENST00000430350.2	1	0	0	0	0	0	False	False	False
SSBP2	ENSG00000145687.16	ENST00000320672.8	1	1	0	0	0	1	True	False	True
SYNJ2BP	ENSG00000213463.5	ENST00000256366.6	3	0	0	0	0	0	False	False	False
TATDN2	ENSG00000157014.11	ENST00000287652.8	1	3	0	0	0	3	True	False	True
TCAIM	ENSG00000179152.20	ENST00000342649.9	1	0	0	0	0	0	False	False	False
TMEM47	ENSG00000147027.4	ENST00000275954.4	1	0	1	0	0	1	False	True	True
ABCA8	ENSG00000141338.14	ENST00000586539.6	1	0	0	0	0	0	False	False	False
ASPSCR1	ENSG00000169696.16	ENST00000306739.9	1	0	0	0	0	0	False	False	False
CHAC2	ENSG00000143942.5	ENST00000295304.5	1	0	0	0	0	0	False	False	False
CHMP7	ENSG00000147457.14	ENST00000397677.6	1	0	0	0	0	0	False	False	False
CRYAB	ENSG00000109846.9	ENST00000533475.6	1	0	0	0	0	0	False	False	False
CSTB	ENSG00000160213.8	ENST00000291568.7	1	1	0	0	0	1	True	False	True
GEMIN2	ENSG00000092208.17	ENST00000308317.10	1	2	0	0	0	2	True	False	True
MSL1	ENSG00000188895.12	ENST00000398532.9	1	0	0	0	0	0	False	False	False
MTFR2	ENSG00000146410.12	ENST00000420702.6	1	2	0	0	0	2	True	False	True
P4HTM	ENSG00000178467.18	ENST00000383729.9	1	0	0	0	0	0	False	False	False
TMEM164	ENSG00000157600.12	ENST00000372068.7	1	0	0	0	0	0	False	False	False
CHST14	ENSG00000169105.8	ENST00000306243.7	1	0	0	0	0	0	False	False	False
CNTROB	ENSG00000170037.14	ENST00000563694.6	1	0	0	0	0	0	False	False	False
DCTD	ENSG00000129187.14	ENST00000438320.6	1	0	0	0	0	0	False	False	False
EXO5	ENSG00000164002.11	ENST00000372703.1	1	0	0	0	0	0	False	False	False
FO393400.1	ENSG00000285382.1	ENST00000646357.1	2	0	0	0	0	0	False	False	False
KLHL18	ENSG00000114648.12	ENST00000232766.6	1	0	0	0	0	0	False	False	False
METRNL	ENSG00000176845.13	ENST00000320095.12	1	0	0	0	0	0	False	False	False
NDUFA7	ENSG00000267855.6	ENST00000301457.3	3	0	0	0	0	0	False	False	False
RASSF1	ENSG00000068028.17	ENST00000359365.8	1	0	0	0	0	0	False	False	False
TRAPPC9	ENSG00000167632.17	ENST00000648948.2	1	0	0	0	0	0	False	False	False
UTP14C	ENSG00000253797.2	ENST00000521776.2	3	0	0	0	0	0	False	False	False
AC004223.3	ENSG00000267618.5	ENST00000593039.5	3	0	0	0	0	0	False	False	False
E4F1	ENSG00000167967.16	ENST00000301727.9	1	0	0	0	0	0	False	False	False
ELF4	ENSG00000102034.17	ENST00000308167.10	1	0	0	0	0	0	False	False	False
GPR180	ENSG00000152749.8	ENST00000376958.5	1	0	0	0	0	0	False	False	False
H2AW	ENSG00000181218.5	ENST00000366695.3	1	0	0	0	0	0	False	False	False
JOSD1	ENSG00000100221.10	ENST00000216039.9	1	1	0	0	0	1	True	False	True
PHF10	ENSG00000130024.15	ENST00000339209.9	1	2	0	0	0	2	True	False	True
PREX1	ENSG00000124126.14	ENST00000371941.4	1	0	0	0	0	0	False	False	False
RHD	ENSG00000187010.21	ENST00000328664.9	4	0	0	0	0	0	False	False	False
SERPINI1	ENSG00000163536.12	ENST00000295777.9	1	0	0	0	0	0	False	False	False
UHMK1	ENSG00000152332.16	ENST00000489294.2	1	0	0	0	0	0	False	False	False
AFTPH	ENSG00000119844.15	ENST00000238855.11	1	0	0	0	0	0	False	False	False
CASP7	ENSG00000165806.21	ENST00000345633.8	1	0	0	0	0	0	False	False	False
CUL7	ENSG00000044090.10	ENST00000265348.9	1	0	0	0	0	0	False	False	False
DPY19L3	ENSG00000178904.19	ENST00000342179.9	1	1	0	0	0	1	True	False	True
DYRK3	ENSG00000143479.17	ENST00000367109.7	1	0	0	0	0	0	False	False	False
FKBP7	ENSG00000079150.18	ENST00000434643.6	1	1	0	0	0	1	True	False	True
MBD3	ENSG00000071655.18	ENST00000434436.8	3	0	0	0	0	0	False	False	False
MINDY3	ENSG00000148481.14	ENST00000277632.8	1	0	0	0	0	0	False	False	False
SNAPC4	ENSG00000165684.4	ENST00000298532.2	1	0	0	0	0	0	False	False	False
SYN2	ENSG00000157152.17	ENST00000621198.5	4	0	0	0	0	0	False	False	False
CCDC73	ENSG00000186714.12	ENST00000335185.9	1	0	0	0	0	0	False	False	False
FAM149B1	ENSG00000138286.15	ENST00000242505.11	2	1	0	0	0	1	True	False	True
KCNMB3	ENSG00000171121.16	ENST00000349697.2	4	0	0	0	0	0	False	False	False
PEX16	ENSG00000121680.16	ENST00000378750.10	1	0	0	0	0	0	False	False	False
RBFA	ENSG00000101546.13	ENST00000306735.10	1	1	0	0	0	1	True	False	True
RNF130	ENSG00000113269.14	ENST00000521389.6	1	0	0	0	0	0	False	False	False
SCRN2	ENSG00000141295.14	ENST00000290216.14	1	0	0	0	0	0	False	False	False
SV2A	ENSG00000159164.10	ENST00000369146.8	1	0	0	0	0	0	False	False	False
TMEM39B	ENSG00000121775.18	ENST00000336294.10	1	0	0	0	0	0	False	False	False
ALKBH1	ENSG00000100601.10	ENST00000216489.8	1	0	0	0	0	0	False	False	False
FAM13B	ENSG00000031003.10	ENST00000033079.7	1	0	0	0	0	0	False	False	False
MARK1	ENSG00000116141.16	ENST00000366917.6	1	0	0	0	0	0	False	False	False
MFSD2B	ENSG00000205639.11	ENST00000338315.5	1	0	0	0	0	0	False	False	False
NEK4	ENSG00000114904.13	ENST00000233027.10	1	4	0	0	0	4	True	False	True
PIGM	ENSG00000143315.8	ENST00000368090.5	1	0	0	0	0	0	False	False	False
PPP1R2B	ENSG00000231989.5	ENST00000522232.3	4	0	0	0	0	0	False	False	False
REV1	ENSG00000135945.10	ENST00000258428.8	1	0	0	0	0	0	False	False	False
SLC25A20	ENSG00000178537.10	ENST00000319017.5	1	1	0	0	0	1	True	False	True
SPPL3	ENSG00000157837.16	ENST00000353487.7	1	1	0	0	0	1	True	False	True
TSR2	ENSG00000158526.8	ENST00000375151.5	1	0	0	0	0	0	False	False	False
AC090360.1	ENSG00000267127.7	ENST00000562771.1	1	0	0	0	0	0	False	False	False
ATP13A2	ENSG00000159363.18	ENST00000452699.5	1	0	0	0	0	0	False	False	False
B3GAT3	ENSG00000149541.10	ENST00000265471.10	1	1	0	0	0	1	True	False	True
CARHSP1	ENSG00000153048.11	ENST00000396593.6	1	0	0	0	0	0	False	False	False
CHST12	ENSG00000136213.10	ENST00000618655.2	1	0	0	0	0	0	False	False	False
GK5	ENSG00000175066.16	ENST00000392993.7	1	0	0	0	0	0	False	False	False
GPN2	ENSG00000142751.15	ENST00000374135.9	1	0	0	0	0	0	False	False	False
KTI12	ENSG00000198841.4	ENST00000371614.2	1	0	0	0	0	0	False	False	False
PAPOLG	ENSG00000115421.13	ENST00000238714.8	1	0	0	0	0	0	False	False	False
PPCS	ENSG00000127125.9	ENST00000372561.4	1	1	0	0	0	1	True	False	True
SARS2	ENSG00000104835.15	ENST00000221431.11	3	0	0	0	0	0	False	False	False
SLC12A9	ENSG00000146828.18	ENST00000354161.8	1	0	0	0	0	0	False	False	False
SLC9B1	ENSG00000164037.17	ENST00000296422.12	1	0	0	0	0	0	False	False	False
TFPI2	ENSG00000105825.14	ENST00000222543.11	1	0	0	0	0	0	False	False	False
TMX4	ENSG00000125827.9	ENST00000246024.7	1	0	0	0	0	0	False	False	False
ZNF830	ENSG00000198783.6	ENST00000361952.5	1	0	0	0	0	0	False	False	False
HLCS	ENSG00000159267.14	ENST00000399120.5	1	0	0	0	0	0	False	False	False
IPP	ENSG00000197429.11	ENST00000396478.4	1	0	0	0	0	0	False	False	False
RABGGTA	ENSG00000100949.14	ENST00000399409.7	1	0	0	0	0	0	False	False	False
ST3GAL1	ENSG00000008513.16	ENST00000521180.5	1	1	0	0	0	1	True	False	True
ZBTB21	ENSG00000173276.14	ENST00000310826.10	1	0	0	0	0	0	False	False	False
AC010326.2	ENSG00000269476.1	ENST00000602124.1	4	0	0	0	0	0	False	False	False
COQ8B	ENSG00000123815.12	ENST00000324464.8	1	0	0	0	0	0	False	False	False
DDRGK1	ENSG00000198171.13	ENST00000354488.8	1	0	0	0	0	0	False	False	False
GSKIP	ENSG00000100744.15	ENST00000556095.5	1	0	0	0	0	0	False	False	False
MAP2K5	ENSG00000137764.20	ENST00000178640.10	1	0	0	0	0	0	False	False	False
MICAL2	ENSG00000133816.15	ENST00000646065.1	1	0	0	0	0	0	False	False	False
NSUN7	ENSG00000179299.17	ENST00000381782.7	2	0	0	0	0	0	False	False	False
RAVER2	ENSG00000162437.14	ENST00000371072.8	1	0	0	0	0	0	False	False	False
TM2D1	ENSG00000162604.12	ENST00000294613.9	1	1	0	0	0	1	True	False	True
ZNF623	ENSG00000183309.11	ENST00000501748.3	1	0	0	0	0	0	False	False	False
ZNF808	ENSG00000198482.13	ENST00000359798.9	4	0	0	0	0	0	False	False	False
DHRS7B	ENSG00000109016.17	ENST00000395511.7	1	0	0	0	0	0	False	False	False
DOP1B	ENSG00000142197.12	ENST00000399151.3	2	0	0	0	0	0	False	False	False
LOXL1	ENSG00000129038.16	ENST00000261921.8	1	0	0	0	0	0	False	False	False
SAV1	ENSG00000151748.15	ENST00000324679.5	1	1	0	0	0	1	True	False	True
SYNGR2	ENSG00000108639.7	ENST00000225777.7	1	2	0	0	0	2	True	False	True
ZNF7	ENSG00000147789.15	ENST00000446747.6	1	0	0	0	0	0	False	False	False
C19orf54	ENSG00000188493.15	ENST00000378313.7	1	0	0	0	0	0	False	False	False
FAM227B	ENSG00000166262.16	ENST00000299338.11	2	0	0	0	0	0	False	False	False
LURAP1L	ENSG00000153714.6	ENST00000319264.4	1	0	0	0	0	0	False	False	False
NEURL1B	ENSG00000214357.9	ENST00000369800.6	2	0	0	0	0	0	False	False	False
STIM2	ENSG00000109689.17	ENST00000467087.5	1	0	0	0	0	0	False	False	False
UEVLD	ENSG00000151116.17	ENST00000396197.8	1	0	0	0	0	0	False	False	False
AC007040.2	ENSG00000258881.6	ENST00000606025.5	3	0	0	0	0	0	False	False	False
COA3	ENSG00000183978.8	ENST00000328434.8	1	0	0	0	0	0	False	False	False
COQ8A	ENSG00000163050.17	ENST00000366779.5	1	0	0	0	0	0	False	False	False
DCAF15	ENSG00000132017.10	ENST00000254337.10	1	0	0	0	0	0	False	False	False
EGLN2	ENSG00000269858.6	ENST00000593726.5	3	0	0	0	0	0	False	False	False
GJC1	ENSG00000182963.10	ENST00000592524.6	1	0	0	0	0	0	False	False	False
MED7	ENSG00000155868.8	ENST00000286317.6	1	0	0	0	0	0	False	False	False
PIGW	ENSG00000277161.2	ENST00000614443.2	1	0	0	0	0	0	False	False	False
PPP2R2D	ENSG00000175470.20	ENST00000455566.6	1	1	0	0	0	1	True	False	True
SLC35D1	ENSG00000116704.8	ENST00000235345.6	1	0	0	0	0	0	False	False	False
TINF2	ENSG00000092330.18	ENST00000267415.12	1	0	0	0	0	0	False	False	False
VPS33B	ENSG00000184056.15	ENST00000333371.8	3	0	0	0	0	0	False	False	False
ZNF44	ENSG00000197857.14	ENST00000356109.10	2	0	0	0	0	0	False	False	False
CYHR1	ENSG00000187954.12	ENST00000530374.5	1	0	0	0	0	0	False	False	False
FMN1	ENSG00000248905.10	ENST00000616417.5	4	0	0	0	0	0	False	False	False
NELFA	ENSG00000185049.16	ENST00000382882.9	1	0	0	0	0	0	False	False	False
OR8J1	ENSG00000172487.4	ENST00000533152.3	2	0	0	0	0	0	False	False	False
PIP4K2B	ENSG00000276293.4	ENST00000619039.4	1	0	0	0	0	0	False	False	False
PRMT9	ENSG00000164169.13	ENST00000322396.7	1	0	0	0	0	0	False	False	False
PWWP3A	ENSG00000160953.16	ENST00000652273.1	1	0	0	0	0	0	False	False	False
SDF2L1	ENSG00000128228.5	ENST00000248958.5	1	0	0	0	0	0	False	False	False
SLC25A22	ENSG00000177542.11	ENST00000320230.9	1	0	0	0	0	0	False	False	False
CZIB	ENSG00000162384.14	ENST00000294360.5	1	1	0	0	0	1	True	False	True
GPD1L	ENSG00000152642.11	ENST00000282541.10	1	0	0	0	0	0	False	False	False
HPS1	ENSG00000107521.19	ENST00000613394.4	1	0	1	0	0	1	False	True	True
HSDL1	ENSG00000103160.12	ENST00000219439.9	1	0	0	0	0	0	False	False	False
KCP	ENSG00000135253.14	ENST00000613019.4	1	0	0	0	0	0	False	False	False
MAD2L1BP	ENSG00000124688.13	ENST00000372171.4	1	0	0	0	0	0	False	False	False
PIGF	ENSG00000151665.13	ENST00000281382.11	1	3	0	0	0	3	True	False	True
PLPBP	ENSG00000147471.12	ENST00000328195.8	1	0	0	0	0	0	False	False	False
TIMM22	ENSG00000177370.5	ENST00000327158.5	1	0	0	0	0	0	False	False	False
TMEM67	ENSG00000164953.16	ENST00000453321.8	1	0	0	0	0	0	False	False	False
UFSP2	ENSG00000109775.11	ENST00000264689.11	1	0	0	0	0	0	False	False	False
ZNF740	ENSG00000139651.11	ENST00000416904.5	1	0	0	0	0	0	False	False	False
AC105052.1	ENSG00000205236.6	ENST00000519541.1	4	0	0	0	0	0	False	False	False
CACUL1	ENSG00000151893.15	ENST00000369151.8	1	0	0	0	0	0	False	False	False
CDH3	ENSG00000062038.14	ENST00000264012.9	4	0	0	0	0	0	False	False	False
CEP76	ENSG00000101624.11	ENST00000262127.7	1	0	0	0	0	0	False	False	False
CLDND1	ENSG00000080822.17	ENST00000503004.5	1	0	0	0	0	0	False	False	False
FAR2	ENSG00000064763.11	ENST00000536681.8	1	0	0	0	0	0	False	False	False
LATS2	ENSG00000150457.9	ENST00000382592.5	1	0	0	0	0	0	False	False	False
METTL21A	ENSG00000144401.14	ENST00000411432.5	1	1	0	0	0	1	True	False	True
PCMTD1	ENSG00000168300.14	ENST00000360540.9	1	1	0	0	0	1	True	False	True
PRMT6	ENSG00000198890.9	ENST00000370078.2	1	0	0	0	0	0	False	False	False
RNF214	ENSG00000167257.11	ENST00000300650.9	1	0	0	0	0	0	False	False	False
SKI	ENSG00000157933.10	ENST00000378536.5	1	0	0	0	0	0	False	False	False
SPIN4	ENSG00000186767.7	ENST00000374884.3	1	0	0	0	0	0	False	False	False
TMEM11	ENSG00000178307.10	ENST00000317635.6	1	0	0	0	0	0	False	False	False
UBE2L5	ENSG00000236444.5	ENST00000635918.2	4	5	0	0	2	7	True	False	True
UROS	ENSG00000188690.15	ENST00000368797.10	1	0	0	0	0	0	False	False	False
ANGPT1	ENSG00000154188.10	ENST00000517746.6	1	0	0	0	0	0	False	False	False
APOBEC3A	ENSG00000128383.13	ENST00000402255.5	4	0	0	0	0	0	False	False	False
DNAJC12	ENSG00000108176.15	ENST00000225171.7	1	0	0	0	0	0	False	False	False
RASSF5	ENSG00000266094.8	ENST00000579436.7	2	0	0	0	0	0	False	False	False
SOCS4	ENSG00000180008.9	ENST00000555846.2	1	0	0	0	0	0	False	False	False
STK32C	ENSG00000165752.17	ENST00000298630.8	1	0	0	0	0	0	False	False	False
SUCO	ENSG00000094975.14	ENST00000263688.4	1	0	0	0	0	0	False	False	False
UCP2	ENSG00000175567.10	ENST00000663595.1	1	0	0	0	0	0	False	False	False
ZNF547	ENSG00000152433.15	ENST00000282282.4	4	0	0	0	0	0	False	False	False
ADPRS	ENSG00000116863.11	ENST00000373178.5	1	0	0	0	0	0	False	False	False
ARHGEF9	ENSG00000131089.17	ENST00000253401.10	1	0	0	0	0	0	False	False	False
FANCB	ENSG00000181544.15	ENST00000650831.1	1	0	0	0	0	0	False	False	False
FLYWCH2	ENSG00000162076.13	ENST00000396958.8	1	0	0	0	0	0	False	False	False
MECR	ENSG00000116353.16	ENST00000263702.11	1	0	0	0	0	0	False	False	False
MT2A	ENSG00000125148.7	ENST00000245185.6	1	0	0	0	0	0	False	False	False
SNRK	ENSG00000163788.14	ENST00000296088.12	1	0	0	0	0	0	False	False	False
TBC1D14	ENSG00000132405.19	ENST00000409757.9	1	0	0	0	0	0	False	False	False
AFMID	ENSG00000183077.15	ENST00000409257.9	1	0	0	0	0	0	False	False	False
EFCAB14	ENSG00000159658.13	ENST00000371933.8	1	1	0	0	0	1	True	False	True
L2HGDH	ENSG00000087299.12	ENST00000267436.9	1	0	0	0	0	0	False	False	False
NRF1	ENSG00000106459.15	ENST00000393230.6	1	0	0	0	0	0	False	False	False
PCMTD2	ENSG00000203880.12	ENST00000308824.11	1	0	0	0	0	0	False	False	False
PET100	ENSG00000229833.10	ENST00000594797.6	2	0	0	0	0	0	False	False	False
PEX1	ENSG00000127980.16	ENST00000248633.9	1	0	0	0	0	0	False	False	False
PRR12	ENSG00000126464.14	ENST00000418929.7	1	0	0	0	0	0	False	False	False
ST3GAL2	ENSG00000157350.13	ENST00000393640.8	1	0	0	0	0	0	False	False	False
STK32B	ENSG00000152953.13	ENST00000282908.10	1	0	0	0	0	0	False	False	False
VMA21	ENSG00000160131.13	ENST00000330374.6	1	1	0	0	0	1	True	False	True
AGPAT1	ENSG00000204310.13	ENST00000395499.5	1	0	0	0	0	0	False	False	False
RAB11FIP1	ENSG00000156675.16	ENST00000330843.9	1	1	0	0	0	1	True	False	True
SLC22A4	ENSG00000197208.6	ENST00000200652.4	1	0	0	0	0	0	False	False	False
USP42	ENSG00000106346.11	ENST00000306177.9	1	0	0	0	0	0	False	False	False
ZNF654	ENSG00000175105.7	ENST00000636215.2	1	0	0	0	0	0	False	False	False
ATP6V1F	ENSG00000128524.5	ENST00000249289.5	1	2	0	0	0	2	True	False	True
MTERF1	ENSG00000127989.14	ENST00000351870.8	1	0	0	0	0	0	False	False	False
OGFOD3	ENSG00000181396.13	ENST00000313056.10	1	0	0	0	0	0	False	False	False
TXNL4B	ENSG00000140830.9	ENST00000268483.8	1	0	0	0	0	0	False	False	False
ZNF317	ENSG00000130803.15	ENST00000247956.11	1	0	0	0	0	0	False	False	False
ACTA1	ENSG00000143632.14	ENST00000366684.7	4	0	0	0	1	1	False	False	True
AL133410.3	ENSG00000285645.1	ENST00000650284.1	3	0	0	0	0	0	False	False	False
CCDC7	ENSG00000216937.13	ENST00000362006.11	2	1	0	0	0	1	True	False	True
FNTB	ENSG00000257365.8	ENST00000246166.3	3	0	0	0	0	0	False	False	False
FOXN3	ENSG00000053254.15	ENST00000345097.8	1	1	0	0	0	1	True	False	True
ITGB8	ENSG00000105855.10	ENST00000222573.5	1	0	0	0	0	0	False	False	False
NUDT3	ENSG00000272325.2	ENST00000607016.2	1	0	0	0	0	0	False	False	False
PDE8A	ENSG00000073417.15	ENST00000394553.6	1	0	0	0	0	0	False	False	False
PTRH1	ENSG00000187024.15	ENST00000419060.5	1	0	0	0	0	0	False	False	False
SEC11C	ENSG00000166562.9	ENST00000587834.6	1	0	0	0	0	0	False	False	False
TMEM60	ENSG00000135211.6	ENST00000257663.4	1	0	0	0	0	0	False	False	False
WDR7	ENSG00000091157.13	ENST00000254442.7	1	0	0	0	0	0	False	False	False
ANKS1B	ENSG00000185046.18	ENST00000547776.6	2	0	0	0	0	0	False	False	False
AP003419.1	ENSG00000256514.1	ENST00000543494.1	3	0	0	0	0	0	False	False	False
DENND6A	ENSG00000174839.13	ENST00000311128.10	1	0	0	0	0	0	False	False	False
MKNK2	ENSG00000099875.14	ENST00000250896.7	1	1	0	0	0	1	True	False	True
MPP1	ENSG00000130830.15	ENST00000369534.8	2	0	0	0	0	0	False	False	False
MTERF4	ENSG00000122085.17	ENST00000614476.4	1	0	0	0	0	0	False	False	False
NAGPA	ENSG00000103174.13	ENST00000312251.8	1	0	0	0	0	0	False	False	False
POLE4	ENSG00000115350.12	ENST00000483063.2	1	1	0	0	0	1	True	False	True
TAFA2	ENSG00000198673.10	ENST00000416284.7	2	0	0	0	0	0	False	False	False
TMEM18	ENSG00000151353.15	ENST00000281017.8	1	0	0	0	0	0	False	False	False
ARHGEF11	ENSG00000132694.18	ENST00000368194.7	1	0	0	0	0	0	False	False	False
COMMD8	ENSG00000169019.11	ENST00000381571.6	1	0	0	0	1	1	False	False	True
FDX1	ENSG00000137714.3	ENST00000260270.3	1	3	0	0	0	3	True	False	True
KIF3A	ENSG00000131437.15	ENST00000378735.5	1	1	0	0	0	1	True	False	True
MPHOSPH6	ENSG00000135698.10	ENST00000258169.9	1	1	0	0	0	1	True	False	True
PICK1	ENSG00000100151.16	ENST00000404072.7	1	0	0	0	0	0	False	False	False
SLC9A7	ENSG00000065923.10	ENST00000616978.5	2	1	0	0	0	1	True	False	True
WASHC3	ENSG00000120860.11	ENST00000240079.11	1	2	0	0	0	2	True	False	True
ZNF282	ENSG00000170265.12	ENST00000610704.5	1	0	0	0	0	0	False	False	False
ARPIN	ENSG00000242498.8	ENST00000357484.10	3	0	0	0	0	0	False	False	False
CA12	ENSG00000074410.14	ENST00000344366.7	1	0	0	0	0	0	False	False	False
COX7A2L	ENSG00000115944.15	ENST00000378669.5	1	2	0	0	0	2	True	False	True
DCN	ENSG00000011465.17	ENST00000052754.10	1	0	0	0	0	0	False	False	False
DEPDC7	ENSG00000121690.11	ENST00000241051.8	1	0	0	0	0	0	False	False	False
DOT1L	ENSG00000104885.18	ENST00000398665.8	1	0	0	0	0	0	False	False	False
HECW1	ENSG00000002746.15	ENST00000395891.7	3	0	0	0	0	0	False	False	False
IPO13	ENSG00000117408.11	ENST00000372343.8	1	0	0	0	0	0	False	False	False
NLGN2	ENSG00000169992.10	ENST00000302926.7	1	0	0	0	0	0	False	False	False
PINX1	ENSG00000254093.9	ENST00000314787.8	3	1	0	0	0	1	True	False	True
SLC39A3	ENSG00000141873.11	ENST00000269740.9	1	0	0	0	0	0	False	False	False
SPAG1	ENSG00000104450.13	ENST00000251809.4	1	0	0	0	0	0	False	False	False
ZNF417	ENSG00000173480.11	ENST00000595559.1	4	0	0	0	0	0	False	False	False
APOBEC3B	ENSG00000179750.16	ENST00000333467.4	4	0	0	0	0	0	False	False	False
BICD1	ENSG00000151746.15	ENST00000652176.1	1	0	0	0	0	0	False	False	False
COQ7	ENSG00000167186.11	ENST00000321998.10	1	0	0	0	0	0	False	False	False
ETV3	ENSG00000117036.12	ENST00000368192.9	1	0	0	0	0	0	False	False	False
FMC1	ENSG00000164898.13	ENST00000297534.7	3	0	0	0	0	0	False	False	False
GORASP1	ENSG00000114745.13	ENST00000319283.7	1	0	0	0	0	0	False	False	False
HINT2	ENSG00000137133.11	ENST00000259667.6	3	1	0	0	0	1	True	False	True
KLHDC8A	ENSG00000162873.14	ENST00000367156.7	2	0	0	0	0	0	False	False	False
KXD1	ENSG00000105700.11	ENST00000602094.5	1	0	0	0	0	0	False	False	False
NSUN4	ENSG00000117481.10	ENST00000474844.5	1	0	0	0	0	0	False	False	False
NUP62CL	ENSG00000198088.10	ENST00000372466.8	2	0	0	0	0	0	False	False	False
PKD2	ENSG00000118762.8	ENST00000237596.7	1	0	0	0	0	0	False	False	False
RAP2C	ENSG00000123728.10	ENST00000370874.2	1	2	0	0	0	2	True	False	True
RCHY1	ENSG00000163743.13	ENST00000324439.9	1	0	0	0	0	0	False	False	False
STARD3	ENSG00000131748.16	ENST00000336308.10	1	1	0	0	0	1	True	False	True
TMEM161B	ENSG00000164180.13	ENST00000296595.10	1	0	1	0	0	1	False	True	True
TSHZ2	ENSG00000182463.16	ENST00000371497.10	1	0	0	0	0	0	False	False	False
VEGFA	ENSG00000112715.24	ENST00000523950.5	1	0	0	0	0	0	False	False	False
ZCCHC8	ENSG00000033030.15	ENST00000672018.1	1	0	0	0	0	0	False	False	False
A4GALT	ENSG00000128274.17	ENST00000401850.5	1	0	0	0	0	0	False	False	False
ALDH1A3	ENSG00000184254.17	ENST00000329841.10	1	0	0	0	0	0	False	False	False
AMMECR1L	ENSG00000144233.10	ENST00000272647.10	1	1	0	0	0	1	True	False	True
C3orf38	ENSG00000179021.10	ENST00000318887.8	1	0	0	0	0	0	False	False	False
CLIC2	ENSG00000155962.13	ENST00000369449.7	2	0	0	0	0	0	False	False	False
COX17	ENSG00000138495.6	ENST00000261070.6	2	0	0	0	0	0	False	False	False
CRCP	ENSG00000241258.7	ENST00000395326.8	1	0	0	0	0	0	False	False	False
E2F4	ENSG00000205250.9	ENST00000379378.8	1	1	0	0	0	1	True	False	True
FAM207A	ENSG00000160256.13	ENST00000397826.7	2	4	0	0	1	5	True	False	True
FUNDC1	ENSG00000069509.6	ENST00000378045.5	1	2	0	0	0	2	True	False	True
INPP5K	ENSG00000132376.20	ENST00000421807.7	1	0	0	0	0	0	False	False	False
MTHFS	ENSG00000136371.11	ENST00000258874.4	3	0	0	0	0	0	False	False	False
RGS2	ENSG00000116741.8	ENST00000235382.7	1	0	0	0	0	0	False	False	False
STRIP2	ENSG00000128578.10	ENST00000249344.7	1	0	0	0	0	0	False	False	False
TMUB2	ENSG00000168591.16	ENST00000538716.7	1	0	0	0	0	0	False	False	False
USPL1	ENSG00000132952.12	ENST00000255304.9	1	0	0	0	0	0	False	False	False
ZDHHC24	ENSG00000174165.8	ENST00000310442.5	1	0	0	0	0	0	False	False	False
B3GLCT	ENSG00000187676.8	ENST00000343307.5	1	0	0	0	0	0	False	False	False
CDK8	ENSG00000132964.12	ENST00000381527.8	1	2	0	0	0	2	True	False	True
CPNE2	ENSG00000140848.17	ENST00000290776.13	1	0	0	0	0	0	False	False	False
DEF8	ENSG00000140995.16	ENST00000563594.5	1	1	0	0	0	1	True	False	True
PCGF5	ENSG00000180628.15	ENST00000336126.6	1	0	0	0	0	0	False	False	False
PLEKHG1	ENSG00000120278.16	ENST00000358517.6	2	0	0	0	0	0	False	False	False
RAMACL	ENSG00000235272.2	ENST00000444122.2	4	1	2	0	0	3	True	True	True
SUSD5	ENSG00000173705.9	ENST00000309558.8	1	0	0	0	0	0	False	False	False
ZNF3	ENSG00000166526.18	ENST00000303915.10	1	0	0	0	0	0	False	False	False
ANXA8	ENSG00000265190.6	ENST00000585281.5	4	0	0	0	0	0	False	False	False
AUTS2	ENSG00000158321.18	ENST00000342771.10	1	0	0	0	0	0	False	False	False
CARNMT1	ENSG00000156017.13	ENST00000376834.8	1	0	0	0	0	0	False	False	False
DNAH17	ENSG00000187775.17	ENST00000389840.7	3	0	0	0	0	0	False	False	False
FANCM	ENSG00000187790.11	ENST00000267430.10	1	0	0	0	0	0	False	False	False
HEBP2	ENSG00000051620.11	ENST00000607197.6	1	1	0	0	0	1	True	False	True
MAP1S	ENSG00000130479.11	ENST00000324096.9	1	0	0	0	0	0	False	False	False
SHBG	ENSG00000129214.15	ENST00000380450.9	1	0	0	0	0	0	False	False	False
SMYD5	ENSG00000135632.12	ENST00000389501.9	1	0	0	0	0	0	False	False	False
TAF3	ENSG00000165632.8	ENST00000344293.6	1	0	0	0	0	0	False	False	False
TMEM104	ENSG00000109066.14	ENST00000335464.10	1	0	0	0	0	0	False	False	False
WWOX	ENSG00000186153.17	ENST00000566780.6	2	0	0	0	0	0	False	False	False
AUNIP	ENSG00000127423.11	ENST00000538789.5	1	0	0	0	0	0	False	False	False
DCLRE1C	ENSG00000152457.18	ENST00000378278.7	1	0	0	0	0	0	False	False	False
FXN	ENSG00000165060.14	ENST00000484259.3	1	4	0	0	0	4	True	False	True
HAUS5	ENSG00000249115.9	ENST00000203166.10	1	0	0	0	0	0	False	False	False
HMGN4	ENSG00000182952.5	ENST00000377575.3	1	2	0	0	0	2	True	False	True
IL1RAPL1	ENSG00000169306.10	ENST00000378993.6	2	0	0	0	0	0	False	False	False
IQCA1	ENSG00000132321.17	ENST00000409907.8	1	0	0	0	0	0	False	False	False
LAMC3	ENSG00000050555.18	ENST00000361069.9	1	0	0	0	0	0	False	False	False
LSM2	ENSG00000204392.11	ENST00000375661.6	1	2	0	0	1	3	True	False	True
POLR2M	ENSG00000255529.9	ENST00000299638.8	2	0	0	0	0	0	False	False	False
POLR3K	ENSG00000161980.6	ENST00000293860.6	1	2	0	0	0	2	True	False	True
TRIAP1	ENSG00000170855.4	ENST00000546954.2	1	1	0	0	0	1	True	False	True
ZFPL1	ENSG00000162300.13	ENST00000294258.8	1	0	0	0	0	0	False	False	False
ZNF704	ENSG00000164684.13	ENST00000327835.7	2	0	0	0	0	0	False	False	False
CHCHD1	ENSG00000172586.8	ENST00000372833.6	1	1	0	0	0	1	True	False	True
CPOX	ENSG00000080819.9	ENST00000647941.2	1	0	0	0	0	0	False	False	False
FAM71D	ENSG00000172717.16	ENST00000612183.4	2	0	0	0	0	0	False	False	False
MDFIC	ENSG00000135272.11	ENST00000393486.5	1	0	0	0	0	0	False	False	False
MTRNR2L10	ENSG00000256045.3	ENST00000545075.3	4	0	0	0	0	0	False	False	False
PPARG	ENSG00000132170.22	ENST00000287820.10	2	0	0	0	0	0	False	False	False
SLC16A14	ENSG00000163053.11	ENST00000295190.9	1	0	1	0	0	1	False	True	True
TBL1X	ENSG00000101849.17	ENST00000424279.5	1	0	0	0	0	0	False	False	False
TM2D3	ENSG00000184277.13	ENST00000347970.7	1	1	0	0	0	1	True	False	True
TRMO	ENSG00000136932.14	ENST00000375119.8	1	0	0	0	0	0	False	False	False
AP1S2	ENSG00000182287.15	ENST00000672987.1	2	1	0	0	0	1	True	False	True
C1orf109	ENSG00000116922.14	ENST00000358011.8	1	0	0	0	0	0	False	False	False
FBXL20	ENSG00000108306.13	ENST00000264658.11	1	0	0	0	0	0	False	False	False
IFT20	ENSG00000109083.13	ENST00000585313.5	1	2	0	0	0	2	True	False	True
INO80B-WBP1	ENSG00000274049.4	ENST00000452361.5	3	0	0	0	0	0	False	False	False
IRF2BP1	ENSG00000170604.5	ENST00000302165.5	1	0	0	0	0	0	False	False	False
KDM2B	ENSG00000089094.19	ENST00000377071.9	1	0	0	0	0	0	False	False	False
LRRC8C	ENSG00000171488.15	ENST00000370454.9	1	0	0	0	0	0	False	False	False
RPS6KC1	ENSG00000136643.12	ENST00000366960.8	1	0	0	0	0	0	False	False	False
STK19	ENSG00000204344.14	ENST00000375333.2	1	0	0	0	0	0	False	False	False
TRAIP	ENSG00000183763.9	ENST00000331456.7	1	0	0	0	0	0	False	False	False
BTBD2	ENSG00000133243.10	ENST00000255608.9	1	0	0	0	0	0	False	False	False
CCDC144A	ENSG00000170160.17	ENST00000399273.5	2	0	0	0	0	0	False	False	False
EIF4EBP1	ENSG00000187840.5	ENST00000338825.5	1	1	0	0	0	1	True	False	True
FAM217A	ENSG00000145975.15	ENST00000274673.8	1	0	0	0	1	1	False	False	True
MIPOL1	ENSG00000151338.18	ENST00000327441.11	1	0	0	0	0	0	False	False	False
MRPL54	ENSG00000183617.5	ENST00000330133.5	1	1	0	0	0	1	True	False	True
ZNF322	ENSG00000181315.11	ENST00000622479.4	2	0	0	0	0	0	False	False	False
AREL1	ENSG00000119682.17	ENST00000356357.9	1	0	0	0	0	0	False	False	False
CCDC97	ENSG00000142039.4	ENST00000269967.4	1	0	0	0	0	0	False	False	False
ENTPD4	ENSG00000197217.13	ENST00000358689.9	1	0	0	0	0	0	False	False	False
GCAT	ENSG00000100116.16	ENST00000248924.10	1	1	0	0	0	1	True	False	True
HIVEP1	ENSG00000095951.17	ENST00000379388.7	1	0	0	0	0	0	False	False	False
NSMCE3	ENSG00000185115.6	ENST00000332303.6	1	0	0	0	2	2	False	False	True
RAB29	ENSG00000117280.13	ENST00000367139.8	1	0	0	0	0	0	False	False	False
TMEM65	ENSG00000164983.7	ENST00000297632.7	1	0	0	0	0	0	False	False	False
TRAPPC6B	ENSG00000182400.15	ENST00000330149.10	1	0	0	0	0	0	False	False	False
VPS16	ENSG00000215305.10	ENST00000380445.8	1	0	0	0	0	0	False	False	False
XPA	ENSG00000136936.11	ENST00000375128.5	1	0	0	0	0	0	False	False	False
ARHGEF18	ENSG00000104880.18	ENST00000617428.3	1	0	0	0	0	0	False	False	False
BDKRB2	ENSG00000168398.6	ENST00000554311.1	2	0	0	0	0	0	False	False	False
C20orf27	ENSG00000101220.18	ENST00000399672.5	1	2	0	0	0	2	True	False	True
CCDC186	ENSG00000165813.20	ENST00000648613.1	1	0	0	0	0	0	False	False	False
LYRM4	ENSG00000214113.10	ENST00000330636.8	1	1	0	0	0	1	True	False	True
MCOLN1	ENSG00000090674.16	ENST00000264079.11	1	0	0	0	0	0	False	False	False
NDUFAF8	ENSG00000224877.4	ENST00000431388.3	1	1	0	0	0	1	True	False	True
NES	ENSG00000132688.11	ENST00000368223.4	1	0	0	0	0	0	False	False	False
NRSN2	ENSG00000125841.13	ENST00000382291.7	1	0	0	0	0	0	False	False	False
NT5C3B	ENSG00000141698.17	ENST00000435506.7	1	0	0	0	0	0	False	False	False
PPP1R18	ENSG00000146112.12	ENST00000615527.1	1	0	0	0	0	0	False	False	False
SAC3D1	ENSG00000168061.17	ENST00000531072.1	1	0	0	0	0	0	False	False	False
SPOCD1	ENSG00000134668.12	ENST00000533231.5	1	0	0	0	0	0	False	False	False
COL4A3	ENSG00000169031.20	ENST00000396578.8	1	0	0	0	0	0	False	False	False
LYN	ENSG00000254087.8	ENST00000519728.6	1	0	0	0	0	0	False	False	False
NHSL1	ENSG00000135540.11	ENST00000427025.6	1	0	0	0	0	0	False	False	False
NME3	ENSG00000103024.7	ENST00000219302.7	1	0	0	0	0	0	False	False	False
SMAD1	ENSG00000170365.10	ENST00000302085.9	1	0	0	0	0	0	False	False	False
TET1	ENSG00000138336.9	ENST00000373644.5	2	1	0	0	0	1	True	False	True
TSC22D2	ENSG00000196428.12	ENST00000361875.7	1	0	0	0	0	0	False	False	False
ZNF142	ENSG00000115568.15	ENST00000411696.6	1	0	0	0	0	0	False	False	False
ZNF331	ENSG00000130844.18	ENST00000253144.13	1	0	0	0	0	0	False	False	False
ABHD16A	ENSG00000204427.12	ENST00000395952.8	3	0	0	0	0	0	False	False	False
AKR1C4	ENSG00000198610.11	ENST00000380448.5	4	0	0	0	0	0	False	False	False
FBXO8	ENSG00000164117.14	ENST00000393674.7	1	0	0	0	0	0	False	False	False
GTF2H5	ENSG00000272047.3	ENST00000607778.2	1	0	0	0	0	0	False	False	False
GTF2IRD2B	ENSG00000174428.18	ENST00000651028.1	4	0	0	0	0	0	False	False	False
IKBKB	ENSG00000104365.15	ENST00000649612.2	1	0	0	0	0	0	False	False	False
MICALL1	ENSG00000100139.13	ENST00000215957.10	1	0	0	0	0	0	False	False	False
NR4A3	ENSG00000119508.18	ENST00000395097.7	1	0	0	0	0	0	False	False	False
SEPTIN8	ENSG00000164402.14	ENST00000378719.7	1	0	0	0	0	0	False	False	False
SLC18B1	ENSG00000146409.12	ENST00000275227.9	1	0	0	0	0	0	False	False	False
SLC7A2	ENSG00000003989.18	ENST00000494857.6	1	0	0	0	0	0	False	False	False
TMCO4	ENSG00000162542.13	ENST00000294543.10	1	0	0	0	0	0	False	False	False
XYLT2	ENSG00000015532.10	ENST00000017003.7	1	0	0	0	0	0	False	False	False
YRDC	ENSG00000196449.4	ENST00000373044.3	1	3	0	0	0	3	True	False	True
AL662899.3	ENSG00000204422.7	ENST00000461287.1	3	0	0	0	0	0	False	False	False
BTBD10	ENSG00000148925.10	ENST00000278174.9	1	2	0	0	0	2	True	False	True
CCDC32	ENSG00000128891.15	ENST00000358005.7	1	0	0	0	0	0	False	False	False
CDC42EP4	ENSG00000179604.10	ENST00000335793.4	1	0	0	0	0	0	False	False	False
CHCHD4	ENSG00000163528.13	ENST00000396914.4	1	4	0	0	0	4	True	False	True
ETAA1	ENSG00000143971.9	ENST00000272342.6	1	0	0	0	0	0	False	False	False
FKBP1C	ENSG00000198225.5	ENST00000370659.1	4	0	0	0	0	0	False	False	False
FRA10AC1	ENSG00000148690.12	ENST00000359204.5	1	0	0	0	0	0	False	False	False
GPANK1	ENSG00000204438.11	ENST00000375906.5	1	0	0	0	0	0	False	False	False
LZTS2	ENSG00000107816.17	ENST00000370220.1	1	0	0	0	0	0	False	False	False
PHC2	ENSG00000134686.18	ENST00000257118.5	1	0	0	0	0	0	False	False	False
RMC1	ENSG00000141452.10	ENST00000269221.8	1	0	0	0	0	0	False	False	False
SGK3	ENSG00000104205.16	ENST00000396596.2	2	0	0	0	0	0	False	False	False
ZNF721	ENSG00000182903.16	ENST00000511833.3	3	0	0	0	0	0	False	False	False
CDH11	ENSG00000140937.14	ENST00000268603.9	1	0	0	0	0	0	False	False	False
CXXC1	ENSG00000154832.15	ENST00000285106.10	1	0	0	0	0	0	False	False	False
MTFR1L	ENSG00000117640.18	ENST00000374301.7	1	0	0	0	0	0	False	False	False
MYO1D	ENSG00000176658.17	ENST00000318217.10	4	0	0	0	0	0	False	False	False
PIAS2	ENSG00000078043.16	ENST00000585916.6	1	1	0	0	0	1	True	False	True
PIGX	ENSG00000163964.16	ENST00000392391.7	1	0	0	0	0	0	False	False	False
POLG2	ENSG00000256525.8	ENST00000539111.7	1	0	0	0	0	0	False	False	False
RBMS2	ENSG00000076067.13	ENST00000262031.10	2	1	0	0	0	1	True	False	True
SLC35E3	ENSG00000175782.11	ENST00000398004.4	1	1	0	0	0	1	True	False	True
SNAI1	ENSG00000124216.4	ENST00000244050.3	1	0	0	0	0	0	False	False	False
SPSB1	ENSG00000171621.14	ENST00000328089.11	1	0	0	0	0	0	False	False	False
TMEM192	ENSG00000170088.14	ENST00000306480.11	1	0	0	0	0	0	False	False	False
TNFRSF21	ENSG00000146072.6	ENST00000296861.2	1	0	0	0	0	0	False	False	False
TTL	ENSG00000114999.8	ENST00000233336.7	1	0	0	0	0	0	False	False	False
C16orf70	ENSG00000125149.12	ENST00000219139.8	1	1	0	0	0	1	True	False	True
DCP1A	ENSG00000272886.6	ENST00000610213.6	1	0	0	0	0	0	False	False	False
STX7	ENSG00000079950.14	ENST00000367941.7	1	0	0	0	0	0	False	False	False
TGFBRAP1	ENSG00000135966.13	ENST00000393359.7	1	0	0	0	0	0	False	False	False
THAP11	ENSG00000168286.3	ENST00000303596.3	1	0	0	0	0	0	False	False	False
TINAGL1	ENSG00000142910.16	ENST00000271064.12	1	0	0	0	0	0	False	False	False
TLCD3A	ENSG00000167695.15	ENST00000308278.13	1	0	0	0	0	0	False	False	False
ZC3HAV1L	ENSG00000146858.8	ENST00000275766.2	1	0	0	0	0	0	False	False	False
ZDHHC7	ENSG00000153786.13	ENST00000313732.9	1	2	0	0	0	2	True	False	True
ZNF226	ENSG00000167380.16	ENST00000590089.5	1	0	0	0	0	0	False	False	False
ZNF512B	ENSG00000196700.9	ENST00000369888.6	1	0	0	0	0	0	False	False	False
ZNF791	ENSG00000173875.14	ENST00000343325.9	1	0	0	0	0	0	False	False	False
ACER3	ENSG00000078124.12	ENST00000532485.6	1	0	0	0	0	0	False	False	False
CST3	ENSG00000101439.9	ENST00000398411.5	1	0	0	0	0	0	False	False	False
CYB5A	ENSG00000166347.19	ENST00000340533.9	1	3	0	0	0	3	True	False	True
DPH7	ENSG00000148399.13	ENST00000277540.7	1	0	0	0	0	0	False	False	False
FSBP	ENSG00000265817.4	ENST00000481490.3	1	0	0	0	0	0	False	False	False
ISCU	ENSG00000136003.15	ENST00000311893.13	1	2	0	0	0	2	True	False	True
PCGF2	ENSG00000277258.5	ENST00000616199.4	1	0	0	0	0	0	False	False	False
PHF13	ENSG00000116273.6	ENST00000377648.5	1	0	0	0	0	0	False	False	False
PHKG2	ENSG00000156873.16	ENST00000563588.6	1	0	0	0	0	0	False	False	False
RNF7	ENSG00000114125.14	ENST00000273480.4	1	2	0	0	0	2	True	False	True
RPP25L	ENSG00000164967.10	ENST00000297613.4	1	0	0	0	0	0	False	False	False
ADRA1B	ENSG00000170214.5	ENST00000306675.5	2	0	0	0	0	0	False	False	False
C12orf65	ENSG00000130921.8	ENST00000366329.6	1	0	0	0	0	0	False	False	False
CASP4	ENSG00000196954.14	ENST00000444739.7	1	0	0	0	0	0	False	False	False
CCNG2	ENSG00000138764.15	ENST00000316355.10	1	1	0	0	0	1	True	False	True
CENPC	ENSG00000145241.11	ENST00000273853.11	1	0	0	0	0	0	False	False	False
DDR1	ENSG00000204580.13	ENST00000324771.12	1	0	0	0	0	0	False	False	False
EDEM2	ENSG00000088298.13	ENST00000374492.8	1	0	0	0	0	0	False	False	False
EXOG	ENSG00000157036.13	ENST00000287675.10	1	1	0	0	0	1	True	False	True
ARHGAP10	ENSG00000071205.12	ENST00000336498.8	1	0	0	0	0	0	False	False	False
BCL2L1	ENSG00000171552.13	ENST00000376062.6	1	0	0	0	0	0	False	False	False
GOLGA7	ENSG00000147533.17	ENST00000357743.9	1	1	0	0	0	1	True	False	True
MANEA	ENSG00000172469.16	ENST00000358812.9	1	0	0	0	0	0	False	False	False
OSTF1	ENSG00000134996.12	ENST00000346234.7	1	1	0	0	0	1	True	False	True
PCYT2	ENSG00000185813.11	ENST00000538936.7	1	0	0	0	0	0	False	False	False
PGS1	ENSG00000087157.19	ENST00000262764.11	1	0	0	0	0	0	False	False	False
PLLP	ENSG00000102934.10	ENST00000219207.10	1	1	0	0	0	1	True	False	True
SELENOM	ENSG00000198832.10	ENST00000402395.5	1	0	0	0	0	0	False	False	False
TMTC2	ENSG00000179104.9	ENST00000321196.8	1	0	0	0	0	0	False	False	False
TRAF4	ENSG00000076604.15	ENST00000262395.10	1	0	0	0	0	0	False	False	False
CCDC71	ENSG00000177352.10	ENST00000321895.7	1	0	0	0	0	0	False	False	False
FAM86C1	ENSG00000158483.16	ENST00000426628.6	4	0	0	0	0	0	False	False	False
HNRNPCL1	ENSG00000179172.10	ENST00000317869.7	4	0	0	0	0	0	False	False	False
KBTBD7	ENSG00000120696.9	ENST00000379483.4	1	0	0	0	0	0	False	False	False
MNS1	ENSG00000138587.6	ENST00000260453.4	1	0	0	0	0	0	False	False	False
NUDT4B	ENSG00000177144.7	ENST00000322209.4	4	0	0	0	0	0	False	False	False
SMYD2	ENSG00000143499.14	ENST00000366957.10	1	0	0	0	0	0	False	False	False
SP140L	ENSG00000185404.16	ENST00000415673.6	1	0	0	0	0	0	False	False	False
SPTSSA	ENSG00000165389.7	ENST00000298130.5	1	1	0	0	0	1	True	False	True
SSTR1	ENSG00000139874.6	ENST00000267377.3	1	0	0	0	0	0	False	False	False
TMEM205	ENSG00000105518.14	ENST00000354882.10	1	0	0	0	0	0	False	False	False
C1orf174	ENSG00000198912.11	ENST00000361605.4	1	0	0	0	0	0	False	False	False
H2AJ	ENSG00000246705.4	ENST00000544848.2	1	0	1	0	0	1	False	True	True
IFT88	ENSG00000032742.17	ENST00000351808.9	1	0	0	0	0	0	False	False	False
JARID2	ENSG00000008083.14	ENST00000341776.7	1	0	0	0	0	0	False	False	False
LAMTOR3	ENSG00000109270.13	ENST00000499666.7	1	3	0	0	0	3	True	False	True
MAPRE3	ENSG00000084764.12	ENST00000233121.7	1	0	0	0	0	0	False	False	False
MCTS2P	ENSG00000101898.6	ENST00000394552.3	1	0	0	0	0	0	False	False	False
MLH3	ENSG00000119684.15	ENST00000355774.6	1	0	0	0	0	0	False	False	False
PLA2R1	ENSG00000153246.13	ENST00000283243.13	1	0	0	0	0	0	False	False	False
RECK	ENSG00000122707.12	ENST00000377966.4	1	0	0	0	0	0	False	False	False
ST3GAL6	ENSG00000064225.12	ENST00000394162.5	1	0	0	0	0	0	False	False	False
ZNF701	ENSG00000167562.12	ENST00000540331.1	4	0	0	0	0	0	False	False	False
ARSJ	ENSG00000180801.14	ENST00000315366.8	1	0	0	0	0	0	False	False	False
EOLA1	ENSG00000197620.11	ENST00000441248.5	4	1	0	0	0	1	True	False	True
FSD1	ENSG00000105255.11	ENST00000221856.11	1	0	0	0	0	0	False	False	False
REL	ENSG00000162924.15	ENST00000295025.12	1	0	0	0	0	0	False	False	False
RPUSD2	ENSG00000166133.18	ENST00000315616.12	1	0	0	0	0	0	False	False	False
TBPL1	ENSG00000028839.10	ENST00000237264.9	1	1	0	0	0	1	True	False	True
ZSCAN5A	ENSG00000131848.9	ENST00000391713.5	2	0	0	0	0	0	False	False	False
ACAD11	ENSG00000240303.8	ENST00000264990.11	3	0	0	0	0	0	False	False	False
ADAL	ENSG00000168803.15	ENST00000562188.6	1	1	0	0	0	1	True	False	True
C18orf21	ENSG00000141428.17	ENST00000592875.6	1	2	0	0	0	2	True	False	True
CCNE1	ENSG00000105173.14	ENST00000262643.8	1	0	0	0	0	0	False	False	False
GXYLT1	ENSG00000151233.11	ENST00000398675.8	1	6	0	0	0	6	True	False	True
HRCT1	ENSG00000196196.3	ENST00000354323.3	1	0	0	0	0	0	False	False	False
PROCR	ENSG00000101000.6	ENST00000216968.5	1	0	0	0	0	0	False	False	False
PTBP2	ENSG00000117569.18	ENST00000426398.2	1	0	0	0	0	0	False	False	False
SLC25A25	ENSG00000148339.12	ENST00000373068.6	1	0	0	0	0	0	False	False	False
WDCP	ENSG00000163026.12	ENST00000295148.9	1	0	0	0	0	0	False	False	False
ALPP	ENSG00000163283.7	ENST00000392027.3	4	0	0	0	0	0	False	False	False
CCDC134	ENSG00000100147.13	ENST00000255784.5	1	0	0	0	0	0	False	False	False
CENPB	ENSG00000125817.8	ENST00000379751.5	1	0	0	0	0	0	False	False	False
FAM168B	ENSG00000152102.18	ENST00000389915.4	1	0	0	0	0	0	False	False	False
FAM92A	ENSG00000188343.13	ENST00000518322.6	2	0	0	0	0	0	False	False	False
HS3ST4	ENSG00000182601.7	ENST00000331351.6	2	0	0	0	0	0	False	False	False
MYO3B	ENSG00000071909.18	ENST00000408978.8	2	0	0	0	0	0	False	False	False
NUPR1	ENSG00000176046.9	ENST00000324873.8	1	0	0	0	0	0	False	False	False
RABL3	ENSG00000144840.10	ENST00000273375.8	1	0	0	0	0	0	False	False	False
RPS6KB2	ENSG00000175634.15	ENST00000312629.10	1	0	0	0	0	0	False	False	False
SLC25A38	ENSG00000144659.13	ENST00000650617.1	1	1	0	0	0	1	True	False	True
TAF11	ENSG00000064995.18	ENST00000361288.9	1	0	0	0	0	0	False	False	False
C1GALT1	ENSG00000106392.11	ENST00000436587.7	1	3	0	0	1	4	True	False	True
CNNM2	ENSG00000148842.18	ENST00000369878.9	1	0	0	0	0	0	False	False	False
NR3C2	ENSG00000151623.15	ENST00000358102.8	1	0	0	0	0	0	False	False	False
PRAF2	ENSG00000243279.4	ENST00000553851.3	3	0	0	0	0	0	False	False	False
RAP2B	ENSG00000181467.5	ENST00000323534.5	1	0	0	0	0	0	False	False	False
SPESP1	ENSG00000258484.4	ENST00000310673.4	2	0	0	0	0	0	False	False	False
SRSF8	ENSG00000263465.4	ENST00000587424.2	1	2	0	0	0	2	True	False	True
STK11IP	ENSG00000144589.22	ENST00000456909.6	1	0	0	0	0	0	False	False	False
CLP1	ENSG00000172409.6	ENST00000533682.2	1	0	0	0	0	0	False	False	False
PYGO2	ENSG00000163348.4	ENST00000368457.3	1	0	0	0	0	0	False	False	False
SGCZ	ENSG00000185053.14	ENST00000382080.6	2	0	0	0	0	0	False	False	False
SIPA1	ENSG00000213445.10	ENST00000394224.3	1	0	0	0	0	0	False	False	False
SLC35E1	ENSG00000127526.15	ENST00000595753.6	1	1	0	0	0	1	True	False	True
ARL8A	ENSG00000143862.8	ENST00000272217.7	1	0	0	0	0	0	False	False	False
DBF4B	ENSG00000161692.18	ENST00000315005.8	1	0	0	0	0	0	False	False	False
EPC2	ENSG00000135999.12	ENST00000258484.11	1	0	0	0	0	0	False	False	False
ERCC6L	ENSG00000186871.7	ENST00000334463.4	1	0	0	0	0	0	False	False	False
F8	ENSG00000185010.15	ENST00000360256.9	4	0	0	0	0	0	False	False	False
GTF2IRD2	ENSG00000196275.14	ENST00000651129.1	4	0	0	0	0	0	False	False	False
LMO7	ENSG00000136153.20	ENST00000377534.8	1	0	0	0	0	0	False	False	False
NR1D2	ENSG00000174738.13	ENST00000312521.9	1	0	0	0	0	0	False	False	False
PIGB	ENSG00000069943.10	ENST00000164305.10	1	0	0	0	0	0	False	False	False
PRKD2	ENSG00000105287.12	ENST00000433867.5	1	0	0	0	0	0	False	False	False
SETD9	ENSG00000155542.12	ENST00000285947.5	1	0	0	0	0	0	False	False	False
SMG9	ENSG00000105771.14	ENST00000270066.11	1	0	0	0	0	0	False	False	False
TBC1D9	ENSG00000109436.8	ENST00000442267.3	1	0	0	0	0	0	False	False	False
ZNF629	ENSG00000102870.6	ENST00000262525.6	1	0	0	0	0	0	False	False	False
ANKRD55	ENSG00000164512.18	ENST00000341048.9	4	0	0	0	0	0	False	False	False
C1orf131	ENSG00000143633.13	ENST00000366651.7	1	0	0	0	0	0	False	False	False
CSGALNACT2	ENSG00000169826.8	ENST00000374466.4	1	1	0	0	0	1	True	False	True
EXTL3	ENSG00000012232.9	ENST00000220562.9	1	0	0	0	0	0	False	False	False
LIG4	ENSG00000174405.13	ENST00000611712.4	1	0	0	0	0	0	False	False	False
MROH1	ENSG00000179832.17	ENST00000528919.5	1	0	0	0	0	0	False	False	False
OTUD7A	ENSG00000169918.9	ENST00000307050.5	2	0	0	0	0	0	False	False	False
PDSS1	ENSG00000148459.16	ENST00000376215.10	1	1	1	0	0	2	True	True	True
TCEANC2	ENSG00000116205.14	ENST00000234827.6	1	0	0	0	0	0	False	False	False
TMEM185A	ENSG00000269556.8	ENST00000600449.8	1	0	0	0	0	0	False	False	False
TMEM199	ENSG00000244045.13	ENST00000292114.8	1	0	0	0	0	0	False	False	False
TMEM44	ENSG00000145014.17	ENST00000347147.8	1	0	0	0	0	0	False	False	False
TRIOBP	ENSG00000100106.22	ENST00000403663.6	1	0	0	0	0	0	False	False	False
ABHD13	ENSG00000139826.6	ENST00000375898.4	1	0	0	0	0	0	False	False	False
AC084337.2	ENSG00000283977.1	ENST00000640959.1	3	0	0	0	0	0	False	False	False
AC093227.2	ENSG00000267552.6	ENST00000586606.6	4	0	0	0	0	0	False	False	False
ATF3	ENSG00000162772.17	ENST00000341491.9	1	0	0	0	0	0	False	False	False
C15orf39	ENSG00000167173.19	ENST00000360639.6	1	0	0	0	0	0	False	False	False
CBX2	ENSG00000173894.11	ENST00000310942.9	1	0	0	0	0	0	False	False	False
DHRS1	ENSG00000157379.14	ENST00000396813.5	1	0	0	0	0	0	False	False	False
GRPEL2	ENSG00000164284.15	ENST00000329271.8	1	3	0	0	0	3	True	False	True
MICAL1	ENSG00000135596.18	ENST00000358807.8	1	0	0	0	0	0	False	False	False
MKS1	ENSG00000011143.17	ENST00000393119.7	1	0	0	0	0	0	False	False	False
OXSM	ENSG00000151093.8	ENST00000280701.8	1	0	0	0	0	0	False	False	False
TYW3	ENSG00000162623.16	ENST00000370867.8	1	0	0	0	0	0	False	False	False
WRAP73	ENSG00000116213.16	ENST00000270708.12	1	0	0	0	0	0	False	False	False
YDJC	ENSG00000161179.14	ENST00000292778.11	1	0	0	0	0	0	False	False	False
CREBZF	ENSG00000137504.13	ENST00000527447.1	1	0	0	0	0	0	False	False	False
GPR161	ENSG00000143147.14	ENST00000367838.5	1	0	0	0	0	0	False	False	False
HPDL	ENSG00000186603.6	ENST00000334815.5	1	0	0	0	0	0	False	False	False
KIAA0556	ENSG00000047578.13	ENST00000261588.9	1	0	0	0	0	0	False	False	False
LDLRAD3	ENSG00000179241.13	ENST00000315571.6	1	0	0	0	0	0	False	False	False
RAP1GAP2	ENSG00000132359.15	ENST00000540393.6	1	0	0	0	0	0	False	False	False
S1PR3	ENSG00000213694.6	ENST00000375846.3	1	0	0	0	0	0	False	False	False
CHST11	ENSG00000171310.11	ENST00000303694.6	1	0	0	0	0	0	False	False	False
COLEC11	ENSG00000118004.18	ENST00000349077.9	4	0	0	0	0	0	False	False	False
FAM171B	ENSG00000144369.13	ENST00000304698.10	1	0	0	0	0	0	False	False	False
HSPA14	ENSG00000284024.2	ENST00000437161.7	3	0	0	0	0	0	False	False	False
KLF7	ENSG00000118263.15	ENST00000309446.11	1	0	0	0	0	0	False	False	False
MAP3K1	ENSG00000095015.6	ENST00000399503.4	1	0	0	0	0	0	False	False	False
MTMR9	ENSG00000104643.10	ENST00000221086.8	1	1	0	0	0	1	True	False	True
OR7C1	ENSG00000127530.4	ENST00000642030.1	2	0	1	0	0	1	False	True	True
POFUT2	ENSG00000186866.16	ENST00000349485.9	1	0	0	0	0	0	False	False	False
SEC61A2	ENSG00000065665.21	ENST00000298428.14	1	0	0	0	0	0	False	False	False
SLC25A15	ENSG00000102743.15	ENST00000338625.9	1	0	0	0	0	0	False	False	False
TRIM65	ENSG00000141569.12	ENST00000269383.8	1	0	0	0	0	0	False	False	False
ZYG11A	ENSG00000203995.10	ENST00000371528.2	1	1	0	0	0	1	True	False	True
ESRRA	ENSG00000173153.16	ENST00000405666.5	1	1	1	0	0	2	True	True	True
GINS3	ENSG00000181938.14	ENST00000318129.6	1	0	0	0	0	0	False	False	False
HR	ENSG00000168453.15	ENST00000381418.9	1	0	0	0	0	0	False	False	False
IL15	ENSG00000164136.17	ENST00000296545.11	1	0	0	0	0	0	False	False	False
MAP2	ENSG00000078018.20	ENST00000673860.1	1	0	0	0	0	0	False	False	False
NUDT12	ENSG00000112874.10	ENST00000230792.7	1	0	0	0	0	0	False	False	False
TOM1L2	ENSG00000175662.17	ENST00000379504.7	1	0	0	0	0	0	False	False	False
TRPM3	ENSG00000083067.22	ENST00000377110.7	2	0	0	0	0	0	False	False	False
ARHGAP45	ENSG00000180448.10	ENST00000313093.6	1	0	0	0	0	0	False	False	False
C1orf52	ENSG00000162642.14	ENST00000471115.6	1	0	0	0	0	0	False	False	False
FOXN2	ENSG00000170802.16	ENST00000340553.8	1	0	0	0	0	0	False	False	False
HPSE	ENSG00000173083.15	ENST00000405413.6	1	0	0	0	0	0	False	False	False
IFFO2	ENSG00000169991.11	ENST00000455833.7	1	0	0	0	0	0	False	False	False
KLF13	ENSG00000169926.11	ENST00000307145.4	1	0	0	0	0	0	False	False	False
MAU2	ENSG00000129933.21	ENST00000262815.13	1	0	0	0	0	0	False	False	False
PATZ1	ENSG00000100105.18	ENST00000266269.10	1	0	0	0	0	0	False	False	False
PHYH	ENSG00000107537.14	ENST00000263038.9	1	0	0	0	0	0	False	False	False
PKP3	ENSG00000184363.10	ENST00000331563.7	1	0	0	0	0	0	False	False	False
TBCC	ENSG00000124659.7	ENST00000372876.2	1	0	0	0	0	0	False	False	False
BCL7B	ENSG00000106635.8	ENST00000223368.7	1	0	0	0	0	0	False	False	False
FAM189B	ENSG00000160767.21	ENST00000361361.7	1	0	0	0	0	0	False	False	False
GPATCH11	ENSG00000152133.15	ENST00000674370.1	1	1	0	0	0	1	True	False	True
HSCB	ENSG00000100209.11	ENST00000216027.8	1	0	0	0	0	0	False	False	False
SLC25A16	ENSG00000122912.15	ENST00000609923.6	1	1	0	0	0	1	True	False	True
SUPT3H	ENSG00000196284.17	ENST00000371459.6	1	0	0	0	0	0	False	False	False
TTPAL	ENSG00000124120.11	ENST00000372904.7	1	0	0	0	0	0	False	False	False
MTCL1	ENSG00000168502.17	ENST00000306329.15	1	1	0	0	0	1	True	False	True
TAB1	ENSG00000100324.14	ENST00000216160.11	1	0	0	0	0	0	False	False	False
DCAKD	ENSG00000172992.12	ENST00000651974.1	1	0	0	0	0	0	False	False	False
EYA1	ENSG00000104313.20	ENST00000645793.1	1	0	0	0	0	0	False	False	False
MTRNR2L11	ENSG00000270188.1	ENST00000604646.1	4	0	0	0	0	0	False	False	False
OSGEPL1	ENSG00000128694.12	ENST00000264151.10	1	0	0	0	0	0	False	False	False
PTGS2	ENSG00000073756.12	ENST00000367468.10	1	0	0	0	0	0	False	False	False
THRA	ENSG00000126351.13	ENST00000450525.7	1	0	0	0	0	0	False	False	False
TIGD2	ENSG00000180346.3	ENST00000603357.2	1	0	0	0	0	0	False	False	False
ZNF90	ENSG00000213988.11	ENST00000418063.3	2	0	1	0	0	1	False	True	True
ATP23	ENSG00000166896.9	ENST00000300145.4	3	0	0	0	0	0	False	False	False
C11orf80	ENSG00000173715.17	ENST00000525908.6	1	0	0	0	0	0	False	False	False
CABLES1	ENSG00000134508.12	ENST00000256925.11	1	0	0	0	0	0	False	False	False
E2F6	ENSG00000169016.17	ENST00000381525.8	2	4	0	0	0	4	True	False	True
EYA3	ENSG00000158161.16	ENST00000373871.8	1	0	0	0	0	0	False	False	False
GSTT2B	ENSG00000133433.10	ENST00000290765.8	2	0	0	0	0	0	False	False	False
GUF1	ENSG00000151806.14	ENST00000281543.6	1	0	0	0	0	0	False	False	False
KIAA2012	ENSG00000182329.14	ENST00000498697.3	4	0	0	0	0	0	False	False	False
NR1H2	ENSG00000131408.15	ENST00000652203.1	1	0	0	0	0	0	False	False	False
OST4	ENSG00000228474.6	ENST00000429985.1	1	0	0	0	0	0	False	False	False
RIOX1	ENSG00000170468.8	ENST00000304061.8	1	0	0	0	0	0	False	False	False
RNF138	ENSG00000134758.14	ENST00000261593.8	1	2	0	0	0	2	True	False	True
SLC35A2	ENSG00000102100.16	ENST00000247138.11	1	0	0	0	0	0	False	False	False
STYX	ENSG00000198252.12	ENST00000354586.5	1	0	0	0	0	0	False	False	False
TSC22D3	ENSG00000157514.16	ENST00000372383.8	1	1	0	0	0	1	True	False	True
TTLL4	ENSG00000135912.11	ENST00000392102.6	1	0	0	0	0	0	False	False	False
C4orf3	ENSG00000164096.13	ENST00000504110.2	1	1	0	0	0	1	True	False	True
CFD	ENSG00000197766.8	ENST00000327726.11	1	0	0	0	0	0	False	False	False
COPS9	ENSG00000172428.11	ENST00000607357.2	1	1	0	0	0	1	True	False	True
CRAT	ENSG00000095321.17	ENST00000318080.7	1	0	0	0	0	0	False	False	False
FAAP20	ENSG00000162585.17	ENST00000378546.9	1	0	0	0	0	0	False	False	False
N4BP2	ENSG00000078177.14	ENST00000261435.11	1	2	0	0	0	2	True	False	True
PROSER1	ENSG00000120685.20	ENST00000352251.8	1	0	0	0	0	0	False	False	False
PUSL1	ENSG00000169972.12	ENST00000379031.10	1	0	0	0	0	0	False	False	False
SYDE2	ENSG00000097096.9	ENST00000341460.6	1	0	0	0	0	0	False	False	False
TAS2R14	ENSG00000212127.6	ENST00000537503.2	1	0	0	0	0	0	False	False	False
TENT4B	ENSG00000121274.13	ENST00000561678.6	1	0	0	0	0	0	False	False	False
TNC	ENSG00000041982.16	ENST00000350763.9	1	0	0	0	0	0	False	False	False
ZGPAT	ENSG00000197114.11	ENST00000369967.7	1	0	0	0	0	0	False	False	False
CLIC3	ENSG00000169583.13	ENST00000494426.2	1	0	0	0	0	0	False	False	False
DGAT1	ENSG00000185000.12	ENST00000528718.6	1	0	0	0	0	0	False	False	False
FAM160A1	ENSG00000164142.16	ENST00000435205.6	1	0	0	0	0	0	False	False	False
MSANTD4	ENSG00000170903.11	ENST00000301919.9	1	0	0	0	0	0	False	False	False
NBEA	ENSG00000172915.18	ENST00000400445.7	1	0	0	0	0	0	False	False	False
NLRC5	ENSG00000140853.15	ENST00000262510.10	1	0	0	0	0	0	False	False	False
R3HDM4	ENSG00000198858.10	ENST00000361574.10	1	0	0	0	0	0	False	False	False
REX1BD	ENSG00000006015.17	ENST00000450195.6	1	0	0	0	0	0	False	False	False
THUMPD2	ENSG00000138050.15	ENST00000505747.6	1	0	0	0	0	0	False	False	False
VOPP1	ENSG00000154978.13	ENST00000285279.10	2	0	0	0	0	0	False	False	False
AL033529.1	ENSG00000254553.1	ENST00000480336.1	3	0	0	0	0	0	False	False	False
BTN3A3	ENSG00000111801.16	ENST00000244519.7	1	0	0	0	0	0	False	False	False
C9orf116	ENSG00000160345.13	ENST00000429260.7	1	0	0	0	0	0	False	False	False
CCNB1IP1	ENSG00000100814.18	ENST00000437553.6	1	3	0	0	0	3	True	False	True
CNTRL	ENSG00000119397.16	ENST00000373855.5	1	0	0	0	0	0	False	False	False
LPIN1	ENSG00000134324.12	ENST00000256720.6	1	0	0	0	0	0	False	False	False
MLKL	ENSG00000168404.13	ENST00000308807.12	1	0	0	0	0	0	False	False	False
MPST	ENSG00000128309.16	ENST00000397225.2	1	0	0	0	0	0	False	False	False
PTGR2	ENSG00000140043.11	ENST00000555661.5	3	0	0	0	0	0	False	False	False
SEPHS2	ENSG00000179918.19	ENST00000478753.5	1	0	0	0	0	0	False	False	False
TET2	ENSG00000168769.13	ENST00000540549.5	1	0	0	0	0	0	False	False	False
TMEM230	ENSG00000089063.15	ENST00000379286.6	2	6	0	0	0	6	True	False	True
TMEM68	ENSG00000167904.15	ENST00000434581.7	1	1	0	0	0	1	True	False	True
TSEN2	ENSG00000154743.18	ENST00000284995.11	1	1	0	0	0	1	True	False	True
UBE2G2	ENSG00000184787.19	ENST00000345496.7	1	0	0	0	0	0	False	False	False
ZSWIM1	ENSG00000168612.4	ENST00000372523.1	1	0	0	0	0	0	False	False	False
BEND6	ENSG00000151917.18	ENST00000370746.8	2	0	0	0	0	0	False	False	False
HSF5	ENSG00000176160.11	ENST00000323777.8	4	0	0	0	0	0	False	False	False
RAP1GAP	ENSG00000076864.19	ENST00000495204.5	1	0	0	0	0	0	False	False	False
SIRT2	ENSG00000068903.20	ENST00000249396.12	1	0	0	0	0	0	False	False	False
SNAPIN	ENSG00000143553.11	ENST00000368685.6	1	0	0	0	0	0	False	False	False
ADAMTS13	ENSG00000160323.18	ENST00000355699.6	1	0	0	0	0	0	False	False	False
CEP89	ENSG00000121289.18	ENST00000305768.10	1	0	0	0	0	0	False	False	False
DNASE1L1	ENSG00000013563.14	ENST00000369809.5	1	0	0	0	0	0	False	False	False
ERG	ENSG00000157554.19	ENST00000417133.6	1	0	0	0	0	0	False	False	False
KANK4	ENSG00000132854.19	ENST00000371153.9	1	0	0	0	0	0	False	False	False
LDAH	ENSG00000118961.15	ENST00000237822.8	1	0	0	0	0	0	False	False	False
NR2F6	ENSG00000160113.5	ENST00000291442.3	1	0	0	0	0	0	False	False	False
POC5	ENSG00000152359.15	ENST00000428202.7	1	0	0	0	0	0	False	False	False
SETD6	ENSG00000103037.12	ENST00000310682.6	1	1	0	0	0	1	True	False	True
SMIM10L1	ENSG00000256537.5	ENST00000622602.2	1	0	0	0	0	0	False	False	False
TBCK	ENSG00000145348.17	ENST00000394708.7	1	0	0	0	0	0	False	False	False
TEDC1	ENSG00000185347.17	ENST00000392523.8	1	0	0	0	0	0	False	False	False
AARS2	ENSG00000124608.5	ENST00000244571.5	1	0	0	0	0	0	False	False	False
BACE1	ENSG00000186318.16	ENST00000313005.10	1	0	0	0	0	0	False	False	False
FRMD8	ENSG00000126391.14	ENST00000317568.10	1	1	0	0	0	1	True	False	True
MAN2B2	ENSG00000013288.9	ENST00000285599.8	1	0	0	0	0	0	False	False	False
PIM1	ENSG00000137193.14	ENST00000373509.6	1	0	0	0	0	0	False	False	False
PYM1	ENSG00000170473.17	ENST00000398213.4	1	0	0	0	0	0	False	False	False
RNF113A	ENSG00000125352.6	ENST00000371442.4	1	0	0	0	0	0	False	False	False
SCAPER	ENSG00000140386.13	ENST00000563290.6	1	0	0	0	0	0	False	False	False
SETD1A	ENSG00000099381.18	ENST00000262519.14	1	0	0	0	0	0	False	False	False
SMYD4	ENSG00000186532.12	ENST00000305513.12	1	0	0	0	0	0	False	False	False
SYNJ1	ENSG00000159082.18	ENST00000433931.7	1	0	0	0	0	0	False	False	False
TIMM8A	ENSG00000126953.8	ENST00000372902.4	2	1	0	0	0	1	True	False	True
VWA5A	ENSG00000110002.16	ENST00000456829.7	1	0	0	0	0	0	False	False	False
ZSCAN31	ENSG00000235109.7	ENST00000414429.5	1	0	0	0	0	0	False	False	False
CCNL2	ENSG00000221978.12	ENST00000400809.8	1	1	0	0	0	1	True	False	True
EIF2AK3	ENSG00000172071.14	ENST00000303236.9	1	0	0	0	0	0	False	False	False
JRKL	ENSG00000183340.7	ENST00000332349.5	1	0	0	0	0	0	False	False	False
KIN	ENSG00000151657.12	ENST00000379562.9	1	0	0	0	0	0	False	False	False
PTAR1	ENSG00000188647.13	ENST00000340434.5	1	0	0	0	0	0	False	False	False
RHOG	ENSG00000177105.10	ENST00000351018.5	1	3	0	0	0	3	True	False	True
SLC51A	ENSG00000163959.10	ENST00000296327.10	1	0	0	0	0	0	False	False	False
STK10	ENSG00000072786.13	ENST00000176763.10	1	0	0	0	0	0	False	False	False
TBC1D2B	ENSG00000167202.11	ENST00000300584.7	1	0	0	0	0	0	False	False	False
AC011005.1	ENSG00000230626.4	ENST00000467614.2	4	0	0	0	0	0	False	False	False
ALG1L2	ENSG00000251287.8	ENST00000425059.1	4	0	0	0	0	0	False	False	False
COX14	ENSG00000178449.9	ENST00000317943.6	1	0	0	0	0	0	False	False	False
FAM174C	ENSG00000228300.14	ENST00000409293.6	1	0	0	0	0	0	False	False	False
KLHDC4	ENSG00000104731.14	ENST00000270583.10	1	1	0	0	0	1	True	False	True
PLEKHG2	ENSG00000090924.15	ENST00000425673.6	1	0	0	0	0	0	False	False	False
PLGRKT	ENSG00000107020.10	ENST00000223864.7	1	0	0	0	0	0	False	False	False
ZDBF2	ENSG00000204186.10	ENST00000649650.1	1	0	0	0	0	0	False	False	False
AGMAT	ENSG00000116771.6	ENST00000375826.4	1	0	0	0	0	0	False	False	False
ANKRD46	ENSG00000186106.11	ENST00000520311.5	1	0	0	0	0	0	False	False	False
BOLA1	ENSG00000178096.9	ENST00000369153.2	1	0	0	0	0	0	False	False	False
C18orf54	ENSG00000166845.15	ENST00000620105.5	1	0	0	0	0	0	False	False	False
KIAA1841	ENSG00000162929.14	ENST00000402291.6	1	0	0	0	0	0	False	False	False
TMEM107	ENSG00000179029.15	ENST00000437139.7	1	0	0	0	0	0	False	False	False
UPP1	ENSG00000183696.14	ENST00000331803.8	1	0	0	0	0	0	False	False	False
ZNF431	ENSG00000196705.8	ENST00000311048.11	4	0	0	0	0	0	False	False	False
ZNF775	ENSG00000196456.13	ENST00000329630.10	1	0	0	0	0	0	False	False	False
BBS1	ENSG00000174483.20	ENST00000318312.12	3	0	0	0	0	0	False	False	False
CCNT2	ENSG00000082258.13	ENST00000264157.10	1	1	0	0	0	1	True	False	True
GPRIN1	ENSG00000169258.7	ENST00000303991.5	1	0	0	0	0	0	False	False	False
IGHMBP2	ENSG00000132740.9	ENST00000255078.8	1	0	0	0	0	0	False	False	False
KIAA1191	ENSG00000122203.15	ENST00000298569.9	1	6	0	0	0	6	True	False	True
LIAS	ENSG00000121897.15	ENST00000640888.2	1	0	0	0	0	0	False	False	False
RHNO1	ENSG00000171792.11	ENST00000618250.4	1	0	0	0	0	0	False	False	False
SH3KBP1	ENSG00000147010.18	ENST00000397821.8	1	0	0	0	0	0	False	False	False
TAF6L	ENSG00000162227.8	ENST00000294168.8	1	0	0	0	0	0	False	False	False
AC027796.3	ENSG00000262304.2	ENST00000572919.1	3	0	0	0	0	0	False	False	False
ICAM1	ENSG00000090339.9	ENST00000264832.8	1	0	0	0	0	0	False	False	False
KIF26A	ENSG00000066735.14	ENST00000423312.6	1	0	0	0	0	0	False	False	False
LSM6	ENSG00000164167.12	ENST00000296581.11	1	2	0	0	1	3	True	False	True
MAGEA12	ENSG00000213401.10	ENST00000393869.8	4	0	1	0	0	1	False	True	True
MEGF8	ENSG00000105429.13	ENST00000251268.11	1	0	0	0	0	0	False	False	False
PEX26	ENSG00000215193.13	ENST00000399744.8	1	0	0	0	0	0	False	False	False
PFKFB3	ENSG00000170525.21	ENST00000379775.9	1	0	0	0	0	0	False	False	False
SPATA20	ENSG00000006282.21	ENST00000634597.1	1	1	0	0	0	1	True	False	True
TONSL	ENSG00000160949.17	ENST00000409379.8	1	0	0	0	0	0	False	False	False
WIPF2	ENSG00000171475.14	ENST00000323571.9	1	0	0	0	0	0	False	False	False
ZNF627	ENSG00000198551.10	ENST00000361113.10	1	0	0	0	0	0	False	False	False
AC068946.1	ENSG00000280537.2	ENST00000318673.6	3	0	0	0	0	0	False	False	False
ASB7	ENSG00000183475.13	ENST00000332783.12	1	0	0	0	0	0	False	False	False
BMPER	ENSG00000164619.10	ENST00000649409.2	1	0	0	0	0	0	False	False	False
CAMK1	ENSG00000134072.11	ENST00000256460.8	1	0	0	0	0	0	False	False	False
CIPC	ENSG00000198894.8	ENST00000361786.7	1	0	0	0	0	0	False	False	False
MAP2K6	ENSG00000108984.15	ENST00000590474.7	1	0	0	0	0	0	False	False	False
MORN2	ENSG00000188010.14	ENST00000410014.5	1	0	0	0	0	0	False	False	False
NHEJ1	ENSG00000187736.12	ENST00000356853.9	3	0	0	0	0	0	False	False	False
NPEPL1	ENSG00000215440.12	ENST00000356091.11	3	0	0	0	0	0	False	False	False
RNF19B	ENSG00000116514.16	ENST00000373456.11	1	4	0	0	0	4	True	False	True
SPR	ENSG00000116096.6	ENST00000234454.6	1	1	0	0	0	1	True	False	True
STXBP2	ENSG00000076944.16	ENST00000221283.10	1	0	0	0	0	0	False	False	False
ARID4A	ENSG00000032219.19	ENST00000355431.8	1	0	0	0	0	0	False	False	False
CCN3	ENSG00000136999.5	ENST00000259526.4	1	0	0	0	0	0	False	False	False
CD80	ENSG00000121594.12	ENST00000264246.8	2	0	0	0	0	0	False	False	False
CIAO2B	ENSG00000166595.12	ENST00000422424.7	1	0	0	0	0	0	False	False	False
CUEDC1	ENSG00000180891.13	ENST00000577830.6	1	0	0	0	0	0	False	False	False
FAM122B	ENSG00000156504.16	ENST00000493333.5	1	0	0	0	0	0	False	False	False
FEM1A	ENSG00000141965.5	ENST00000269856.5	1	4	0	0	0	4	True	False	True
LDLRAD4	ENSG00000168675.18	ENST00000359446.9	1	0	0	0	0	0	False	False	False
PDE11A	ENSG00000284741.1	ENST00000358450.8	2	0	0	0	0	0	False	False	False
PHKA2	ENSG00000044446.12	ENST00000379942.5	1	0	0	0	0	0	False	False	False
BIVM	ENSG00000134897.14	ENST00000257336.6	3	0	0	0	0	0	False	False	False
C2orf49	ENSG00000135974.10	ENST00000258457.7	1	0	0	0	0	0	False	False	False
C4orf46	ENSG00000205208.5	ENST00000379205.5	1	2	0	0	0	2	True	False	True
CHCHD10	ENSG00000250479.9	ENST00000484558.3	1	1	0	0	1	2	True	False	True
CTHRC1	ENSG00000164932.13	ENST00000330295.10	1	1	0	0	0	1	True	False	True
DNAH14	ENSG00000185842.15	ENST00000430092.5	1	0	0	0	0	0	False	False	False
DNAJC18	ENSG00000170464.10	ENST00000302060.10	1	0	0	0	0	0	False	False	False
F2R	ENSG00000181104.7	ENST00000319211.5	1	0	0	0	0	0	False	False	False
FAM160B1	ENSG00000151553.15	ENST00000369248.9	1	0	0	0	0	0	False	False	False
HMX3	ENSG00000188620.11	ENST00000357878.7	1	0	0	0	0	0	False	False	False
PLIN2	ENSG00000147872.10	ENST00000276914.7	1	1	0	0	0	1	True	False	True
RAB24	ENSG00000169228.14	ENST00000303251.11	1	0	0	0	0	0	False	False	False
RPUSD1	ENSG00000007376.8	ENST00000561734.5	1	0	0	0	0	0	False	False	False
RTL8B	ENSG00000212747.5	ENST00000391440.3	4	0	0	0	0	0	False	False	False
RUSC1	ENSG00000160753.16	ENST00000368352.10	1	0	0	0	0	0	False	False	False
SCML2	ENSG00000102098.19	ENST00000251900.9	1	2	0	0	0	2	True	False	True
SLC25A43	ENSG00000077713.19	ENST00000217909.8	1	1	0	0	0	1	True	False	True
ZC3H8	ENSG00000144161.13	ENST00000409573.7	1	0	0	0	0	0	False	False	False
ZNF585A	ENSG00000196967.11	ENST00000292841.10	3	0	0	0	0	0	False	False	False
ABHD17B	ENSG00000107362.13	ENST00000333421.6	1	0	0	0	0	0	False	False	False
ARHGAP12	ENSG00000165322.18	ENST00000375250.9	1	0	0	0	0	0	False	False	False
ASIC1	ENSG00000110881.12	ENST00000447966.7	1	0	0	0	0	0	False	False	False
BMX	ENSG00000102010.15	ENST00000357607.6	1	0	0	0	0	0	False	False	False
COX10	ENSG00000006695.12	ENST00000261643.8	1	1	0	0	0	1	True	False	True
GPCPD1	ENSG00000125772.14	ENST00000379019.7	2	0	1	0	0	1	False	True	True
ID1	ENSG00000125968.9	ENST00000376112.4	1	0	0	0	0	0	False	False	False
PFKFB2	ENSG00000123836.15	ENST00000367079.3	1	0	0	0	0	0	False	False	False
RCAN1	ENSG00000159200.18	ENST00000381132.6	1	0	0	0	0	0	False	False	False
RNF5	ENSG00000204308.8	ENST00000375094.4	2	1	0	0	0	1	True	False	True
TESC	ENSG00000088992.18	ENST00000335209.12	1	0	0	0	0	0	False	False	False
AGAP3	ENSG00000133612.19	ENST00000397238.7	1	0	0	0	0	0	False	False	False
DHTKD1	ENSG00000181192.12	ENST00000263035.9	1	0	0	0	0	0	False	False	False
HAUS8	ENSG00000131351.15	ENST00000253669.10	1	1	0	0	0	1	True	False	True
HOXA11	ENSG00000005073.6	ENST00000006015.4	1	0	0	0	0	0	False	False	False
NRBP2	ENSG00000185189.18	ENST00000442628.7	1	0	0	0	0	0	False	False	False
RANGRF	ENSG00000108961.14	ENST00000226105.11	1	0	0	0	0	0	False	False	False
TRMT2B	ENSG00000188917.15	ENST00000372936.4	1	1	0	0	0	1	True	False	True
ZNF320	ENSG00000182986.14	ENST00000595635.5	4	0	0	0	0	0	False	False	False
ZNF496	ENSG00000162714.12	ENST00000294753.8	1	0	0	0	0	0	False	False	False
AC092042.3	ENSG00000273291.5	ENST00000443313.5	4	0	0	0	0	0	False	False	False
BFSP1	ENSG00000125864.14	ENST00000377873.8	4	0	0	0	0	0	False	False	False
CNPY4	ENSG00000166997.8	ENST00000262932.5	1	0	0	0	0	0	False	False	False
EEFSEC	ENSG00000132394.11	ENST00000254730.11	1	0	0	0	0	0	False	False	False
EGLN1	ENSG00000135766.9	ENST00000366641.4	1	0	1	0	0	1	False	True	True
GMEB1	ENSG00000162419.12	ENST00000373816.5	1	0	0	0	0	0	False	False	False
KIF24	ENSG00000186638.16	ENST00000402558.6	1	0	0	0	0	0	False	False	False
NBPF12	ENSG00000268043.7	ENST00000617931.4	4	0	0	0	0	0	False	False	False
PDE11A	ENSG00000128655.18	ENST00000286063.11	2	0	0	0	0	0	False	False	False
RNF103	ENSG00000239305.7	ENST00000237455.5	1	0	0	0	0	0	False	False	False
SLC10A3	ENSG00000126903.16	ENST00000393586.1	1	0	0	0	0	0	False	False	False
SULT1A3	ENSG00000261052.6	ENST00000338971.10	4	0	0	0	0	0	False	False	False
TBCCD1	ENSG00000113838.13	ENST00000424280.5	1	1	0	0	0	1	True	False	True
TBXA2R	ENSG00000006638.13	ENST00000375190.10	1	0	0	0	0	0	False	False	False
TJAP1	ENSG00000137221.14	ENST00000372445.9	1	1	0	0	0	1	True	False	True
UBXN8	ENSG00000104691.15	ENST00000265616.10	1	0	0	0	1	1	False	False	True
ZFYVE19	ENSG00000166140.17	ENST00000355341.8	1	0	0	0	0	0	False	False	False
AC244197.3	ENSG00000241489.8	ENST00000651111.1	3	0	0	0	0	0	False	False	False
ATXN3	ENSG00000066427.24	ENST00000644486.2	1	2	0	0	0	2	True	False	True
CTH	ENSG00000116761.12	ENST00000370938.8	1	0	0	0	0	0	False	False	False
LENG8	ENSG00000167615.16	ENST00000326764.9	1	0	0	0	0	0	False	False	False
MED20	ENSG00000124641.16	ENST00000265350.9	1	0	0	0	0	0	False	False	False
RBM48	ENSG00000127993.16	ENST00000265732.10	1	1	0	0	0	1	True	False	True
SDHAF3	ENSG00000196636.8	ENST00000432641.3	1	1	0	0	0	1	True	False	True
USH1C	ENSG00000006611.16	ENST00000318024.8	1	0	0	0	0	0	False	False	False
ZNF263	ENSG00000006194.10	ENST00000219069.6	1	0	0	0	0	0	False	False	False
ALDOC	ENSG00000109107.14	ENST00000395321.6	1	0	0	0	0	0	False	False	False
CYBC1	ENSG00000178927.18	ENST00000437807.6	1	0	0	0	0	0	False	False	False
DCP1B	ENSG00000151065.14	ENST00000280665.11	1	0	0	0	0	0	False	False	False
DSC3	ENSG00000134762.17	ENST00000360428.9	1	0	0	0	0	0	False	False	False
INO80C	ENSG00000153391.15	ENST00000334598.11	1	0	0	0	0	0	False	False	False
KLHL42	ENSG00000087448.11	ENST00000381271.7	1	0	0	0	0	0	False	False	False
NAAA	ENSG00000138744.16	ENST00000286733.9	1	0	0	0	0	0	False	False	False
SHCBP1L	ENSG00000157060.16	ENST00000367547.8	2	0	0	0	0	0	False	False	False
SLC6A9	ENSG00000196517.13	ENST00000357730.6	1	0	0	0	0	0	False	False	False
TMCC1	ENSG00000172765.17	ENST00000393238.7	1	1	0	0	1	2	True	False	True
ADAMTS15	ENSG00000166106.3	ENST00000299164.3	1	0	0	0	0	0	False	False	False
C6orf62	ENSG00000112308.13	ENST00000378119.9	3	0	0	0	0	0	False	False	False
DOP1A	ENSG00000083097.14	ENST00000349129.6	1	0	0	0	0	0	False	False	False
FAM118A	ENSG00000100376.12	ENST00000216214.7	1	0	0	0	0	0	False	False	False
HGH1	ENSG00000235173.7	ENST00000347708.5	1	0	0	0	0	0	False	False	False
HYAL3	ENSG00000186792.17	ENST00000336307.6	1	0	0	0	0	0	False	False	False
KLHL26	ENSG00000167487.12	ENST00000300976.9	1	0	0	0	0	0	False	False	False
SH3BP5L	ENSG00000175137.11	ENST00000366472.6	1	0	0	0	0	0	False	False	False
SHPK	ENSG00000197417.9	ENST00000225519.5	3	0	0	0	0	0	False	False	False
TEX2	ENSG00000136478.7	ENST00000583097.5	1	0	0	0	0	0	False	False	False
ZBTB24	ENSG00000112365.5	ENST00000230122.4	1	0	0	0	0	0	False	False	False
ZC3H3	ENSG00000014164.7	ENST00000262577.6	1	0	0	0	0	0	False	False	False
ACTR5	ENSG00000101442.10	ENST00000243903.6	1	0	0	0	0	0	False	False	False
BOD1	ENSG00000145919.11	ENST00000311086.9	1	2	0	0	0	2	True	False	True
BOLA3	ENSG00000163170.12	ENST00000327428.10	1	4	0	0	0	4	True	False	True
EXD2	ENSG00000081177.18	ENST00000312994.9	1	0	0	0	0	0	False	False	False
RBM41	ENSG00000089682.16	ENST00000372479.7	1	0	0	0	0	0	False	False	False
SFI1	ENSG00000198089.16	ENST00000432498.5	1	0	0	0	0	0	False	False	False
SLC37A3	ENSG00000157800.18	ENST00000326232.14	1	0	0	0	0	0	False	False	False
AC007998.2	ENSG00000267140.1	ENST00000589258.1	1	0	0	0	0	0	False	False	False
ARFRP1	ENSG00000101246.20	ENST00000622789.5	1	0	0	0	0	0	False	False	False
ARMCX5-GPRASP2	ENSG00000286237.1	ENST00000652409.1	1	0	0	0	0	0	False	False	False
FAM241A	ENSG00000174749.6	ENST00000309733.6	1	0	0	0	0	0	False	False	False
FGFRL1	ENSG00000127418.15	ENST00000398484.6	1	0	0	0	0	0	False	False	False
FILIP1	ENSG00000118407.15	ENST00000237172.12	4	0	0	0	0	0	False	False	False
FOXF2	ENSG00000137273.6	ENST00000645481.2	1	0	0	0	0	0	False	False	False
FPGT-TNNI3K	ENSG00000259030.7	ENST00000557284.6	1	0	0	0	0	0	False	False	False
MMAB	ENSG00000139428.12	ENST00000545712.7	1	0	0	0	0	0	False	False	False
RIN1	ENSG00000174791.11	ENST00000311320.9	1	0	0	0	0	0	False	False	False
TRAPPC2B	ENSG00000256060.3	ENST00000596755.1	4	0	0	0	0	0	False	False	False
WDR24	ENSG00000127580.17	ENST00000293883.9	1	0	0	0	0	0	False	False	False
AC067968.1	ENSG00000267022.1	ENST00000591793.1	3	0	0	0	0	0	False	False	False
CEP135	ENSG00000174799.11	ENST00000257287.5	1	0	0	0	0	0	False	False	False
FOXC2	ENSG00000176692.8	ENST00000649859.1	1	0	0	0	0	0	False	False	False
IFI35	ENSG00000068079.8	ENST00000438323.2	1	0	0	0	0	0	False	False	False
IFT74	ENSG00000096872.16	ENST00000443698.5	1	0	0	0	0	0	False	False	False
KRT86	ENSG00000170442.12	ENST00000423955.7	3	0	0	0	0	0	False	False	False
MSRB2	ENSG00000148450.13	ENST00000376510.8	1	0	0	0	0	0	False	False	False
PABPC4L	ENSG00000254535.4	ENST00000421491.4	1	0	0	0	0	0	False	False	False
PPP1R37	ENSG00000104866.11	ENST00000221462.9	1	0	0	0	0	0	False	False	False
RPIA	ENSG00000153574.9	ENST00000283646.5	1	1	0	0	0	1	True	False	True
SDR39U1	ENSG00000100445.17	ENST00000399395.7	1	0	0	0	0	0	False	False	False
SGF29	ENSG00000176476.9	ENST00000317058.8	1	0	1	0	0	1	False	True	True
THAP7	ENSG00000184436.12	ENST00000215742.9	1	0	0	0	0	0	False	False	False
USP53	ENSG00000145390.11	ENST00000450251.5	1	0	0	0	0	0	False	False	False
WBP4	ENSG00000120688.9	ENST00000379487.5	1	0	0	0	0	0	False	False	False
DCLRE1A	ENSG00000198924.8	ENST00000361384.7	1	0	0	0	0	0	False	False	False
DUS4L	ENSG00000105865.11	ENST00000265720.8	3	0	0	0	0	0	False	False	False
DZIP1	ENSG00000134874.17	ENST00000347108.7	2	0	0	0	0	0	False	False	False
FAM161A	ENSG00000170264.13	ENST00000404929.6	1	0	0	0	0	0	False	False	False
MXRA7	ENSG00000182534.13	ENST00000355797.7	2	0	0	0	0	0	False	False	False
NME6	ENSG00000172113.9	ENST00000452211.5	1	0	0	0	0	0	False	False	False
PAK4	ENSG00000130669.17	ENST00000593690.5	1	0	0	0	0	0	False	False	False
PHLDA2	ENSG00000181649.8	ENST00000314222.5	1	0	0	0	0	0	False	False	False
PPP1R21	ENSG00000162869.16	ENST00000294952.13	1	0	0	0	0	0	False	False	False
PSRC1	ENSG00000134222.16	ENST00000369909.6	1	0	0	0	0	0	False	False	False
RNF31	ENSG00000092098.17	ENST00000324103.11	3	0	0	0	0	0	False	False	False
SNX33	ENSG00000173548.9	ENST00000308527.6	1	0	0	0	0	0	False	False	False
ZNF195	ENSG00000005801.18	ENST00000399602.9	1	0	0	0	0	0	False	False	False
AP5Z1	ENSG00000242802.9	ENST00000649063.2	1	0	0	0	0	0	False	False	False
CDC42EP2	ENSG00000149798.5	ENST00000279249.3	3	0	0	0	0	0	False	False	False
CGREF1	ENSG00000138028.16	ENST00000402394.6	1	0	0	0	0	0	False	False	False
ENTPD7	ENSG00000198018.7	ENST00000370489.5	1	0	0	0	0	0	False	False	False
GNPTG	ENSG00000090581.10	ENST00000204679.9	1	0	0	0	0	0	False	False	False
LAGE3	ENSG00000196976.7	ENST00000357360.4	1	1	0	0	0	1	True	False	True
MRPS26	ENSG00000125901.6	ENST00000380325.4	1	0	0	0	0	0	False	False	False
NBEAL2	ENSG00000160796.18	ENST00000450053.8	1	0	0	0	0	0	False	False	False
SLC25A19	ENSG00000125454.12	ENST00000402418.7	1	0	0	0	0	0	False	False	False
THEM4	ENSG00000159445.13	ENST00000368814.8	1	2	0	0	0	2	True	False	True
TTC5	ENSG00000136319.12	ENST00000258821.8	1	1	0	0	0	1	True	False	True
UBTD2	ENSG00000168246.6	ENST00000393792.3	1	0	1	0	0	1	False	True	True
AEN	ENSG00000181026.15	ENST00000332810.4	1	0	0	0	0	0	False	False	False
CLEC3B	ENSG00000163815.6	ENST00000296130.5	1	0	0	0	0	0	False	False	False
HMGCL	ENSG00000117305.15	ENST00000374490.8	1	0	0	0	0	0	False	False	False
HSPA12A	ENSG00000165868.15	ENST00000635765.1	1	0	0	0	0	0	False	False	False
LPCAT4	ENSG00000176454.14	ENST00000314891.11	1	0	0	0	0	0	False	False	False
MED31	ENSG00000108590.11	ENST00000225728.8	1	0	0	0	0	0	False	False	False
SH2B1	ENSG00000178188.14	ENST00000337120.9	1	0	0	0	0	0	False	False	False
SULT1A4	ENSG00000213648.11	ENST00000360423.12	4	0	0	0	0	0	False	False	False
TLE1	ENSG00000196781.16	ENST00000376499.8	1	0	0	0	0	0	False	False	False
ULK4	ENSG00000168038.11	ENST00000301831.9	1	0	0	0	0	0	False	False	False
ANKRD26	ENSG00000107890.16	ENST00000376087.4	1	4	0	0	0	4	True	False	True
ATPAF2	ENSG00000171953.16	ENST00000474627.8	1	0	0	0	0	0	False	False	False
CCHCR1	ENSG00000204536.14	ENST00000396268.7	1	0	0	0	0	0	False	False	False
DSP	ENSG00000096696.14	ENST00000379802.8	1	0	0	0	0	0	False	False	False
EFCAB7	ENSG00000203965.13	ENST00000371088.5	1	0	0	0	0	0	False	False	False
HOXB7	ENSG00000260027.5	ENST00000239165.9	1	0	0	0	0	0	False	False	False
LYPLAL1	ENSG00000143353.12	ENST00000366928.10	1	0	0	0	0	0	False	False	False
MALRD1	ENSG00000204740.11	ENST00000454679.7	4	0	0	0	0	0	False	False	False
METTL1	ENSG00000037897.17	ENST00000324871.12	1	1	0	0	0	1	True	False	True
NIPSNAP3A	ENSG00000136783.10	ENST00000374767.5	1	0	0	0	0	0	False	False	False
NUDT2	ENSG00000164978.18	ENST00000379155.9	1	0	0	0	0	0	False	False	False
RC3H1	ENSG00000135870.12	ENST00000367696.7	1	0	0	0	0	0	False	False	False
RCBTB1	ENSG00000136144.12	ENST00000378302.7	1	0	0	0	0	0	False	False	False
SLC23A2	ENSG00000089057.15	ENST00000379333.5	1	0	0	0	0	0	False	False	False
ZBTB8A	ENSG00000160062.15	ENST00000373510.9	3	0	0	0	0	0	False	False	False
ZNF274	ENSG00000171606.18	ENST00000617501.5	1	0	0	0	0	0	False	False	False
ARMC2	ENSG00000118690.13	ENST00000392644.9	4	0	0	0	0	0	False	False	False
MYO18A	ENSG00000196535.16	ENST00000527372.6	1	0	0	0	0	0	False	False	False
RHOQ	ENSG00000119729.12	ENST00000238738.9	2	3	0	0	0	3	True	False	True
TP53I11	ENSG00000175274.18	ENST00000533940.5	1	0	0	0	0	0	False	False	False
DDHD1	ENSG00000100523.16	ENST00000357758.3	1	0	0	0	0	0	False	False	False
DRAM1	ENSG00000136048.14	ENST00000258534.13	1	0	0	0	0	0	False	False	False
FAM81A	ENSG00000157470.12	ENST00000288228.10	2	0	0	0	0	0	False	False	False
FLCN	ENSG00000154803.13	ENST00000285071.9	1	0	0	0	0	0	False	False	False
LYSMD3	ENSG00000176018.13	ENST00000315948.11	1	0	0	0	0	0	False	False	False
RAB4A	ENSG00000168118.12	ENST00000366690.5	1	0	0	0	0	0	False	False	False
ST3GAL4	ENSG00000110080.18	ENST00000526727.5	1	0	0	0	0	0	False	False	False
TRIM7	ENSG00000146054.18	ENST00000274773.12	1	0	0	0	0	0	False	False	False
ZNF529	ENSG00000186020.13	ENST00000591340.6	1	0	0	0	0	0	False	False	False
BORCS7-ASMT	ENSG00000270316.1	ENST00000299353.6	3	0	0	0	0	0	False	False	False
EFCAB2	ENSG00000203666.12	ENST00000366523.5	1	0	0	0	0	0	False	False	False
NUDT22	ENSG00000149761.9	ENST00000279206.8	1	0	0	0	0	0	False	False	False
RASA2	ENSG00000155903.13	ENST00000286364.9	1	0	0	0	0	0	False	False	False
RNF24	ENSG00000101236.17	ENST00000336095.10	1	0	0	0	0	0	False	False	False
SIAH1	ENSG00000196470.12	ENST00000356721.3	1	1	0	0	0	1	True	False	True
SOS2	ENSG00000100485.12	ENST00000216373.10	1	0	0	0	0	0	False	False	False
SPEG	ENSG00000072195.15	ENST00000312358.12	1	0	0	0	0	0	False	False	False
SPINK13	ENSG00000214510.10	ENST00000512953.5	1	0	0	0	0	0	False	False	False
TMEM219	ENSG00000149932.17	ENST00000566848.5	1	0	0	0	0	0	False	False	False
TMEM242	ENSG00000215712.11	ENST00000400788.9	1	1	0	0	0	1	True	False	True
BANP	ENSG00000172530.20	ENST00000538234.5	1	0	0	0	0	0	False	False	False
BTN3A2	ENSG00000186470.14	ENST00000377708.7	4	0	0	0	0	0	False	False	False
CEP131	ENSG00000141577.14	ENST00000269392.8	1	0	0	0	0	0	False	False	False
CWC25	ENSG00000273559.5	ENST00000614790.5	1	0	0	0	0	0	False	False	False
DPM3	ENSG00000179085.8	ENST00000341298.3	1	1	0	0	0	1	True	False	True
DTNBP1	ENSG00000047579.20	ENST00000344537.10	1	0	0	0	0	0	False	False	False
ETFRF1	ENSG00000205707.11	ENST00000557540.7	1	1	0	0	0	1	True	False	True
FHIT	ENSG00000189283.10	ENST00000492590.6	4	0	0	0	0	0	False	False	False
LYRM1	ENSG00000102897.10	ENST00000396052.3	1	0	0	0	0	0	False	False	False
MAP3K11	ENSG00000173327.8	ENST00000309100.8	1	0	0	0	0	0	False	False	False
MAPKBP1	ENSG00000137802.14	ENST00000457542.7	1	0	0	0	0	0	False	False	False
NKAPD1	ENSG00000150776.18	ENST00000393047.8	1	0	0	0	0	0	False	False	False
RASSF3	ENSG00000153179.13	ENST00000637125.1	1	0	0	0	0	0	False	False	False
SLC20A2	ENSG00000168575.10	ENST00000520262.6	1	0	0	0	0	0	False	False	False
TARBP2	ENSG00000139546.11	ENST00000266987.7	1	0	0	0	1	1	False	False	True
TEX261	ENSG00000144043.12	ENST00000272438.9	3	0	0	0	0	0	False	False	False
TPRG1L	ENSG00000158109.15	ENST00000378344.7	1	1	0	0	0	1	True	False	True
ZNF480	ENSG00000198464.14	ENST00000595962.6	1	0	0	0	0	0	False	False	False
MED19	ENSG00000156603.19	ENST00000431606.4	1	0	0	0	0	0	False	False	False
MTX3	ENSG00000177034.17	ENST00000512528.3	1	1	0	0	0	1	True	False	True
NFYA	ENSG00000001167.14	ENST00000341376.10	1	0	0	0	0	0	False	False	False
RNF26	ENSG00000173456.5	ENST00000311413.5	1	0	0	0	0	0	False	False	False
SRC	ENSG00000197122.11	ENST00000373578.6	1	0	0	0	0	0	False	False	False
TCTN1	ENSG00000204852.16	ENST00000551590.5	1	0	0	0	0	0	False	False	False
TMEM150C	ENSG00000249242.8	ENST00000515780.6	2	0	0	0	0	0	False	False	False
TP53RK	ENSG00000172315.6	ENST00000372114.4	1	0	0	0	0	0	False	False	False
TRAPPC2	ENSG00000196459.14	ENST00000380579.6	4	1	0	0	0	1	True	False	True
TST	ENSG00000128311.14	ENST00000403892.7	1	0	0	0	0	0	False	False	False
YPEL5	ENSG00000119801.13	ENST00000379520.7	1	3	0	0	0	3	True	False	True
ZNF200	ENSG00000010539.11	ENST00000431561.7	1	0	0	0	0	0	False	False	False
ALG14	ENSG00000172339.10	ENST00000370205.6	1	0	0	0	0	0	False	False	False
ATG14	ENSG00000126775.9	ENST00000247178.6	1	0	0	0	0	0	False	False	False
DIP2C	ENSG00000151240.17	ENST00000280886.12	1	0	0	0	0	0	False	False	False
GREB1L	ENSG00000141449.14	ENST00000580732.6	1	0	0	0	0	0	False	False	False
MB21D2	ENSG00000180611.7	ENST00000392452.3	1	0	0	0	0	0	False	False	False
SP4	ENSG00000105866.15	ENST00000222584.8	1	0	0	0	0	0	False	False	False
TAF1A	ENSG00000143498.18	ENST00000350027.8	1	0	0	0	0	0	False	False	False
TLCD1	ENSG00000160606.11	ENST00000292090.8	1	0	0	0	0	0	False	False	False
ZNF846	ENSG00000196605.7	ENST00000397902.6	4	0	0	0	0	0	False	False	False
ZSCAN29	ENSG00000140265.12	ENST00000396976.6	1	0	0	0	0	0	False	False	False
CEBPG	ENSG00000153879.9	ENST00000585933.2	1	0	0	0	0	0	False	False	False
DGKA	ENSG00000065357.20	ENST00000394147.5	1	0	0	0	0	0	False	False	False
EBAG9	ENSG00000147654.15	ENST00000337573.10	1	1	0	0	0	1	True	False	True
EMC6	ENSG00000127774.7	ENST00000397133.2	1	0	0	0	0	0	False	False	False
MTFP1	ENSG00000242114.6	ENST00000266263.10	1	0	0	0	0	0	False	False	False
STX12	ENSG00000117758.14	ENST00000373943.9	1	0	0	0	0	0	False	False	False
TMEM203	ENSG00000187713.7	ENST00000343666.6	1	0	0	0	0	0	False	False	False
ZNF845	ENSG00000213799.13	ENST00000458035.3	4	0	0	0	0	0	False	False	False
ARRB2	ENSG00000141480.18	ENST00000269260.7	1	0	0	0	0	0	False	False	False
OAZ3	ENSG00000143450.17	ENST00000400999.6	1	0	0	0	0	0	False	False	False
PAXX	ENSG00000148362.11	ENST00000371620.4	1	0	0	0	0	0	False	False	False
RBM45	ENSG00000155636.15	ENST00000286070.10	1	1	0	0	0	1	True	False	True
SLC8B1	ENSG00000089060.11	ENST00000552014.5	1	0	0	0	0	0	False	False	False
SMARCD3	ENSG00000082014.16	ENST00000262188.12	1	0	0	0	0	0	False	False	False
TMEM87B	ENSG00000153214.11	ENST00000283206.9	1	0	0	0	0	0	False	False	False
ZBTB7A	ENSG00000178951.9	ENST00000322357.9	1	0	0	0	0	0	False	False	False
ZNF8	ENSG00000278129.2	ENST00000621650.2	3	0	0	0	0	0	False	False	False
ANKZF1	ENSG00000163516.14	ENST00000323348.10	1	0	0	0	0	0	False	False	False
BBIP1	ENSG00000214413.9	ENST00000652396.1	1	1	0	0	0	1	True	False	True
HPS4	ENSG00000100099.20	ENST00000398145.6	1	0	0	0	0	0	False	False	False
HYI	ENSG00000178922.16	ENST00000372425.8	1	0	0	0	0	0	False	False	False
IL17RC	ENSG00000163702.20	ENST00000295981.7	1	0	0	0	0	0	False	False	False
MDK	ENSG00000110492.15	ENST00000405308.6	1	0	0	0	0	0	False	False	False
MED29	ENSG00000063322.15	ENST00000615911.4	1	0	0	0	0	0	False	False	False
PAXIP1	ENSG00000157212.19	ENST00000404141.6	1	0	0	0	0	0	False	False	False
PCGF6	ENSG00000156374.16	ENST00000369847.4	1	1	0	0	0	1	True	False	True
SCN3A	ENSG00000153253.18	ENST00000283254.12	1	0	0	0	0	0	False	False	False
WHRN	ENSG00000095397.16	ENST00000362057.4	1	0	0	0	0	0	False	False	False
ZC3H11B	ENSG00000215817.7	ENST00000651890.1	4	1	0	0	0	1	True	False	True
ALDH1L2	ENSG00000136010.14	ENST00000258494.14	1	0	0	0	0	0	False	False	False
BAHD1	ENSG00000140320.12	ENST00000416165.6	1	0	0	0	0	0	False	False	False
CENPS-CORT	ENSG00000251503.8	ENST00000400900.6	3	0	0	0	0	0	False	False	False
DDAH2	ENSG00000213722.9	ENST00000375792.7	1	0	0	0	0	0	False	False	False
GALM	ENSG00000143891.17	ENST00000272252.10	1	0	0	0	0	0	False	False	False
KIF9	ENSG00000088727.12	ENST00000335044.6	1	0	0	0	0	0	False	False	False
MATN3	ENSG00000132031.13	ENST00000407540.8	1	0	0	0	0	0	False	False	False
STAC	ENSG00000144681.10	ENST00000273183.7	1	0	0	0	0	0	False	False	False
ARL5B	ENSG00000165997.5	ENST00000377275.4	1	1	0	0	0	1	True	False	True
CCDC174	ENSG00000154781.16	ENST00000383794.7	1	0	0	0	0	0	False	False	False
CLK2	ENSG00000176444.19	ENST00000368361.9	1	1	0	0	0	1	True	False	True
GPSM1	ENSG00000160360.13	ENST00000440944.6	1	0	0	0	0	0	False	False	False
IDS	ENSG00000010404.18	ENST00000340855.11	3	0	0	0	0	0	False	False	False
MAPK7	ENSG00000166484.20	ENST00000308406.9	1	0	0	0	0	0	False	False	False
PIP5K1C	ENSG00000186111.10	ENST00000589578.5	1	0	0	0	0	0	False	False	False
SEMA3B	ENSG00000012171.20	ENST00000616701.5	1	0	0	0	0	0	False	False	False
TBC1D7	ENSG00000145979.18	ENST00000606214.5	1	0	0	0	0	0	False	False	False
VGLL3	ENSG00000206538.9	ENST00000398399.7	1	0	0	0	0	0	False	False	False
AGPAT2	ENSG00000169692.13	ENST00000371696.7	1	0	0	0	0	0	False	False	False
CAMKK2	ENSG00000110931.19	ENST00000324774.9	1	0	0	0	0	0	False	False	False
CNKSR3	ENSG00000153721.19	ENST00000607772.6	3	0	0	0	0	0	False	False	False
DDX59	ENSG00000118197.14	ENST00000331314.11	1	0	0	0	0	0	False	False	False
DNAJC19	ENSG00000205981.8	ENST00000382564.8	2	9	0	0	0	9	True	False	True
FAM222B	ENSG00000173065.13	ENST00000581407.5	1	0	0	0	0	0	False	False	False
FBXO34	ENSG00000178974.10	ENST00000313833.5	2	0	0	0	0	0	False	False	False
GPATCH1	ENSG00000076650.7	ENST00000170564.7	1	0	0	0	0	0	False	False	False
IL27RA	ENSG00000104998.4	ENST00000263379.4	1	0	0	0	0	0	False	False	False
ITGA6	ENSG00000091409.15	ENST00000264107.11	1	0	0	0	0	0	False	False	False
MED28	ENSG00000118579.13	ENST00000237380.12	1	7	0	0	0	7	True	False	True
NAXD	ENSG00000213995.11	ENST00000309957.2	1	0	0	0	0	0	False	False	False
REPIN1	ENSG00000214022.11	ENST00000397281.6	1	0	0	0	0	0	False	False	False
C12orf76	ENSG00000174456.15	ENST00000549724.2	1	2	0	0	0	2	True	False	True
CTTNBP2	ENSG00000077063.11	ENST00000160373.8	1	0	0	0	0	0	False	False	False
CYB5D1	ENSG00000182224.12	ENST00000332439.5	1	0	0	0	0	0	False	False	False
GMEB2	ENSG00000101216.11	ENST00000266068.5	1	0	0	0	0	0	False	False	False
PSD3	ENSG00000156011.17	ENST00000327040.13	1	0	0	0	0	0	False	False	False
RTL10	ENSG00000215012.9	ENST00000405640.1	1	0	0	0	0	0	False	False	False
SAT2	ENSG00000141504.12	ENST00000269298.10	1	0	0	0	0	0	False	False	False
SLC41A1	ENSG00000133065.11	ENST00000367137.4	1	0	0	0	0	0	False	False	False
TP53I13	ENSG00000167543.16	ENST00000301057.8	1	0	0	0	0	0	False	False	False
TSTD2	ENSG00000136925.15	ENST00000341170.5	1	0	0	0	0	0	False	False	False
ZBTB5	ENSG00000168795.5	ENST00000307750.5	1	0	0	0	0	0	False	False	False
ZKSCAN8	ENSG00000198315.11	ENST00000330236.7	1	0	0	0	0	0	False	False	False
DOCK4	ENSG00000128512.23	ENST00000437633.6	1	0	0	0	0	0	False	False	False
GNG10	ENSG00000242616.4	ENST00000374293.5	4	2	0	0	0	2	True	False	True
INPP1	ENSG00000151689.13	ENST00000392329.7	1	0	0	0	0	0	False	False	False
MICOS13	ENSG00000174917.8	ENST00000309324.8	1	1	0	0	0	1	True	False	True
PLEKHG3	ENSG00000126822.17	ENST00000247226.13	1	0	0	0	1	1	False	False	True
PSMB10	ENSG00000205220.12	ENST00000358514.9	1	0	0	0	0	0	False	False	False
SS18L2	ENSG00000008324.11	ENST00000447630.5	1	2	0	0	0	2	True	False	True
ZNF66	ENSG00000160229.13	ENST00000344519.10	1	0	0	0	0	0	False	False	False
B3GALT4	ENSG00000235863.4	ENST00000451237.3	1	0	0	0	0	0	False	False	False
CENPS	ENSG00000175279.22	ENST00000309048.8	3	1	0	0	0	1	True	False	True
ELOF1	ENSG00000130165.10	ENST00000252445.7	1	0	0	0	0	0	False	False	False
FUT11	ENSG00000196968.11	ENST00000372841.8	1	0	0	0	0	0	False	False	False
IRS1	ENSG00000169047.5	ENST00000305123.5	1	0	0	0	0	0	False	False	False
MPPE1	ENSG00000154889.17	ENST00000588072.6	1	3	0	0	0	3	True	False	True
MTIF3	ENSG00000122033.14	ENST00000381116.5	1	0	0	0	0	0	False	False	False
MTUS2	ENSG00000132938.21	ENST00000380808.6	4	0	0	0	0	0	False	False	False
PRIMPOL	ENSG00000164306.11	ENST00000503752.5	1	0	0	0	0	0	False	False	False
TRIM39-RPP21	ENSG00000248167.7	ENST00000623385.3	3	0	0	0	0	0	False	False	False
UBE2Q2	ENSG00000140367.12	ENST00000267938.9	1	2	0	0	0	2	True	False	True
USP50	ENSG00000170236.16	ENST00000532404.6	1	0	0	0	0	0	False	False	False
ZNF432	ENSG00000256087.7	ENST00000221315.10	1	0	0	0	0	0	False	False	False
CISD3	ENSG00000277972.2	ENST00000613478.2	1	0	0	0	0	0	False	False	False
CTSV	ENSG00000136943.11	ENST00000259470.6	1	0	0	0	0	0	False	False	False
DDX28	ENSG00000182810.7	ENST00000332395.7	1	0	0	0	0	0	False	False	False
FAM136A	ENSG00000035141.8	ENST00000037869.7	1	8	0	0	1	9	True	False	True
HEMK1	ENSG00000114735.9	ENST00000434410.5	1	0	0	0	0	0	False	False	False
IGFBP6	ENSG00000167779.9	ENST00000301464.4	1	0	0	0	0	0	False	False	False
NPRL2	ENSG00000114388.14	ENST00000232501.8	1	0	0	0	0	0	False	False	False
NXF3	ENSG00000147206.17	ENST00000395065.8	2	0	1	0	0	1	False	True	True
TMEM50B	ENSG00000142188.17	ENST00000542230.7	1	1	0	0	0	1	True	False	True
AC004076.1	ENSG00000268163.1	ENST00000596831.1	1	0	0	0	0	0	False	False	False
AC008758.1	ENSG00000196826.7	ENST00000428311.1	3	0	0	0	0	0	False	False	False
ADAMTS3	ENSG00000156140.10	ENST00000286657.10	1	0	0	0	0	0	False	False	False
ARNTL	ENSG00000133794.19	ENST00000403290.5	1	0	0	0	0	0	False	False	False
FAM118B	ENSG00000197798.9	ENST00000533050.6	1	0	0	0	0	0	False	False	False
FYCO1	ENSG00000163820.15	ENST00000296137.7	1	0	0	0	0	0	False	False	False
JMJD4	ENSG00000081692.12	ENST00000366758.7	1	1	0	0	0	1	True	False	True
LRP4	ENSG00000134569.10	ENST00000378623.6	1	0	0	0	0	0	False	False	False
LZTR1	ENSG00000099949.21	ENST00000646124.2	1	0	0	0	0	0	False	False	False
MDM4	ENSG00000198625.13	ENST00000367182.8	1	0	0	0	0	0	False	False	False
RABL2B	ENSG00000079974.17	ENST00000395595.7	4	0	0	0	0	0	False	False	False
WDR53	ENSG00000185798.8	ENST00000332629.7	1	0	0	0	0	0	False	False	False
ZNF248	ENSG00000198105.15	ENST00000395867.7	1	0	0	0	0	0	False	False	False
ZNF397	ENSG00000186812.13	ENST00000330501.12	1	0	0	0	0	0	False	False	False
ADAMTSL1	ENSG00000178031.17	ENST00000380548.9	2	0	0	0	0	0	False	False	False
ATP6V1C2	ENSG00000143882.12	ENST00000381661.3	1	0	0	0	0	0	False	False	False
CHD7	ENSG00000171316.12	ENST00000423902.7	1	0	0	0	0	0	False	False	False
CLASRP	ENSG00000104859.15	ENST00000221455.8	1	0	0	0	0	0	False	False	False
ERICH1	ENSG00000104714.14	ENST00000262109.8	1	0	0	0	0	0	False	False	False
FPGT	ENSG00000254685.6	ENST00000370898.7	1	0	0	0	0	0	False	False	False
FRS2	ENSG00000166225.8	ENST00000550389.5	1	0	0	0	0	0	False	False	False
INPP4A	ENSG00000040933.16	ENST00000409016.8	1	0	0	0	0	0	False	False	False
NLRP2	ENSG00000022556.16	ENST00000543010.5	4	0	0	0	0	0	False	False	False
PEX6	ENSG00000124587.14	ENST00000304611.13	1	0	0	0	0	0	False	False	False
SOCS6	ENSG00000170677.6	ENST00000397942.4	1	0	0	0	0	0	False	False	False
SPAG17	ENSG00000155761.14	ENST00000336338.10	1	0	0	0	0	0	False	False	False
TCEAL1	ENSG00000172465.14	ENST00000372625.8	1	0	0	0	0	0	False	False	False
TCTN2	ENSG00000168778.12	ENST00000303372.7	1	0	0	0	0	0	False	False	False
ABHD18	ENSG00000164074.15	ENST00000645843.1	1	0	0	0	0	0	False	False	False
ANKAR	ENSG00000151687.14	ENST00000520309.5	1	0	0	0	0	0	False	False	False
ARL16	ENSG00000214087.8	ENST00000622299.4	1	0	0	0	0	0	False	False	False
AXIN1	ENSG00000103126.15	ENST00000262320.8	1	0	0	0	0	0	False	False	False
DLG3	ENSG00000082458.12	ENST00000194900.8	1	0	0	0	0	0	False	False	False
FAM200B	ENSG00000237765.7	ENST00000622362.1	1	0	0	0	0	0	False	False	False
RUNDC1	ENSG00000198863.7	ENST00000361677.5	1	1	0	0	0	1	True	False	True
SMIM11B	ENSG00000273590.4	ENST00000624304.3	4	0	0	0	0	0	False	False	False
AMY2B	ENSG00000240038.6	ENST00000361355.8	4	0	0	0	0	0	False	False	False
DOCK6	ENSG00000130158.14	ENST00000294618.12	1	0	0	0	0	0	False	False	False
KIAA0232	ENSG00000170871.12	ENST00000307659.6	1	0	0	0	0	0	False	False	False
KIF5C	ENSG00000168280.17	ENST00000435030.6	4	0	0	0	0	0	False	False	False
REPS2	ENSG00000169891.18	ENST00000357277.8	2	0	0	0	0	0	False	False	False
UBL3	ENSG00000122042.10	ENST00000380680.5	1	0	0	0	0	0	False	False	False
C11orf68	ENSG00000175573.7	ENST00000449692.3	1	0	0	0	0	0	False	False	False
CRYBG3	ENSG00000080200.10	ENST00000389622.7	1	0	0	0	0	0	False	False	False
DZIP3	ENSG00000198919.13	ENST00000361582.8	1	0	0	0	0	0	False	False	False
MED22	ENSG00000148297.16	ENST00000610672.4	1	0	0	0	0	0	False	False	False
PACC1	ENSG00000065600.12	ENST00000261455.8	1	0	0	0	0	0	False	False	False
PHF2	ENSG00000197724.11	ENST00000359246.9	1	0	0	0	0	0	False	False	False
PLEKHG4	ENSG00000196155.13	ENST00000360461.9	1	0	0	0	0	0	False	False	False
PTPN18	ENSG00000072135.13	ENST00000175756.10	1	0	0	0	0	0	False	False	False
SKAP2	ENSG00000005020.13	ENST00000345317.7	2	0	0	0	0	0	False	False	False
SMIM11A	ENSG00000205670.12	ENST00000474455.1	4	1	0	0	0	1	True	False	True
SOCS3	ENSG00000184557.4	ENST00000330871.3	1	0	0	0	0	0	False	False	False
VPS37B	ENSG00000139722.7	ENST00000267202.7	1	0	0	0	0	0	False	False	False
ZMAT3	ENSG00000172667.11	ENST00000311417.7	1	0	0	0	0	0	False	False	False
CHCHD6	ENSG00000159685.11	ENST00000290913.8	1	0	0	0	0	0	False	False	False
CHTF18	ENSG00000127586.17	ENST00000262315.14	1	0	0	0	0	0	False	False	False
DBN1	ENSG00000113758.13	ENST00000393565.5	1	0	0	0	0	0	False	False	False
KLHL29	ENSG00000119771.15	ENST00000486442.6	1	0	0	0	0	0	False	False	False
METTL4	ENSG00000101574.15	ENST00000574538.2	1	0	0	0	0	0	False	False	False
PKNOX1	ENSG00000160199.15	ENST00000291547.10	1	0	0	0	0	0	False	False	False
PPP2R3A	ENSG00000073711.11	ENST00000334546.6	3	0	0	0	0	0	False	False	False
RIT1	ENSG00000143622.11	ENST00000368323.8	1	1	0	0	0	1	True	False	True
TIMM10B	ENSG00000132286.12	ENST00000254616.11	3	0	0	0	0	0	False	False	False
TMEM262	ENSG00000187066.8	ENST00000530719.5	1	0	0	0	0	0	False	False	False
ZBTB4	ENSG00000174282.12	ENST00000311403.4	1	0	0	0	0	0	False	False	False
ZNF703	ENSG00000183779.7	ENST00000331569.6	1	0	0	0	0	0	False	False	False
APLP1	ENSG00000105290.13	ENST00000221891.9	1	0	0	0	0	0	False	False	False
CNNM3	ENSG00000168763.16	ENST00000305510.4	1	0	0	0	0	0	False	False	False
FAM102B	ENSG00000162636.16	ENST00000370035.8	1	0	0	0	0	0	False	False	False
NR2C2AP	ENSG00000184162.15	ENST00000331552.12	1	0	0	0	0	0	False	False	False
RWDD3	ENSG00000122481.17	ENST00000370202.5	3	0	0	0	0	0	False	False	False
SLC38A7	ENSG00000103042.9	ENST00000570101.5	1	0	0	0	0	0	False	False	False
SLC7A14	ENSG00000013293.6	ENST00000231706.6	4	0	0	0	0	0	False	False	False
UAP1L1	ENSG00000197355.11	ENST00000409858.8	1	0	0	0	0	0	False	False	False
ZDHHC13	ENSG00000177054.14	ENST00000446113.7	1	0	0	0	0	0	False	False	False
ZNF469	ENSG00000225614.4	ENST00000437464.1	1	0	0	0	0	0	False	False	False
ATP8B1	ENSG00000081923.15	ENST00000648908.2	1	0	0	0	0	0	False	False	False
ATXN7L1	ENSG00000146776.14	ENST00000419735.7	1	0	0	0	0	0	False	False	False
COMTD1	ENSG00000165644.11	ENST00000372538.8	1	0	0	0	0	0	False	False	False
DSC2	ENSG00000134755.17	ENST00000280904.11	1	0	0	0	0	0	False	False	False
EDNRA	ENSG00000151617.17	ENST00000324300.10	1	0	0	0	0	0	False	False	False
FOXE1	ENSG00000178919.9	ENST00000375123.5	1	0	0	0	0	0	False	False	False
H1-1	ENSG00000124610.5	ENST00000244573.5	1	0	0	0	0	0	False	False	False
HINT3	ENSG00000111911.7	ENST00000229633.7	1	0	0	0	0	0	False	False	False
HIP1	ENSG00000127946.17	ENST00000336926.11	1	0	0	0	0	0	False	False	False
JSRP1	ENSG00000167476.10	ENST00000300961.10	3	0	0	0	0	0	False	False	False
NPHP4	ENSG00000131697.18	ENST00000378156.9	1	0	0	0	0	0	False	False	False
POTEG	ENSG00000187537.13	ENST00000547848.5	4	0	0	0	0	0	False	False	False
PXYLP1	ENSG00000155893.13	ENST00000286353.9	1	0	0	0	0	0	False	False	False
RERG	ENSG00000134533.6	ENST00000256953.6	1	0	0	0	0	0	False	False	False
RGS7	ENSG00000182901.16	ENST00000366564.5	4	0	0	0	0	0	False	False	False
SLC12A6	ENSG00000140199.12	ENST00000290209.9	1	0	0	0	0	0	False	False	False
SNX18	ENSG00000178996.14	ENST00000381410.5	1	9	3	0	0	12	True	True	True
CDKL5	ENSG00000008086.13	ENST00000623535.2	1	0	0	0	0	0	False	False	False
CPVL	ENSG00000106066.15	ENST00000409850.5	1	0	0	0	0	0	False	False	False
CRLS1	ENSG00000088766.12	ENST00000378863.9	3	0	0	0	0	0	False	False	False
ESCO1	ENSG00000141446.11	ENST00000269214.10	1	3	0	0	0	3	True	False	True
MED11	ENSG00000161920.11	ENST00000293777.6	1	0	0	0	0	0	False	False	False
PODNL1	ENSG00000132000.13	ENST00000588872.2	1	0	0	0	0	0	False	False	False
PROS1	ENSG00000184500.16	ENST00000394236.9	1	0	0	0	0	0	False	False	False
ST6GALNAC4	ENSG00000136840.19	ENST00000335791.10	1	1	0	0	0	1	True	False	True
ZADH2	ENSG00000180011.7	ENST00000322342.4	1	0	0	0	0	0	False	False	False
ADORA2B	ENSG00000170425.3	ENST00000304222.2	1	1	0	0	0	1	True	False	True
AP1M2	ENSG00000129354.11	ENST00000250244.10	1	0	0	0	0	0	False	False	False
ARSG	ENSG00000141337.12	ENST00000448504.6	1	0	0	0	0	0	False	False	False
DNAH1	ENSG00000114841.17	ENST00000420323.6	2	0	0	0	0	0	False	False	False
FUCA1	ENSG00000179163.11	ENST00000374479.3	1	1	0	0	0	1	True	False	True
GPR1	ENSG00000183671.12	ENST00000612892.4	1	0	0	0	0	0	False	False	False
ISCA1	ENSG00000135070.15	ENST00000375991.9	2	8	1	0	1	10	True	True	True
KRBOX1	ENSG00000240747.8	ENST00000418176.1	4	0	0	0	0	0	False	False	False
MOSPD1	ENSG00000101928.13	ENST00000370783.8	1	0	0	0	0	0	False	False	False
NCAM2	ENSG00000154654.15	ENST00000400546.6	1	0	0	0	0	0	False	False	False
NLRP1	ENSG00000091592.16	ENST00000572272.6	1	0	0	0	0	0	False	False	False
NXT1	ENSG00000132661.4	ENST00000254998.3	1	0	0	0	0	0	False	False	False
PDRG1	ENSG00000088356.6	ENST00000202017.6	1	1	0	0	0	1	True	False	True
PM20D2	ENSG00000146281.6	ENST00000275072.5	1	0	0	0	0	0	False	False	False
POU2F1	ENSG00000143190.23	ENST00000367866.7	1	0	0	0	0	0	False	False	False
TEDC2	ENSG00000162062.15	ENST00000361837.9	1	0	0	0	0	0	False	False	False
TRIM13	ENSG00000204977.10	ENST00000356017.8	1	0	1	0	0	1	False	True	True
TUBB8	ENSG00000261456.6	ENST00000568584.6	4	0	5	0	0	5	False	True	True
ANTKMT	ENSG00000103254.10	ENST00000569529.6	1	0	0	0	0	0	False	False	False
ATXN1	ENSG00000124788.18	ENST00000244769.8	1	0	0	0	0	0	False	False	False
BRAF	ENSG00000157764.13	ENST00000496384.7	1	0	1	0	0	1	False	True	True
HFE	ENSG00000010704.18	ENST00000357618.9	1	0	0	0	0	0	False	False	False
TMED8	ENSG00000100580.8	ENST00000216468.8	1	0	0	0	0	0	False	False	False
CARD10	ENSG00000100065.15	ENST00000403299.5	1	0	0	0	0	0	False	False	False
DENND10	ENSG00000119979.18	ENST00000361432.3	2	0	0	0	0	0	False	False	False
FAM50B	ENSG00000145945.7	ENST00000380274.2	1	0	0	0	0	0	False	False	False
KIAA0895	ENSG00000164542.12	ENST00000453212.5	1	0	0	0	0	0	False	False	False
MED18	ENSG00000130772.14	ENST00000373842.9	1	0	0	0	0	0	False	False	False
NRXN3	ENSG00000021645.19	ENST00000635466.1	2	0	0	0	0	0	False	False	False
PLA2G15	ENSG00000103066.13	ENST00000219345.10	1	0	0	0	0	0	False	False	False
RDH14	ENSG00000240857.2	ENST00000381249.4	1	0	0	0	0	0	False	False	False
SLC41A3	ENSG00000114544.16	ENST00000360370.8	1	0	0	0	0	0	False	False	False
SLX1B	ENSG00000181625.17	ENST00000330181.9	4	0	0	0	0	0	False	False	False
TMEM127	ENSG00000135956.9	ENST00000258439.8	1	0	0	0	0	0	False	False	False
CAMKK1	ENSG00000004660.15	ENST00000348335.7	1	0	0	0	0	0	False	False	False
CSNK1G2	ENSG00000133275.16	ENST00000255641.13	1	1	0	0	0	1	True	False	True
CTU2	ENSG00000174177.13	ENST00000453996.7	1	0	0	0	0	0	False	False	False
MON1B	ENSG00000103111.15	ENST00000248248.8	1	0	0	0	0	0	False	False	False
MRPL23	ENSG00000214026.11	ENST00000397298.8	2	0	0	0	0	0	False	False	False
MVK	ENSG00000110921.14	ENST00000228510.8	1	0	0	0	0	0	False	False	False
OAS3	ENSG00000111331.13	ENST00000228928.12	1	0	0	0	0	0	False	False	False
PIGBOS1	ENSG00000225973.4	ENST00000436697.3	1	0	0	0	0	0	False	False	False
RAMP1	ENSG00000132329.11	ENST00000254661.5	1	0	0	0	0	0	False	False	False
RANBP17	ENSG00000204764.14	ENST00000523189.6	1	0	0	0	0	0	False	False	False
RIPK2	ENSG00000104312.8	ENST00000220751.5	1	0	0	0	0	0	False	False	False
VPS26B	ENSG00000151502.11	ENST00000281187.10	1	1	0	0	0	1	True	False	True
ZMAT5	ENSG00000100319.13	ENST00000344318.4	1	0	0	0	0	0	False	False	False
ACVR2A	ENSG00000121989.15	ENST00000241416.12	1	0	0	0	0	0	False	False	False
AL121758.1	ENSG00000270299.1	ENST00000488788.2	3	0	0	0	0	0	False	False	False
ALKBH7	ENSG00000125652.8	ENST00000245812.8	1	0	0	0	0	0	False	False	False
ARMC5	ENSG00000140691.17	ENST00000563544.5	1	0	0	0	0	0	False	False	False
GSTO2	ENSG00000065621.15	ENST00000338595.7	1	0	0	0	0	0	False	False	False
NUDT16L1	ENSG00000168101.14	ENST00000304301.10	1	0	0	0	0	0	False	False	False
PLEKHH3	ENSG00000068137.15	ENST00000591022.6	1	0	0	0	0	0	False	False	False
PNPLA4	ENSG00000006757.12	ENST00000381042.9	1	0	0	0	0	0	False	False	False
SLX1A	ENSG00000132207.18	ENST00000251303.11	4	0	0	0	0	0	False	False	False
TMEM63C	ENSG00000165548.11	ENST00000298351.5	1	0	0	0	0	0	False	False	False
TRAF6	ENSG00000175104.15	ENST00000526995.6	1	1	0	0	0	1	True	False	True
UQCC3	ENSG00000204922.5	ENST00000531323.1	1	0	0	0	0	0	False	False	False
USP54	ENSG00000166348.18	ENST00000339859.8	1	0	0	0	0	0	False	False	False
ZNF197	ENSG00000186448.15	ENST00000344387.9	1	0	0	0	0	0	False	False	False
AP1AR	ENSG00000138660.12	ENST00000274000.10	1	0	0	0	0	0	False	False	False
ARMH1	ENSG00000198520.12	ENST00000458657.6	3	0	0	0	0	0	False	False	False
CBX8	ENSG00000141570.11	ENST00000269385.9	1	0	0	0	0	0	False	False	False
GREM1	ENSG00000166923.12	ENST00000651154.1	1	0	0	0	0	0	False	False	False
NSUN6	ENSG00000241058.4	ENST00000377304.7	1	0	0	0	0	0	False	False	False
POLD4	ENSG00000175482.9	ENST00000312419.8	3	0	0	0	0	0	False	False	False
RPS6KA5	ENSG00000100784.12	ENST00000614987.5	1	0	0	0	0	0	False	False	False
TSC22D4	ENSG00000166925.9	ENST00000300181.7	1	0	0	0	0	0	False	False	False
ZBTB7B	ENSG00000160685.13	ENST00000535420.5	1	0	0	0	0	0	False	False	False
AC008770.2	ENSG00000267179.1	ENST00000590798.1	4	0	0	0	0	0	False	False	False
ACYP1	ENSG00000119640.9	ENST00000238618.8	1	0	0	0	0	0	False	False	False
AL357075.4	ENSG00000288520.1	ENST00000673182.1	3	0	0	0	0	0	False	False	False
CAMKMT	ENSG00000143919.15	ENST00000378494.8	1	0	0	0	0	0	False	False	False
CFAP157	ENSG00000160401.15	ENST00000373295.7	1	0	0	0	0	0	False	False	False
CNIH3	ENSG00000143786.8	ENST00000272133.4	2	0	0	0	0	0	False	False	False
MTFMT	ENSG00000103707.10	ENST00000220058.9	1	0	0	0	0	0	False	False	False
TUB	ENSG00000166402.9	ENST00000299506.3	1	0	0	0	0	0	False	False	False
UNKL	ENSG00000059145.19	ENST00000508903.7	1	0	0	0	0	0	False	False	False
ZNF607	ENSG00000198182.13	ENST00000355202.9	4	0	0	0	0	0	False	False	False
ACOT8	ENSG00000101473.17	ENST00000217455.9	1	0	0	0	0	0	False	False	False
KIAA1324L	ENSG00000164659.15	ENST00000450689.7	1	0	0	0	0	0	False	False	False
LTBP2	ENSG00000119681.12	ENST00000261978.9	1	0	0	0	0	0	False	False	False
R3HDM2	ENSG00000179912.20	ENST00000402412.5	1	2	0	0	0	2	True	False	True
RBPMS	ENSG00000157110.16	ENST00000320203.8	1	0	0	0	0	0	False	False	False
RNF185	ENSG00000138942.16	ENST00000326132.11	1	0	0	0	0	0	False	False	False
SORT1	ENSG00000134243.12	ENST00000256637.8	1	0	0	0	0	0	False	False	False
STK33	ENSG00000130413.15	ENST00000447869.5	1	1	0	0	0	1	True	False	True
ZNF141	ENSG00000131127.14	ENST00000240499.8	4	0	0	0	0	0	False	False	False
ZNF267	ENSG00000185947.15	ENST00000300870.15	1	0	0	0	0	0	False	False	False
ADGRL3	ENSG00000150471.16	ENST00000506720.5	1	0	0	0	0	0	False	False	False
FAM47E-STBD1	ENSG00000272414.6	ENST00000515604.5	3	0	0	0	0	0	False	False	False
MARS2	ENSG00000247626.5	ENST00000282276.8	1	0	0	0	0	0	False	False	False
MAVS	ENSG00000088888.18	ENST00000428216.4	1	0	0	0	0	0	False	False	False
NBPF3	ENSG00000142794.18	ENST00000318249.9	4	0	0	0	0	0	False	False	False
PGBD1	ENSG00000137338.5	ENST00000259883.3	1	0	0	0	0	0	False	False	False
RAB6D	ENSG00000233087.7	ENST00000623617.2	4	0	0	0	0	0	False	False	False
SLC5A10	ENSG00000154025.15	ENST00000395645.3	1	0	0	0	0	0	False	False	False
TLCD4	ENSG00000152078.10	ENST00000370203.9	1	1	0	0	0	1	True	False	True
ABRACL	ENSG00000146386.8	ENST00000367660.4	1	0	0	0	0	0	False	False	False
AC114490.3	ENSG00000284773.1	ENST00000417456.1	3	0	0	0	0	0	False	False	False
CLIP2	ENSG00000106665.16	ENST00000223398.11	1	0	0	0	0	0	False	False	False
EMC9	ENSG00000100908.14	ENST00000419198.6	1	0	0	0	0	0	False	False	False
LRRC7	ENSG00000033122.21	ENST00000310961.9	1	0	0	0	0	0	False	False	False
PARP9	ENSG00000138496.16	ENST00000360356.6	1	0	0	0	0	0	False	False	False
PEX11B	ENSG00000131779.11	ENST00000369306.8	1	0	0	0	0	0	False	False	False
PJVK	ENSG00000204311.15	ENST00000644580.2	2	0	0	0	0	0	False	False	False
USP6NL	ENSG00000148429.14	ENST00000609104.5	1	0	0	0	0	0	False	False	False
ZC2HC1A	ENSG00000104427.12	ENST00000263849.9	1	0	0	0	0	0	False	False	False
ABCB10	ENSG00000135776.5	ENST00000344517.5	1	3	0	0	0	3	True	False	True
BBS10	ENSG00000179941.9	ENST00000650064.2	1	0	0	0	0	0	False	False	False
DKK2	ENSG00000155011.9	ENST00000285311.8	2	0	0	0	0	0	False	False	False
EDA	ENSG00000158813.18	ENST00000374552.9	2	0	0	0	0	0	False	False	False
FAAP100	ENSG00000185504.17	ENST00000327787.13	1	0	0	0	0	0	False	False	False
FIG4	ENSG00000112367.11	ENST00000230124.8	1	0	0	0	0	0	False	False	False
IFNAR2	ENSG00000159110.20	ENST00000342136.9	3	0	0	0	0	0	False	False	False
IL17RA	ENSG00000177663.14	ENST00000319363.11	1	0	0	0	0	0	False	False	False
MTRNR2L3	ENSG00000256222.3	ENST00000543500.3	4	0	0	0	0	0	False	False	False
NFKBIB	ENSG00000104825.17	ENST00000313582.6	1	0	0	0	0	0	False	False	False
NRBF2	ENSG00000148572.16	ENST00000277746.11	2	5	0	0	0	5	True	False	True
PDCD2L	ENSG00000126249.8	ENST00000246535.4	1	1	0	0	0	1	True	False	True
SDK1	ENSG00000146555.19	ENST00000404826.7	1	0	0	0	0	0	False	False	False
SP140	ENSG00000079263.19	ENST00000392045.8	1	0	0	0	0	0	False	False	False
TACSTD2	ENSG00000184292.7	ENST00000371225.4	1	0	0	0	0	0	False	False	False
TAFA1	ENSG00000183662.11	ENST00000478136.6	2	0	0	0	0	0	False	False	False
ZCCHC2	ENSG00000141664.10	ENST00000269499.10	1	0	0	0	0	0	False	False	False
ZNF695	ENSG00000197472.15	ENST00000339986.8	3	0	0	0	0	0	False	False	False
BCL9	ENSG00000116128.11	ENST00000234739.8	1	1	0	0	0	1	True	False	True
CD70	ENSG00000125726.11	ENST00000245903.4	2	0	0	0	0	0	False	False	False
CHST3	ENSG00000122863.6	ENST00000373115.5	1	0	0	0	0	0	False	False	False
FDXR	ENSG00000161513.12	ENST00000293195.10	1	0	0	0	0	0	False	False	False
KDM6A	ENSG00000147050.15	ENST00000377967.8	1	0	0	0	0	0	False	False	False
KLHL24	ENSG00000114796.16	ENST00000454652.6	1	0	0	0	0	0	False	False	False
LYRM7	ENSG00000186687.16	ENST00000379380.9	1	0	0	0	0	0	False	False	False
NENF	ENSG00000117691.10	ENST00000366988.5	1	3	0	0	0	3	True	False	True
PISD	ENSG00000241878.11	ENST00000439502.6	1	0	0	0	0	0	False	False	False
RAB8B	ENSG00000166128.13	ENST00000321437.9	1	1	0	0	0	1	True	False	True
SETD1B	ENSG00000139718.10	ENST00000604567.5	1	0	0	0	0	0	False	False	False
SLC9A8	ENSG00000197818.11	ENST00000361573.2	1	0	0	0	0	0	False	False	False
SLFN5	ENSG00000166750.10	ENST00000299977.9	1	0	0	0	0	0	False	False	False
AL591806.4	ENSG00000270149.5	ENST00000289779.7	1	0	0	0	0	0	False	False	False
BDH1	ENSG00000161267.12	ENST00000392379.6	1	0	0	0	0	0	False	False	False
BTN2A1	ENSG00000112763.17	ENST00000312541.10	1	0	0	0	0	0	False	False	False
CCDC112	ENSG00000164221.13	ENST00000379611.10	1	1	0	0	0	1	True	False	True
MTMR10	ENSG00000166912.17	ENST00000435680.6	1	0	0	0	0	0	False	False	False
NUBPL	ENSG00000151413.17	ENST00000281081.12	1	0	0	0	0	0	False	False	False
PTPDC1	ENSG00000158079.16	ENST00000375360.7	2	0	0	0	0	0	False	False	False
RECQL4	ENSG00000160957.14	ENST00000617875.6	1	0	0	0	0	0	False	False	False
RHPN2	ENSG00000131941.8	ENST00000254260.8	1	0	0	0	0	0	False	False	False
RIC8B	ENSG00000111785.21	ENST00000392837.9	1	0	0	0	0	0	False	False	False
SPPL2B	ENSG00000005206.17	ENST00000613503.5	3	0	0	0	0	0	False	False	False
TUBB8B	ENSG00000173213.9	ENST00000308911.8	4	1	0	0	0	1	True	False	True
VPS9D1	ENSG00000075399.14	ENST00000389386.8	3	0	0	0	0	0	False	False	False
AL034430.2	ENSG00000285723.1	ENST00000649912.1	3	0	0	0	0	0	False	False	False
C7orf25	ENSG00000136197.12	ENST00000350427.4	3	0	0	0	0	0	False	False	False
CASKIN2	ENSG00000177303.10	ENST00000321617.8	1	0	0	0	0	0	False	False	False
EEF1AKMT4-ECE2	ENSG00000284917.1	ENST00000402825.7	3	0	0	0	0	0	False	False	False
ORMDL3	ENSG00000172057.10	ENST00000394169.5	1	1	0	0	0	1	True	False	True
PRDM4	ENSG00000110851.12	ENST00000228437.10	1	0	0	0	0	0	False	False	False
SLC9A3	ENSG00000066230.12	ENST00000264938.8	1	2	1	0	0	3	True	True	True
SMDT1	ENSG00000183172.9	ENST00000331479.4	1	0	0	0	0	0	False	False	False
TBC1D17	ENSG00000104946.13	ENST00000221543.10	1	0	0	0	0	0	False	False	False
TMEM35B	ENSG00000243749.1	ENST00000373337.3	3	0	0	0	0	0	False	False	False
TSSC4	ENSG00000184281.15	ENST00000380996.9	1	0	0	0	0	0	False	False	False
ZNF260	ENSG00000254004.7	ENST00000523638.6	1	0	0	0	0	0	False	False	False
ADAMTSL3	ENSG00000156218.13	ENST00000286744.10	1	0	0	0	0	0	False	False	False
COBLL1	ENSG00000082438.17	ENST00000375458.6	1	0	0	0	0	0	False	False	False
HDGFL3	ENSG00000166503.9	ENST00000299633.7	1	1	0	0	0	1	True	False	True
KRBOX4	ENSG00000147121.16	ENST00000344302.9	4	0	0	0	0	0	False	False	False
NACA2	ENSG00000253506.3	ENST00000521764.3	4	2	0	0	0	2	True	False	True
PDK3	ENSG00000067992.15	ENST00000568479.2	1	1	0	0	0	1	True	False	True
RFX2	ENSG00000087903.13	ENST00000303657.10	1	0	0	0	0	0	False	False	False
RIDA	ENSG00000132541.11	ENST00000254878.8	1	3	0	0	1	4	True	False	True
RNF146	ENSG00000118518.15	ENST00000368314.5	1	0	0	0	0	0	False	False	False
SNRNP25	ENSG00000161981.11	ENST00000293861.8	1	0	0	0	0	0	False	False	False
TRMT13	ENSG00000122435.10	ENST00000370141.7	1	0	0	0	0	0	False	False	False
YBEY	ENSG00000182362.14	ENST00000329319.7	1	0	0	0	0	0	False	False	False
AC112504.2	ENSG00000285558.1	ENST00000648835.1	1	0	0	0	0	0	False	False	False
ACSF3	ENSG00000176715.17	ENST00000614302.5	1	0	0	0	0	0	False	False	False
ARHGEF17	ENSG00000110237.5	ENST00000263674.4	1	0	0	0	0	0	False	False	False
CDR2L	ENSG00000109089.7	ENST00000337231.5	1	0	0	0	0	0	False	False	False
CYB561	ENSG00000008283.16	ENST00000392976.5	1	0	0	0	0	0	False	False	False
FAM83G	ENSG00000188522.15	ENST00000388995.11	1	0	0	0	0	0	False	False	False
FMO1	ENSG00000010932.17	ENST00000354841.4	2	0	0	0	0	0	False	False	False
FOXP2	ENSG00000128573.26	ENST00000350908.9	1	0	0	0	0	0	False	False	False
HDAC5	ENSG00000108840.15	ENST00000586802.5	1	0	0	0	0	0	False	False	False
HIVEP2	ENSG00000010818.10	ENST00000367604.6	1	0	0	0	0	0	False	False	False
MANEAL	ENSG00000185090.14	ENST00000373045.10	1	1	0	0	0	1	True	False	True
MTRF1L	ENSG00000112031.16	ENST00000367233.10	2	1	0	0	0	1	True	False	True
NIPAL3	ENSG00000001461.17	ENST00000374399.9	1	0	0	0	0	0	False	False	False
NPR1	ENSG00000169418.10	ENST00000368680.4	1	0	0	0	0	0	False	False	False
NUAK1	ENSG00000074590.13	ENST00000261402.6	1	0	0	0	0	0	False	False	False
PAK6	ENSG00000137843.12	ENST00000560346.5	1	0	0	0	0	0	False	False	False
SRD5A3	ENSG00000128039.11	ENST00000264228.9	1	1	0	0	0	1	True	False	True
STBD1	ENSG00000118804.8	ENST00000237642.6	3	1	0	0	0	1	True	False	True
TEAD2	ENSG00000074219.14	ENST00000311227.6	1	0	0	0	0	0	False	False	False
XRCC2	ENSG00000196584.3	ENST00000359321.2	1	0	0	0	0	0	False	False	False
ASB1	ENSG00000065802.12	ENST00000264607.9	1	0	0	0	0	0	False	False	False
BPGM	ENSG00000172331.12	ENST00000393132.2	1	0	0	0	0	0	False	False	False
EML2	ENSG00000125746.17	ENST00000536630.5	1	0	0	0	0	0	False	False	False
RAC3	ENSG00000169750.9	ENST00000306897.9	1	0	0	0	0	0	False	False	False
TAF5	ENSG00000148835.11	ENST00000369839.4	1	0	0	0	0	0	False	False	False
WNT5B	ENSG00000111186.13	ENST00000397196.7	1	0	0	0	0	0	False	False	False
ZMYM6	ENSG00000163867.17	ENST00000357182.9	3	0	0	0	0	0	False	False	False
ZNF346	ENSG00000113761.12	ENST00000358149.8	1	0	0	0	0	0	False	False	False
ZNF584	ENSG00000171574.18	ENST00000306910.9	1	0	0	0	0	0	False	False	False
ZNF592	ENSG00000166716.10	ENST00000560079.7	1	0	0	0	0	0	False	False	False
AL020996.2	ENSG00000255054.3	ENST00000527604.1	3	0	0	0	0	0	False	False	False
CLSTN3	ENSG00000139182.15	ENST00000266546.11	1	0	0	0	0	0	False	False	False
DECR2	ENSG00000242612.7	ENST00000219481.10	1	0	0	0	0	0	False	False	False
DOLPP1	ENSG00000167130.18	ENST00000372546.9	1	0	0	0	0	0	False	False	False
H1-3	ENSG00000124575.7	ENST00000244534.7	1	0	0	0	0	0	False	False	False
HLA-F	ENSG00000204642.14	ENST00000259951.12	4	0	0	0	0	0	False	False	False
NUDT16	ENSG00000198585.12	ENST00000521288.2	1	0	0	0	0	0	False	False	False
PELI2	ENSG00000139946.10	ENST00000267460.9	1	0	0	0	0	0	False	False	False
RHOBTB2	ENSG00000008853.17	ENST00000251822.7	1	0	0	0	0	0	False	False	False
SCML1	ENSG00000047634.15	ENST00000380041.8	1	0	0	0	0	0	False	False	False
SEMA4B	ENSG00000185033.14	ENST00000411539.6	1	0	0	0	0	0	False	False	False
TMEM63A	ENSG00000196187.12	ENST00000366835.8	1	0	0	0	0	0	False	False	False
TMTC4	ENSG00000125247.15	ENST00000376234.7	1	1	0	0	0	1	True	False	True
TSEN54	ENSG00000182173.13	ENST00000333213.11	1	0	0	0	0	0	False	False	False
ZNF280C	ENSG00000056277.16	ENST00000370978.9	1	0	0	0	0	0	False	False	False
ABCC8	ENSG00000006071.15	ENST00000389817.8	2	0	0	0	0	0	False	False	False
C1orf35	ENSG00000143793.13	ENST00000272139.5	1	0	0	0	0	0	False	False	False
CLOCK	ENSG00000134852.15	ENST00000513440.6	1	0	0	0	0	0	False	False	False
GGT2	ENSG00000133475.17	ENST00000401924.5	4	0	0	0	0	0	False	False	False
ICAM5	ENSG00000105376.5	ENST00000221980.5	1	0	0	0	0	0	False	False	False
MR1	ENSG00000153029.14	ENST00000614012.4	1	0	0	0	0	0	False	False	False
OSBPL5	ENSG00000021762.20	ENST00000263650.12	1	0	0	0	0	0	False	False	False
ZNF468	ENSG00000204604.12	ENST00000595646.6	4	0	0	0	0	0	False	False	False
ZNF614	ENSG00000142556.19	ENST00000270649.11	1	0	0	0	0	0	False	False	False
AHDC1	ENSG00000126705.15	ENST00000374011.6	1	0	0	0	0	0	False	False	False
BCAM	ENSG00000187244.12	ENST00000270233.12	1	0	0	0	0	0	False	False	False
FBXO45	ENSG00000174013.8	ENST00000311630.7	1	0	0	0	0	0	False	False	False
MIS18A	ENSG00000159055.4	ENST00000290130.4	1	0	0	0	0	0	False	False	False
MRPL57	ENSG00000173141.5	ENST00000309594.5	1	0	0	0	0	0	False	False	False
MTRES1	ENSG00000130349.10	ENST00000405204.6	1	2	0	0	0	2	True	False	True
OSGIN2	ENSG00000164823.11	ENST00000451899.7	1	0	0	0	0	0	False	False	False
PHF21A	ENSG00000135365.15	ENST00000323180.10	1	0	0	0	0	0	False	False	False
RHBDD1	ENSG00000144468.17	ENST00000392062.7	1	1	0	0	0	1	True	False	True
SGSH	ENSG00000181523.13	ENST00000326317.11	1	0	0	0	0	0	False	False	False
SMAD6	ENSG00000137834.15	ENST00000288840.10	1	0	0	0	0	0	False	False	False
SPRYD7	ENSG00000123178.15	ENST00000361840.8	1	1	0	0	0	1	True	False	True
ZNF827	ENSG00000151612.18	ENST00000503462.3	1	0	0	0	0	0	False	False	False
ZSWIM4	ENSG00000132003.9	ENST00000254323.6	1	0	0	0	0	0	False	False	False
ANKRD13B	ENSG00000198720.13	ENST00000394859.8	1	0	0	0	0	0	False	False	False
ANKRD23	ENSG00000163126.15	ENST00000318357.9	1	0	0	0	0	0	False	False	False
EBF1	ENSG00000164330.17	ENST00000313708.11	1	0	0	0	0	0	False	False	False
RESF1	ENSG00000174718.12	ENST00000312561.9	1	0	0	0	0	0	False	False	False
TMEM243	ENSG00000135185.12	ENST00000433078.5	1	0	0	0	0	0	False	False	False
ZNF776	ENSG00000152443.13	ENST00000317178.10	1	0	0	0	0	0	False	False	False
ACYP2	ENSG00000170634.13	ENST00000394666.7	1	0	0	0	0	0	False	False	False
CTDSP1	ENSG00000144579.7	ENST00000273062.6	1	0	0	0	0	0	False	False	False
FAM53C	ENSG00000120709.11	ENST00000239906.10	1	0	0	0	0	0	False	False	False
GSTZ1	ENSG00000100577.19	ENST00000216465.10	1	0	0	0	0	0	False	False	False
GYG2	ENSG00000056998.20	ENST00000381163.7	1	1	0	0	0	1	True	False	True
NSMF	ENSG00000165802.23	ENST00000371475.9	1	0	0	0	0	0	False	False	False
SIRT6	ENSG00000077463.15	ENST00000337491.7	1	0	0	0	0	0	False	False	False
SMUG1	ENSG00000123415.15	ENST00000508394.6	1	1	0	0	0	1	True	False	True
TMEM220	ENSG00000187824.9	ENST00000341871.8	1	0	0	0	1	1	False	False	True
TMEM64	ENSG00000180694.14	ENST00000458549.7	1	0	0	0	0	0	False	False	False
ZCCHC4	ENSG00000168228.15	ENST00000302874.9	1	0	0	0	0	0	False	False	False
ZNF717	ENSG00000227124.11	ENST00000652011.2	1	0	0	0	0	0	False	False	False
ZNF720	ENSG00000197302.10	ENST00000316491.13	3	0	0	0	0	0	False	False	False
ARHGAP18	ENSG00000146376.11	ENST00000368149.3	1	0	0	0	0	0	False	False	False
BCL7C	ENSG00000099385.11	ENST00000215115.4	1	0	0	0	0	0	False	False	False
BNIP1	ENSG00000113734.17	ENST00000351486.9	1	0	0	0	0	0	False	False	False
BRD3OS	ENSG00000235106.10	ENST00000603928.3	1	0	0	0	0	0	False	False	False
CDK19	ENSG00000155111.15	ENST00000368911.8	1	0	0	0	0	0	False	False	False
CNTNAP2	ENSG00000174469.23	ENST00000361727.8	4	0	0	0	0	0	False	False	False
CYTH2	ENSG00000105443.15	ENST00000452733.7	1	0	0	0	0	0	False	False	False
EPC1	ENSG00000120616.16	ENST00000319778.11	1	0	0	0	0	0	False	False	False
FAM86B1	ENSG00000186523.14	ENST00000533852.6	4	0	0	0	0	0	False	False	False
GPR183	ENSG00000169508.7	ENST00000376414.5	1	0	0	0	0	0	False	False	False
KRCC1	ENSG00000172086.9	ENST00000347055.4	1	0	0	0	0	0	False	False	False
MBTD1	ENSG00000011258.16	ENST00000586178.6	1	0	0	0	1	1	False	False	True
MIIP	ENSG00000116691.11	ENST00000235332.6	1	0	0	0	0	0	False	False	False
MTRF1	ENSG00000120662.16	ENST00000379480.9	1	0	0	0	0	0	False	False	False
NEURL4	ENSG00000215041.10	ENST00000399464.7	1	0	0	0	0	0	False	False	False
PURA	ENSG00000185129.7	ENST00000331327.5	1	0	0	0	0	0	False	False	False
TRMT10A	ENSG00000145331.14	ENST00000273962.7	1	0	0	0	0	0	False	False	False
ACSF2	ENSG00000167107.12	ENST00000300441.8	1	0	0	0	0	0	False	False	False
CCDC107	ENSG00000159884.12	ENST00000378409.7	1	0	0	0	0	0	False	False	False
ENOX1	ENSG00000120658.13	ENST00000261488.10	1	0	0	0	0	0	False	False	False
GLI3	ENSG00000106571.14	ENST00000395925.8	1	0	0	0	0	0	False	False	False
HROB	ENSG00000125319.14	ENST00000319977.8	1	0	0	0	0	0	False	False	False
KLHL2	ENSG00000109466.14	ENST00000226725.11	4	0	0	0	0	0	False	False	False
MNT	ENSG00000070444.15	ENST00000174618.5	1	0	0	0	0	0	False	False	False
NAA40	ENSG00000110583.13	ENST00000377793.9	1	1	0	0	0	1	True	False	True
NR1H3	ENSG00000025434.19	ENST00000467728.5	1	0	0	0	0	0	False	False	False
PPP1R35	ENSG00000160813.7	ENST00000292330.3	1	0	0	0	0	0	False	False	False
RPEL1	ENSG00000235376.5	ENST00000441178.2	4	2	0	0	0	2	True	False	True
RXYLT1	ENSG00000118600.12	ENST00000261234.11	1	0	0	0	0	0	False	False	False
SUOX	ENSG00000139531.13	ENST00000394109.7	1	1	0	0	0	1	True	False	True
TAF5L	ENSG00000135801.9	ENST00000258281.6	1	1	0	0	0	1	True	False	True
TNFAIP6	ENSG00000123610.5	ENST00000243347.5	1	0	0	0	0	0	False	False	False
TRIB3	ENSG00000101255.11	ENST00000217233.8	1	0	0	0	0	0	False	False	False
ZFPM2	ENSG00000169946.14	ENST00000407775.7	1	0	0	0	0	0	False	False	False
BRI3BP	ENSG00000184992.13	ENST00000341446.9	1	1	0	0	0	1	True	False	True
MPND	ENSG00000008382.15	ENST00000599840.5	1	0	0	0	0	0	False	False	False
MYL5	ENSG00000215375.6	ENST00000400159.6	1	0	0	0	0	0	False	False	False
OXLD1	ENSG00000204237.5	ENST00000374741.4	1	0	0	0	0	0	False	False	False
PBX2	ENSG00000204304.12	ENST00000375050.6	2	1	0	0	0	1	True	False	True
SRXN1	ENSG00000271303.2	ENST00000381962.4	3	1	0	0	0	1	True	False	True
TAF4	ENSG00000130699.18	ENST00000252996.8	1	0	0	0	0	0	False	False	False
TMEM141	ENSG00000244187.8	ENST00000290079.9	1	1	0	0	0	1	True	False	True
TMEM186	ENSG00000184857.8	ENST00000333050.7	1	0	0	0	0	0	False	False	False
USP12	ENSG00000152484.14	ENST00000282344.11	1	4	1	0	3	8	True	True	True
ZNF766	ENSG00000196214.11	ENST00000439461.6	1	0	0	0	0	0	False	False	False
BBOF1	ENSG00000119636.16	ENST00000394009.5	1	1	0	0	0	1	True	False	True
CCDC152	ENSG00000198865.10	ENST00000361970.10	1	0	0	0	0	0	False	False	False
DEAF1	ENSG00000177030.17	ENST00000382409.4	1	0	0	0	0	0	False	False	False
ERBB4	ENSG00000178568.15	ENST00000342788.9	4	0	0	0	0	0	False	False	False
FAM200A	ENSG00000221909.3	ENST00000449309.2	1	0	0	0	0	0	False	False	False
FRY	ENSG00000073910.22	ENST00000542859.6	1	0	0	0	0	0	False	False	False
GTPBP3	ENSG00000130299.17	ENST00000324894.13	1	0	0	0	0	0	False	False	False
ING5	ENSG00000168395.16	ENST00000313552.11	1	0	0	0	0	0	False	False	False
MFSD8	ENSG00000164073.11	ENST00000296468.8	1	0	0	0	0	0	False	False	False
PET117	ENSG00000232838.4	ENST00000432901.4	3	0	0	0	0	0	False	False	False
STK36	ENSG00000163482.12	ENST00000295709.8	1	0	0	0	0	0	False	False	False
TUBE1	ENSG00000074935.14	ENST00000368662.10	1	1	0	0	0	1	True	False	True
TXNDC16	ENSG00000087301.9	ENST00000281741.9	1	0	0	0	0	0	False	False	False
USB1	ENSG00000103005.12	ENST00000219281.8	1	0	0	0	0	0	False	False	False
ZNF264	ENSG00000083844.10	ENST00000263095.10	1	0	0	0	0	0	False	False	False
ANKRD54	ENSG00000100124.15	ENST00000215941.9	1	0	1	0	0	1	False	True	True
BET1L	ENSG00000177951.17	ENST00000382762.7	1	0	0	0	0	0	False	False	False
C9orf43	ENSG00000157653.11	ENST00000288462.4	1	0	0	0	0	0	False	False	False
CD68	ENSG00000129226.14	ENST00000250092.11	1	0	0	0	0	0	False	False	False
DNAJA4	ENSG00000140403.12	ENST00000394855.7	1	0	0	0	0	0	False	False	False
FAM214A	ENSG00000047346.12	ENST00000261844.11	1	0	0	0	0	0	False	False	False
FAM76B	ENSG00000077458.13	ENST00000358780.10	1	0	0	0	0	0	False	False	False
FBXW9	ENSG00000132004.13	ENST00000393261.8	1	0	0	0	0	0	False	False	False
GFER	ENSG00000127554.13	ENST00000248114.7	1	0	0	0	0	0	False	False	False
HNRNPCL2	ENSG00000275774.3	ENST00000621994.3	4	0	0	0	0	0	False	False	False
RECQL5	ENSG00000108469.15	ENST00000317905.10	1	0	0	0	0	0	False	False	False
SELENOO	ENSG00000073169.14	ENST00000380903.7	1	0	0	0	0	0	False	False	False
SESN1	ENSG00000080546.13	ENST00000436639.6	1	0	0	0	0	0	False	False	False
SIDT2	ENSG00000149577.16	ENST00000324225.9	1	0	0	0	0	0	False	False	False
SP2	ENSG00000167182.15	ENST00000376741.5	1	0	0	0	0	0	False	False	False
ZNF181	ENSG00000197841.15	ENST00000459757.6	4	0	0	0	0	0	False	False	False
ZNF749	ENSG00000186230.7	ENST00000334181.5	1	0	0	0	0	0	False	False	False
CLEC6A	ENSG00000205846.4	ENST00000382073.4	2	0	0	0	0	0	False	False	False
CT83	ENSG00000204019.5	ENST00000371894.5	1	0	0	0	0	0	False	False	False
CTNNA2	ENSG00000066032.18	ENST00000466387.5	2	0	0	0	0	0	False	False	False
GGA1	ENSG00000100083.19	ENST00000343632.9	1	0	0	0	0	0	False	False	False
KCNQ5	ENSG00000185760.15	ENST00000370398.5	4	0	0	0	0	0	False	False	False
MAST4	ENSG00000069020.18	ENST00000403625.6	1	0	0	0	0	0	False	False	False
PKD1	ENSG00000008710.20	ENST00000262304.9	2	0	0	0	0	0	False	False	False
RANBP10	ENSG00000141084.11	ENST00000317506.8	1	0	0	0	0	0	False	False	False
RRM2B	ENSG00000048392.12	ENST00000251810.8	1	0	0	0	0	0	False	False	False
SCD5	ENSG00000145284.12	ENST00000319540.9	1	0	0	0	0	0	False	False	False
SORL1	ENSG00000137642.13	ENST00000260197.12	1	0	0	0	0	0	False	False	False
TGIF2	ENSG00000118707.10	ENST00000373874.6	1	0	0	0	0	0	False	False	False
TSGA10	ENSG00000135951.16	ENST00000393483.8	2	0	0	0	1	1	False	False	True
UNC119B	ENSG00000175970.11	ENST00000344651.5	1	0	0	0	0	0	False	False	False
USF2	ENSG00000105698.16	ENST00000222305.8	1	0	0	0	0	0	False	False	False
ARHGAP19-SLIT1	ENSG00000269891.2	ENST00000479633.2	3	0	0	0	0	0	False	False	False
ARHGAP32	ENSG00000134909.18	ENST00000310343.13	1	0	0	0	0	0	False	False	False
BAMBI	ENSG00000095739.11	ENST00000375533.6	1	0	0	0	0	0	False	False	False
GAS2L3	ENSG00000139354.11	ENST00000547754.6	1	0	0	0	0	0	False	False	False
ITPK1	ENSG00000100605.17	ENST00000267615.11	1	1	0	0	0	1	True	False	True
NR2C1	ENSG00000120798.17	ENST00000333003.10	1	0	0	0	0	0	False	False	False
SELENON	ENSG00000162430.17	ENST00000361547.7	1	0	0	0	0	0	False	False	False
STX2	ENSG00000111450.14	ENST00000261653.10	1	0	0	0	0	0	False	False	False
ZNF714	ENSG00000160352.16	ENST00000456283.7	1	0	0	0	0	0	False	False	False
CRTC2	ENSG00000160741.17	ENST00000368633.2	1	0	0	0	1	1	False	False	True
DVL1	ENSG00000107404.20	ENST00000378888.10	1	0	0	0	0	0	False	False	False
DXO	ENSG00000204348.10	ENST00000375349.7	1	0	0	0	0	0	False	False	False
ENTPD6	ENSG00000197586.13	ENST00000376652.9	1	0	0	0	0	0	False	False	False
EPB41L5	ENSG00000115109.14	ENST00000443124.5	1	1	0	0	0	1	True	False	True
GORAB	ENSG00000120370.12	ENST00000367763.7	1	0	0	0	0	0	False	False	False
HSD17B7	ENSG00000132196.15	ENST00000254521.7	2	1	0	0	0	1	True	False	True
LHFPL6	ENSG00000183722.9	ENST00000379589.4	1	0	0	0	0	0	False	False	False
MBLAC2	ENSG00000176055.10	ENST00000316610.7	1	0	0	0	0	0	False	False	False
PRKCZ	ENSG00000067606.17	ENST00000378567.8	1	0	0	0	0	0	False	False	False
PRRG1	ENSG00000130962.17	ENST00000542554.5	1	0	0	0	0	0	False	False	False
SAMD8	ENSG00000156671.15	ENST00000671800.1	1	0	0	0	0	0	False	False	False
SLC41A2	ENSG00000136052.9	ENST00000258538.7	1	0	1	0	0	1	False	True	True
SNAP25	ENSG00000132639.13	ENST00000254976.7	1	0	0	0	0	0	False	False	False
TSPYL4	ENSG00000187189.11	ENST00000420283.3	1	0	0	0	0	0	False	False	False
UBE3D	ENSG00000118420.17	ENST00000369747.8	3	0	0	0	0	0	False	False	False
ZUP1	ENSG00000153975.10	ENST00000368576.8	1	0	0	0	0	0	False	False	False
CFAP47	ENSG00000165164.14	ENST00000378653.8	2	0	0	0	0	0	False	False	False
GATAD1	ENSG00000157259.8	ENST00000287957.5	1	0	0	0	0	0	False	False	False
HARBI1	ENSG00000180423.4	ENST00000326737.3	1	0	0	0	0	0	False	False	False
JAZF1	ENSG00000153814.13	ENST00000283928.10	1	0	0	0	0	0	False	False	False
MAML2	ENSG00000184384.14	ENST00000524717.6	1	0	0	0	0	0	False	False	False
ZNF124	ENSG00000196418.12	ENST00000543802.2	1	0	0	0	0	0	False	False	False
ZSWIM5	ENSG00000162415.7	ENST00000359600.6	2	2	1	0	0	3	True	True	True
CCDC28B	ENSG00000160050.14	ENST00000373602.9	1	0	0	0	0	0	False	False	False
MAP3K5	ENSG00000197442.10	ENST00000359015.5	1	0	0	0	0	0	False	False	False
PALM	ENSG00000099864.18	ENST00000338448.10	1	0	0	0	0	0	False	False	False
PLEKHM1	ENSG00000225190.11	ENST00000430334.8	2	0	0	0	0	0	False	False	False
RNASET2	ENSG00000026297.16	ENST00000620173.4	1	1	0	0	0	1	True	False	True
RRNAD1	ENSG00000143303.12	ENST00000368218.8	1	0	0	0	0	0	False	False	False
SHROOM3	ENSG00000138771.16	ENST00000296043.7	2	0	0	0	0	0	False	False	False
SNX11	ENSG00000002919.14	ENST00000393405.6	1	0	0	0	0	0	False	False	False
DOCK3	ENSG00000088538.13	ENST00000266037.10	4	0	0	0	0	0	False	False	False
POGLUT1	ENSG00000163389.12	ENST00000295588.9	1	0	0	0	0	0	False	False	False
PYCR3	ENSG00000104524.14	ENST00000220966.10	1	0	0	0	0	0	False	False	False
RFX3	ENSG00000080298.15	ENST00000382004.7	1	0	0	0	0	0	False	False	False
RNFT2	ENSG00000135119.14	ENST00000257575.8	1	0	0	0	0	0	False	False	False
RRAS	ENSG00000126458.4	ENST00000246792.4	1	0	0	0	0	0	False	False	False
SHB	ENSG00000107338.10	ENST00000377707.4	3	0	0	0	0	0	False	False	False
SIX4	ENSG00000100625.9	ENST00000216513.5	1	0	0	0	0	0	False	False	False
TMUB1	ENSG00000164897.14	ENST00000392818.7	1	0	0	0	0	0	False	False	False
YIPF1	ENSG00000058799.15	ENST00000072644.7	1	0	0	0	0	0	False	False	False
B4GALT2	ENSG00000117411.16	ENST00000356836.10	1	0	0	0	0	0	False	False	False
CCDC137	ENSG00000185298.13	ENST00000329214.13	1	1	0	0	0	1	True	False	True
GABRQ	ENSG00000268089.3	ENST00000598523.3	1	0	0	0	0	0	False	False	False
PEX7	ENSG00000112357.13	ENST00000318471.5	1	0	0	0	0	0	False	False	False
RBCK1	ENSG00000125826.21	ENST00000356286.10	1	0	0	0	0	0	False	False	False
SNX16	ENSG00000104497.14	ENST00000396330.6	4	0	0	0	0	0	False	False	False
TGDS	ENSG00000088451.11	ENST00000261296.7	1	0	0	0	0	0	False	False	False
ZKSCAN5	ENSG00000196652.11	ENST00000394170.6	1	0	0	0	0	0	False	False	False
BTBD6	ENSG00000184887.13	ENST00000392554.7	1	1	0	0	0	1	True	False	True
CNOT6L	ENSG00000138767.13	ENST00000649644.1	2	1	0	0	0	1	True	False	True
DHODH	ENSG00000102967.12	ENST00000219240.9	1	0	0	0	0	0	False	False	False
DNAL1	ENSG00000119661.15	ENST00000553645.7	1	0	0	0	0	0	False	False	False
GK	ENSG00000198814.12	ENST00000427190.5	4	1	0	0	0	1	True	False	True
HNRNPCL3	ENSG00000277058.2	ENST00000617807.2	4	0	0	0	0	0	False	False	False
HNRNPCL4	ENSG00000179412.11	ENST00000323770.8	4	0	0	0	0	0	False	False	False
MDGA2	ENSG00000139915.21	ENST00000399232.8	2	0	0	0	0	0	False	False	False
PHACTR1	ENSG00000112137.17	ENST00000332995.11	4	0	0	0	0	0	False	False	False
SLC9A1	ENSG00000090020.11	ENST00000263980.8	1	0	0	0	0	0	False	False	False
TFPT	ENSG00000105619.13	ENST00000391759.5	1	0	0	0	0	0	False	False	False
TIFA	ENSG00000145365.11	ENST00000361717.4	1	0	0	0	0	0	False	False	False
TRIM21	ENSG00000132109.10	ENST00000254436.8	1	0	0	0	0	0	False	False	False
ZP3	ENSG00000188372.15	ENST00000394857.8	1	1	0	0	0	1	True	False	True
ARHGAP19	ENSG00000213390.11	ENST00000358531.9	3	0	0	0	0	0	False	False	False
DEPDC5	ENSG00000100150.20	ENST00000642696.1	3	0	0	0	0	0	False	False	False
ELFN1	ENSG00000225968.7	ENST00000424383.4	3	0	0	0	0	0	False	False	False
ESR2	ENSG00000140009.18	ENST00000341099.5	1	0	0	0	0	0	False	False	False
FAM169A	ENSG00000198780.12	ENST00000389156.9	1	0	0	0	0	0	False	False	False
KIF16B	ENSG00000089177.18	ENST00000354981.6	1	0	0	0	0	0	False	False	False
MFGE8	ENSG00000140545.15	ENST00000268150.13	1	0	0	0	0	0	False	False	False
NYAP2	ENSG00000144460.12	ENST00000636099.1	1	0	0	0	0	0	False	False	False
OMA1	ENSG00000162600.12	ENST00000371226.8	1	0	0	0	0	0	False	False	False
PIPOX	ENSG00000179761.12	ENST00000323372.9	2	0	0	0	0	0	False	False	False
PLEKHJ1	ENSG00000104886.12	ENST00000589097.6	1	0	0	0	0	0	False	False	False
PSMG4	ENSG00000180822.12	ENST00000438998.7	1	0	0	0	0	0	False	False	False
RPUSD4	ENSG00000165526.9	ENST00000298317.9	1	0	0	0	0	0	False	False	False
TAZ	ENSG00000102125.16	ENST00000612460.5	1	0	0	0	0	0	False	False	False
AP1G2	ENSG00000213983.12	ENST00000308724.9	1	0	0	0	0	0	False	False	False
DKK3	ENSG00000050165.18	ENST00000396505.7	1	0	0	0	0	0	False	False	False
FANCE	ENSG00000112039.5	ENST00000229769.3	1	0	0	0	0	0	False	False	False
HAGH	ENSG00000063854.13	ENST00000397356.8	1	0	0	0	0	0	False	False	False
NCR3LG1	ENSG00000188211.9	ENST00000338965.9	1	0	0	0	0	0	False	False	False
PIP5K1B	ENSG00000107242.20	ENST00000265382.8	1	0	0	0	0	0	False	False	False
PUDP	ENSG00000130021.15	ENST00000381077.10	1	2	0	0	0	2	True	False	True
RAB11FIP2	ENSG00000107560.12	ENST00000355624.8	1	0	0	0	0	0	False	False	False
RNPC3	ENSG00000185946.16	ENST00000533099.5	1	1	0	0	0	1	True	False	True
THAP1	ENSG00000131931.8	ENST00000254250.7	1	0	0	0	0	0	False	False	False
ZNF184	ENSG00000096654.15	ENST00000211936.10	1	0	0	0	0	0	False	False	False
ZNF574	ENSG00000105732.13	ENST00000222339.7	1	0	0	0	0	0	False	False	False
ZNF611	ENSG00000213020.10	ENST00000543227.5	4	0	0	0	0	0	False	False	False
ZNF730	ENSG00000183850.14	ENST00000597761.7	2	0	0	0	0	0	False	False	False
ABT1	ENSG00000146109.5	ENST00000274849.3	1	1	0	0	0	1	True	False	True
ANKRD18A	ENSG00000180071.20	ENST00000399703.6	4	0	0	0	0	0	False	False	False
AVEN	ENSG00000169857.8	ENST00000306730.8	1	0	0	0	0	0	False	False	False
BTBD9	ENSG00000183826.18	ENST00000481247.6	1	0	0	0	0	0	False	False	False
CUL9	ENSG00000112659.14	ENST00000252050.9	1	0	0	0	0	0	False	False	False
GALT	ENSG00000213930.12	ENST00000378842.8	1	0	0	0	0	0	False	False	False
HSPB7	ENSG00000173641.17	ENST00000311890.13	1	0	0	0	0	0	False	False	False
ING2	ENSG00000168556.7	ENST00000302327.4	1	0	0	0	0	0	False	False	False
MED12L	ENSG00000144893.12	ENST00000474524.5	1	0	0	0	0	0	False	False	False
MICAL3	ENSG00000243156.9	ENST00000441493.7	1	0	0	0	0	0	False	False	False
NMNAT1	ENSG00000173614.14	ENST00000377205.6	1	5	0	0	0	5	True	False	True
PACRGL	ENSG00000163138.19	ENST00000503585.6	1	1	0	0	0	1	True	False	True
PTPN3	ENSG00000070159.14	ENST00000374541.4	1	0	0	0	0	0	False	False	False
TRIM38	ENSG00000112343.11	ENST00000357085.5	1	1	0	0	0	1	True	False	True
UBE2W	ENSG00000104343.21	ENST00000602593.6	3	1	0	0	0	1	True	False	True
WDR66	ENSG00000158023.10	ENST00000288912.9	1	0	0	0	0	0	False	False	False
YAF2	ENSG00000015153.14	ENST00000534854.6	1	0	0	0	0	0	False	False	False
ZNF548	ENSG00000188785.12	ENST00000336128.12	1	0	0	0	0	0	False	False	False
ZNF700	ENSG00000196757.8	ENST00000254321.10	1	0	0	0	0	0	False	False	False
AL691442.2	ENSG00000251246.1	ENST00000505139.1	1	0	0	0	0	0	False	False	False
CDC14A	ENSG00000079335.20	ENST00000361544.11	2	0	0	0	0	0	False	False	False
CDIP1	ENSG00000089486.17	ENST00000399599.7	1	0	0	0	0	0	False	False	False
DCAF4	ENSG00000119599.17	ENST00000358377.7	1	0	0	0	0	0	False	False	False
EEF1AKMT4	ENSG00000284753.2	ENST00000324557.9	3	0	0	0	0	0	False	False	False
HES1	ENSG00000114315.4	ENST00000232424.4	1	0	0	0	0	0	False	False	False
IRF2	ENSG00000168310.11	ENST00000393593.8	1	0	0	0	0	0	False	False	False
JPH2	ENSG00000149596.7	ENST00000372980.4	1	0	0	0	0	0	False	False	False
SPINDOC	ENSG00000168005.9	ENST00000294244.9	1	0	0	0	0	0	False	False	False
SPTLC3	ENSG00000172296.13	ENST00000399002.7	1	0	0	0	0	0	False	False	False
TSNAXIP1	ENSG00000102904.14	ENST00000561639.5	1	0	0	0	0	0	False	False	False
WDR20	ENSG00000140153.17	ENST00000335263.9	1	0	0	0	0	0	False	False	False
AL117339.4	ENSG00000283930.1	ENST00000640275.1	1	0	0	0	0	0	False	False	False
CCDC115	ENSG00000136710.10	ENST00000259229.7	1	0	0	0	0	0	False	False	False
COX18	ENSG00000163626.17	ENST00000295890.8	1	0	0	0	0	0	False	False	False
EIF4EBP2	ENSG00000148730.7	ENST00000373218.5	1	3	0	0	0	3	True	False	True
EXOSC6	ENSG00000223496.3	ENST00000435634.3	1	0	0	0	0	0	False	False	False
ING1	ENSG00000153487.13	ENST00000333219.9	1	0	0	0	0	0	False	False	False
MECP2	ENSG00000169057.23	ENST00000303391.11	1	0	0	0	0	0	False	False	False
MMP26	ENSG00000167346.7	ENST00000380390.5	4	0	0	0	0	0	False	False	False
NOL4L	ENSG00000197183.14	ENST00000621426.6	1	0	0	0	0	0	False	False	False
PIP4P1	ENSG00000165782.10	ENST00000250489.8	1	1	0	0	0	1	True	False	True
PLCE1	ENSG00000138193.15	ENST00000371380.7	1	0	0	0	0	0	False	False	False
SIAH2	ENSG00000181788.4	ENST00000312960.4	1	0	0	0	0	0	False	False	False
SIX5	ENSG00000177045.10	ENST00000317578.7	1	0	0	0	0	0	False	False	False
SSBP4	ENSG00000130511.16	ENST00000270061.12	1	5	0	0	0	5	True	False	True
TATDN3	ENSG00000203705.11	ENST00000366974.9	1	0	0	0	0	0	False	False	False
VDR	ENSG00000111424.12	ENST00000229022.9	1	0	0	0	0	0	False	False	False
ZSCAN12	ENSG00000158691.14	ENST00000361028.5	1	0	0	0	0	0	False	False	False
C11orf65	ENSG00000166323.13	ENST00000615746.4	1	0	0	0	0	0	False	False	False
C8orf88	ENSG00000253250.3	ENST00000517562.3	1	0	0	0	0	0	False	False	False
CARD8	ENSG00000105483.18	ENST00000651546.1	1	0	0	0	0	0	False	False	False
DAB2IP	ENSG00000136848.17	ENST00000408936.7	1	0	0	0	0	0	False	False	False
RIPK4	ENSG00000183421.12	ENST00000332512.8	1	0	0	0	0	0	False	False	False
RP9	ENSG00000164610.9	ENST00000297157.8	1	0	0	0	1	1	False	False	True
SNRNP35	ENSG00000184209.15	ENST00000526639.3	1	0	0	0	0	0	False	False	False
TOP3B	ENSG00000100038.19	ENST00000398793.6	1	0	0	0	0	0	False	False	False
ZNF511	ENSG00000198546.15	ENST00000361518.10	1	0	0	0	0	0	False	False	False
AC011511.1	ENSG00000167807.15	ENST00000452032.6	3	0	0	0	0	0	False	False	False
ARAP3	ENSG00000120318.16	ENST00000239440.9	1	0	0	0	0	0	False	False	False
BCO2	ENSG00000197580.13	ENST00000357685.11	2	0	0	0	0	0	False	False	False
BCORL1	ENSG00000085185.15	ENST00000540052.5	1	0	0	0	0	0	False	False	False
CASTOR3	ENSG00000239521.8	ENST00000436886.7	4	0	0	0	0	0	False	False	False
CBY1	ENSG00000100211.10	ENST00000396811.6	1	2	0	0	0	2	True	False	True
CENPV	ENSG00000166582.10	ENST00000299736.5	1	0	0	0	0	0	False	False	False
CPQ	ENSG00000104324.16	ENST00000220763.10	1	0	0	0	0	0	False	False	False
MYORG	ENSG00000164976.9	ENST00000297625.8	1	0	0	0	0	0	False	False	False
NINJ1	ENSG00000131669.10	ENST00000375446.5	1	0	0	0	0	0	False	False	False
PRXL2A	ENSG00000122378.14	ENST00000606162.6	1	2	0	0	0	2	True	False	True
SIX2	ENSG00000170577.8	ENST00000303077.7	1	0	0	0	0	0	False	False	False
SRPX	ENSG00000101955.15	ENST00000378533.4	1	0	0	0	0	0	False	False	False
TYSND1	ENSG00000156521.14	ENST00000287078.7	1	0	0	0	0	0	False	False	False
ZBTB43	ENSG00000169155.10	ENST00000373464.5	1	0	0	0	0	0	False	False	False
ALPK1	ENSG00000073331.18	ENST00000650871.1	1	0	0	0	0	0	False	False	False
CDAN1	ENSG00000140326.13	ENST00000356231.4	1	0	0	0	0	0	False	False	False
CLEC2L	ENSG00000236279.7	ENST00000422142.7	2	0	0	0	0	0	False	False	False
DPH3	ENSG00000154813.10	ENST00000488423.2	1	1	0	0	0	1	True	False	True
GLDC	ENSG00000178445.10	ENST00000321612.8	2	1	0	0	0	1	True	False	True
MAPKAPK5	ENSG00000089022.14	ENST00000550735.7	1	1	0	0	0	1	True	False	True
PXK	ENSG00000168297.16	ENST00000356151.7	1	0	0	0	0	0	False	False	False
TCTEX1D2	ENSG00000213123.11	ENST00000325318.10	3	0	0	0	0	0	False	False	False
TJP2	ENSG00000119139.20	ENST00000377245.9	3	0	0	0	0	0	False	False	False
TRABD2B	ENSG00000269113.4	ENST00000606738.3	1	0	0	0	0	0	False	False	False
TTC23	ENSG00000103852.13	ENST00000394132.7	1	0	0	0	0	0	False	False	False
ZNF335	ENSG00000198026.8	ENST00000322927.3	1	0	0	0	0	0	False	False	False
ZXDC	ENSG00000070476.15	ENST00000389709.8	1	0	0	0	0	0	False	False	False
CHCHD5	ENSG00000125611.15	ENST00000324913.9	1	0	0	0	0	0	False	False	False
COMMD7	ENSG00000149600.11	ENST00000278980.10	3	0	0	0	0	0	False	False	False
FDX2	ENSG00000267673.6	ENST00000393708.3	3	1	0	0	0	1	True	False	True
FOXQ1	ENSG00000164379.7	ENST00000296839.5	1	0	0	0	0	0	False	False	False
PLEKHO2	ENSG00000241839.10	ENST00000323544.5	1	0	0	0	0	0	False	False	False
RCN3	ENSG00000142552.8	ENST00000270645.8	1	0	0	0	0	0	False	False	False
TMEM266	ENSG00000169758.13	ENST00000388942.8	1	0	0	0	0	0	False	False	False
ZNF768	ENSG00000169957.10	ENST00000380412.7	1	0	0	0	0	0	False	False	False
CKMT2	ENSG00000131730.16	ENST00000424301.6	3	0	0	0	0	0	False	False	False
DDX51	ENSG00000185163.10	ENST00000397333.4	1	0	0	0	0	0	False	False	False
ENDOD1	ENSG00000149218.5	ENST00000278505.5	1	0	0	0	0	0	False	False	False
IFTAP	ENSG00000166352.16	ENST00000446510.6	1	1	0	0	0	1	True	False	True
NEDD9	ENSG00000111859.17	ENST00000379446.10	1	0	0	0	0	0	False	False	False
PDE6D	ENSG00000156973.14	ENST00000287600.9	1	0	0	0	0	0	False	False	False
PLPP3	ENSG00000162407.9	ENST00000371250.4	2	0	0	0	0	0	False	False	False
PLXNB1	ENSG00000164050.13	ENST00000358536.8	1	0	0	0	0	0	False	False	False
RNF141	ENSG00000110315.7	ENST00000265981.7	1	0	0	0	0	0	False	False	False
SLC44A5	ENSG00000137968.16	ENST00000370855.5	2	0	0	0	0	0	False	False	False
TAF8	ENSG00000137413.16	ENST00000372977.8	1	0	0	0	0	0	False	False	False
TCEA2	ENSG00000171703.17	ENST00000343484.10	1	0	0	0	0	0	False	False	False
TTC39B	ENSG00000155158.20	ENST00000512701.6	1	0	0	1	0	1	False	False	True
CDA	ENSG00000158825.6	ENST00000375071.4	1	0	0	0	0	0	False	False	False
CNIH2	ENSG00000174871.11	ENST00000311445.7	1	0	0	0	0	0	False	False	False
FGD6	ENSG00000180263.14	ENST00000343958.9	2	0	0	0	0	0	False	False	False
GRM7	ENSG00000196277.16	ENST00000357716.9	2	0	0	0	0	0	False	False	False
MAP3K6	ENSG00000142733.17	ENST00000357582.3	1	0	0	0	0	0	False	False	False
MELTF	ENSG00000163975.12	ENST00000296350.10	1	0	0	0	0	0	False	False	False
NOX1	ENSG00000007952.18	ENST00000372966.8	4	0	0	0	0	0	False	False	False
UBE2D1	ENSG00000072401.15	ENST00000373910.9	1	0	0	0	0	0	False	False	False
ATXN7L3	ENSG00000087152.15	ENST00000389384.8	1	1	0	0	0	1	True	False	True
CRTC1	ENSG00000105662.16	ENST00000321949.13	1	1	0	0	0	1	True	False	True
CSRNP1	ENSG00000144655.15	ENST00000273153.10	1	0	0	0	0	0	False	False	False
ESS2	ENSG00000100056.12	ENST00000252137.11	1	0	0	0	0	0	False	False	False
HSPBAP1	ENSG00000169087.11	ENST00000306103.3	1	0	0	0	0	0	False	False	False
INPP5A	ENSG00000068383.19	ENST00000368594.8	1	0	0	0	0	0	False	False	False
NTN1	ENSG00000065320.9	ENST00000173229.7	1	0	0	0	0	0	False	False	False
PPM1F	ENSG00000100034.14	ENST00000263212.10	1	0	0	0	0	0	False	False	False
RABL2A	ENSG00000144134.18	ENST00000393165.7	4	0	0	0	0	0	False	False	False
SPDYE17	ENSG00000186645.9	ENST00000412399.2	4	0	0	0	0	0	False	False	False
ZDHHC12	ENSG00000160446.19	ENST00000372663.9	1	0	0	0	0	0	False	False	False
ZNF235	ENSG00000159917.17	ENST00000291182.9	1	0	0	0	0	0	False	False	False
BIN3	ENSG00000147439.13	ENST00000276416.11	1	0	0	0	0	0	False	False	False
C9orf40	ENSG00000135045.7	ENST00000376854.6	1	0	0	0	0	0	False	False	False
CBFA2T2	ENSG00000078699.22	ENST00000342704.11	1	0	0	0	0	0	False	False	False
CXorf38	ENSG00000185753.13	ENST00000327877.10	1	0	0	0	0	0	False	False	False
IER5	ENSG00000162783.11	ENST00000367577.7	1	0	0	0	0	0	False	False	False
LINS1	ENSG00000140471.17	ENST00000314742.13	1	0	0	0	0	0	False	False	False
MARVELD1	ENSG00000155254.13	ENST00000285605.8	1	0	0	0	0	0	False	False	False
MIEN1	ENSG00000141741.12	ENST00000394231.8	1	0	0	0	0	0	False	False	False
MSANTD3-TMEFF1	ENSG00000251349.3	ENST00000502978.1	3	0	0	0	0	0	False	False	False
NEU3	ENSG00000162139.10	ENST00000294064.9	1	0	0	0	0	0	False	False	False
SCARF2	ENSG00000244486.9	ENST00000622235.5	1	0	0	0	0	0	False	False	False
ZNF581	ENSG00000171425.10	ENST00000587252.5	1	0	0	0	0	0	False	False	False
FOXJ2	ENSG00000065970.9	ENST00000162391.8	1	0	0	0	0	0	False	False	False
FRMD4B	ENSG00000114541.15	ENST00000398540.8	1	0	0	0	0	0	False	False	False
JDP2	ENSG00000140044.13	ENST00000435893.6	1	0	0	0	0	0	False	False	False
KRT16	ENSG00000186832.9	ENST00000301653.9	4	0	0	0	0	0	False	False	False
MPP7	ENSG00000150054.18	ENST00000337532.9	1	0	0	0	0	0	False	False	False
OLFM2	ENSG00000105088.8	ENST00000264833.8	1	0	0	0	0	0	False	False	False
PAN2	ENSG00000135473.15	ENST00000440411.7	1	0	0	0	0	0	False	False	False
PARP11	ENSG00000111224.14	ENST00000228820.9	2	0	0	0	0	0	False	False	False
TRIQK	ENSG00000205133.12	ENST00000521988.6	1	0	0	0	0	0	False	False	False
ZNF160	ENSG00000170949.17	ENST00000429604.5	1	0	0	0	0	0	False	False	False
ZNF761	ENSG00000160336.15	ENST00000432094.6	4	0	0	0	0	0	False	False	False
ACTR3B	ENSG00000133627.18	ENST00000256001.13	4	8	0	0	0	8	True	False	True
CROT	ENSG00000005469.12	ENST00000331536.8	1	0	0	0	0	0	False	False	False
CTAG2	ENSG00000126890.13	ENST00000369585.3	1	0	0	0	0	0	False	False	False
PRAG1	ENSG00000275342.5	ENST00000615670.5	1	0	0	0	0	0	False	False	False
RAB6C	ENSG00000222014.6	ENST00000410061.4	4	0	0	0	0	0	False	False	False
SCG2	ENSG00000171951.5	ENST00000305409.3	1	0	0	0	0	0	False	False	False
SEMA4C	ENSG00000168758.11	ENST00000305476.10	1	0	0	0	0	0	False	False	False
TBC1D16	ENSG00000167291.16	ENST00000310924.7	1	0	0	0	0	0	False	False	False
TCF7L1	ENSG00000152284.5	ENST00000282111.4	2	0	0	0	0	0	False	False	False
TECPR2	ENSG00000196663.16	ENST00000359520.12	1	0	0	0	0	0	False	False	False
WDR37	ENSG00000047056.16	ENST00000263150.9	1	0	0	0	0	0	False	False	False
ZFP30	ENSG00000120784.16	ENST00000351218.6	1	0	0	0	0	0	False	False	False
ERMARD	ENSG00000130023.16	ENST00000366773.8	1	0	0	0	0	0	False	False	False
GPT2	ENSG00000166123.14	ENST00000340124.9	1	0	0	0	0	0	False	False	False
PDK1	ENSG00000152256.14	ENST00000282077.8	1	2	0	0	0	2	True	False	True
SVOPL	ENSG00000157703.16	ENST00000674285.1	4	0	0	0	0	0	False	False	False
ZEB2	ENSG00000169554.21	ENST00000627532.3	1	0	0	0	0	0	False	False	False
CDKN2AIPNL	ENSG00000237190.4	ENST00000458198.3	1	3	0	0	0	3	True	False	True
CEP68	ENSG00000011523.14	ENST00000377990.7	1	0	0	0	0	0	False	False	False
DCP2	ENSG00000172795.16	ENST00000389063.3	1	0	0	0	0	0	False	False	False
GEMIN7	ENSG00000142252.11	ENST00000270257.9	1	0	0	0	0	0	False	False	False
IFI27L1	ENSG00000165948.11	ENST00000393115.7	1	0	0	0	0	0	False	False	False
TRIM11	ENSG00000154370.16	ENST00000284551.11	1	0	0	0	0	0	False	False	False
WDR63	ENSG00000162643.13	ENST00000294664.11	1	0	0	0	0	0	False	False	False
CSDC2	ENSG00000172346.15	ENST00000306149.12	1	0	0	0	0	0	False	False	False
DNAJC30	ENSG00000176410.8	ENST00000395176.3	1	0	0	0	0	0	False	False	False
DYNC2LI1	ENSG00000138036.18	ENST00000605786.5	1	0	0	0	0	0	False	False	False
ETHE1	ENSG00000105755.8	ENST00000292147.7	1	0	0	0	0	0	False	False	False
HNMT	ENSG00000150540.14	ENST00000280097.5	1	0	0	0	0	0	False	False	False
MTM1	ENSG00000171100.15	ENST00000370396.7	1	0	0	0	0	0	False	False	False
PHETA2	ENSG00000177096.9	ENST00000321753.8	1	0	0	0	0	0	False	False	False
STON1-GTF2A1L	ENSG00000068781.21	ENST00000394754.5	3	0	0	0	0	0	False	False	False
EFCAB5	ENSG00000176927.15	ENST00000394835.7	2	0	0	0	0	0	False	False	False
FAM117B	ENSG00000138439.12	ENST00000392238.3	1	0	0	0	0	0	False	False	False
MBP	ENSG00000197971.16	ENST00000355994.7	1	0	0	0	0	0	False	False	False
MT1X	ENSG00000187193.9	ENST00000394485.5	1	0	0	0	0	0	False	False	False
PIGA	ENSG00000165195.15	ENST00000333590.5	1	1	0	0	0	1	True	False	True
SMIM14	ENSG00000163683.12	ENST00000295958.10	1	1	0	0	0	1	True	False	True
AC120114.4	ENSG00000281348.1	ENST00000562285.1	3	0	0	0	0	0	False	False	False
ACTR1B	ENSG00000115073.8	ENST00000289228.7	1	0	0	0	0	0	False	False	False
CCDC126	ENSG00000169193.12	ENST00000307471.8	1	0	0	0	0	0	False	False	False
DOHH	ENSG00000129932.10	ENST00000427575.6	1	0	0	0	0	0	False	False	False
FAM171A1	ENSG00000148468.17	ENST00000378116.9	1	0	0	0	0	0	False	False	False
HOMEZ	ENSG00000215271.9	ENST00000357460.7	1	0	0	0	0	0	False	False	False
RNF170	ENSG00000120925.16	ENST00000534961.5	1	0	0	0	0	0	False	False	False
TNNT1	ENSG00000105048.17	ENST00000587758.5	1	0	0	0	0	0	False	False	False
CABYR	ENSG00000154040.20	ENST00000621648.4	1	1	0	0	0	1	True	False	True
CACTIN	ENSG00000105298.14	ENST00000429344.7	1	0	0	0	0	0	False	False	False
LY75-CD302	ENSG00000248672.5	ENST00000504764.5	3	0	0	0	0	0	False	False	False
RREB1	ENSG00000124782.20	ENST00000379938.7	1	0	0	0	0	0	False	False	False
SETDB2	ENSG00000136169.16	ENST00000354234.8	1	0	0	0	0	0	False	False	False
STPG4	ENSG00000239605.11	ENST00000445927.7	1	0	0	0	0	0	False	False	False
TADA1	ENSG00000152382.6	ENST00000367874.5	1	1	0	0	0	1	True	False	True
TAPT1	ENSG00000169762.17	ENST00000405303.7	1	0	0	0	0	0	False	False	False
TMEM41A	ENSG00000163900.11	ENST00000421852.6	1	0	0	0	0	0	False	False	False
TRIB1	ENSG00000173334.4	ENST00000311922.4	1	0	0	0	0	0	False	False	False
UST	ENSG00000111962.8	ENST00000367463.5	1	0	0	0	0	0	False	False	False
VPS54	ENSG00000143952.20	ENST00000409558.8	1	0	0	0	0	0	False	False	False
ZNF236	ENSG00000130856.16	ENST00000320610.13	1	0	0	0	0	0	False	False	False
ZNRF1	ENSG00000186187.12	ENST00000335325.9	1	0	0	0	0	0	False	False	False
B3GNT2	ENSG00000170340.11	ENST00000301998.5	1	1	0	0	0	1	True	False	True
C18orf32	ENSG00000177576.11	ENST00000613385.4	3	1	0	0	1	2	True	False	True
FOXF1	ENSG00000103241.7	ENST00000262426.6	1	0	0	0	0	0	False	False	False
MPP2	ENSG00000108852.14	ENST00000612133.4	1	0	0	0	0	0	False	False	False
MPV17L2	ENSG00000254858.10	ENST00000599612.3	1	1	0	0	0	1	True	False	True
MSANTD3	ENSG00000066697.14	ENST00000613183.1	1	1	0	0	0	1	True	False	True
PSTK	ENSG00000179988.14	ENST00000406217.7	1	0	0	0	0	0	False	False	False
ZFYVE27	ENSG00000155256.17	ENST00000393677.8	1	0	0	0	0	0	False	False	False
BRF2	ENSG00000104221.13	ENST00000220659.11	1	0	0	0	0	0	False	False	False
CASP6	ENSG00000138794.10	ENST00000265164.7	1	0	0	0	0	0	False	False	False
MYRIP	ENSG00000170011.14	ENST00000302541.11	4	0	0	0	0	0	False	False	False
PXMP2	ENSG00000176894.10	ENST00000317479.8	1	0	1	0	0	1	False	True	True
SPIN2B	ENSG00000186787.8	ENST00000333933.3	4	1	0	0	0	1	True	False	True
STARD13	ENSG00000133121.21	ENST00000336934.10	1	0	0	0	0	0	False	False	False
ZNF180	ENSG00000167384.10	ENST00000592529.5	1	0	0	0	0	0	False	False	False
CCS	ENSG00000173992.9	ENST00000533244.6	1	0	0	0	0	0	False	False	False
GABPB2	ENSG00000143458.12	ENST00000368918.8	1	0	0	0	0	0	False	False	False
H1-0	ENSG00000189060.5	ENST00000340857.3	1	0	0	0	0	0	False	False	False
HIPK2	ENSG00000064393.16	ENST00000406875.8	1	0	0	0	0	0	False	False	False
KLF3	ENSG00000109787.13	ENST00000261438.10	1	0	0	0	0	0	False	False	False
MYD88	ENSG00000172936.15	ENST00000396334.8	1	0	0	0	0	0	False	False	False
SCHIP1	ENSG00000151967.18	ENST00000445224.6	3	0	0	0	0	0	False	False	False
TSBP1	ENSG00000204296.11	ENST00000533191.5	4	0	0	0	0	0	False	False	False
UCK1	ENSG00000130717.13	ENST00000372215.5	1	1	0	0	0	1	True	False	True
VRK3	ENSG00000105053.11	ENST00000599538.5	1	0	0	0	0	0	False	False	False
AC126283.2	ENSG00000285330.1	ENST00000645635.1	3	1	0	0	0	1	True	False	True
CMTM8	ENSG00000170293.9	ENST00000307526.4	2	0	0	0	0	0	False	False	False
PRDM15	ENSG00000141956.13	ENST00000398548.5	1	0	0	0	0	0	False	False	False
RFX1	ENSG00000132005.9	ENST00000254325.9	1	0	0	0	0	0	False	False	False
SMIM40	ENSG00000285064.2	ENST00000453407.7	3	0	0	0	0	0	False	False	False
SNTA1	ENSG00000101400.6	ENST00000217381.3	1	0	0	0	0	0	False	False	False
SPOPL	ENSG00000144228.9	ENST00000280098.9	1	3	0	0	0	3	True	False	True
TBC1D24	ENSG00000162065.14	ENST00000567020.6	3	0	0	0	0	0	False	False	False
Z83844.3	ENSG00000285304.1	ENST00000451997.6	3	0	0	0	0	0	False	False	False
ZKSCAN2	ENSG00000155592.16	ENST00000328086.12	1	0	0	0	0	0	False	False	False
ZNF84	ENSG00000198040.10	ENST00000327668.11	1	0	0	0	0	0	False	False	False
ACSS2	ENSG00000131069.20	ENST00000360596.7	1	0	0	0	0	0	False	False	False
ANXA10	ENSG00000109511.12	ENST00000359299.8	1	0	0	0	0	0	False	False	False
AP1S3	ENSG00000152056.17	ENST00000396654.7	3	0	0	0	0	0	False	False	False
BLOC1S5	ENSG00000188428.20	ENST00000397457.7	3	0	0	0	0	0	False	False	False
C19orf33	ENSG00000167644.12	ENST00000301246.10	1	0	0	0	0	0	False	False	False
DGLUCY	ENSG00000133943.20	ENST00000518868.5	1	0	0	0	0	0	False	False	False
FZD1	ENSG00000157240.4	ENST00000287934.4	1	0	0	0	0	0	False	False	False
GLTP	ENSG00000139433.10	ENST00000318348.9	1	1	0	0	0	1	True	False	True
IQCB1	ENSG00000173226.17	ENST00000310864.11	1	1	0	0	0	1	True	False	True
LYPD6B	ENSG00000150556.17	ENST00000409642.8	2	0	0	0	0	0	False	False	False
RAP2A	ENSG00000125249.7	ENST00000245304.5	1	0	0	0	0	0	False	False	False
WDSUB1	ENSG00000196151.10	ENST00000409990.7	1	0	0	0	0	0	False	False	False
ZBTB14	ENSG00000198081.11	ENST00000357006.8	1	0	0	0	0	0	False	False	False
ZNF777	ENSG00000196453.8	ENST00000247930.5	1	0	0	0	0	0	False	False	False
COA5	ENSG00000183513.9	ENST00000328709.8	1	1	0	0	0	1	True	False	True
HPSE2	ENSG00000172987.13	ENST00000370552.8	2	0	0	0	0	0	False	False	False
LMNTD1	ENSG00000152936.10	ENST00000458174.6	2	0	0	0	0	0	False	False	False
NEMP2	ENSG00000189362.12	ENST00000409150.8	1	0	0	0	0	0	False	False	False
PDF	ENSG00000258429.2	ENST00000288022.2	1	0	0	0	0	0	False	False	False
SRGAP3	ENSG00000196220.16	ENST00000360413.7	4	0	0	0	0	0	False	False	False
ST3GAL3	ENSG00000126091.21	ENST00000361400.9	2	0	0	0	0	0	False	False	False
TANGO2	ENSG00000183597.16	ENST00000327374.9	1	0	0	0	0	0	False	False	False
THEM6	ENSG00000130193.8	ENST00000336138.4	1	0	0	0	0	0	False	False	False
TMEM129	ENSG00000168936.11	ENST00000382936.8	1	0	0	0	0	0	False	False	False
AC037459.1	ENSG00000248235.6	ENST00000450780.6	3	0	0	0	0	0	False	False	False
CPTP	ENSG00000224051.7	ENST00000343938.9	1	0	0	0	0	0	False	False	False
HECTD2	ENSG00000165338.16	ENST00000298068.9	1	0	0	0	0	0	False	False	False
IL11	ENSG00000095752.7	ENST00000264563.7	1	0	0	0	0	0	False	False	False
MBD5	ENSG00000204406.13	ENST00000638043.2	1	0	0	0	0	0	False	False	False
NPHP1	ENSG00000144061.13	ENST00000316534.8	1	0	0	0	0	0	False	False	False
NPIPB5	ENSG00000243716.10	ENST00000424340.5	4	0	0	0	0	0	False	False	False
PAX6	ENSG00000007372.23	ENST00000643871.1	1	0	0	0	0	0	False	False	False
TEX14	ENSG00000121101.15	ENST00000389934.7	3	0	0	0	0	0	False	False	False
WDR60	ENSG00000126870.16	ENST00000407559.8	1	0	0	0	0	0	False	False	False
ZNF169	ENSG00000175787.17	ENST00000395395.7	2	0	0	0	0	0	False	False	False
ZNF22	ENSG00000165512.5	ENST00000298299.4	1	0	0	0	0	0	False	False	False
ZSWIM7	ENSG00000214941.8	ENST00000399277.6	1	0	0	0	0	0	False	False	False
BAD	ENSG00000002330.13	ENST00000394532.7	1	0	0	0	0	0	False	False	False
CIAO3	ENSG00000103245.14	ENST00000251588.7	1	0	0	0	0	0	False	False	False
MERTK	ENSG00000153208.17	ENST00000295408.9	2	0	0	0	0	0	False	False	False
MVD	ENSG00000167508.12	ENST00000301012.8	1	0	0	0	0	0	False	False	False
NEK10	ENSG00000163491.16	ENST00000429845.6	4	0	0	0	0	0	False	False	False
POLR3F	ENSG00000132664.12	ENST00000377603.5	1	1	0	0	0	1	True	False	True
REXO5	ENSG00000005189.19	ENST00000261377.10	1	0	0	0	0	0	False	False	False
SH3RF3	ENSG00000172985.11	ENST00000309415.8	2	0	0	0	0	0	False	False	False
VSIG10	ENSG00000176834.14	ENST00000359236.10	1	0	0	0	0	0	False	False	False
ARSA	ENSG00000100299.18	ENST00000216124.10	1	0	0	0	0	0	False	False	False
BTN3A1	ENSG00000026950.17	ENST00000289361.11	4	0	0	0	0	0	False	False	False
C16orf87	ENSG00000155330.10	ENST00000285697.9	1	0	0	0	0	0	False	False	False
C9orf85	ENSG00000155621.15	ENST00000334731.7	1	1	0	0	1	2	True	False	True
CD302	ENSG00000241399.7	ENST00000259053.6	3	0	0	0	0	0	False	False	False
ICA1L	ENSG00000163596.16	ENST00000617388.4	4	0	0	0	0	0	False	False	False
MOAP1	ENSG00000165943.5	ENST00000556883.1	1	0	0	0	0	0	False	False	False
SARM1	ENSG00000004139.14	ENST00000585482.6	1	0	0	0	0	0	False	False	False
SMIM13	ENSG00000224531.6	ENST00000416247.4	1	0	0	0	0	0	False	False	False
SNTB1	ENSG00000172164.15	ENST00000395601.7	1	0	0	0	0	0	False	False	False
SQOR	ENSG00000137767.14	ENST00000568606.5	3	0	0	0	0	0	False	False	False
ZNF780A	ENSG00000197782.14	ENST00000455521.5	1	0	0	0	0	0	False	False	False
AMDHD2	ENSG00000162066.15	ENST00000293971.10	1	0	0	0	0	0	False	False	False
AR	ENSG00000169083.17	ENST00000374690.9	1	0	0	0	0	0	False	False	False
C12orf40	ENSG00000180116.15	ENST00000324616.9	1	0	0	0	0	0	False	False	False
MAP3K12	ENSG00000139625.13	ENST00000547488.6	1	0	0	0	0	0	False	False	False
MUTYH	ENSG00000132781.18	ENST00000372115.7	3	0	0	0	0	0	False	False	False
PARP3	ENSG00000041880.14	ENST00000417220.6	1	0	0	0	0	0	False	False	False
PTRHD1	ENSG00000184924.5	ENST00000328379.5	1	0	0	0	0	0	False	False	False
SCMH1	ENSG00000010803.16	ENST00000326197.11	1	1	0	0	0	1	True	False	True
SCUBE2	ENSG00000175356.13	ENST00000309263.7	2	0	0	0	0	0	False	False	False
SLC35B3	ENSG00000124786.11	ENST00000648987.1	1	0	0	0	0	0	False	False	False
STAG3	ENSG00000066923.17	ENST00000426455.5	1	0	0	0	0	0	False	False	False
XYLB	ENSG00000093217.11	ENST00000207870.8	1	0	0	0	0	0	False	False	False
ZHX3	ENSG00000174306.21	ENST00000309060.7	1	0	0	0	0	0	False	False	False
AC093827.5	ENSG00000285458.1	ENST00000473559.5	4	0	0	0	0	0	False	False	False
ALDH6A1	ENSG00000119711.13	ENST00000553458.6	1	0	0	0	0	0	False	False	False
ANGEL1	ENSG00000013523.11	ENST00000251089.8	1	0	0	0	0	0	False	False	False
BUD13	ENSG00000137656.12	ENST00000260210.5	1	1	0	0	0	1	True	False	True
EEF1AKMT1	ENSG00000150456.11	ENST00000382758.6	1	0	0	0	0	0	False	False	False
EFCAB13	ENSG00000178852.16	ENST00000331493.7	2	0	0	0	0	0	False	False	False
GDF15	ENSG00000130513.6	ENST00000252809.3	1	0	0	0	0	0	False	False	False
LRCH1	ENSG00000136141.15	ENST00000389797.8	1	0	0	0	0	0	False	False	False
PHLPP1	ENSG00000081913.14	ENST00000262719.10	1	0	0	0	0	0	False	False	False
PRR14	ENSG00000156858.11	ENST00000542965.2	1	0	0	0	0	0	False	False	False
RSBN1	ENSG00000081019.13	ENST00000261441.9	1	0	0	0	0	0	False	False	False
SAXO1	ENSG00000155875.15	ENST00000380534.9	2	0	0	0	0	0	False	False	False
SYS1	ENSG00000204070.10	ENST00000243918.10	1	0	0	0	0	0	False	False	False
ANKRD12	ENSG00000101745.17	ENST00000262126.9	1	0	0	0	0	0	False	False	False
FITM2	ENSG00000197296.6	ENST00000396825.4	1	0	0	0	0	0	False	False	False
FLRT2	ENSG00000185070.11	ENST00000330753.6	1	0	0	0	0	0	False	False	False
GRK3	ENSG00000100077.15	ENST00000324198.11	2	0	0	0	0	0	False	False	False
PKIG	ENSG00000168734.14	ENST00000372889.5	1	0	0	0	0	0	False	False	False
UBN2	ENSG00000157741.15	ENST00000473989.8	1	0	0	0	0	0	False	False	False
ZNF521	ENSG00000198795.11	ENST00000361524.8	1	0	0	0	0	0	False	False	False
C21orf91	ENSG00000154642.11	ENST00000284881.9	1	0	0	0	0	0	False	False	False
CLDN14	ENSG00000159261.12	ENST00000399137.5	2	0	0	0	0	0	False	False	False
DTX3	ENSG00000178498.16	ENST00000548198.5	1	0	0	0	0	0	False	False	False
FICD	ENSG00000198855.7	ENST00000552695.6	1	0	0	0	0	0	False	False	False
MT1E	ENSG00000169715.15	ENST00000306061.10	1	0	0	0	0	0	False	False	False
PCDHGA1	ENSG00000204956.5	ENST00000517417.2	1	0	0	0	0	0	False	False	False
TAF1L	ENSG00000122728.6	ENST00000242310.4	4	0	0	0	0	0	False	False	False
TMEM218	ENSG00000150433.9	ENST00000531909.5	1	0	0	0	0	0	False	False	False
TNNC1	ENSG00000114854.8	ENST00000232975.8	1	0	0	0	0	0	False	False	False
ANXA8L1	ENSG00000264230.9	ENST00000619162.5	4	0	0	0	0	0	False	False	False
ARL5A	ENSG00000162980.17	ENST00000295087.13	1	4	0	0	0	4	True	False	True
ENOX2	ENSG00000165675.16	ENST00000394363.5	1	0	0	0	0	0	False	False	False
GAN	ENSG00000261609.7	ENST00000648994.1	1	0	0	0	0	0	False	False	False
LRRC45	ENSG00000169683.8	ENST00000306688.8	1	0	0	0	0	0	False	False	False
MLXIP	ENSG00000175727.14	ENST00000319080.12	1	0	0	0	0	0	False	False	False
MRGBP	ENSG00000101189.7	ENST00000370487.5	1	0	0	0	0	0	False	False	False
PBLD	ENSG00000108187.16	ENST00000358769.7	1	1	0	0	0	1	True	False	True
PLA2G12A	ENSG00000123739.11	ENST00000243501.10	3	2	0	0	1	3	True	False	True
PMAIP1	ENSG00000141682.12	ENST00000316660.7	1	0	0	0	0	0	False	False	False
PTCH2	ENSG00000117425.14	ENST00000372192.4	3	0	0	0	0	0	False	False	False
TAB3	ENSG00000157625.15	ENST00000378933.5	1	0	0	0	0	0	False	False	False
ZMYM5	ENSG00000132950.19	ENST00000337963.9	1	0	0	0	0	0	False	False	False
ZNF787	ENSG00000142409.6	ENST00000610935.2	1	0	0	0	0	0	False	False	False
AC068547.1	ENSG00000283228.1	ENST00000637559.1	1	0	0	0	0	0	False	False	False
ALDH4A1	ENSG00000159423.17	ENST00000375341.8	1	0	0	0	0	0	False	False	False
C1QTNF6	ENSG00000133466.14	ENST00000337843.7	1	0	0	0	0	0	False	False	False
CCDC158	ENSG00000163749.17	ENST00000388914.7	2	0	0	0	0	0	False	False	False
CCDC9	ENSG00000105321.14	ENST00000643617.1	1	0	0	0	0	0	False	False	False
LNX2	ENSG00000139517.9	ENST00000316334.5	1	0	0	0	0	0	False	False	False
METTL7A	ENSG00000185432.12	ENST00000548553.1	1	0	0	0	0	0	False	False	False
OVCA2	ENSG00000262664.3	ENST00000572195.3	3	0	0	0	0	0	False	False	False
SECISBP2	ENSG00000187742.15	ENST00000375807.8	1	1	1	0	0	2	True	True	True
SOX12	ENSG00000177732.8	ENST00000342665.4	1	0	0	0	0	0	False	False	False
TEP1	ENSG00000129566.13	ENST00000262715.10	1	0	0	0	0	0	False	False	False
TRERF1	ENSG00000124496.12	ENST00000541110.5	1	0	0	0	0	0	False	False	False
TRIM41	ENSG00000146063.20	ENST00000315073.10	1	0	0	0	0	0	False	False	False
ZDHHC8	ENSG00000099904.15	ENST00000334554.11	1	0	0	0	0	0	False	False	False
ZNF559-ZNF177	ENSG00000270011.7	ENST00000541595.6	1	0	0	0	0	0	False	False	False
GLI2	ENSG00000074047.21	ENST00000452319.5	1	0	0	0	0	0	False	False	False
MCEE	ENSG00000124370.11	ENST00000244217.6	1	0	0	0	0	0	False	False	False
PCSK1	ENSG00000175426.11	ENST00000311106.8	1	0	0	0	0	0	False	False	False
RAB28	ENSG00000157869.15	ENST00000288723.8	1	5	0	0	0	5	True	False	True
STX17	ENSG00000136874.11	ENST00000259400.11	1	0	0	0	0	0	False	False	False
TEX36	ENSG00000175018.13	ENST00000368821.4	4	0	0	0	0	0	False	False	False
ZBTB17	ENSG00000116809.11	ENST00000375743.8	1	0	0	0	0	0	False	False	False
ZNF266	ENSG00000174652.19	ENST00000592904.6	1	0	0	0	0	0	False	False	False
ZNF440	ENSG00000171295.13	ENST00000304060.10	1	0	0	0	0	0	False	False	False
ZNF805	ENSG00000204524.7	ENST00000414468.3	1	0	0	0	0	0	False	False	False
ADO	ENSG00000181915.5	ENST00000373783.3	1	0	0	0	0	0	False	False	False
BAK1	ENSG00000030110.13	ENST00000374467.4	2	1	0	0	0	1	True	False	True
COCH	ENSG00000100473.18	ENST00000644874.2	1	0	0	0	0	0	False	False	False
CTC1	ENSG00000178971.16	ENST00000651323.1	1	0	0	0	0	0	False	False	False
HELQ	ENSG00000163312.11	ENST00000295488.8	1	0	0	0	0	0	False	False	False
INSIG2	ENSG00000125629.15	ENST00000245787.9	1	0	0	0	0	0	False	False	False
INSL4	ENSG00000120211.4	ENST00000239316.4	1	0	0	0	0	0	False	False	False
NAB2	ENSG00000166886.13	ENST00000300131.8	1	0	0	0	0	0	False	False	False
PPL	ENSG00000118898.16	ENST00000345988.7	1	0	0	0	0	0	False	False	False
RITA1	ENSG00000139405.16	ENST00000549621.5	1	0	0	0	0	0	False	False	False
RSAD1	ENSG00000136444.10	ENST00000258955.7	1	0	0	0	0	0	False	False	False
TTC31	ENSG00000115282.21	ENST00000233623.11	1	0	0	0	0	0	False	False	False
ZNF398	ENSG00000197024.9	ENST00000475153.6	1	0	0	0	0	0	False	False	False
ZNF668	ENSG00000167394.13	ENST00000538906.5	1	0	0	0	0	0	False	False	False
AC004080.3	ENSG00000257184.3	ENST00000470747.4	1	0	0	0	0	0	False	False	False
AC008676.3	ENSG00000285868.1	ENST00000519499.2	1	0	0	0	0	0	False	False	False
ANKEF1	ENSG00000132623.16	ENST00000378392.6	1	0	0	0	0	0	False	False	False
ANKRD18B	ENSG00000230453.9	ENST00000290943.10	4	1	0	0	0	1	True	False	True
ATXN7	ENSG00000163635.19	ENST00000538065.5	1	0	0	0	0	0	False	False	False
B3GNT9	ENSG00000237172.4	ENST00000449549.4	1	0	0	0	0	0	False	False	False
PRKAG2	ENSG00000106617.15	ENST00000287878.9	1	0	0	0	0	0	False	False	False
RBBP9	ENSG00000089050.16	ENST00000337227.9	1	0	0	0	0	0	False	False	False
TRIM8	ENSG00000171206.14	ENST00000643721.1	1	0	0	0	0	0	False	False	False
ZNF888	ENSG00000213793.5	ENST00000638862.1	4	0	0	0	0	0	False	False	False
CNNM4	ENSG00000158158.12	ENST00000377075.3	1	0	0	0	0	0	False	False	False
HMBOX1	ENSG00000147421.18	ENST00000397358.7	1	0	0	0	0	0	False	False	False
LENG1	ENSG00000105617.4	ENST00000222224.4	1	0	0	0	0	0	False	False	False
NDOR1	ENSG00000188566.14	ENST00000371521.8	1	0	0	0	0	0	False	False	False
PASK	ENSG00000115687.14	ENST00000405260.5	1	0	0	0	0	0	False	False	False
PDE7A	ENSG00000205268.11	ENST00000401827.8	1	1	0	0	0	1	True	False	True
R3HCC1L	ENSG00000166024.13	ENST00000298999.7	1	1	0	0	0	1	True	False	True
SLC36A1	ENSG00000123643.13	ENST00000243389.8	1	0	0	0	0	0	False	False	False
SNAI2	ENSG00000019549.13	ENST00000020945.4	1	0	0	0	0	0	False	False	False
TMEM120A	ENSG00000189077.11	ENST00000493111.7	1	0	0	0	0	0	False	False	False
WSB2	ENSG00000176871.8	ENST00000315436.7	1	1	0	0	0	1	True	False	True
F8A2	ENSG00000274791.1	ENST00000369505.4	4	0	0	0	0	0	False	False	False
F8A3	ENSG00000277150.2	ENST00000622749.2	4	0	0	0	0	0	False	False	False
HIP1R	ENSG00000130787.14	ENST00000253083.9	1	0	0	0	0	0	False	False	False
IQCE	ENSG00000106012.18	ENST00000402050.7	1	0	0	0	0	0	False	False	False
LRRN2	ENSG00000170382.12	ENST00000367175.1	1	0	0	0	0	0	False	False	False
MDM1	ENSG00000111554.14	ENST00000303145.11	1	0	0	0	0	0	False	False	False
PARP12	ENSG00000059378.13	ENST00000263549.8	1	0	0	0	0	0	False	False	False
PECR	ENSG00000115425.14	ENST00000265322.8	1	0	0	0	0	0	False	False	False
PIGP	ENSG00000185808.13	ENST00000360525.8	1	5	0	0	0	5	True	False	True
PRR3	ENSG00000204576.12	ENST00000376560.8	1	0	0	0	0	0	False	False	False
TNIP2	ENSG00000168884.15	ENST00000315423.12	1	1	0	0	0	1	True	False	True
TOGARAM2	ENSG00000189350.12	ENST00000379558.4	1	0	0	0	0	0	False	False	False
TTYH2	ENSG00000141540.11	ENST00000269346.9	1	0	0	0	0	0	False	False	False
ATP2A3	ENSG00000074370.18	ENST00000397041.8	1	0	0	0	0	0	False	False	False
C6orf47	ENSG00000204439.4	ENST00000375911.2	1	0	0	0	0	0	False	False	False
F8A1	ENSG00000277203.1	ENST00000610495.1	4	0	0	0	0	0	False	False	False
GHDC	ENSG00000167925.16	ENST00000301671.12	1	0	0	0	0	0	False	False	False
GNAO1	ENSG00000087258.15	ENST00000638705.1	1	0	0	0	0	0	False	False	False
HRAS	ENSG00000174775.17	ENST00000451590.5	1	0	0	0	0	0	False	False	False
HSPA1L	ENSG00000204390.10	ENST00000375654.5	4	1	0	0	0	1	True	False	True
MAP4K2	ENSG00000168067.12	ENST00000377350.7	1	0	0	0	0	0	False	False	False
PCBD1	ENSG00000166228.9	ENST00000299299.4	1	0	0	0	0	0	False	False	False
PCDHGA2	ENSG00000081853.15	ENST00000394576.3	1	0	0	0	0	0	False	False	False
PDP2	ENSG00000172840.7	ENST00000311765.4	1	0	0	0	0	0	False	False	False
PRKN	ENSG00000185345.23	ENST00000366898.6	4	0	0	0	0	0	False	False	False
RABEP2	ENSG00000177548.13	ENST00000358201.9	1	0	0	0	0	0	False	False	False
SAMD5	ENSG00000203727.4	ENST00000367474.2	1	0	0	0	0	0	False	False	False
SMIM20	ENSG00000250317.8	ENST00000506197.2	1	0	0	0	0	0	False	False	False
TRPC4	ENSG00000133107.15	ENST00000379705.8	1	0	0	0	0	0	False	False	False
C10orf88	ENSG00000119965.13	ENST00000481909.2	1	0	0	0	0	0	False	False	False
C1orf216	ENSG00000142686.8	ENST00000270815.5	1	0	0	0	0	0	False	False	False
DNAJB9	ENSG00000128590.5	ENST00000249356.4	1	0	0	0	0	0	False	False	False
GALNT11	ENSG00000178234.13	ENST00000434507.5	1	1	0	0	0	1	True	False	True
ISCA2	ENSG00000165898.14	ENST00000556816.6	1	1	0	0	0	1	True	False	True
NAT1	ENSG00000171428.14	ENST00000517492.5	1	0	0	0	0	0	False	False	False
NAT14	ENSG00000090971.5	ENST00000205194.5	1	0	0	0	0	0	False	False	False
NXT2	ENSG00000101888.11	ENST00000372106.5	1	0	0	0	0	0	False	False	False
TMEM102	ENSG00000181284.3	ENST00000323206.2	1	0	0	0	0	0	False	False	False
TWIST2	ENSG00000233608.4	ENST00000612363.2	1	0	0	0	0	0	False	False	False
BVES	ENSG00000112276.14	ENST00000314641.10	1	0	0	0	0	0	False	False	False
CA5B	ENSG00000169239.13	ENST00000318636.8	2	0	0	0	0	0	False	False	False
EID2	ENSG00000176396.11	ENST00000390658.4	1	0	0	0	0	0	False	False	False
GAS8	ENSG00000141013.17	ENST00000268699.9	1	0	0	0	0	0	False	False	False
JRK	ENSG00000234616.9	ENST00000615982.4	1	0	0	0	0	0	False	False	False
KPTN	ENSG00000118162.14	ENST00000338134.8	1	0	0	0	0	0	False	False	False
MCOLN3	ENSG00000055732.13	ENST00000370589.7	1	0	0	0	0	0	False	False	False
MDP1	ENSG00000213920.9	ENST00000288087.12	1	0	0	0	0	0	False	False	False
PDLIM3	ENSG00000154553.16	ENST00000284771.7	1	0	0	0	0	0	False	False	False
ZNF174	ENSG00000103343.13	ENST00000268655.5	1	0	0	0	0	0	False	False	False
ZNF669	ENSG00000188295.14	ENST00000343381.10	1	0	0	0	0	0	False	False	False
ZNF746	ENSG00000181220.17	ENST00000644635.1	1	0	0	0	0	0	False	False	False
AC092329.3	ENSG00000283201.1	ENST00000611392.5	3	0	0	0	0	0	False	False	False
ADM	ENSG00000148926.10	ENST00000528655.5	1	0	0	0	0	0	False	False	False
FUT10	ENSG00000172728.16	ENST00000327671.10	1	0	0	0	0	0	False	False	False
GJB7	ENSG00000164411.12	ENST00000525899.6	2	0	0	0	0	0	False	False	False
JAM3	ENSG00000166086.13	ENST00000299106.9	2	0	0	0	0	0	False	False	False
L3MBTL3	ENSG00000198945.8	ENST00000368139.6	1	0	0	0	0	0	False	False	False
PCGF1	ENSG00000115289.14	ENST00000233630.11	1	1	0	0	0	1	True	False	True
PRPF40B	ENSG00000110844.13	ENST00000548825.6	2	0	0	0	0	0	False	False	False
RMDN2	ENSG00000115841.21	ENST00000406384.5	1	0	0	0	0	0	False	False	False
TBC1D22B	ENSG00000065491.8	ENST00000373491.3	1	0	0	0	0	0	False	False	False
TMEM160	ENSG00000130748.7	ENST00000253047.7	1	1	0	0	0	1	True	False	True
ZBTB20	ENSG00000181722.16	ENST00000474710.5	3	0	0	0	0	0	False	False	False
ZNF780B	ENSG00000128000.16	ENST00000434248.6	1	0	0	0	0	0	False	False	False
C5orf46	ENSG00000178776.5	ENST00000318315.5	1	0	0	0	0	0	False	False	False
CTNNA3	ENSG00000183230.17	ENST00000433211.7	4	0	0	0	0	0	False	False	False
ENO4	ENSG00000188316.15	ENST00000341276.11	3	0	0	0	0	0	False	False	False
GRID2	ENSG00000152208.13	ENST00000282020.9	4	0	0	0	0	0	False	False	False
KCTD15	ENSG00000153885.14	ENST00000430256.3	1	0	0	0	0	0	False	False	False
LIN52	ENSG00000205659.11	ENST00000674221.1	1	0	0	0	0	0	False	False	False
PLEKHF2	ENSG00000175895.4	ENST00000315367.4	1	0	0	0	0	0	False	False	False
PLPP5	ENSG00000147535.17	ENST00000424479.7	1	0	0	0	0	0	False	False	False
PRXL2C	ENSG00000158122.12	ENST00000375234.8	1	1	0	0	0	1	True	False	True
TICAM1	ENSG00000127666.9	ENST00000248244.5	1	0	0	0	0	0	False	False	False
Z83844.1	ENSG00000100101.15	ENST00000455236.4	3	0	0	0	0	0	False	False	False
ZNF268	ENSG00000090612.22	ENST00000536435.7	1	0	0	0	0	0	False	False	False
ACAD8	ENSG00000151498.12	ENST00000281182.9	1	0	0	0	0	0	False	False	False
CNGB3	ENSG00000170289.12	ENST00000320005.5	1	0	0	0	0	0	False	False	False
GIN1	ENSG00000145723.17	ENST00000399004.7	1	0	0	0	0	0	False	False	False
HOXA10	ENSG00000253293.5	ENST00000283921.5	1	0	0	0	0	0	False	False	False
KPNA5	ENSG00000196911.11	ENST00000368564.7	1	0	0	0	0	0	False	False	False
NR6A1	ENSG00000148200.17	ENST00000487099.7	2	0	0	0	0	0	False	False	False
TBC1D8B	ENSG00000133138.20	ENST00000357242.10	1	0	0	0	0	0	False	False	False
TMEM268	ENSG00000157693.15	ENST00000288502.9	1	0	0	0	0	0	False	False	False
ZFP62	ENSG00000196670.13	ENST00000502412.1	1	0	0	0	0	0	False	False	False
ZNF101	ENSG00000181896.12	ENST00000592502.2	1	0	0	0	0	0	False	False	False
ZNHIT2	ENSG00000174276.7	ENST00000310597.6	1	0	0	0	0	0	False	False	False
ADGB	ENSG00000118492.17	ENST00000397944.8	2	0	0	0	0	0	False	False	False
CPZ	ENSG00000109625.19	ENST00000360986.9	1	0	0	0	0	0	False	False	False
DUSP10	ENSG00000143507.18	ENST00000366899.4	1	0	0	0	0	0	False	False	False
GPR78	ENSG00000155269.12	ENST00000382487.5	1	0	0	0	0	0	False	False	False
HVCN1	ENSG00000122986.13	ENST00000356742.9	1	0	0	0	0	0	False	False	False
NHLRC3	ENSG00000188811.14	ENST00000379600.8	1	0	0	0	0	0	False	False	False
NOL12	ENSG00000273899.5	ENST00000359114.9	3	0	0	0	0	0	False	False	False
PCDHGA3	ENSG00000254245.3	ENST00000253812.8	1	0	0	0	0	0	False	False	False
SLC2A5	ENSG00000142583.18	ENST00000377424.9	1	0	0	0	0	0	False	False	False
SLX4	ENSG00000188827.11	ENST00000294008.4	1	0	0	0	0	0	False	False	False
SPRED1	ENSG00000166068.13	ENST00000299084.9	1	0	0	0	0	0	False	False	False
TIGD5	ENSG00000179886.6	ENST00000504548.4	1	0	0	0	0	0	False	False	False
TRANK1	ENSG00000168016.14	ENST00000645898.1	1	0	0	0	0	0	False	False	False
WHAMM	ENSG00000156232.7	ENST00000286760.5	1	0	0	0	0	0	False	False	False
ZNF557	ENSG00000130544.12	ENST00000252840.11	1	0	0	0	0	0	False	False	False
ABHD11	ENSG00000106077.18	ENST00000222800.7	1	0	0	0	0	0	False	False	False
ADRA2A	ENSG00000150594.7	ENST00000280155.4	1	0	0	0	0	0	False	False	False
ATP9B	ENSG00000166377.20	ENST00000307671.12	1	0	0	0	0	0	False	False	False
B3GNT10	ENSG00000214654.8	ENST00000464488.3	1	0	0	0	0	0	False	False	False
BLCAP	ENSG00000166619.15	ENST00000414542.6	1	0	0	0	0	0	False	False	False
BRPF3	ENSG00000096070.19	ENST00000357641.10	1	0	0	0	0	0	False	False	False
CCDC171	ENSG00000164989.17	ENST00000380701.8	1	0	0	0	0	0	False	False	False
ELMO1	ENSG00000155849.15	ENST00000310758.8	2	0	0	0	0	0	False	False	False
MOB3A	ENSG00000172081.14	ENST00000357066.8	1	0	0	0	0	0	False	False	False
NIPA1	ENSG00000170113.16	ENST00000337435.9	1	0	0	0	0	0	False	False	False
PCDHGB1	ENSG00000254221.2	ENST00000523390.1	1	0	0	0	0	0	False	False	False
PYGO1	ENSG00000171016.12	ENST00000563719.3	1	0	0	0	0	0	False	False	False
SH3YL1	ENSG00000035115.22	ENST00000405430.5	1	0	0	0	0	0	False	False	False
TRPT1	ENSG00000149743.14	ENST00000317459.11	1	0	0	0	0	0	False	False	False
WDYHV1	ENSG00000156795.8	ENST00000287387.7	1	0	0	0	0	0	False	False	False
ZBED6CL	ENSG00000188707.6	ENST00000343855.6	1	0	0	0	0	0	False	False	False
ZNF559	ENSG00000188321.13	ENST00000587557.5	1	0	0	0	0	0	False	False	False
ZNF593	ENSG00000142684.9	ENST00000374266.7	1	0	0	0	0	0	False	False	False
ZNF670	ENSG00000277462.2	ENST00000366503.3	1	0	0	0	0	0	False	False	False
AP5B1	ENSG00000254470.3	ENST00000532090.3	1	0	0	0	0	0	False	False	False
ATXN1L	ENSG00000224470.8	ENST00000427980.7	1	4	0	0	1	5	True	False	True
CCDC159	ENSG00000183401.12	ENST00000588790.5	1	0	0	0	0	0	False	False	False
GPR37	ENSG00000170775.3	ENST00000303921.3	1	0	0	0	0	0	False	False	False
HTR1D	ENSG00000179546.4	ENST00000374619.1	1	0	0	0	0	0	False	False	False
IRGQ	ENSG00000167378.8	ENST00000422989.5	1	0	0	0	0	0	False	False	False
METTL18	ENSG00000171806.12	ENST00000310392.5	1	0	0	0	0	0	False	False	False
MTHFSD	ENSG00000103248.19	ENST00000360900.11	1	0	0	0	0	0	False	False	False
PORCN	ENSG00000102312.22	ENST00000326194.10	1	0	0	0	0	0	False	False	False
R3HCC1	ENSG00000104679.11	ENST00000265806.11	1	0	0	0	0	0	False	False	False
SMPDL3A	ENSG00000172594.13	ENST00000368440.5	1	0	0	0	0	0	False	False	False
TMOD1	ENSG00000136842.14	ENST00000259365.9	1	0	0	0	0	0	False	False	False
VAMP2	ENSG00000220205.9	ENST00000316509.11	1	0	0	0	0	0	False	False	False
XRCC3	ENSG00000126215.14	ENST00000553264.5	1	0	0	0	0	0	False	False	False
ZBTB10	ENSG00000205189.12	ENST00000430430.5	1	0	0	0	0	0	False	False	False
C12orf56	ENSG00000185306.13	ENST00000543942.7	2	0	0	0	0	0	False	False	False
HEATR9	ENSG00000270379.6	ENST00000604834.6	2	0	0	0	0	0	False	False	False
MEAK7	ENSG00000140950.16	ENST00000343629.11	1	0	0	0	0	0	False	False	False
NAA80	ENSG00000243477.5	ENST00000354862.4	1	0	0	0	0	0	False	False	False
SLC35F3	ENSG00000183780.13	ENST00000366618.8	1	0	0	0	0	0	False	False	False
ZNF227	ENSG00000131115.16	ENST00000621083.4	1	0	0	0	0	0	False	False	False
ZNRF2	ENSG00000180233.11	ENST00000323037.5	1	0	0	0	0	0	False	False	False
AK5	ENSG00000154027.19	ENST00000354567.7	1	0	0	0	0	0	False	False	False
AL391650.1	ENSG00000236782.7	ENST00000448923.2	1	0	0	0	0	0	False	False	False
ASB9	ENSG00000102048.16	ENST00000380488.9	1	1	0	0	0	1	True	False	True
LSM10	ENSG00000181817.6	ENST00000315732.3	1	0	0	0	0	0	False	False	False
METAP1D	ENSG00000172878.14	ENST00000315796.5	1	0	0	0	0	0	False	False	False
MPC1	ENSG00000060762.19	ENST00000360961.11	1	0	0	0	0	0	False	False	False
TTC32	ENSG00000183891.6	ENST00000333610.4	1	0	0	0	0	0	False	False	False
ZNF251	ENSG00000198169.9	ENST00000292562.12	1	0	0	0	0	0	False	False	False
ADPRM	ENSG00000170222.12	ENST00000379774.5	1	0	0	0	0	0	False	False	False
ARHGEF10L	ENSG00000074964.17	ENST00000375415.5	1	0	0	0	0	0	False	False	False
FAM76A	ENSG00000009780.15	ENST00000373954.10	1	2	0	0	0	2	True	False	True
GATD1	ENSG00000177225.17	ENST00000319863.13	1	0	0	0	0	0	False	False	False
SGSM2	ENSG00000141258.13	ENST00000268989.8	1	0	0	0	0	0	False	False	False
SNAPC2	ENSG00000104976.12	ENST00000221573.11	1	0	0	0	0	0	False	False	False
ZBTB9	ENSG00000213588.6	ENST00000395064.3	1	0	0	0	0	0	False	False	False
ZNF672	ENSG00000171161.13	ENST00000306562.8	1	0	0	0	0	0	False	False	False
FAM122C	ENSG00000156500.15	ENST00000370784.8	3	0	0	0	0	0	False	False	False
GEMIN8	ENSG00000046647.13	ENST00000380523.8	1	4	0	0	0	4	True	False	True
PUS10	ENSG00000162927.14	ENST00000316752.11	1	0	0	0	0	0	False	False	False
RASGEF1B	ENSG00000138670.17	ENST00000509081.5	4	0	0	0	0	0	False	False	False
SERINC5	ENSG00000164300.17	ENST00000507668.7	1	0	0	0	0	0	False	False	False
TMEM151B	ENSG00000178233.18	ENST00000451188.7	1	0	0	0	0	0	False	False	False
VAV3	ENSG00000134215.16	ENST00000370056.9	1	0	0	0	0	0	False	False	False
ZCCHC24	ENSG00000165424.7	ENST00000372336.4	1	0	0	0	0	0	False	False	False
ZFP1	ENSG00000184517.12	ENST00000570010.6	1	1	0	0	0	1	True	False	True
ZNF134	ENSG00000213762.12	ENST00000396161.10	1	0	0	0	0	0	False	False	False
ZNF345	ENSG00000251247.11	ENST00000529555.1	2	0	0	0	0	0	False	False	False
BMP2	ENSG00000125845.7	ENST00000378827.5	1	0	0	0	0	0	False	False	False
FUOM	ENSG00000148803.12	ENST00000278025.9	1	0	0	0	0	0	False	False	False
GMCL1	ENSG00000087338.5	ENST00000282570.4	1	0	0	0	0	0	False	False	False
LUZP2	ENSG00000187398.12	ENST00000336930.11	1	0	0	0	0	0	False	False	False
MAFG	ENSG00000197063.11	ENST00000357736.9	1	0	0	0	0	0	False	False	False
NCOA1	ENSG00000084676.15	ENST00000405141.5	1	0	0	0	0	0	False	False	False
NEURL1	ENSG00000107954.10	ENST00000369780.8	1	0	0	0	0	0	False	False	False
PPTC7	ENSG00000196850.6	ENST00000354300.5	1	0	0	0	0	0	False	False	False
TMPPE	ENSG00000188167.9	ENST00000342462.5	1	0	0	0	0	0	False	False	False
AC026786.1	ENSG00000256825.4	ENST00000540096.2	3	0	0	0	0	0	False	False	False
ANKS3	ENSG00000168096.15	ENST00000304283.9	1	0	0	0	0	0	False	False	False
IL6R	ENSG00000160712.13	ENST00000368485.8	2	0	0	0	0	0	False	False	False
KIAA1671	ENSG00000197077.13	ENST00000358431.7	1	0	0	0	0	0	False	False	False
MAGEA2	ENSG00000268606.5	ENST00000623806.3	4	0	0	0	0	0	False	False	False
MEI1	ENSG00000167077.13	ENST00000401548.8	2	0	0	0	0	0	False	False	False
MRPS33	ENSG00000090263.16	ENST00000324787.10	1	3	0	0	0	3	True	False	True
RAB3B	ENSG00000169213.7	ENST00000371655.4	1	0	0	0	0	0	False	False	False
SLC22A18	ENSG00000110628.16	ENST00000380574.5	1	0	0	0	0	0	False	False	False
TRMT12	ENSG00000183665.5	ENST00000328599.4	1	0	0	0	0	0	False	False	False
ACVR1B	ENSG00000135503.13	ENST00000257963.9	1	0	0	0	0	0	False	False	False
ALPG	ENSG00000163286.9	ENST00000295453.8	4	0	0	0	0	0	False	False	False
CTBS	ENSG00000117151.13	ENST00000370630.6	1	0	0	0	0	0	False	False	False
FBXL19	ENSG00000099364.16	ENST00000338343.8	1	0	0	0	0	0	False	False	False
LRRC1	ENSG00000137269.15	ENST00000370888.6	1	0	0	0	0	0	False	False	False
MAGEA2B	ENSG00000183305.13	ENST00000331220.6	4	0	0	0	0	0	False	False	False
NR4A2	ENSG00000153234.14	ENST00000339562.9	1	0	0	0	0	0	False	False	False
RBM47	ENSG00000163694.15	ENST00000295971.12	1	0	0	0	0	0	False	False	False
TSPEAR	ENSG00000175894.18	ENST00000323084.9	2	0	0	0	0	0	False	False	False
UPRT	ENSG00000094841.14	ENST00000373383.9	1	0	0	0	0	0	False	False	False
USP45	ENSG00000123552.17	ENST00000327681.10	1	0	0	0	0	0	False	False	False
WDR91	ENSG00000105875.14	ENST00000354475.5	1	0	0	0	0	0	False	False	False
ABHD6	ENSG00000163686.15	ENST00000295962.8	1	0	0	0	0	0	False	False	False
ACADSB	ENSG00000196177.13	ENST00000358776.7	1	0	0	0	0	0	False	False	False
ACSL1	ENSG00000151726.14	ENST00000515030.5	1	0	0	0	0	0	False	False	False
ASTE1	ENSG00000034533.11	ENST00000264992.7	1	0	0	0	0	0	False	False	False
BORCS8-MEF2B	ENSG00000064489.23	ENST00000514819.7	1	0	0	0	0	0	False	False	False
FAM8A1	ENSG00000137414.6	ENST00000259963.4	1	3	1	0	0	4	True	True	True
HCFC2	ENSG00000111727.12	ENST00000229330.9	1	1	0	0	0	1	True	False	True
MEF2B	ENSG00000213999.17	ENST00000424583.7	1	0	0	0	0	0	False	False	False
NELL2	ENSG00000184613.10	ENST00000429094.6	1	0	0	0	0	0	False	False	False
PER3	ENSG00000049246.14	ENST00000613533.4	1	1	0	0	0	1	True	False	True
SESN2	ENSG00000130766.5	ENST00000253063.4	1	0	0	0	0	0	False	False	False
TRIM62	ENSG00000116525.14	ENST00000291416.10	1	0	0	0	0	0	False	False	False
ZFAT	ENSG00000066827.16	ENST00000377838.8	1	0	0	0	0	0	False	False	False
ZNF35	ENSG00000169981.11	ENST00000396056.7	1	0	0	0	0	0	False	False	False
ZNF600	ENSG00000189190.10	ENST00000648973.1	4	0	0	0	0	0	False	False	False
ACTR3C	ENSG00000106526.10	ENST00000252071.8	4	0	0	0	0	0	False	False	False
GIPC3	ENSG00000179855.9	ENST00000644946.1	1	0	0	0	0	0	False	False	False
INO80D	ENSG00000114933.16	ENST00000403263.6	1	0	0	0	0	0	False	False	False
MOB3B	ENSG00000120162.10	ENST00000262244.6	1	0	0	0	0	0	False	False	False
PDGFD	ENSG00000170962.13	ENST00000393158.7	1	0	0	0	0	0	False	False	False
PLEKHA8	ENSG00000106086.20	ENST00000449726.6	2	1	0	0	0	1	True	False	True
RAB40C	ENSG00000197562.10	ENST00000248139.8	1	0	0	0	0	0	False	False	False
RPP21	ENSG00000241370.5	ENST00000442966.6	3	0	0	0	0	0	False	False	False
USP30	ENSG00000135093.13	ENST00000257548.10	1	0	0	0	0	0	False	False	False
AC009412.1	ENSG00000286075.1	ENST00000616824.1	3	0	0	0	0	0	False	False	False
CARD19	ENSG00000165233.18	ENST00000375464.7	1	0	0	0	0	0	False	False	False
CCDC113	ENSG00000103021.9	ENST00000219299.8	1	0	0	0	0	0	False	False	False
CIITA	ENSG00000179583.19	ENST00000324288.13	2	0	0	0	0	0	False	False	False
FAM220A	ENSG00000178397.13	ENST00000313324.9	3	0	0	0	0	0	False	False	False
FRK	ENSG00000111816.8	ENST00000606080.2	2	0	0	0	0	0	False	False	False
KANSL1L	ENSG00000144445.17	ENST00000281772.14	1	0	0	0	0	0	False	False	False
LTO1	ENSG00000149716.13	ENST00000279147.9	1	1	0	0	0	1	True	False	True
MCUB	ENSG00000005059.16	ENST00000394650.7	2	0	0	0	0	0	False	False	False
MTARC2	ENSG00000117791.16	ENST00000366913.8	1	0	1	0	0	1	False	True	True
OGFOD2	ENSG00000111325.16	ENST00000228922.11	1	0	0	0	0	0	False	False	False
SCYL3	ENSG00000000457.14	ENST00000367772.8	1	0	0	0	0	0	False	False	False
WBP2NL	ENSG00000183066.14	ENST00000328823.13	2	0	0	0	0	0	False	False	False
ALKBH6	ENSG00000239382.10	ENST00000252984.11	1	0	0	0	0	0	False	False	False
CASP9	ENSG00000132906.18	ENST00000333868.10	1	0	0	0	0	0	False	False	False
HELB	ENSG00000127311.10	ENST00000247815.9	1	0	0	0	0	0	False	False	False
HOMER3	ENSG00000051128.19	ENST00000539827.5	1	0	0	0	0	0	False	False	False
KCNG3	ENSG00000171126.8	ENST00000306078.2	2	0	0	0	0	0	False	False	False
MIER2	ENSG00000105556.11	ENST00000264819.6	1	0	0	0	0	0	False	False	False
NT5DC3	ENSG00000111696.12	ENST00000392876.8	1	0	0	0	0	0	False	False	False
ROGDI	ENSG00000067836.13	ENST00000322048.12	1	0	0	0	0	0	False	False	False
SLC25A30	ENSG00000174032.17	ENST00000519676.6	1	0	0	0	0	0	False	False	False
STMN3	ENSG00000197457.10	ENST00000370053.3	1	1	0	0	0	1	True	False	True
TBC1D25	ENSG00000068354.16	ENST00000376771.9	1	0	0	0	0	0	False	False	False
ZNF616	ENSG00000204611.7	ENST00000600228.6	1	0	0	0	0	0	False	False	False
BCL3	ENSG00000069399.15	ENST00000164227.10	1	0	0	0	0	0	False	False	False
COX19	ENSG00000240230.6	ENST00000344111.4	1	1	0	0	0	1	True	False	True
DYRK4	ENSG00000010219.13	ENST00000540757.6	1	0	0	0	0	0	False	False	False
EPGN	ENSG00000182585.10	ENST00000413830.6	1	0	0	0	0	0	False	False	False
FAM217B	ENSG00000196227.11	ENST00000358293.7	1	0	0	0	0	0	False	False	False
PDLIM2	ENSG00000120913.23	ENST00000308354.11	3	0	0	0	0	0	False	False	False
PIGV	ENSG00000060642.11	ENST00000674273.1	1	0	0	0	0	0	False	False	False
RILPL1	ENSG00000188026.13	ENST00000376874.9	1	0	0	0	0	0	False	False	False
TRIM3	ENSG00000110171.20	ENST00000525074.5	1	0	0	0	0	0	False	False	False
ARHGEF28	ENSG00000214944.9	ENST00000513042.6	1	0	0	0	0	0	False	False	False
E2F1	ENSG00000101412.13	ENST00000343380.6	1	0	0	0	0	0	False	False	False
H2BC3	ENSG00000276410.4	ENST00000615966.2	4	0	0	0	0	0	False	False	False
MYLIP	ENSG00000007944.15	ENST00000356840.8	1	0	0	0	0	0	False	False	False
NDUFAF5	ENSG00000101247.18	ENST00000378106.10	1	0	0	0	0	0	False	False	False
PCDHGA4	ENSG00000262576.3	ENST00000571252.3	1	0	0	0	0	0	False	False	False
POLL	ENSG00000166169.17	ENST00000370162.8	1	0	0	0	0	0	False	False	False
RTN2	ENSG00000125744.12	ENST00000430715.6	1	0	0	0	0	0	False	False	False
STING1	ENSG00000184584.13	ENST00000652271.1	1	0	0	0	0	0	False	False	False
SULT1A2	ENSG00000197165.11	ENST00000395630.5	4	0	0	0	0	0	False	False	False
TRAK1	ENSG00000182606.16	ENST00000327628.10	3	0	0	0	0	0	False	False	False
ZBTB45	ENSG00000119574.13	ENST00000354590.7	1	0	0	0	0	0	False	False	False
ANK3	ENSG00000151150.22	ENST00000503366.5	2	0	0	0	0	0	False	False	False
CCDC84	ENSG00000186166.9	ENST00000334418.6	1	1	0	0	0	1	True	False	True
CEP170B	ENSG00000099814.16	ENST00000453495.2	1	0	0	0	0	0	False	False	False
CRACD	ENSG00000109265.14	ENST00000264229.11	1	0	0	0	0	0	False	False	False
PPP1R9B	ENSG00000108819.11	ENST00000612501.2	1	0	0	0	0	0	False	False	False
RELL1	ENSG00000181826.10	ENST00000454158.7	1	0	0	0	0	0	False	False	False
RGS10	ENSG00000148908.15	ENST00000369103.3	1	0	1	0	0	1	False	True	True
SPIN2A	ENSG00000147059.8	ENST00000374908.1	4	0	0	0	0	0	False	False	False
TSPAN12	ENSG00000106025.9	ENST00000222747.8	1	1	0	0	0	1	True	False	True
ZNF213	ENSG00000085644.14	ENST00000396878.8	1	0	0	0	0	0	False	False	False
ZNF875	ENSG00000181666.18	ENST00000392153.7	1	0	0	0	0	0	False	False	False
ADCK1	ENSG00000063761.16	ENST00000238561.10	1	0	0	0	0	0	False	False	False
ATMIN	ENSG00000166454.10	ENST00000299575.5	1	0	0	0	0	0	False	False	False
BMPR1B	ENSG00000138696.11	ENST00000440890.7	1	0	0	0	0	0	False	False	False
DUSP7	ENSG00000164086.10	ENST00000495880.2	1	0	0	0	0	0	False	False	False
EML1	ENSG00000066629.18	ENST00000262233.11	1	0	0	0	0	0	False	False	False
MXD1	ENSG00000059728.11	ENST00000264444.7	1	0	0	0	0	0	False	False	False
PCED1B	ENSG00000179715.13	ENST00000546455.6	3	0	0	0	0	0	False	False	False
SLC9A5	ENSG00000135740.17	ENST00000299798.16	1	0	0	0	0	0	False	False	False
TMEM260	ENSG00000070269.14	ENST00000261556.11	1	0	0	0	0	0	False	False	False
TRIM35	ENSG00000104228.13	ENST00000305364.9	1	0	0	0	0	0	False	False	False
USP46	ENSG00000109189.13	ENST00000441222.8	1	0	0	0	0	0	False	False	False
ZMYND8	ENSG00000101040.19	ENST00000461685.5	1	0	0	0	0	0	False	False	False
ZNF816-ZNF321P	ENSG00000221874.4	ENST00000391777.3	4	0	0	0	0	0	False	False	False
B3GALT6	ENSG00000176022.7	ENST00000379198.5	1	0	0	0	0	0	False	False	False
CCNYL1	ENSG00000163249.12	ENST00000295414.7	1	3	0	0	0	3	True	False	True
CDON	ENSG00000064309.14	ENST00000263577.11	1	0	0	0	0	0	False	False	False
DNAH12	ENSG00000174844.14	ENST00000495027.5	2	0	0	0	0	0	False	False	False
ENKUR	ENSG00000151023.17	ENST00000331161.9	1	0	0	0	0	0	False	False	False
FAM234B	ENSG00000084444.14	ENST00000197268.13	1	0	0	0	0	0	False	False	False
GATA2	ENSG00000179348.12	ENST00000341105.7	1	0	0	0	0	0	False	False	False
METTL22	ENSG00000067365.15	ENST00000381920.8	1	0	0	0	0	0	False	False	False
MXI1	ENSG00000119950.21	ENST00000239007.11	1	0	0	0	0	0	False	False	False
PCGF3	ENSG00000185619.18	ENST00000362003.9	1	1	0	0	0	1	True	False	True
POSTN	ENSG00000133110.15	ENST00000379747.9	1	0	0	0	0	0	False	False	False
RAET1G	ENSG00000203722.8	ENST00000367360.7	1	0	0	0	0	0	False	False	False
RUBCN	ENSG00000145016.16	ENST00000296343.10	1	0	0	0	0	0	False	False	False
SNX30	ENSG00000148158.17	ENST00000374232.8	1	0	0	0	0	0	False	False	False
STAC2	ENSG00000141750.7	ENST00000333461.6	1	0	0	0	0	0	False	False	False
WIPI1	ENSG00000070540.13	ENST00000262139.10	1	0	0	0	0	0	False	False	False
ZNF136	ENSG00000196646.12	ENST00000343979.6	1	0	0	0	0	0	False	False	False
AP3M2	ENSG00000070718.12	ENST00000518421.5	1	1	0	0	0	1	True	False	True
ARL4D	ENSG00000175906.5	ENST00000320033.5	1	0	0	0	0	0	False	False	False
CMTR2	ENSG00000180917.17	ENST00000338099.9	1	0	0	0	0	0	False	False	False
CTSF	ENSG00000174080.11	ENST00000310325.10	1	0	0	0	0	0	False	False	False
FAM111A	ENSG00000166801.15	ENST00000528737.5	1	0	0	0	0	0	False	False	False
FAM86B2	ENSG00000145002.12	ENST00000262365.8	4	0	0	0	0	0	False	False	False
GLIS2	ENSG00000126603.8	ENST00000262366.7	1	0	0	0	0	0	False	False	False
PANK1	ENSG00000152782.16	ENST00000342512.3	1	0	0	0	0	0	False	False	False
SELENOH	ENSG00000211450.10	ENST00000534355.6	1	0	0	0	0	0	False	False	False
SLC2A12	ENSG00000146411.6	ENST00000275230.6	1	0	0	0	0	0	False	False	False
TMEM167B	ENSG00000215717.7	ENST00000338272.9	1	0	0	0	0	0	False	False	False
ZSCAN32	ENSG00000140987.20	ENST00000396852.9	1	0	0	0	0	0	False	False	False
C15orf61	ENSG00000189227.6	ENST00000342683.6	1	0	0	0	0	0	False	False	False
DNAJB5	ENSG00000137094.14	ENST00000454002.6	1	0	0	0	0	0	False	False	False
FAM135A	ENSG00000082269.16	ENST00000418814.6	1	0	0	0	0	0	False	False	False
FBXL16	ENSG00000127585.12	ENST00000397621.6	1	0	0	0	0	0	False	False	False
HOXA9	ENSG00000078399.19	ENST00000343483.7	1	0	0	0	0	0	False	False	False
LRCH4	ENSG00000077454.16	ENST00000310300.11	1	0	0	0	0	0	False	False	False
RDH13	ENSG00000160439.16	ENST00000415061.8	1	0	0	0	0	0	False	False	False
STON1	ENSG00000243244.6	ENST00000406226.1	3	0	0	0	0	0	False	False	False
ZDHHC21	ENSG00000175893.11	ENST00000380916.8	1	0	0	0	0	0	False	False	False
ZNF341	ENSG00000131061.14	ENST00000375200.6	2	0	0	0	0	0	False	False	False
ABCA5	ENSG00000154265.16	ENST00000392676.8	1	0	0	0	0	0	False	False	False
HHIP	ENSG00000164161.10	ENST00000296575.8	1	0	0	0	0	0	False	False	False
KIAA1324	ENSG00000116299.17	ENST00000369939.8	1	0	0	0	0	0	False	False	False
LPAR1	ENSG00000198121.13	ENST00000374431.7	1	0	0	0	0	0	False	False	False
PCDHGB2	ENSG00000253910.2	ENST00000522605.1	1	0	0	0	0	0	False	False	False
PHC1	ENSG00000111752.11	ENST00000544916.6	2	0	0	0	0	0	False	False	False
TAF1C	ENSG00000103168.16	ENST00000567759.5	1	0	0	0	0	0	False	False	False
TOR4A	ENSG00000198113.3	ENST00000357503.3	1	0	0	0	0	0	False	False	False
FMO4	ENSG00000076258.10	ENST00000367749.4	2	0	0	0	0	0	False	False	False
PCDH15	ENSG00000150275.18	ENST00000320301.10	4	0	0	0	0	0	False	False	False
PDCD7	ENSG00000090470.15	ENST00000204549.9	1	0	0	0	0	0	False	False	False
PDE4A	ENSG00000065989.16	ENST00000293683.9	1	0	0	0	0	0	False	False	False
PTGES3L	ENSG00000267060.5	ENST00000409446.7	3	0	0	0	0	0	False	False	False
RAD51AP2	ENSG00000214842.5	ENST00000399080.2	4	0	0	0	0	0	False	False	False
STK16	ENSG00000115661.14	ENST00000396738.7	1	1	0	0	0	1	True	False	True
ZNF552	ENSG00000178935.5	ENST00000391701.1	4	0	0	0	0	0	False	False	False
C19orf47	ENSG00000160392.13	ENST00000582783.5	1	0	0	0	0	0	False	False	False
CARD9	ENSG00000187796.15	ENST00000371732.10	1	0	0	0	0	0	False	False	False
CDH23	ENSG00000107736.21	ENST00000224721.12	1	0	0	0	0	0	False	False	False
CEMIP	ENSG00000103888.17	ENST00000394685.8	1	0	0	0	0	0	False	False	False
CTDSPL	ENSG00000144677.15	ENST00000273179.10	1	0	0	0	0	0	False	False	False
ENKD1	ENSG00000124074.12	ENST00000243878.9	1	0	0	0	0	0	False	False	False
FAM160A2	ENSG00000051009.11	ENST00000449352.7	1	0	0	0	0	0	False	False	False
INO80B	ENSG00000115274.15	ENST00000233331.12	3	0	0	0	0	0	False	False	False
POMGNT2	ENSG00000144647.6	ENST00000344697.3	1	0	0	0	0	0	False	False	False
PRDM2	ENSG00000116731.22	ENST00000235372.11	1	0	0	0	0	0	False	False	False
SIRPB1	ENSG00000101307.16	ENST00000279477.11	4	0	0	0	0	0	False	False	False
SLC12A7	ENSG00000113504.21	ENST00000264930.10	1	0	0	0	0	0	False	False	False
SLC16A9	ENSG00000165449.11	ENST00000395348.7	1	0	0	0	0	0	False	False	False
TPGS1	ENSG00000141933.9	ENST00000359315.6	1	0	0	0	0	0	False	False	False
ZFY	ENSG00000067646.12	ENST00000155093.8	4	0	0	0	0	0	False	False	False
ZNF620	ENSG00000177842.12	ENST00000314529.10	1	0	0	0	0	0	False	False	False
ZNF860	ENSG00000197385.6	ENST00000360311.5	1	0	0	0	0	0	False	False	False
AC022400.7	ENSG00000272916.5	ENST00000603027.5	1	0	0	0	0	0	False	False	False
BORCS5	ENSG00000165714.11	ENST00000314565.9	1	0	0	0	0	0	False	False	False
CCDC167	ENSG00000198937.9	ENST00000373408.4	1	0	0	0	0	0	False	False	False
CREB3L4	ENSG00000143578.16	ENST00000271889.8	1	0	0	0	0	0	False	False	False
FAM104B	ENSG00000182518.13	ENST00000425133.2	1	0	0	0	0	0	False	False	False
GGT7	ENSG00000131067.17	ENST00000336431.10	1	0	0	0	0	0	False	False	False
HS6ST1	ENSG00000136720.7	ENST00000259241.7	2	0	0	0	0	0	False	False	False
LONRF3	ENSG00000175556.17	ENST00000371628.8	1	0	0	0	0	0	False	False	False
MMRN2	ENSG00000173269.14	ENST00000372027.10	1	1	0	0	0	1	True	False	True
OSGIN1	ENSG00000140961.14	ENST00000361711.7	1	0	0	0	0	0	False	False	False
RAB11FIP5	ENSG00000135631.17	ENST00000258098.6	1	0	0	0	0	0	False	False	False
SOX9	ENSG00000125398.8	ENST00000245479.3	1	0	0	0	0	0	False	False	False
TRIM45	ENSG00000134253.10	ENST00000256649.9	1	0	0	0	0	0	False	False	False
USP6	ENSG00000129204.17	ENST00000574788.6	4	0	0	0	0	0	False	False	False
ZNF41	ENSG00000147124.12	ENST00000377065.8	1	0	0	0	0	0	False	False	False
ABCD4	ENSG00000119688.21	ENST00000356924.9	1	0	0	0	0	0	False	False	False
ADGRL1	ENSG00000072071.16	ENST00000340736.10	1	0	0	0	0	0	False	False	False
AP003071.5	ENSG00000287725.1	ENST00000637084.1	3	0	0	0	0	0	False	False	False
EPM2A	ENSG00000112425.15	ENST00000367519.9	2	0	0	0	0	0	False	False	False
FBXW8	ENSG00000174989.13	ENST00000652555.1	1	0	0	0	0	0	False	False	False
PDZRN4	ENSG00000165966.16	ENST00000402685.7	4	0	0	0	0	0	False	False	False
PGAP2	ENSG00000148985.20	ENST00000278243.9	1	1	0	0	0	1	True	False	True
RABIF	ENSG00000183155.5	ENST00000367262.4	1	0	0	0	0	0	False	False	False
RFFL	ENSG00000092871.17	ENST00000315249.11	3	0	0	0	0	0	False	False	False
TENT5B	ENSG00000158246.8	ENST00000289166.6	1	0	0	0	0	0	False	False	False
THAP6	ENSG00000174796.12	ENST00000311638.7	1	0	0	0	0	0	False	False	False
TYW5	ENSG00000162971.11	ENST00000354611.9	1	0	0	0	0	0	False	False	False
WDTC1	ENSG00000142784.16	ENST00000319394.8	1	0	0	0	0	0	False	False	False
ZNF37A	ENSG00000075407.18	ENST00000361085.9	1	0	0	0	0	0	False	False	False
ZNF618	ENSG00000157657.14	ENST00000374126.9	1	0	0	0	0	0	False	False	False
BORCS7	ENSG00000166275.16	ENST00000339834.10	3	0	0	0	0	0	False	False	False
CASD1	ENSG00000127995.17	ENST00000297273.9	1	3	0	0	1	4	True	False	True
CDCP1	ENSG00000163814.8	ENST00000296129.6	1	0	0	0	0	0	False	False	False
FHDC1	ENSG00000137460.8	ENST00000511601.5	1	0	0	0	0	0	False	False	False
FKBPL	ENSG00000204315.4	ENST00000375156.4	1	0	0	0	0	0	False	False	False
KCNN4	ENSG00000104783.14	ENST00000648319.1	1	0	0	0	0	0	False	False	False
PGAP6	ENSG00000129925.11	ENST00000431232.7	1	0	0	0	0	0	False	False	False
SHROOM2	ENSG00000146950.13	ENST00000380913.8	2	0	0	0	0	0	False	False	False
SLC12A3	ENSG00000070915.10	ENST00000438926.6	2	0	0	0	0	0	False	False	False
ZNF711	ENSG00000147180.16	ENST00000360700.4	1	0	0	0	0	0	False	False	False
ZSCAN21	ENSG00000166529.15	ENST00000292450.9	1	0	0	0	0	0	False	False	False
ALAD	ENSG00000148218.16	ENST00000409155.8	1	0	0	0	0	0	False	False	False
ANKRD36	ENSG00000135976.20	ENST00000652721.1	4	0	0	0	0	0	False	False	False
B4GALT7	ENSG00000027847.14	ENST00000029410.10	1	0	0	0	0	0	False	False	False
CHMP6	ENSG00000176108.9	ENST00000325167.9	1	0	0	0	0	0	False	False	False
CRAMP1	ENSG00000007545.16	ENST00000397412.8	1	0	0	0	0	0	False	False	False
CYP26B1	ENSG00000003137.8	ENST00000001146.6	1	0	0	0	0	0	False	False	False
DENND4B	ENSG00000198837.10	ENST00000361217.9	1	0	0	0	0	0	False	False	False
GAGE1	ENSG00000205777.17	ENST00000619375.1	4	0	0	0	0	0	False	False	False
IPMK	ENSG00000151151.6	ENST00000373935.4	2	2	0	0	0	2	True	False	True
MAP3K8	ENSG00000107968.10	ENST00000263056.6	1	0	0	0	0	0	False	False	False
MKX	ENSG00000150051.14	ENST00000375790.9	1	0	0	0	0	0	False	False	False
PSEN2	ENSG00000143801.17	ENST00000366783.8	1	0	0	0	0	0	False	False	False
RPP25	ENSG00000178718.7	ENST00000322177.6	1	0	0	0	0	0	False	False	False
TCEAL6	ENSG00000204071.10	ENST00000372774.7	4	0	0	0	0	0	False	False	False
THNSL1	ENSG00000185875.13	ENST00000524413.5	1	0	0	0	0	0	False	False	False
ZNF707	ENSG00000181135.16	ENST00000532205.5	1	0	0	0	0	0	False	False	False
CAMTA2	ENSG00000108509.21	ENST00000348066.8	1	0	0	0	0	0	False	False	False
LRRC37B	ENSG00000185158.12	ENST00000341671.11	4	0	0	0	0	0	False	False	False
MGMT	ENSG00000170430.10	ENST00000306010.8	1	0	0	0	0	0	False	False	False
RAD51D	ENSG00000185379.20	ENST00000345365.10	1	0	0	0	0	0	False	False	False
SLC25A28	ENSG00000155287.11	ENST00000370495.6	1	0	0	0	0	0	False	False	False
SMIM19	ENSG00000176209.11	ENST00000438528.7	1	0	0	0	0	0	False	False	False
TEAD3	ENSG00000007866.21	ENST00000338863.12	1	0	0	0	0	0	False	False	False
TMEM251	ENSG00000153485.5	ENST00000415050.2	1	1	0	0	0	1	True	False	True
ZNF283	ENSG00000167637.18	ENST00000618787.5	1	0	0	0	0	0	False	False	False
ZNF652	ENSG00000198740.8	ENST00000362063.6	1	0	0	0	0	0	False	False	False
ZNF76	ENSG00000065029.15	ENST00000373953.8	1	0	0	0	0	0	False	False	False
BMT2	ENSG00000164603.12	ENST00000297145.9	1	0	0	0	0	0	False	False	False
C7orf26	ENSG00000146576.13	ENST00000344417.10	1	0	0	0	0	0	False	False	False
CES2	ENSG00000172831.14	ENST00000317091.10	3	0	0	0	0	0	False	False	False
CSRNP2	ENSG00000110925.7	ENST00000228515.6	1	0	0	0	0	0	False	False	False
DEXI	ENSG00000182108.11	ENST00000570440.2	2	0	0	0	0	0	False	False	False
FAM186A	ENSG00000185958.10	ENST00000327337.6	4	0	0	0	0	0	False	False	False
FBRSL1	ENSG00000112787.13	ENST00000434748.2	1	1	0	0	0	1	True	False	True
FGF12	ENSG00000114279.13	ENST00000454309.6	3	0	0	0	0	0	False	False	False
GON7	ENSG00000170270.5	ENST00000306954.5	1	0	0	0	0	0	False	False	False
SYBU	ENSG00000147642.17	ENST00000422135.5	1	0	0	0	0	0	False	False	False
ANKRD49	ENSG00000168876.9	ENST00000544612.6	1	2	0	0	0	2	True	False	True
CITED4	ENSG00000179862.7	ENST00000372638.4	1	0	0	0	0	0	False	False	False
ECHDC2	ENSG00000121310.17	ENST00000371522.9	4	1	0	0	0	1	True	False	True
FBXO25	ENSG00000147364.17	ENST00000350302.8	1	0	0	0	0	0	False	False	False
INHA	ENSG00000123999.5	ENST00000243786.3	1	0	0	0	0	0	False	False	False
RAB42	ENSG00000188060.7	ENST00000465518.2	2	0	0	0	0	0	False	False	False
ZBTB2	ENSG00000181472.5	ENST00000325144.5	1	0	0	0	0	0	False	False	False
AC002310.4	ENSG00000261459.1	ENST00000569360.1	3	0	0	0	0	0	False	False	False
ADAM22	ENSG00000008277.14	ENST00000265727.11	1	0	0	0	0	0	False	False	False
AKAP7	ENSG00000118507.17	ENST00000431975.7	1	0	0	0	0	0	False	False	False
C6orf120	ENSG00000185127.6	ENST00000332290.3	1	0	0	0	0	0	False	False	False
ELF3	ENSG00000163435.16	ENST00000359651.7	1	0	0	0	0	0	False	False	False
EMP1	ENSG00000134531.10	ENST00000256951.10	1	0	0	0	0	0	False	False	False
MAST3	ENSG00000099308.10	ENST00000262811.10	1	0	0	0	0	0	False	False	False
MSRB1	ENSG00000198736.11	ENST00000361871.7	1	1	0	0	0	1	True	False	True
RUNX2	ENSG00000124813.23	ENST00000625924.1	1	0	0	0	0	0	False	False	False
THTPA	ENSG00000259431.6	ENST00000288014.7	1	0	0	0	0	0	False	False	False
ZNF556	ENSG00000172000.7	ENST00000586426.5	1	0	0	0	0	0	False	False	False
ALKBH4	ENSG00000160993.4	ENST00000292566.4	1	0	0	0	0	0	False	False	False
BTBD8	ENSG00000189195.14	ENST00000636805.1	2	0	0	0	0	0	False	False	False
CLK4	ENSG00000113240.13	ENST00000316308.9	1	0	0	0	0	0	False	False	False
CLN8	ENSG00000182372.10	ENST00000331222.6	3	0	0	0	0	0	False	False	False
DGCR6L	ENSG00000128185.10	ENST00000248879.8	1	0	0	0	0	0	False	False	False
EFNA4	ENSG00000243364.8	ENST00000368409.8	1	0	0	0	0	0	False	False	False
ELK3	ENSG00000111145.8	ENST00000228741.8	1	0	0	0	0	0	False	False	False
HSD17B8	ENSG00000204228.4	ENST00000374662.4	1	0	0	0	0	0	False	False	False
JOSD2	ENSG00000161677.12	ENST00000598418.6	1	0	0	0	0	0	False	False	False
LYSMD1	ENSG00000163155.12	ENST00000368908.10	1	0	0	0	0	0	False	False	False
TPBG	ENSG00000146242.9	ENST00000535040.4	1	0	0	0	0	0	False	False	False
TRMT10B	ENSG00000165275.10	ENST00000297994.4	1	1	0	0	0	1	True	False	True
TSACC	ENSG00000163467.11	ENST00000368255.7	1	0	0	0	0	0	False	False	False
ARL6	ENSG00000113966.10	ENST00000463745.6	1	0	0	0	0	0	False	False	False
CGRRF1	ENSG00000100532.12	ENST00000216420.12	1	0	0	0	0	0	False	False	False
DLX2	ENSG00000115844.11	ENST00000234198.9	1	0	0	0	0	0	False	False	False
MPV17L	ENSG00000156968.9	ENST00000396385.4	1	0	0	0	0	0	False	False	False
OSBPL6	ENSG00000079156.17	ENST00000392505.6	1	0	0	0	0	0	False	False	False
SLC25A14	ENSG00000102078.16	ENST00000218197.9	1	1	0	0	0	1	True	False	True
SSC5D	ENSG00000179954.16	ENST00000389623.11	1	0	0	0	0	0	False	False	False
STS	ENSG00000101846.8	ENST00000674429.1	1	0	0	0	0	0	False	False	False
TRMT61A	ENSG00000166166.13	ENST00000389749.9	1	0	0	0	0	0	False	False	False
VEGFB	ENSG00000173511.9	ENST00000426086.2	1	0	0	0	0	0	False	False	False
C2CD2	ENSG00000157617.17	ENST00000380486.4	1	0	0	0	0	0	False	False	False
ENO2	ENSG00000111674.9	ENST00000535366.5	1	0	0	0	0	0	False	False	False
FAM209A	ENSG00000124103.10	ENST00000371328.5	1	0	0	0	0	0	False	False	False
FAM229B	ENSG00000203778.8	ENST00000368656.7	1	0	0	0	0	0	False	False	False
GIGYF1	ENSG00000146830.10	ENST00000275732.5	1	0	0	0	0	0	False	False	False
HIVEP3	ENSG00000127124.16	ENST00000372584.5	1	0	0	0	0	0	False	False	False
MCOLN2	ENSG00000153898.13	ENST00000284027.5	1	0	0	0	0	0	False	False	False
NDST3	ENSG00000164100.9	ENST00000296499.6	2	0	0	0	0	0	False	False	False
PEX12	ENSG00000108733.10	ENST00000613219.4	1	1	0	0	0	1	True	False	True
PLEKHM3	ENSG00000178385.15	ENST00000427836.8	1	0	0	0	0	0	False	False	False
PLPPR2	ENSG00000105520.10	ENST00000251473.9	1	0	0	0	0	0	False	False	False
TEX22	ENSG00000226174.7	ENST00000451127.3	1	0	0	0	0	0	False	False	False
ABCC10	ENSG00000124574.15	ENST00000372530.9	1	0	0	0	0	0	False	False	False
IER3	ENSG00000137331.12	ENST00000259874.6	1	1	0	0	0	1	True	False	True
IGF1	ENSG00000017427.17	ENST00000337514.11	1	0	0	0	0	0	False	False	False
OCA2	ENSG00000104044.16	ENST00000354638.8	2	0	0	0	0	0	False	False	False
SERAC1	ENSG00000122335.17	ENST00000647468.2	1	0	0	0	0	0	False	False	False
TIMM29	ENSG00000142444.7	ENST00000270502.7	1	0	0	0	0	0	False	False	False
TMC7	ENSG00000170537.13	ENST00000304381.10	1	0	0	0	0	0	False	False	False
ZNF140	ENSG00000196387.9	ENST00000355557.6	1	0	0	0	0	0	False	False	False
DNLZ	ENSG00000213221.5	ENST00000371738.4	1	0	0	0	0	0	False	False	False
IQGAP2	ENSG00000145703.16	ENST00000274364.11	1	0	0	0	0	0	False	False	False
KLHL1	ENSG00000150361.12	ENST00000377844.9	1	0	0	0	0	0	False	False	False
PCDHGA5	ENSG00000253485.2	ENST00000518069.1	1	0	0	0	0	0	False	False	False
PHF11	ENSG00000136147.18	ENST00000378319.8	1	0	0	0	0	0	False	False	False
TBX1	ENSG00000184058.14	ENST00000649276.1	1	0	0	0	0	0	False	False	False
ZNF316	ENSG00000205903.7	ENST00000382252.6	1	0	0	0	0	0	False	False	False
ZNF362	ENSG00000160094.15	ENST00000539719.6	1	0	0	0	0	0	False	False	False
ZNF526	ENSG00000167625.11	ENST00000301215.8	1	0	0	0	0	0	False	False	False
AFG1L	ENSG00000135537.17	ENST00000368977.9	1	0	0	0	0	0	False	False	False
CDK10	ENSG00000185324.22	ENST00000353379.12	1	0	0	0	0	0	False	False	False
DCAF17	ENSG00000115827.14	ENST00000375255.8	1	0	0	0	0	0	False	False	False
FAM89A	ENSG00000182118.8	ENST00000366654.5	2	0	0	0	0	0	False	False	False
FSTL4	ENSG00000053108.17	ENST00000265342.12	1	0	0	0	0	0	False	False	False
MYO16	ENSG00000041515.16	ENST00000457511.7	1	0	0	0	0	0	False	False	False
PRDM11	ENSG00000019485.13	ENST00000622142.5	1	0	0	0	0	0	False	False	False
RILPL2	ENSG00000150977.10	ENST00000280571.9	1	0	0	0	0	0	False	False	False
SAP30L	ENSG00000164576.12	ENST00000297109.11	1	0	0	0	0	0	False	False	False
SLC25A37	ENSG00000147454.14	ENST00000519973.6	1	0	0	0	0	0	False	False	False
SNX15	ENSG00000110025.13	ENST00000377244.8	3	0	0	0	0	0	False	False	False
ZBED3	ENSG00000132846.6	ENST00000255198.3	1	0	0	0	0	0	False	False	False
ZNF300	ENSG00000145908.12	ENST00000274599.9	1	0	0	0	0	0	False	False	False
ZNF519	ENSG00000175322.12	ENST00000590202.3	1	0	0	0	0	0	False	False	False
CRYBG1	ENSG00000112297.17	ENST00000633556.3	1	0	0	0	0	0	False	False	False
DTD2	ENSG00000129480.13	ENST00000310850.9	1	0	0	0	0	0	False	False	False
ECHDC3	ENSG00000134463.15	ENST00000379215.9	1	0	0	0	0	0	False	False	False
NRXN1	ENSG00000179915.23	ENST00000625672.2	4	0	0	0	0	0	False	False	False
ORAI1	ENSG00000276045.3	ENST00000617316.2	1	0	0	0	0	0	False	False	False
PEX10	ENSG00000157911.11	ENST00000447513.7	1	0	0	0	0	0	False	False	False
PLEKHA6	ENSG00000143850.16	ENST00000637508.1	2	0	0	0	0	0	False	False	False
ZNF100	ENSG00000197020.11	ENST00000608416.5	4	0	0	0	0	0	False	False	False
ZNF45	ENSG00000124459.12	ENST00000269973.10	1	0	0	0	0	0	False	False	False
AGPAT4	ENSG00000026652.15	ENST00000320285.9	1	0	0	0	0	0	False	False	False
ALDH1A2	ENSG00000128918.15	ENST00000249750.9	1	0	0	0	0	0	False	False	False
AMTN	ENSG00000187689.10	ENST00000339336.9	1	0	0	0	0	0	False	False	False
BICRAL	ENSG00000112624.12	ENST00000314073.9	1	0	0	0	0	0	False	False	False
CFAP300	ENSG00000137691.13	ENST00000434758.7	1	0	0	0	0	0	False	False	False
HDAC9	ENSG00000048052.21	ENST00000441542.6	4	0	0	0	0	0	False	False	False
IFI6	ENSG00000126709.15	ENST00000362020.4	1	0	0	0	0	0	False	False	False
ITPKC	ENSG00000086544.3	ENST00000263370.3	1	0	0	0	0	0	False	False	False
NLK	ENSG00000087095.13	ENST00000407008.8	1	0	0	0	0	0	False	False	False
NTAN1	ENSG00000157045.9	ENST00000287706.8	1	3	0	0	0	3	True	False	True
PCDHGB3	ENSG00000262209.3	ENST00000576222.2	1	0	0	0	0	0	False	False	False
TM4SF19-TCTEX1D2	ENSG00000273331.1	ENST00000442633.1	3	0	0	0	0	0	False	False	False
UBALD1	ENSG00000153443.13	ENST00000283474.12	1	0	0	0	0	0	False	False	False
BCL6	ENSG00000113916.18	ENST00000406870.7	1	0	0	0	0	0	False	False	False
C12orf43	ENSG00000157895.11	ENST00000537817.5	1	0	0	0	0	0	False	False	False
FBXO10	ENSG00000147912.13	ENST00000432825.7	1	0	0	0	0	0	False	False	False
GRIK4	ENSG00000149403.13	ENST00000527524.8	2	0	0	0	0	0	False	False	False
MIGA2	ENSG00000148343.18	ENST00000358369.8	1	0	0	0	0	0	False	False	False
RNF215	ENSG00000099999.15	ENST00000382363.8	1	0	0	0	0	0	False	False	False
TMEM51	ENSG00000171729.14	ENST00000376008.3	1	0	0	0	0	0	False	False	False
ZNF680	ENSG00000173041.12	ENST00000309683.11	1	0	0	0	0	0	False	False	False
ZNF829	ENSG00000185869.14	ENST00000391711.7	2	0	0	0	0	0	False	False	False
AASS	ENSG00000008311.15	ENST00000417368.7	1	0	0	0	0	0	False	False	False
AC093323.1	ENSG00000170846.17	ENST00000635031.1	1	0	0	0	0	0	False	False	False
AUH	ENSG00000148090.12	ENST00000375731.9	1	0	0	0	0	0	False	False	False
CMC4	ENSG00000182712.16	ENST00000369484.8	3	0	0	0	0	0	False	False	False
GATA6	ENSG00000141448.10	ENST00000269216.9	1	0	0	0	0	0	False	False	False
INSR	ENSG00000171105.14	ENST00000302850.10	1	0	0	0	0	0	False	False	False
KCNH5	ENSG00000140015.20	ENST00000322893.12	1	0	0	0	0	0	False	False	False
KLHDC8B	ENSG00000185909.15	ENST00000332780.4	1	0	0	0	0	0	False	False	False
MROH8	ENSG00000101353.14	ENST00000400441.7	3	0	0	0	0	0	False	False	False
NCBP2AS2	ENSG00000270170.2	ENST00000602845.2	1	0	0	0	0	0	False	False	False
NOD1	ENSG00000106100.11	ENST00000222823.9	1	0	0	0	0	0	False	False	False
PLEKHA3	ENSG00000116095.11	ENST00000234453.10	2	1	0	0	0	1	True	False	True
SNCG	ENSG00000173267.14	ENST00000372017.4	1	0	0	0	0	0	False	False	False
SSH3	ENSG00000172830.13	ENST00000308127.9	1	0	0	0	0	0	False	False	False
TMEM250	ENSG00000238227.8	ENST00000418388.6	1	0	1	0	0	1	False	True	True
ALDH5A1	ENSG00000112294.13	ENST00000357578.8	1	0	0	0	0	0	False	False	False
C4orf48	ENSG00000243449.6	ENST00000409860.1	1	0	0	0	0	0	False	False	False
DBNDD2	ENSG00000244274.7	ENST00000372712.6	3	0	0	0	0	0	False	False	False
JHY	ENSG00000109944.11	ENST00000227349.7	4	0	0	0	0	0	False	False	False
RETREG1	ENSG00000154153.13	ENST00000399793.6	1	0	0	0	0	0	False	False	False
SAMD4A	ENSG00000020577.14	ENST00000554335.6	1	0	0	0	0	0	False	False	False
ZFYVE21	ENSG00000100711.13	ENST00000311141.6	1	0	0	0	0	0	False	False	False
C2orf68	ENSG00000168887.11	ENST00000306336.6	1	0	0	0	0	0	False	False	False
CCDC28A	ENSG00000024862.17	ENST00000617445.4	1	0	0	0	0	0	False	False	False
CD248	ENSG00000174807.4	ENST00000311330.4	1	0	0	0	0	0	False	False	False
DCUN1D3	ENSG00000188215.10	ENST00000324344.9	1	1	0	0	0	1	True	False	True
IKZF5	ENSG00000095574.12	ENST00000617859.4	1	0	0	0	0	0	False	False	False
PCLO	ENSG00000186472.20	ENST00000333891.14	1	0	0	0	0	0	False	False	False
PLEKHH2	ENSG00000152527.14	ENST00000282406.9	1	0	0	0	0	0	False	False	False
RNF44	ENSG00000146083.12	ENST00000274811.9	1	0	0	0	0	0	False	False	False
SIGIRR	ENSG00000185187.13	ENST00000431843.7	1	0	0	0	0	0	False	False	False
TRIM4	ENSG00000146833.15	ENST00000349062.6	1	0	0	0	0	0	False	False	False
ADGRG2	ENSG00000173698.18	ENST00000379869.8	1	0	0	0	0	0	False	False	False
BORCS8	ENSG00000254901.8	ENST00000462790.8	1	1	0	0	0	1	True	False	True
FOS	ENSG00000170345.10	ENST00000303562.9	1	0	0	0	0	0	False	False	False
PXDNL	ENSG00000147485.13	ENST00000356297.5	2	0	0	0	0	0	False	False	False
RHBDD3	ENSG00000100263.14	ENST00000216085.12	1	0	0	0	0	0	False	False	False
SVIP	ENSG00000198168.9	ENST00000354193.5	1	0	0	0	0	0	False	False	False
ZNF304	ENSG00000131845.14	ENST00000391705.7	1	0	0	0	0	0	False	False	False
APH1B	ENSG00000138613.14	ENST00000261879.10	1	1	0	0	0	1	True	False	True
AXDND1	ENSG00000162779.22	ENST00000367618.8	4	0	0	0	0	0	False	False	False
C3orf33	ENSG00000174928.16	ENST00000340171.7	3	0	0	0	0	0	False	False	False
CADM2	ENSG00000175161.13	ENST00000407528.6	2	0	0	0	0	0	False	False	False
FOSL1	ENSG00000175592.9	ENST00000312562.7	1	1	0	0	0	1	True	False	True
GALC	ENSG00000054983.17	ENST00000261304.7	2	0	0	0	0	0	False	False	False
GPR162	ENSG00000250510.8	ENST00000311268.8	1	0	0	0	0	0	False	False	False
PCDHGA6	ENSG00000253731.3	ENST00000517434.3	1	0	0	0	0	0	False	False	False
PLEKHO1	ENSG00000023902.14	ENST00000369124.5	1	0	0	0	0	0	False	False	False
PPP1R16A	ENSG00000160972.9	ENST00000292539.8	1	0	0	0	0	0	False	False	False
PTPRU	ENSG00000060656.20	ENST00000345512.7	1	0	0	0	0	0	False	False	False
RAB2B	ENSG00000129472.15	ENST00000397762.6	1	0	0	0	0	0	False	False	False
SIM2	ENSG00000159263.16	ENST00000290399.11	1	0	0	0	0	0	False	False	False
TAPBPL	ENSG00000139192.12	ENST00000266556.8	1	0	0	0	0	0	False	False	False
TXNRD3	ENSG00000197763.18	ENST00000524230.7	1	0	0	0	0	0	False	False	False
ARHGAP28	ENSG00000088756.12	ENST00000383472.8	1	0	0	0	0	0	False	False	False
CGNL1	ENSG00000128849.10	ENST00000281282.5	1	0	0	0	0	0	False	False	False
ELK1	ENSG00000126767.18	ENST00000376983.8	1	2	1	0	0	3	True	True	True
FAM156A	ENSG00000268350.7	ENST00000622447.4	4	0	0	0	0	0	False	False	False
FBXO17	ENSG00000269190.6	ENST00000292852.9	3	0	0	0	0	0	False	False	False
IFIT1	ENSG00000185745.10	ENST00000371804.4	1	1	0	0	0	1	True	False	True
PLAAT3	ENSG00000176485.11	ENST00000323646.9	1	0	0	0	0	0	False	False	False
PRTFDC1	ENSG00000099256.19	ENST00000320152.11	1	0	0	0	0	0	False	False	False
RASA4	ENSG00000105808.18	ENST00000262940.12	4	0	0	0	0	0	False	False	False
TCTA	ENSG00000145022.4	ENST00000273590.3	1	0	0	0	0	0	False	False	False
TMEM128	ENSG00000132406.12	ENST00000382753.5	1	2	0	0	0	2	True	False	True
TMEM59L	ENSG00000105696.9	ENST00000600490.5	1	0	0	0	0	0	False	False	False
TRADD	ENSG00000102871.16	ENST00000345057.9	1	0	0	0	0	0	False	False	False
TTC30A	ENSG00000197557.7	ENST00000355689.6	4	0	0	0	0	0	False	False	False
ZNF107	ENSG00000196247.11	ENST00000620827.4	3	0	0	0	0	0	False	False	False
ZNF26	ENSG00000198393.8	ENST00000328654.10	1	0	0	0	0	0	False	False	False
AC007326.4	ENSG00000283809.1	ENST00000638240.1	4	0	0	0	0	0	False	False	False
DYRK2	ENSG00000127334.11	ENST00000344096.4	1	0	0	0	0	0	False	False	False
EDN2	ENSG00000127129.10	ENST00000372587.5	1	0	0	0	0	0	False	False	False
FAM174A	ENSG00000174132.9	ENST00000312637.5	1	0	0	0	0	0	False	False	False
IRF1	ENSG00000125347.14	ENST00000245414.9	1	0	0	0	0	0	False	False	False
IRX3	ENSG00000177508.12	ENST00000329734.4	1	0	0	0	0	0	False	False	False
NPSR1	ENSG00000187258.14	ENST00000360581.6	2	0	1	0	0	1	False	True	True
OBSCN	ENSG00000154358.21	ENST00000570156.6	1	0	0	0	0	0	False	False	False
RFTN1	ENSG00000131378.14	ENST00000334133.9	1	0	0	0	0	0	False	False	False
SLC10A7	ENSG00000120519.15	ENST00000335472.12	1	0	0	0	0	0	False	False	False
SPHK2	ENSG00000063176.16	ENST00000598088.5	1	0	0	0	0	0	False	False	False
ZFYVE1	ENSG00000165861.14	ENST00000556143.6	1	0	0	0	0	0	False	False	False
C4orf33	ENSG00000151470.13	ENST00000281146.9	1	0	0	0	0	0	False	False	False
CPA3	ENSG00000163751.4	ENST00000296046.4	1	0	0	0	0	0	False	False	False
DGKE	ENSG00000153933.10	ENST00000284061.8	1	0	0	0	0	0	False	False	False
DNAH2	ENSG00000183914.14	ENST00000572933.5	2	0	0	0	0	0	False	False	False
FASTK	ENSG00000164896.20	ENST00000297532.11	1	0	0	0	0	0	False	False	False
PIGH	ENSG00000100564.9	ENST00000216452.9	2	1	0	0	0	1	True	False	True
POLI	ENSG00000101751.10	ENST00000579534.5	1	0	0	0	0	0	False	False	False
RGL1	ENSG00000143344.15	ENST00000304685.8	1	0	0	0	0	0	False	False	False
SPATA17	ENSG00000162814.11	ENST00000366933.5	4	0	0	0	2	2	False	False	True
TCEAL2	ENSG00000184905.9	ENST00000372780.6	4	0	0	0	0	0	False	False	False
TOGARAM1	ENSG00000198718.13	ENST00000361462.7	1	0	0	0	0	0	False	False	False
ZNF646	ENSG00000167395.10	ENST00000300850.5	1	0	0	0	0	0	False	False	False
ZSCAN2	ENSG00000176371.14	ENST00000448803.6	1	0	0	0	0	0	False	False	False
ADAM23	ENSG00000114948.13	ENST00000264377.8	1	0	0	0	0	0	False	False	False
COL15A1	ENSG00000204291.11	ENST00000375001.8	1	0	0	0	0	0	False	False	False
LDLRAD2	ENSG00000187942.12	ENST00000344642.7	1	0	0	0	0	0	False	False	False
LHFPL5	ENSG00000197753.11	ENST00000651132.1	1	0	0	0	0	0	False	False	False
ME3	ENSG00000151376.16	ENST00000543262.5	1	0	0	0	0	0	False	False	False
NAV3	ENSG00000067798.16	ENST00000536525.6	1	0	0	0	0	0	False	False	False
ORAI2	ENSG00000160991.16	ENST00000356387.6	1	0	0	0	0	0	False	False	False
PARD3B	ENSG00000116117.18	ENST00000406610.7	1	0	0	0	0	0	False	False	False
PLXNA4	ENSG00000221866.9	ENST00000359827.7	1	0	0	0	0	0	False	False	False
ZNF48	ENSG00000180035.13	ENST00000320159.2	1	0	0	0	0	0	False	False	False
ACAD10	ENSG00000111271.15	ENST00000313698.9	1	0	0	0	0	0	False	False	False
AGFG2	ENSG00000106351.13	ENST00000300176.9	1	0	0	0	0	0	False	False	False
CAPN15	ENSG00000103326.12	ENST00000219611.7	1	0	0	0	0	0	False	False	False
CP	ENSG00000047457.14	ENST00000264613.11	1	1	0	0	0	1	True	False	True
CPEB4	ENSG00000113742.14	ENST00000265085.10	1	0	0	0	0	0	False	False	False
CTXN1	ENSG00000178531.6	ENST00000318978.6	1	0	0	0	0	0	False	False	False
FANCF	ENSG00000183161.6	ENST00000327470.6	1	0	0	0	0	0	False	False	False
FMNL3	ENSG00000161791.14	ENST00000335154.10	1	0	0	0	0	0	False	False	False
HSD17B1	ENSG00000108786.10	ENST00000585807.5	3	0	0	0	0	0	False	False	False
HSPB3	ENSG00000169271.3	ENST00000302005.3	1	0	0	0	0	0	False	False	False
NAT9	ENSG00000109065.12	ENST00000357814.8	1	0	0	0	0	0	False	False	False
NMNAT3	ENSG00000163864.17	ENST00000646611.1	4	0	0	0	0	0	False	False	False
UPK3BL1	ENSG00000267368.1	ENST00000340457.8	4	0	0	0	0	0	False	False	False
AMN1	ENSG00000151743.11	ENST00000281471.11	1	0	0	0	0	0	False	False	False
ANKRD29	ENSG00000154065.17	ENST00000592179.6	1	0	0	0	0	0	False	False	False
CYP11A1	ENSG00000140459.18	ENST00000268053.11	2	0	0	0	0	0	False	False	False
ITGA2	ENSG00000164171.11	ENST00000296585.10	1	0	0	0	0	0	False	False	False
KCNG1	ENSG00000026559.14	ENST00000371571.5	1	0	0	0	0	0	False	False	False
MYH11	ENSG00000133392.18	ENST00000300036.6	4	0	0	0	0	0	False	False	False
NINJ2	ENSG00000171840.12	ENST00000662884.1	3	0	0	0	0	0	False	False	False
SLC35G1	ENSG00000176273.15	ENST00000427197.2	1	0	0	0	0	0	False	False	False
SLC48A1	ENSG00000211584.14	ENST00000442218.3	1	0	0	0	0	0	False	False	False
SPATA6L	ENSG00000106686.16	ENST00000381890.9	1	0	0	0	0	0	False	False	False
ZNF543	ENSG00000178229.8	ENST00000321545.5	1	0	0	0	0	0	False	False	False
ADGRA2	ENSG00000020181.18	ENST00000412232.3	1	0	0	0	0	0	False	False	False
B3GAT2	ENSG00000112309.11	ENST00000230053.11	1	0	0	0	0	0	False	False	False
CREBL2	ENSG00000111269.3	ENST00000228865.3	1	0	0	0	0	0	False	False	False
EGFL7	ENSG00000172889.16	ENST00000371699.5	1	0	0	0	0	0	False	False	False
FAM122A	ENSG00000187866.10	ENST00000394264.7	1	0	0	0	0	0	False	False	False
GSDMD	ENSG00000104518.11	ENST00000526406.5	1	0	0	0	0	0	False	False	False
IL20RB	ENSG00000174564.13	ENST00000329582.9	1	0	0	0	0	0	False	False	False
MLLT6	ENSG00000275023.5	ENST00000621332.5	1	0	0	0	0	0	False	False	False
NHS	ENSG00000188158.15	ENST00000380060.7	1	0	0	0	0	0	False	False	False
OLR1	ENSG00000173391.9	ENST00000309539.8	1	0	0	0	0	0	False	False	False
OPA3	ENSG00000125741.5	ENST00000263275.5	1	0	0	0	0	0	False	False	False
PAK3	ENSG00000077264.15	ENST00000372007.10	3	0	0	0	0	0	False	False	False
PELI1	ENSG00000197329.12	ENST00000358912.5	1	0	0	0	0	0	False	False	False
POLR3GL	ENSG00000121851.13	ENST00000369314.2	1	0	0	0	0	0	False	False	False
PRADC1	ENSG00000135617.4	ENST00000258083.3	1	1	0	0	0	1	True	False	True
PRKCH	ENSG00000027075.15	ENST00000332981.10	1	0	0	0	0	0	False	False	False
RMI2	ENSG00000175643.10	ENST00000312499.6	1	0	0	0	0	0	False	False	False
RUNX3	ENSG00000020633.18	ENST00000308873.10	1	0	0	0	0	0	False	False	False
C16orf91	ENSG00000174109.5	ENST00000442039.3	1	0	0	0	0	0	False	False	False
HCRTR1	ENSG00000121764.11	ENST00000403528.6	1	0	0	0	0	0	False	False	False
IGSF8	ENSG00000162729.14	ENST00000368086.5	1	0	0	0	0	0	False	False	False
MAP3K3	ENSG00000198909.8	ENST00000577395.5	1	0	0	0	0	0	False	False	False
MEF2C	ENSG00000081189.16	ENST00000424173.6	1	0	0	0	0	0	False	False	False
NEO1	ENSG00000067141.17	ENST00000339362.9	1	0	0	0	0	0	False	False	False
NR1D1	ENSG00000126368.6	ENST00000246672.4	1	0	0	0	0	0	False	False	False
PAQR7	ENSG00000182749.5	ENST00000374296.3	1	0	0	0	0	0	False	False	False
PBX4	ENSG00000105717.14	ENST00000251203.14	2	0	0	0	0	0	False	False	False
PPP1R12C	ENSG00000125503.13	ENST00000263433.8	1	0	0	0	0	0	False	False	False
UPP2	ENSG00000007001.13	ENST00000005756.5	4	0	0	0	0	0	False	False	False
WDR90	ENSG00000161996.19	ENST00000549091.5	1	0	0	0	0	0	False	False	False
ZNF20	ENSG00000132010.16	ENST00000334213.10	2	0	0	0	0	0	False	False	False
ZNF530	ENSG00000183647.10	ENST00000332854.10	1	0	0	0	0	0	False	False	False
ADAP2	ENSG00000184060.11	ENST00000330889.8	1	0	0	0	0	0	False	False	False
GAGE12F	ENSG00000236362.8	ENST00000639028.1	4	0	0	0	0	0	False	False	False
MKRN2OS	ENSG00000225526.4	ENST00000564146.3	1	0	0	0	0	0	False	False	False
TBC1D20	ENSG00000125875.14	ENST00000354200.5	1	0	0	0	0	0	False	False	False
ZNF408	ENSG00000175213.3	ENST00000311764.3	1	0	0	0	0	0	False	False	False
ZNF566	ENSG00000186017.14	ENST00000392170.6	1	0	0	0	0	0	False	False	False
ZNF778	ENSG00000170100.13	ENST00000433976.6	1	0	0	0	0	0	False	False	False
AL160272.2	ENSG00000285082.2	ENST00000642985.1	1	0	0	0	0	0	False	False	False
ATAT1	ENSG00000137343.18	ENST00000329992.12	1	0	0	0	0	0	False	False	False
CD163L1	ENSG00000177675.8	ENST00000313599.7	2	0	0	0	0	0	False	False	False
CHKB	ENSG00000100288.20	ENST00000406938.3	1	0	0	0	0	0	False	False	False
CLCN6	ENSG00000011021.23	ENST00000346436.11	1	0	0	0	0	0	False	False	False
DDX3Y	ENSG00000067048.17	ENST00000336079.8	4	1	0	0	0	1	True	False	True
KIAA0040	ENSG00000235750.10	ENST00000423313.6	1	0	0	0	0	0	False	False	False
MIF4GD	ENSG00000125457.14	ENST00000325102.12	1	0	0	0	0	0	False	False	False
MUC1	ENSG00000185499.16	ENST00000337604.6	1	0	15	0	1	16	False	True	True
PLEK2	ENSG00000100558.9	ENST00000216446.9	1	0	0	0	0	0	False	False	False
PRSS12	ENSG00000164099.3	ENST00000296498.3	1	0	0	0	0	0	False	False	False
UPK3BL2	ENSG00000284981.1	ENST00000644544.1	4	0	0	0	0	0	False	False	False
ZSCAN9	ENSG00000137185.12	ENST00000252207.9	1	0	0	0	0	0	False	False	False
DEPTOR	ENSG00000155792.10	ENST00000286234.6	1	0	0	0	0	0	False	False	False
ELMOD3	ENSG00000115459.18	ENST00000409344.7	1	0	0	0	0	0	False	False	False
KIAA2026	ENSG00000183354.12	ENST00000399933.8	1	0	0	0	0	0	False	False	False
KRT19	ENSG00000171345.13	ENST00000361566.7	4	4	0	0	0	4	True	False	True
NAA30	ENSG00000139977.14	ENST00000556492.6	1	0	0	0	0	0	False	False	False
PCDHGA7	ENSG00000253537.3	ENST00000518325.2	1	0	0	0	0	0	False	False	False
S1PR5	ENSG00000180739.14	ENST00000333430.6	1	0	0	0	0	0	False	False	False
SCN2A	ENSG00000136531.17	ENST00000375437.7	1	0	0	0	0	0	False	False	False
SLC2A6	ENSG00000160326.14	ENST00000371899.9	1	0	0	0	0	0	False	False	False
STPG1	ENSG00000001460.18	ENST00000374409.5	1	0	0	0	0	0	False	False	False
CAMK4	ENSG00000152495.11	ENST00000282356.9	1	0	0	0	0	0	False	False	False
GRAP2	ENSG00000100351.17	ENST00000344138.9	4	0	0	0	0	0	False	False	False
PDP1	ENSG00000164951.16	ENST00000396200.3	1	0	0	0	0	0	False	False	False
PLSCR4	ENSG00000114698.15	ENST00000354952.7	1	0	0	0	0	0	False	False	False
PRTG	ENSG00000166450.13	ENST00000389286.9	1	0	0	0	0	0	False	False	False
TMEM79	ENSG00000163472.19	ENST00000295694.9	1	0	0	0	0	0	False	False	False
TOLLIP	ENSG00000078902.16	ENST00000317204.11	1	0	0	0	0	0	False	False	False
ZKSCAN3	ENSG00000189298.14	ENST00000377255.3	3	0	0	0	0	0	False	False	False
ZNF709	ENSG00000242852.7	ENST00000397732.8	4	0	0	0	0	0	False	False	False
ZNF841	ENSG00000197608.11	ENST00000594295.5	1	0	0	0	0	0	False	False	False
E2F2	ENSG00000007968.7	ENST00000361729.3	1	0	0	0	0	0	False	False	False
FAM13C	ENSG00000148541.13	ENST00000618804.5	1	0	0	0	0	0	False	False	False
RGMB	ENSG00000174136.13	ENST00000308234.11	1	0	0	0	0	0	False	False	False
SLCO4A1	ENSG00000101187.16	ENST00000217159.6	1	0	0	0	0	0	False	False	False
TBC1D8	ENSG00000204634.12	ENST00000376840.8	1	0	0	0	0	0	False	False	False
ZNF273	ENSG00000198039.11	ENST00000476120.1	4	0	0	0	0	0	False	False	False
ZNF436	ENSG00000125945.15	ENST00000314011.9	1	0	0	0	0	0	False	False	False
ZNF674	ENSG00000251192.7	ENST00000523374.5	4	0	0	0	0	0	False	False	False
BPHL	ENSG00000137274.13	ENST00000380379.10	1	0	0	0	0	0	False	False	False
CA13	ENSG00000185015.8	ENST00000321764.4	1	0	0	0	0	0	False	False	False
CLYBL	ENSG00000125246.15	ENST00000376355.7	1	0	0	0	0	0	False	False	False
CR1L	ENSG00000197721.17	ENST00000508064.7	2	0	0	0	0	0	False	False	False
CYP4Z1	ENSG00000186160.5	ENST00000334194.4	4	0	0	0	0	0	False	False	False
FAM156B	ENSG00000179304.16	ENST00000593751.7	4	0	0	0	0	0	False	False	False
MAP1A	ENSG00000166963.13	ENST00000382031.5	1	0	0	0	0	0	False	False	False
PLAC1	ENSG00000170965.10	ENST00000359237.9	1	0	0	0	0	0	False	False	False
PRKCE	ENSG00000171132.14	ENST00000306156.8	1	0	0	0	0	0	False	False	False
RNF217	ENSG00000146373.16	ENST00000521654.6	1	0	0	0	0	0	False	False	False
SMIM8	ENSG00000111850.11	ENST00000392863.6	1	0	0	0	0	0	False	False	False
TCF7	ENSG00000081059.20	ENST00000342854.10	1	0	0	0	0	0	False	False	False
ZNF182	ENSG00000147118.12	ENST00000376943.8	1	0	0	0	0	0	False	False	False
ZRSR2	ENSG00000169249.12	ENST00000307771.7	2	0	0	0	0	0	False	False	False
ABCG2	ENSG00000118777.12	ENST00000650821.1	2	3	0	0	0	3	True	False	True
AC005041.1	ENSG00000159239.13	ENST00000517883.2	2	0	0	0	0	0	False	False	False
AC018809.3	ENSG00000288550.1	ENST00000673677.1	3	0	0	0	0	0	False	False	False
AC097104.1	ENSG00000285528.1	ENST00000648304.1	1	0	0	0	0	0	False	False	False
C2orf74	ENSG00000237651.6	ENST00000432605.1	1	0	0	0	0	0	False	False	False
ELL	ENSG00000105656.13	ENST00000262809.9	1	0	0	0	0	0	False	False	False
GAGE12H	ENSG00000224902.5	ENST00000381722.1	4	0	0	0	0	0	False	False	False
IQCK	ENSG00000174628.16	ENST00000320394.10	1	0	0	0	0	0	False	False	False
PIM2	ENSG00000102096.9	ENST00000376509.4	1	0	0	0	0	0	False	False	False
PRXL2B	ENSG00000157870.17	ENST00000419916.8	1	0	0	0	0	0	False	False	False
RNF135	ENSG00000181481.14	ENST00000328381.10	1	0	0	0	0	0	False	False	False
TRDMT1	ENSG00000107614.22	ENST00000377799.8	1	0	0	0	0	0	False	False	False
ULBP3	ENSG00000131019.11	ENST00000367339.7	1	0	0	0	0	0	False	False	False
ZCWPW2	ENSG00000206559.8	ENST00000383768.7	1	0	0	0	0	0	False	False	False
ZNF585B	ENSG00000245680.10	ENST00000532828.7	3	0	0	0	0	0	False	False	False
ASAH2B	ENSG00000204147.10	ENST00000647317.1	4	0	0	0	0	0	False	False	False
C19orf38	ENSG00000214212.9	ENST00000397820.5	2	0	0	0	0	0	False	False	False
DMWD	ENSG00000185800.12	ENST00000270223.7	1	0	0	0	0	0	False	False	False
FN3K	ENSG00000167363.14	ENST00000300784.8	1	1	0	0	0	1	True	False	True
GBA2	ENSG00000070610.14	ENST00000378103.7	1	0	0	0	0	0	False	False	False
IRAK4	ENSG00000198001.14	ENST00000613694.5	1	0	0	0	0	0	False	False	False
LHPP	ENSG00000107902.14	ENST00000368842.10	1	0	0	0	0	0	False	False	False
MMP17	ENSG00000198598.6	ENST00000360564.5	1	0	0	0	0	0	False	False	False
PEX11A	ENSG00000166821.9	ENST00000300056.8	1	0	0	0	0	0	False	False	False
RASA4B	ENSG00000170667.14	ENST00000465829.5	4	0	0	0	0	0	False	False	False
RGS19	ENSG00000171700.14	ENST00000395042.2	1	0	0	0	0	0	False	False	False
SLC27A5	ENSG00000083807.10	ENST00000263093.7	1	0	0	0	0	0	False	False	False
STIMATE-MUSTN1	ENSG00000248592.7	ENST00000504329.1	3	0	0	0	0	0	False	False	False
TRAF3	ENSG00000131323.16	ENST00000392745.8	1	0	0	0	0	0	False	False	False
ZNF691	ENSG00000164011.18	ENST00000372506.5	1	0	0	0	0	0	False	False	False
AP3B2	ENSG00000103723.15	ENST00000620652.4	2	0	0	0	0	0	False	False	False
ATP5MGL	ENSG00000249222.1	ENST00000505920.1	4	1	0	0	0	1	True	False	True
C19orf25	ENSG00000119559.17	ENST00000436106.3	1	0	0	0	0	0	False	False	False
CPA6	ENSG00000165078.13	ENST00000297770.10	4	0	0	0	0	0	False	False	False
DHRS13	ENSG00000167536.14	ENST00000378895.9	1	0	0	0	0	0	False	False	False
DLX1	ENSG00000144355.15	ENST00000361725.5	1	0	0	0	0	0	False	False	False
EFHB	ENSG00000163576.18	ENST00000295824.14	2	0	0	0	0	0	False	False	False
FGFR4	ENSG00000160867.15	ENST00000292408.9	1	0	0	0	0	0	False	False	False
HDHD3	ENSG00000119431.9	ENST00000238379.9	1	0	0	0	0	0	False	False	False
HORMAD1	ENSG00000143452.16	ENST00000361824.7	1	1	0	0	0	1	True	False	True
NT5DC4	ENSG00000144130.11	ENST00000327581.4	1	0	0	0	0	0	False	False	False
PPARGC1A	ENSG00000109819.9	ENST00000264867.7	1	0	0	0	0	0	False	False	False
PPCDC	ENSG00000138621.12	ENST00000342932.8	1	0	0	0	0	0	False	False	False
PRPS1L1	ENSG00000229937.8	ENST00000506618.4	4	0	0	0	0	0	False	False	False
SPIN3	ENSG00000204271.13	ENST00000638257.1	1	0	0	0	0	0	False	False	False
STIMATE	ENSG00000213533.12	ENST00000355083.10	3	0	0	0	0	0	False	False	False
TMEM159	ENSG00000011638.10	ENST00000233047.8	1	0	0	0	0	0	False	False	False
TSHZ1	ENSG00000179981.10	ENST00000580243.2	1	0	0	0	0	0	False	False	False
ZNF430	ENSG00000118620.13	ENST00000261560.10	1	0	0	0	0	0	False	False	False
BCL2L11	ENSG00000153094.24	ENST00000308659.12	1	0	0	0	0	0	False	False	False
C1QL1	ENSG00000131094.4	ENST00000253407.4	1	0	0	0	0	0	False	False	False
CCNQ	ENSG00000262919.8	ENST00000576892.8	2	2	2	0	0	4	True	True	True
CTU1	ENSG00000142544.7	ENST00000421832.3	1	0	0	0	0	0	False	False	False
DUSP2	ENSG00000158050.5	ENST00000288943.5	1	0	0	0	0	0	False	False	False
EZH1	ENSG00000108799.13	ENST00000428826.7	1	0	0	0	0	0	False	False	False
GAGE12C	ENSG00000237671.3	ENST00000420398.2	4	0	0	0	0	0	False	False	False
GAGE12D	ENSG00000227488.2	ENST00000405679.3	4	0	0	0	0	0	False	False	False
GAGE12E	ENSG00000216649.3	ENST00000381698.3	4	0	0	0	0	0	False	False	False
GAGE12G	ENSG00000215269.5	ENST00000445148.1	4	0	0	0	0	0	False	False	False
IRGM	ENSG00000237693.4	ENST00000522154.1	1	0	0	0	0	0	False	False	False
MCRIP1	ENSG00000225663.8	ENST00000576730.5	1	0	0	0	0	0	False	False	False
MIB2	ENSG00000197530.12	ENST00000505820.6	1	0	0	0	0	0	False	False	False
MSH5	ENSG00000204410.16	ENST00000375755.8	3	0	0	0	0	0	False	False	False
MTLN	ENSG00000175701.10	ENST00000414416.2	1	0	0	0	0	0	False	False	False
MYO6	ENSG00000196586.16	ENST00000664640.1	1	0	0	0	0	0	False	False	False
PPARD	ENSG00000112033.14	ENST00000311565.4	1	0	0	0	0	0	False	False	False
SYNGR1	ENSG00000100321.15	ENST00000328933.10	1	0	0	0	0	0	False	False	False
TMEM175	ENSG00000127419.17	ENST00000264771.9	1	0	0	0	0	0	False	False	False
ZNF92	ENSG00000146757.14	ENST00000328747.12	1	0	0	0	0	0	False	False	False
ABCA3	ENSG00000167972.14	ENST00000301732.10	2	0	0	0	0	0	False	False	False
ABCB1	ENSG00000085563.15	ENST00000622132.5	4	0	0	0	0	0	False	False	False
B3GNT4	ENSG00000176383.9	ENST00000324189.5	3	0	0	0	0	0	False	False	False
CCM2	ENSG00000136280.17	ENST00000381112.7	1	0	0	0	0	0	False	False	False
CHST10	ENSG00000115526.11	ENST00000264249.8	1	0	0	0	0	0	False	False	False
EPHA1	ENSG00000146904.9	ENST00000275815.4	1	0	0	0	0	0	False	False	False
FAM120C	ENSG00000184083.12	ENST00000375180.7	1	0	0	0	0	0	False	False	False
H3C6	ENSG00000274750.2	ENST00000634733.1	1	0	0	0	0	0	False	False	False
HLA-DMA	ENSG00000204257.15	ENST00000374843.9	1	0	0	0	0	0	False	False	False
ICAM3	ENSG00000076662.10	ENST00000160262.10	1	0	0	0	0	0	False	False	False
KIAA0319	ENSG00000137261.14	ENST00000378214.8	1	0	0	0	0	0	False	False	False
MSH5-SAPCD1	ENSG00000255152.8	ENST00000493662.6	3	0	0	0	0	0	False	False	False
NCKAP5	ENSG00000176771.17	ENST00000409261.6	3	0	0	0	0	0	False	False	False
PTPN4	ENSG00000088179.9	ENST00000263708.7	1	0	0	0	1	1	False	False	True
SMAD7	ENSG00000101665.9	ENST00000262158.7	1	0	0	0	0	0	False	False	False
SPRYD4	ENSG00000176422.14	ENST00000338146.7	1	1	0	0	0	1	True	False	True
VSIR	ENSG00000107738.20	ENST00000394957.8	1	0	0	0	0	0	False	False	False
ARMC7	ENSG00000125449.7	ENST00000245543.6	1	0	0	0	0	0	False	False	False
C1orf159	ENSG00000131591.17	ENST00000421241.6	1	0	0	0	0	0	False	False	False
C6orf136	ENSG00000204564.12	ENST00000376473.9	1	0	0	0	0	0	False	False	False
CMTM3	ENSG00000140931.20	ENST00000424011.6	1	0	0	0	0	0	False	False	False
CTXND2	ENSG00000283324.1	ENST00000636087.1	2	0	0	0	0	0	False	False	False
DDX60	ENSG00000137628.17	ENST00000393743.8	1	0	0	0	0	0	False	False	False
GDPGP1	ENSG00000183208.12	ENST00000558017.5	1	0	0	0	0	0	False	False	False
MINDY1	ENSG00000143409.15	ENST00000361936.9	1	0	0	0	0	0	False	False	False
NAP1L5	ENSG00000177432.8	ENST00000323061.7	1	0	0	0	0	0	False	False	False
PROSER3	ENSG00000167595.15	ENST00000396908.8	1	0	0	0	0	0	False	False	False
TEPSIN	ENSG00000167302.10	ENST00000637944.1	1	0	0	0	0	0	False	False	False
C16orf95	ENSG00000260456.7	ENST00000567970.2	4	0	0	0	0	0	False	False	False
HES4	ENSG00000188290.11	ENST00000304952.11	1	0	0	0	0	0	False	False	False
KIAA1328	ENSG00000150477.15	ENST00000280020.10	1	1	0	0	0	1	True	False	True
LNX1	ENSG00000072201.14	ENST00000263925.8	1	1	0	0	0	1	True	False	True
MCRIP2	ENSG00000172366.20	ENST00000307650.9	1	2	0	0	0	2	True	False	True
NFKBIL1	ENSG00000204498.11	ENST00000376148.9	1	0	0	0	0	0	False	False	False
NRIP3	ENSG00000175352.11	ENST00000309166.8	1	0	0	0	0	0	False	False	False
PCTP	ENSG00000141179.14	ENST00000268896.10	1	0	0	0	0	0	False	False	False
RFNG	ENSG00000169733.12	ENST00000310496.9	1	0	0	0	0	0	False	False	False
RNF38	ENSG00000137075.18	ENST00000259605.11	1	0	0	0	0	0	False	False	False
SNX25	ENSG00000109762.16	ENST00000504273.5	1	0	1	0	0	1	False	True	True
SOWAHC	ENSG00000198142.5	ENST00000356454.5	1	0	0	0	0	0	False	False	False
TCFL5	ENSG00000101190.13	ENST00000335351.8	1	0	0	0	0	0	False	False	False
ZNF239	ENSG00000196793.13	ENST00000306006.10	1	0	0	0	0	0	False	False	False
ZNF684	ENSG00000117010.17	ENST00000648542.1	1	0	0	0	0	0	False	False	False
ALX1	ENSG00000180318.4	ENST00000316824.4	1	0	0	0	0	0	False	False	False
CLCN5	ENSG00000171365.17	ENST00000307367.2	1	0	0	0	0	0	False	False	False
DOK4	ENSG00000125170.11	ENST00000340099.9	1	0	0	0	0	0	False	False	False
GPRASP2	ENSG00000158301.18	ENST00000543253.5	1	0	0	0	0	0	False	False	False
IKZF3	ENSG00000161405.17	ENST00000346872.8	4	0	0	0	0	0	False	False	False
REXO1	ENSG00000079313.15	ENST00000170168.9	1	13	0	0	0	13	True	False	True
TADA2B	ENSG00000173011.12	ENST00000310074.8	1	0	0	0	0	0	False	False	False
CCSAP	ENSG00000154429.11	ENST00000284617.7	1	0	0	0	0	0	False	False	False
DNM3	ENSG00000197959.14	ENST00000367731.5	3	0	0	0	0	0	False	False	False
DNMT3B	ENSG00000088305.18	ENST00000328111.6	1	0	0	0	0	0	False	False	False
GMIP	ENSG00000089639.11	ENST00000203556.9	1	0	0	0	0	0	False	False	False
GPRC5B	ENSG00000167191.12	ENST00000300571.7	1	0	0	0	0	0	False	False	False
IL18BP	ENSG00000137496.18	ENST00000497194.6	1	0	0	0	0	0	False	False	False
NIBAN1	ENSG00000135842.17	ENST00000367511.4	1	0	0	0	0	0	False	False	False
RADIL	ENSG00000157927.17	ENST00000399583.4	4	0	0	0	0	0	False	False	False
SFXN2	ENSG00000156398.13	ENST00000369893.10	1	0	0	0	0	0	False	False	False
TUBGCP6	ENSG00000128159.12	ENST00000248846.10	1	0	0	0	0	0	False	False	False
ZNF420	ENSG00000197050.11	ENST00000337995.4	1	0	0	0	0	0	False	False	False
BBS12	ENSG00000181004.10	ENST00000542236.5	1	0	0	0	0	0	False	False	False
KLF11	ENSG00000172059.11	ENST00000305883.6	1	0	0	0	0	0	False	False	False
KLF12	ENSG00000118922.17	ENST00000377669.6	1	0	0	0	0	0	False	False	False
LARP6	ENSG00000166173.11	ENST00000299213.10	1	0	0	0	0	0	False	False	False
LSM11	ENSG00000155858.6	ENST00000286307.6	1	0	0	0	0	0	False	False	False
MARCHF8	ENSG00000165406.16	ENST00000453424.7	1	0	0	0	0	0	False	False	False
MYO1H	ENSG00000174527.9	ENST00000431443.6	1	0	0	0	0	0	False	False	False
NME9	ENSG00000181322.14	ENST00000333911.8	1	0	0	0	0	0	False	False	False
PPM1N	ENSG00000213889.10	ENST00000451287.6	1	0	0	0	0	0	False	False	False
PRKAB1	ENSG00000111725.11	ENST00000541640.5	1	0	0	0	0	0	False	False	False
STK11	ENSG00000118046.16	ENST00000326873.12	2	0	0	0	0	0	False	False	False
SYNPO2	ENSG00000172403.11	ENST00000307142.9	1	0	0	0	0	0	False	False	False
TMEM177	ENSG00000144120.13	ENST00000424086.5	1	0	0	0	0	0	False	False	False
ZXDB	ENSG00000198455.4	ENST00000374888.2	4	0	0	0	0	0	False	False	False
ANKRA2	ENSG00000164331.10	ENST00000296785.8	1	0	0	0	0	0	False	False	False
APLF	ENSG00000169621.10	ENST00000303795.9	2	0	0	0	0	0	False	False	False
BLOC1S4	ENSG00000186222.5	ENST00000320776.5	1	0	0	0	0	0	False	False	False
DNAJB2	ENSG00000135924.15	ENST00000336576.9	1	0	0	0	0	0	False	False	False
IFI44	ENSG00000137965.11	ENST00000370747.9	1	0	0	0	0	0	False	False	False
MBD6	ENSG00000166987.15	ENST00000355673.8	1	0	0	0	0	0	False	False	False
MX1	ENSG00000157601.14	ENST00000398600.6	1	5	0	0	0	5	True	False	True
PACS2	ENSG00000179364.13	ENST00000325438.12	1	0	0	0	0	0	False	False	False
PRKAA2	ENSG00000162409.11	ENST00000371244.9	1	0	0	0	0	0	False	False	False
PRKAB2	ENSG00000131791.8	ENST00000254101.4	1	0	0	0	0	0	False	False	False
TGFBR3	ENSG00000069702.11	ENST00000212355.9	1	0	0	0	0	0	False	False	False
TMEM254	ENSG00000133678.14	ENST00000372281.8	1	1	0	0	0	1	True	False	True
TUSC1	ENSG00000198680.4	ENST00000358022.4	1	0	0	0	0	0	False	False	False
APBA3	ENSG00000011132.12	ENST00000316757.4	1	0	0	0	0	0	False	False	False
C21orf58	ENSG00000160298.18	ENST00000291691.12	1	0	0	0	0	0	False	False	False
HOXA13	ENSG00000106031.9	ENST00000649031.1	1	0	0	0	0	0	False	False	False
IL11RA	ENSG00000137070.18	ENST00000555003.5	1	0	0	0	0	0	False	False	False
PRR5	ENSG00000186654.21	ENST00000336985.11	3	0	0	0	0	0	False	False	False
PRR5-ARHGAP8	ENSG00000248405.10	ENST00000352766.11	3	0	0	0	0	0	False	False	False
RPGR	ENSG00000156313.15	ENST00000645032.1	1	0	0	0	0	0	False	False	False
SERTAD3	ENSG00000167565.13	ENST00000392028.8	1	0	0	0	0	0	False	False	False
ZFP69B	ENSG00000187801.15	ENST00000361584.5	1	0	0	0	0	0	False	False	False
AMER1	ENSG00000184675.11	ENST00000374869.8	1	0	0	0	0	0	False	False	False
BCDIN3D	ENSG00000186666.6	ENST00000333924.6	1	0	0	0	0	0	False	False	False
BTN2A2	ENSG00000124508.17	ENST00000356709.9	1	0	0	0	0	0	False	False	False
C1orf146	ENSG00000203910.9	ENST00000370375.8	4	1	0	0	0	1	True	False	True
FCMR	ENSG00000162894.12	ENST00000367091.8	2	0	0	0	0	0	False	False	False
FZD7	ENSG00000155760.2	ENST00000286201.2	1	0	0	0	0	0	False	False	False
GLIS1	ENSG00000174332.5	ENST00000628545.1	1	0	0	0	0	0	False	False	False
HHLA3	ENSG00000197568.14	ENST00000370940.6	1	0	0	0	0	0	False	False	False
KCTD6	ENSG00000168301.13	ENST00000355076.6	1	0	0	0	0	0	False	False	False
MINDY2	ENSG00000128923.11	ENST00000450403.3	1	0	0	0	0	0	False	False	False
PTCH1	ENSG00000185920.16	ENST00000430669.6	1	0	0	0	0	0	False	False	False
SLC2A8	ENSG00000136856.18	ENST00000373371.8	1	0	0	0	0	0	False	False	False
TLR3	ENSG00000164342.13	ENST00000296795.8	1	0	0	0	0	0	False	False	False
TRMT44	ENSG00000155275.19	ENST00000389737.5	1	0	0	0	0	0	False	False	False
TTC30B	ENSG00000196659.10	ENST00000408939.4	4	0	0	0	0	0	False	False	False
ANKRD30B	ENSG00000180777.14	ENST00000665241.1	2	0	1	0	0	1	False	True	True
BEND3	ENSG00000178409.13	ENST00000429433.3	1	2	0	0	0	2	True	False	True
GAGE2A	ENSG00000189064.8	ENST00000362097.1	4	0	0	0	0	0	False	False	False
KMT2B	ENSG00000272333.7	ENST00000420124.4	1	0	0	0	0	0	False	False	False
MEX3A	ENSG00000254726.3	ENST00000532414.3	1	0	0	0	0	0	False	False	False
NCALD	ENSG00000104490.18	ENST00000395923.5	2	0	0	0	0	0	False	False	False
SDC3	ENSG00000162512.16	ENST00000339394.7	1	0	0	0	0	0	False	False	False
SIRT7	ENSG00000187531.14	ENST00000328666.11	1	0	0	0	0	0	False	False	False
TESMIN	ENSG00000132749.11	ENST00000255087.10	1	0	0	0	0	0	False	False	False
TMC1	ENSG00000165091.18	ENST00000297784.10	4	0	0	0	0	0	False	False	False
TRIM6-TRIM34	ENSG00000258588.3	ENST00000354852.5	3	0	0	0	0	0	False	False	False
ARHGAP40	ENSG00000124143.10	ENST00000373345.8	2	0	0	0	0	0	False	False	False
ATF5	ENSG00000169136.11	ENST00000423777.7	1	0	0	0	0	0	False	False	False
ATG4A	ENSG00000101844.18	ENST00000372232.8	1	1	0	0	0	1	True	False	True
CHRM2	ENSG00000181072.11	ENST00000445907.6	4	0	0	0	0	0	False	False	False
DKK1	ENSG00000107984.10	ENST00000373970.4	1	0	0	0	0	0	False	False	False
ISL1	ENSG00000016082.15	ENST00000230658.12	1	0	0	0	0	0	False	False	False
MMP24OS	ENSG00000126005.17	ENST00000456790.2	1	0	0	0	0	0	False	False	False
PRKX	ENSG00000183943.6	ENST00000262848.6	1	2	0	0	0	2	True	False	True
SFR1	ENSG00000156384.14	ENST00000369729.7	1	2	0	0	0	2	True	False	True
SGIP1	ENSG00000118473.22	ENST00000371037.9	3	0	0	0	0	0	False	False	False
SLC66A2	ENSG00000122490.19	ENST00000397778.7	1	3	0	0	0	3	True	False	True
TMCO6	ENSG00000113119.12	ENST00000394671.7	1	0	0	0	0	0	False	False	False
ZFP90	ENSG00000184939.16	ENST00000570495.5	1	0	0	0	0	0	False	False	False
ZNF510	ENSG00000081386.12	ENST00000375231.5	1	0	0	0	0	0	False	False	False
AIF1L	ENSG00000126878.13	ENST00000247291.8	1	0	0	0	0	0	False	False	False
ANKRD36C	ENSG00000174501.14	ENST00000456556.5	4	1	0	0	0	1	True	False	True
BICRA	ENSG00000063169.10	ENST00000396720.7	1	0	0	0	0	0	False	False	False
CCDC102A	ENSG00000135736.6	ENST00000258214.3	1	0	0	0	0	0	False	False	False
HEXD	ENSG00000169660.16	ENST00000337014.10	1	0	0	0	0	0	False	False	False
INPP4B	ENSG00000109452.12	ENST00000513000.5	1	0	0	0	0	0	False	False	False
KCTD17	ENSG00000100379.17	ENST00000403888.7	1	0	0	0	0	0	False	False	False
MYSM1	ENSG00000162601.11	ENST00000472487.6	1	0	0	0	0	0	False	False	False
SEMA4G	ENSG00000095539.15	ENST00000210633.3	3	0	0	0	0	0	False	False	False
SLA2	ENSG00000101082.14	ENST00000262866.9	2	0	0	0	0	0	False	False	False
ZBTB48	ENSG00000204859.13	ENST00000377674.9	1	0	0	0	0	0	False	False	False
ZNF358	ENSG00000198816.7	ENST00000597229.2	1	0	0	0	0	0	False	False	False
ZNF79	ENSG00000196152.10	ENST00000342483.5	1	0	0	0	0	0	False	False	False
ATG4D	ENSG00000130734.10	ENST00000309469.9	1	0	0	0	0	0	False	False	False
C2orf76	ENSG00000186132.15	ENST00000409466.6	1	0	0	0	0	0	False	False	False
COL4A6	ENSG00000197565.16	ENST00000394872.6	1	0	0	0	0	0	False	False	False
DBP	ENSG00000105516.11	ENST00000222122.10	1	0	0	0	0	0	False	False	False
ENDOV	ENSG00000173818.17	ENST00000518137.6	1	0	0	0	0	0	False	False	False
FAM160B2	ENSG00000158863.22	ENST00000289921.8	1	0	0	0	0	0	False	False	False
FBXL13	ENSG00000161040.16	ENST00000313221.8	3	0	0	0	0	0	False	False	False
GPATCH3	ENSG00000198746.13	ENST00000361720.10	1	0	0	0	0	0	False	False	False
GTDC1	ENSG00000121964.14	ENST00000392869.6	1	0	0	0	0	0	False	False	False
MGLL	ENSG00000074416.14	ENST00000434178.6	1	0	0	0	0	0	False	False	False
PRDM10	ENSG00000170325.14	ENST00000360871.7	1	0	0	0	0	0	False	False	False
RAD52	ENSG00000002016.18	ENST00000358495.8	1	1	0	0	0	1	True	False	True
SMPD2	ENSG00000135587.9	ENST00000258052.8	1	0	0	0	0	0	False	False	False
SPATA6	ENSG00000132122.12	ENST00000371847.8	2	0	0	0	0	0	False	False	False
TECPR1	ENSG00000205356.10	ENST00000447648.7	1	0	0	0	0	0	False	False	False
TOR2A	ENSG00000160404.18	ENST00000373284.10	1	0	0	0	0	0	False	False	False
VIT	ENSG00000205221.12	ENST00000379241.7	1	0	0	0	0	0	False	False	False
DCUN1D2	ENSG00000150401.15	ENST00000478244.6	1	1	0	0	0	1	True	False	True
DNAJC25	ENSG00000059769.20	ENST00000313525.4	1	0	0	0	0	0	False	False	False
DPY19L2	ENSG00000177990.12	ENST00000324472.9	2	0	0	0	0	0	False	False	False
DTNA	ENSG00000134769.21	ENST00000598334.5	1	0	0	0	0	0	False	False	False
FAM81B	ENSG00000153347.10	ENST00000283357.10	2	0	0	0	0	0	False	False	False
KDM6B	ENSG00000132510.10	ENST00000254846.9	1	0	0	0	0	0	False	False	False
MRAS	ENSG00000158186.13	ENST00000289104.8	1	1	0	0	0	1	True	False	True
TMEM216	ENSG00000187049.10	ENST00000515837.7	1	0	0	0	0	0	False	False	False
TSTD1	ENSG00000215845.11	ENST00000423014.3	1	0	0	0	0	0	False	False	False
WBP1	ENSG00000239779.7	ENST00000233615.7	3	2	0	0	0	2	True	False	True
ZFAND2B	ENSG00000158552.13	ENST00000289528.10	1	0	0	0	0	0	False	False	False
ZNF234	ENSG00000263002.8	ENST00000426739.7	1	0	0	0	0	0	False	False	False
ZSCAN25	ENSG00000197037.11	ENST00000394152.7	1	0	0	0	0	0	False	False	False
ARHGEF3	ENSG00000163947.11	ENST00000296315.7	1	0	0	0	0	0	False	False	False
CHIC2	ENSG00000109220.11	ENST00000263921.8	1	0	0	0	0	0	False	False	False
DHRS11	ENSG00000278535.5	ENST00000618403.5	1	0	0	0	0	0	False	False	False
MEX3B	ENSG00000183496.6	ENST00000329713.5	1	0	0	0	0	0	False	False	False
NPAS2	ENSG00000170485.17	ENST00000335681.10	1	0	0	0	0	0	False	False	False
PPP1R15A	ENSG00000087074.8	ENST00000200453.6	1	0	0	0	0	0	False	False	False
RAB33B	ENSG00000172007.7	ENST00000305626.6	1	0	0	0	0	0	False	False	False
RASD1	ENSG00000108551.5	ENST00000225688.4	1	0	0	0	0	0	False	False	False
RHBDF1	ENSG00000007384.15	ENST00000262316.10	1	1	0	0	0	1	True	False	True
ZFP36L2	ENSG00000152518.8	ENST00000282388.4	1	0	0	0	0	0	False	False	False
ZNF484	ENSG00000127081.14	ENST00000375495.8	1	0	0	0	0	0	False	False	False
ANP32D	ENSG00000139223.4	ENST00000266594.4	4	0	0	0	0	0	False	False	False
C8orf82	ENSG00000213563.7	ENST00000524821.6	1	0	0	0	0	0	False	False	False
CACNA1G	ENSG00000006283.18	ENST00000515165.5	1	0	0	0	0	0	False	False	False
HORMAD2	ENSG00000176635.18	ENST00000403975.1	2	0	0	0	0	0	False	False	False
LOXL3	ENSG00000115318.12	ENST00000264094.8	1	0	0	0	0	0	False	False	False
RFXAP	ENSG00000133111.4	ENST00000255476.3	1	0	0	0	0	0	False	False	False
RGS12	ENSG00000159788.19	ENST00000344733.9	1	0	0	0	0	0	False	False	False
SECTM1	ENSG00000141574.8	ENST00000269389.8	1	0	0	0	0	0	False	False	False
SLC39A4	ENSG00000147804.10	ENST00000301305.8	1	0	0	0	0	0	False	False	False
TLR4	ENSG00000136869.16	ENST00000355622.8	1	0	0	0	0	0	False	False	False
CLEC3A	ENSG00000166509.12	ENST00000299642.10	4	0	0	0	0	0	False	False	False
EPHA4	ENSG00000116106.12	ENST00000281821.7	1	0	0	0	0	0	False	False	False
LINC02210-CRHR1	ENSG00000263715.7	ENST00000634540.1	3	0	0	0	0	0	False	False	False
METRN	ENSG00000103260.9	ENST00000568223.7	1	0	0	0	0	0	False	False	False
NALCN	ENSG00000102452.17	ENST00000251127.11	1	0	0	0	0	0	False	False	False
PPARGC1B	ENSG00000155846.17	ENST00000309241.10	1	0	0	0	0	0	False	False	False
SLC25A29	ENSG00000197119.13	ENST00000359232.8	1	0	0	0	0	0	False	False	False
SLC66A1	ENSG00000040487.13	ENST00000375153.8	1	0	0	0	0	0	False	False	False
SUGCT	ENSG00000175600.15	ENST00000628514.2	4	0	0	0	0	0	False	False	False
TET3	ENSG00000187605.15	ENST00000409262.7	1	0	0	0	0	0	False	False	False
ZNF212	ENSG00000170260.9	ENST00000335870.7	1	0	0	0	0	0	False	False	False
ZNF473	ENSG00000142528.16	ENST00000595661.5	1	0	0	0	0	0	False	False	False
ZNF836	ENSG00000196267.12	ENST00000597252.5	1	0	0	0	0	0	False	False	False
ADSS1	ENSG00000185100.10	ENST00000330877.6	1	0	0	0	0	0	False	False	False
ALKBH8	ENSG00000137760.14	ENST00000428149.6	1	1	0	0	0	1	True	False	True
ANKRD36B	ENSG00000196912.12	ENST00000258459.11	4	0	0	0	0	0	False	False	False
C9orf16	ENSG00000171159.5	ENST00000372994.2	1	2	0	0	0	2	True	False	True
FIGN	ENSG00000182263.14	ENST00000333129.4	1	0	0	0	0	0	False	False	False
GZF1	ENSG00000125812.16	ENST00000338121.10	1	0	0	0	0	0	False	False	False
IRAK2	ENSG00000134070.5	ENST00000256458.5	1	0	0	0	0	0	False	False	False
MAGI2	ENSG00000187391.21	ENST00000354212.9	4	0	0	0	0	0	False	False	False
MAPK8IP1	ENSG00000121653.11	ENST00000241014.6	2	2	0	0	0	2	True	False	True
METTL25	ENSG00000127720.8	ENST00000248306.8	1	0	0	0	0	0	False	False	False
MTF1	ENSG00000188786.10	ENST00000373036.5	1	0	0	0	0	0	False	False	False
PCDHGA8	ENSG00000253767.2	ENST00000398604.2	1	0	0	0	0	0	False	False	False
PCDHGB4	ENSG00000253953.2	ENST00000519479.1	1	0	0	0	0	0	False	False	False
RRAGB	ENSG00000083750.12	ENST00000374941.8	1	0	0	0	0	0	False	False	False
RUBCNL	ENSG00000102445.18	ENST00000429979.5	4	0	0	0	0	0	False	False	False
SAPCD2	ENSG00000186193.9	ENST00000409687.5	1	4	0	0	0	4	True	False	True
SH3RF2	ENSG00000156463.18	ENST00000511217.1	2	0	0	0	0	0	False	False	False
SLC27A2	ENSG00000140284.11	ENST00000267842.10	1	0	0	0	0	0	False	False	False
SPEF2	ENSG00000152582.14	ENST00000356031.8	1	0	0	0	0	0	False	False	False
TBC1D12	ENSG00000108239.9	ENST00000225235.5	1	1	0	0	0	1	True	False	True
TDRD7	ENSG00000196116.8	ENST00000355295.5	1	0	0	0	0	0	False	False	False
TLX3	ENSG00000164438.6	ENST00000296921.6	1	0	0	0	0	0	False	False	False
TRIM39	ENSG00000204599.14	ENST00000376659.9	3	0	0	0	0	0	False	False	False
TSPAN13	ENSG00000106537.8	ENST00000262067.5	1	0	0	0	0	0	False	False	False
UNC119	ENSG00000109103.12	ENST00000335765.9	1	0	0	0	0	0	False	False	False
ZNF138	ENSG00000197008.9	ENST00000307355.11	1	0	0	0	0	0	False	False	False
AC008758.6	ENSG00000269755.1	ENST00000598753.1	4	0	0	0	0	0	False	False	False
C4orf45	ENSG00000164123.7	ENST00000434826.3	2	0	0	0	0	0	False	False	False
CLHC1	ENSG00000162994.16	ENST00000401408.6	1	0	0	0	0	0	False	False	False
EIF5A2	ENSG00000163577.8	ENST00000295822.7	1	1	0	0	0	1	True	False	True
MYCT1	ENSG00000120279.6	ENST00000367245.5	2	0	0	0	0	0	False	False	False
PAFAH2	ENSG00000158006.14	ENST00000374282.8	1	0	0	0	0	0	False	False	False
ZNF579	ENSG00000218891.5	ENST00000325421.7	1	0	0	0	0	0	False	False	False
ZNF75A	ENSG00000162086.15	ENST00000669516.1	1	0	0	0	0	0	False	False	False
ATF7IP2	ENSG00000166669.13	ENST00000396560.6	3	0	0	0	0	0	False	False	False
EEF1AKMT3	ENSG00000123427.17	ENST00000300209.13	1	0	0	0	0	0	False	False	False
GAGE13	ENSG00000274274.1	ENST00000612958.1	4	0	0	0	0	0	False	False	False
GRTP1	ENSG00000139835.14	ENST00000375431.9	1	0	0	0	0	0	False	False	False
IGFBP5	ENSG00000115461.5	ENST00000233813.5	1	0	0	0	0	0	False	False	False
IL17RD	ENSG00000144730.18	ENST00000296318.12	2	0	0	0	0	0	False	False	False
PLCL2	ENSG00000154822.18	ENST00000615277.5	1	0	0	0	0	0	False	False	False
TMEM231	ENSG00000205084.11	ENST00000258173.11	2	0	0	0	0	0	False	False	False
VAMP4	ENSG00000117533.15	ENST00000236192.12	1	0	0	0	0	0	False	False	False
ZFAND2A	ENSG00000178381.12	ENST00000316495.8	1	1	0	0	0	1	True	False	True
ZNF189	ENSG00000136870.10	ENST00000339664.6	1	0	0	0	0	0	False	False	False
ZNF576	ENSG00000124444.16	ENST00000336564.5	1	0	0	0	0	0	False	False	False
ADAT2	ENSG00000189007.16	ENST00000237283.9	1	0	0	0	0	0	False	False	False
AP5S1	ENSG00000125843.11	ENST00000615891.2	1	0	0	0	0	0	False	False	False
CCL2	ENSG00000108691.9	ENST00000225831.4	1	0	0	0	0	0	False	False	False
CNEP1R1	ENSG00000205423.11	ENST00000427478.6	1	2	0	0	0	2	True	False	True
DNAH5	ENSG00000039139.9	ENST00000265104.4	1	0	0	0	0	0	False	False	False
INMT-MINDY4	ENSG00000254959.6	ENST00000458257.5	3	0	0	0	0	0	False	False	False
KCTD7	ENSG00000243335.9	ENST00000639828.1	1	0	0	0	0	0	False	False	False
LGR5	ENSG00000139292.13	ENST00000266674.10	1	0	0	0	0	0	False	False	False
OTUD3	ENSG00000169914.6	ENST00000375120.4	1	0	0	0	0	0	False	False	False
TWIST1	ENSG00000122691.13	ENST00000242261.6	1	0	0	0	0	0	False	False	False
ZBTB47	ENSG00000114853.14	ENST00000232974.11	1	0	0	0	0	0	False	False	False
ZC3H12A	ENSG00000163874.11	ENST00000373087.7	1	0	0	0	0	0	False	False	False
ASB13	ENSG00000196372.13	ENST00000357700.11	1	0	0	0	0	0	False	False	False
BOK	ENSG00000176720.6	ENST00000318407.5	1	0	0	0	0	0	False	False	False
C1QTNF1	ENSG00000173918.15	ENST00000339142.6	1	0	0	0	0	0	False	False	False
CBR3	ENSG00000159231.6	ENST00000290354.6	1	0	0	0	0	0	False	False	False
ENC1	ENSG00000171617.14	ENST00000651128.1	1	0	0	0	0	0	False	False	False
FAM43A	ENSG00000185112.6	ENST00000329759.6	1	0	0	0	0	0	False	False	False
GDPD5	ENSG00000158555.15	ENST00000336898.8	1	0	0	0	0	0	False	False	False
GID4	ENSG00000141034.10	ENST00000268719.9	1	0	0	0	0	0	False	False	False
KLF16	ENSG00000129911.9	ENST00000250916.6	1	0	0	0	0	0	False	False	False
KLHL4	ENSG00000102271.14	ENST00000373119.9	1	0	0	0	0	0	False	False	False
RAB11FIP3	ENSG00000090565.17	ENST00000262305.9	1	0	0	0	0	0	False	False	False
RUFY3	ENSG00000018189.13	ENST00000381006.8	1	1	0	0	0	1	True	False	True
SEMA6A	ENSG00000092421.16	ENST00000343348.10	2	0	0	0	0	0	False	False	False
TRPC1	ENSG00000144935.15	ENST00000476941.6	1	0	0	0	0	0	False	False	False
ULK3	ENSG00000140474.14	ENST00000569437.5	1	0	0	0	0	0	False	False	False
ZBED8	ENSG00000221886.4	ENST00000408953.4	1	0	0	0	0	0	False	False	False
ZFP2	ENSG00000198939.8	ENST00000361362.7	2	0	0	0	0	0	False	False	False
BX664615.2	ENSG00000283886.3	ENST00000622735.2	4	1	0	0	0	1	True	False	True
FUZ	ENSG00000010361.14	ENST00000313777.9	1	0	0	0	0	0	False	False	False
GAGE12J	ENSG00000224659.2	ENST00000442437.2	4	0	0	0	0	0	False	False	False
GPR176	ENSG00000166073.11	ENST00000561100.2	1	0	0	0	0	0	False	False	False
PCDHGA9	ENSG00000261934.2	ENST00000573521.1	1	0	0	0	0	0	False	False	False
PCDHGB5	ENSG00000276547.1	ENST00000621169.1	1	0	0	0	0	0	False	False	False
PDGFRL	ENSG00000104213.13	ENST00000541323.1	1	0	0	0	0	0	False	False	False
PIF1	ENSG00000140451.13	ENST00000559239.2	1	0	0	0	0	0	False	False	False
SEPSECS	ENSG00000109618.12	ENST00000382103.7	1	0	0	0	0	0	False	False	False
ZSCAN30	ENSG00000186814.14	ENST00000420878.7	1	0	0	0	0	0	False	False	False
ABHD17A	ENSG00000129968.15	ENST00000292577.11	2	2	2	0	0	4	True	True	True
ATP8B3	ENSG00000130270.16	ENST00000310127.10	1	0	0	0	0	0	False	False	False
C1orf56	ENSG00000143443.10	ENST00000368926.6	1	0	0	0	0	0	False	False	False
C1orf74	ENSG00000162757.4	ENST00000294811.2	1	0	0	0	0	0	False	False	False
DGCR6	ENSG00000183628.14	ENST00000331444.12	4	0	0	0	0	0	False	False	False
FGD1	ENSG00000102302.8	ENST00000375135.4	1	0	0	0	0	0	False	False	False
LRRCC1	ENSG00000133739.16	ENST00000360375.8	1	0	0	0	0	0	False	False	False
MYEOV	ENSG00000172927.8	ENST00000441339.3	4	0	0	0	0	0	False	False	False
PER2	ENSG00000132326.12	ENST00000254657.8	1	0	0	0	0	0	False	False	False
PRKCB	ENSG00000166501.14	ENST00000643927.1	1	0	0	0	0	0	False	False	False
SDR16C5	ENSG00000170786.12	ENST00000303749.7	1	0	0	0	0	0	False	False	False
AD000671.2	ENSG00000267120.3	ENST00000589807.1	3	0	0	0	0	0	False	False	False
CFAP77	ENSG00000188523.8	ENST00000393216.2	4	0	0	0	0	0	False	False	False
DACT1	ENSG00000165617.14	ENST00000335867.4	1	0	0	0	0	0	False	False	False
FAM102A	ENSG00000167106.12	ENST00000373095.6	1	0	0	0	0	0	False	False	False
FBXO31	ENSG00000103264.18	ENST00000311635.12	1	0	0	0	0	0	False	False	False
LRRC37A3	ENSG00000176809.10	ENST00000584306.5	4	0	0	0	0	0	False	False	False
NT5C1B-RDH14	ENSG00000250741.6	ENST00000532967.5	3	0	0	0	0	0	False	False	False
PPEF2	ENSG00000156194.18	ENST00000286719.12	4	0	0	0	0	0	False	False	False
SIPA1L2	ENSG00000116991.10	ENST00000366630.5	1	0	0	0	0	0	False	False	False
ZHX2	ENSG00000178764.8	ENST00000314393.6	1	0	0	0	0	0	False	False	False
ZNF230	ENSG00000159882.13	ENST00000429154.7	1	0	0	0	0	0	False	False	False
ZNF383	ENSG00000188283.11	ENST00000352998.7	1	0	0	0	0	0	False	False	False
ZNF558	ENSG00000167785.9	ENST00000601372.6	1	0	0	0	0	0	False	False	False
C2orf81	ENSG00000284308.1	ENST00000290390.9	2	0	0	0	0	0	False	False	False
D2HGDH	ENSG00000180902.18	ENST00000321264.9	1	0	0	0	0	0	False	False	False
DEDD2	ENSG00000160570.14	ENST00000596251.6	1	0	0	0	0	0	False	False	False
FHOD3	ENSG00000134775.15	ENST00000257209.8	1	0	0	0	0	0	False	False	False
IKBKE	ENSG00000263528.8	ENST00000581977.7	1	0	0	0	0	0	False	False	False
KCTD13	ENSG00000174943.11	ENST00000568000.6	1	0	0	0	0	0	False	False	False
KIAA1257	ENSG00000114656.12	ENST00000645291.2	1	0	0	0	0	0	False	False	False
MAMLD1	ENSG00000013619.14	ENST00000432680.7	1	0	0	0	0	0	False	False	False
NFATC2	ENSG00000101096.20	ENST00000371564.8	1	0	0	0	0	0	False	False	False
STN1	ENSG00000107960.11	ENST00000224950.8	1	1	0	0	0	1	True	False	True
TBRG1	ENSG00000154144.13	ENST00000441174.8	1	0	0	0	0	0	False	False	False
WNT10B	ENSG00000169884.14	ENST00000301061.9	1	0	0	0	0	0	False	False	False
ZNF883	ENSG00000285447.1	ENST00000619044.1	1	0	0	0	0	0	False	False	False
AKTIP	ENSG00000166971.17	ENST00000394657.12	2	4	0	0	0	4	True	False	True
AL022318.4	ENSG00000284554.2	ENST00000381568.9	4	0	0	0	0	0	False	False	False
ANKS6	ENSG00000165138.18	ENST00000353234.5	1	0	0	0	0	0	False	False	False
C1orf54	ENSG00000118292.9	ENST00000369102.5	1	0	0	0	0	0	False	False	False
CLCN4	ENSG00000073464.12	ENST00000380833.9	1	0	0	0	0	0	False	False	False
HERC5	ENSG00000138646.9	ENST00000264350.8	1	0	0	0	0	0	False	False	False
IFI27L2	ENSG00000119632.4	ENST00000238609.4	1	0	0	0	0	0	False	False	False
NUDT14	ENSG00000183828.15	ENST00000392568.7	1	0	0	0	0	0	False	False	False
PALD1	ENSG00000107719.9	ENST00000263563.7	1	0	0	0	0	0	False	False	False
SDSL	ENSG00000139410.15	ENST00000345635.8	1	0	0	0	0	0	False	False	False
SLC2A14	ENSG00000173262.11	ENST00000543909.5	4	0	0	0	0	0	False	False	False
TIGD1	ENSG00000221944.8	ENST00000408957.6	1	0	0	0	0	0	False	False	False
TNFSF9	ENSG00000125657.5	ENST00000245817.5	1	0	0	0	0	0	False	False	False
TNS1	ENSG00000079308.19	ENST00000646520.1	1	0	0	0	0	0	False	False	False
CEP85L	ENSG00000111860.14	ENST00000368491.8	1	0	0	0	0	0	False	False	False
COL27A1	ENSG00000196739.15	ENST00000356083.8	1	0	0	0	0	0	False	False	False
FAM193B	ENSG00000146067.16	ENST00000514747.6	1	0	0	0	0	0	False	False	False
GFOD2	ENSG00000141098.13	ENST00000268797.12	1	0	0	0	0	0	False	False	False
HS6ST3	ENSG00000185352.8	ENST00000376705.3	1	0	0	0	0	0	False	False	False
KCNJ12	ENSG00000184185.10	ENST00000583088.6	4	0	0	0	0	0	False	False	False
PLD6	ENSG00000179598.6	ENST00000321560.4	3	0	0	0	0	0	False	False	False
PPM1M	ENSG00000164088.18	ENST00000323588.9	1	0	0	0	0	0	False	False	False
SLC23A1	ENSG00000170482.17	ENST00000353963.7	1	0	0	0	0	0	False	False	False
B3GNTL1	ENSG00000175711.8	ENST00000320865.3	1	3	0	0	0	3	True	False	True
C1orf50	ENSG00000164008.16	ENST00000372525.7	3	0	0	0	0	0	False	False	False
C8orf34	ENSG00000165084.16	ENST00000518698.6	2	0	0	0	0	0	False	False	False
CCDC189	ENSG00000196118.12	ENST00000543610.6	1	0	0	0	0	0	False	False	False
CEP126	ENSG00000110318.15	ENST00000263468.13	1	0	0	0	0	0	False	False	False
HDAC10	ENSG00000100429.18	ENST00000216271.10	1	0	0	0	0	0	False	False	False
INPP5F	ENSG00000198825.15	ENST00000650623.2	1	1	0	0	0	1	True	False	True
LDLRAP1	ENSG00000157978.12	ENST00000374338.5	1	0	0	0	0	0	False	False	False
NT5E	ENSG00000135318.12	ENST00000257770.8	1	0	0	0	0	0	False	False	False
NUP210L	ENSG00000143552.9	ENST00000368559.7	4	0	0	0	0	0	False	False	False
PNLIPRP3	ENSG00000203837.5	ENST00000369230.4	2	0	0	0	0	0	False	False	False
PTTG2	ENSG00000250254.2	ENST00000504686.2	4	0	0	0	0	0	False	False	False
SLC29A2	ENSG00000174669.12	ENST00000546034.1	1	0	0	0	0	0	False	False	False
TESK2	ENSG00000070759.17	ENST00000372086.4	2	0	0	0	0	0	False	False	False
ZC3H12C	ENSG00000149289.11	ENST00000453089.2	1	0	0	0	0	0	False	False	False
ZNF416	ENSG00000083817.9	ENST00000196489.4	1	0	0	0	0	0	False	False	False
CCDC40	ENSG00000141519.15	ENST00000397545.9	3	0	0	0	0	0	False	False	False
CDYL2	ENSG00000166446.15	ENST00000570137.7	1	0	0	0	0	0	False	False	False
CHMP4C	ENSG00000164695.5	ENST00000297265.5	1	0	0	0	0	0	False	False	False
CLCN2	ENSG00000114859.16	ENST00000265593.9	1	0	0	0	0	0	False	False	False
FOLR1	ENSG00000110195.13	ENST00000393679.5	1	0	0	0	0	0	False	False	False
GDF9	ENSG00000164404.8	ENST00000378673.2	1	0	0	0	0	0	False	False	False
HILPDA	ENSG00000135245.10	ENST00000257696.5	1	0	0	0	0	0	False	False	False
LIN37	ENSG00000267796.8	ENST00000301159.14	3	0	0	0	0	0	False	False	False
MTERF2	ENSG00000120832.10	ENST00000552029.1	1	0	0	0	0	0	False	False	False
PPP1R1C	ENSG00000150722.10	ENST00000409137.7	2	0	0	0	0	0	False	False	False
SHISAL1	ENSG00000138944.8	ENST00000381176.5	1	0	0	0	0	0	False	False	False
SLC35E4	ENSG00000100036.13	ENST00000343605.5	1	0	0	0	0	0	False	False	False
SNTG1	ENSG00000147481.17	ENST00000642720.2	2	0	0	0	0	0	False	False	False
TDRKH	ENSG00000182134.16	ENST00000368822.5	1	0	0	0	0	0	False	False	False
VARS2	ENSG00000137411.18	ENST00000321897.9	1	0	0	0	0	0	False	False	False
ZNF250	ENSG00000196150.13	ENST00000417550.6	1	0	0	0	0	0	False	False	False
ZNF747	ENSG00000169955.7	ENST00000568028.1	3	0	0	0	0	0	False	False	False
ZNF850	ENSG00000267041.6	ENST00000591344.2	1	0	0	0	0	0	False	False	False
AC113348.2	ENSG00000285978.1	ENST00000638723.1	1	0	0	0	0	0	False	False	False
ADA	ENSG00000196839.13	ENST00000372874.9	1	0	0	0	0	0	False	False	False
ADAMTS16	ENSG00000145536.15	ENST00000274181.7	1	0	0	0	0	0	False	False	False
ALG1L	ENSG00000189366.9	ENST00000611639.1	4	0	0	0	0	0	False	False	False
CDH20	ENSG00000101542.10	ENST00000262717.9	2	0	0	0	0	0	False	False	False
COQ10A	ENSG00000135469.13	ENST00000308197.9	1	0	0	0	0	0	False	False	False
KAT2B	ENSG00000114166.8	ENST00000263754.5	1	1	0	0	0	1	True	False	True
MINDY4	ENSG00000106125.14	ENST00000265299.6	3	0	0	0	0	0	False	False	False
MON1A	ENSG00000164077.14	ENST00000642691.1	1	0	0	0	0	0	False	False	False
RGS3	ENSG00000138835.22	ENST00000374140.6	1	0	0	0	0	0	False	False	False
SDHAF4	ENSG00000154079.6	ENST00000370474.4	1	0	0	0	0	0	False	False	False
TLR1	ENSG00000174125.8	ENST00000308979.7	1	0	0	0	0	0	False	False	False
Z82206.1	ENSG00000225528.3	ENST00000424496.2	4	0	0	0	0	0	False	False	False
ZNF354A	ENSG00000169131.13	ENST00000335815.7	1	0	0	0	0	0	False	False	False
ZNF564	ENSG00000249709.8	ENST00000339282.12	3	0	0	0	0	0	False	False	False
ABHD17C	ENSG00000136379.12	ENST00000258884.5	1	0	1	0	0	1	False	True	True
BHLHB9	ENSG00000198908.12	ENST00000457056.6	3	1	0	0	0	1	True	False	True
C12orf75	ENSG00000235162.9	ENST00000443585.6	1	0	0	0	0	0	False	False	False
CDPF1	ENSG00000205643.11	ENST00000314567.8	1	0	0	0	0	0	False	False	False
CRADD	ENSG00000169372.13	ENST00000542893.2	1	1	0	0	0	1	True	False	True
DYRK1B	ENSG00000105204.14	ENST00000593685.5	1	0	0	0	0	0	False	False	False
HACE1	ENSG00000085382.12	ENST00000262903.9	1	0	0	0	0	0	False	False	False
HDDC3	ENSG00000184508.12	ENST00000394272.8	1	0	0	0	0	0	False	False	False
KRT81	ENSG00000205426.10	ENST00000327741.9	4	0	0	0	0	0	False	False	False
MOSPD3	ENSG00000106330.12	ENST00000393950.7	1	0	0	0	0	0	False	False	False
NPHP3	ENSG00000113971.20	ENST00000337331.10	3	0	0	0	0	0	False	False	False
PCDH17	ENSG00000118946.12	ENST00000377918.8	1	0	0	0	0	0	False	False	False
PRR19	ENSG00000188368.9	ENST00000499536.2	1	0	0	0	0	0	False	False	False
TMEFF1	ENSG00000241697.5	ENST00000374879.5	3	0	0	0	0	0	False	False	False
TMEM234	ENSG00000160055.19	ENST00000309777.10	1	0	0	0	0	0	False	False	False
TNK1	ENSG00000174292.12	ENST00000570896.5	1	0	0	0	0	0	False	False	False
ZNF16	ENSG00000170631.15	ENST00000276816.8	1	0	0	0	0	0	False	False	False
ZNF444	ENSG00000167685.15	ENST00000592949.5	1	0	0	0	0	0	False	False	False
ZSCAN26	ENSG00000197062.11	ENST00000623276.3	1	0	0	0	0	0	False	False	False
AC098484.3	ENSG00000283580.3	ENST00000603943.6	3	0	0	0	0	0	False	False	False
AL021997.3	ENSG00000276302.1	ENST00000621053.1	1	0	0	0	0	0	False	False	False
FBXL15	ENSG00000107872.12	ENST00000224862.7	1	0	0	0	0	0	False	False	False
HOXC6	ENSG00000197757.8	ENST00000243108.5	1	0	0	0	0	0	False	False	False
KLF2	ENSG00000127528.6	ENST00000248071.6	1	0	0	0	0	0	False	False	False
LINGO2	ENSG00000174482.10	ENST00000379992.6	2	0	0	0	0	0	False	False	False
MTRNR2L5	ENSG00000249860.4	ENST00000512524.4	4	0	0	0	0	0	False	False	False
PAPPA2	ENSG00000116183.11	ENST00000367662.5	4	0	0	0	0	0	False	False	False
PIP4P2	ENSG00000155099.8	ENST00000285419.8	1	0	0	0	0	0	False	False	False
PROSER2	ENSG00000148426.13	ENST00000277570.10	1	0	0	0	0	0	False	False	False
THAP3	ENSG00000041988.15	ENST00000054650.8	1	1	0	0	0	1	True	False	True
UNC5C	ENSG00000182168.15	ENST00000453304.6	2	0	0	0	0	0	False	False	False
APBB3	ENSG00000113108.19	ENST00000412920.7	3	0	0	0	0	0	False	False	False
LCA5	ENSG00000135338.14	ENST00000392959.5	1	0	0	0	0	0	False	False	False
LRMDA	ENSG00000148655.15	ENST00000611255.5	3	0	0	0	0	0	False	False	False
MAP1LC3A	ENSG00000101460.13	ENST00000360668.8	1	0	0	0	0	0	False	False	False
PCED1A	ENSG00000132635.17	ENST00000360652.7	1	1	0	0	0	1	True	False	True
SERGEF	ENSG00000129158.11	ENST00000265965.10	1	0	0	0	0	0	False	False	False
ZKSCAN4	ENSG00000187626.9	ENST00000377294.3	1	0	0	0	0	0	False	False	False
ZNF605	ENSG00000196458.11	ENST00000392321.3	1	0	0	0	0	0	False	False	False
AADAT	ENSG00000109576.14	ENST00000337664.9	1	0	0	0	0	0	False	False	False
AC011195.3	ENSG00000266826.2	ENST00000583666.2	4	2	0	0	0	2	True	False	True
GLB1L	ENSG00000163521.16	ENST00000295759.12	1	1	0	0	0	1	True	False	True
HSBP1L1	ENSG00000226742.4	ENST00000451882.3	1	0	0	0	0	0	False	False	False
IL1R1	ENSG00000115594.12	ENST00000410023.6	1	0	0	0	0	0	False	False	False
KCNMA1	ENSG00000156113.23	ENST00000286627.10	1	0	0	0	0	0	False	False	False
LRRC8E	ENSG00000171017.11	ENST00000618098.4	1	0	0	0	0	0	False	False	False
MIA-RAB4B	ENSG00000268975.2	ENST00000600729.2	3	0	0	0	0	0	False	False	False
PTPN21	ENSG00000070778.13	ENST00000556564.6	1	0	0	0	0	0	False	False	False
RALGAPA2	ENSG00000188559.15	ENST00000202677.12	1	0	0	0	0	0	False	False	False
RTKN	ENSG00000114993.17	ENST00000272430.10	1	0	0	0	0	0	False	False	False
TP53INP1	ENSG00000164938.14	ENST00000342697.5	1	0	0	0	0	0	False	False	False
ZSCAN1	ENSG00000152467.10	ENST00000282326.6	2	0	0	0	0	0	False	False	False
C17orf97	ENSG00000187624.9	ENST00000360127.7	1	0	0	0	0	0	False	False	False
CHRM3	ENSG00000133019.11	ENST00000255380.8	1	0	0	0	0	0	False	False	False
EVL	ENSG00000196405.13	ENST00000392920.8	1	0	0	0	0	0	False	False	False
GPR149	ENSG00000174948.6	ENST00000389740.3	2	0	0	0	0	0	False	False	False
LYSMD2	ENSG00000140280.14	ENST00000267838.7	1	0	0	0	0	0	False	False	False
NECTIN1	ENSG00000110400.11	ENST00000264025.8	1	0	0	0	0	0	False	False	False
OSCP1	ENSG00000116885.18	ENST00000235532.9	1	0	0	0	0	0	False	False	False
SIRT5	ENSG00000124523.16	ENST00000606117.2	1	1	0	0	0	1	True	False	True
SSH1	ENSG00000084112.15	ENST00000326495.10	1	0	0	0	0	0	False	False	False
UNC13C	ENSG00000137766.17	ENST00000260323.15	4	0	0	0	0	0	False	False	False
USP9Y	ENSG00000114374.13	ENST00000338981.7	4	0	0	0	0	0	False	False	False
ZNRF3	ENSG00000183579.16	ENST00000544604.7	1	0	0	0	0	0	False	False	False
AC000093.1	ENSG00000284874.1	ENST00000455843.5	3	0	0	0	0	0	False	False	False
AFAP1L1	ENSG00000157510.14	ENST00000296721.9	1	0	0	0	0	0	False	False	False
DOCK8	ENSG00000107099.15	ENST00000432829.6	1	0	0	0	0	0	False	False	False
NPIPB4	ENSG00000185864.16	ENST00000415645.6	4	0	0	0	0	0	False	False	False
PKIB	ENSG00000135549.15	ENST00000392490.5	1	0	0	0	0	0	False	False	False
SEPTIN5	ENSG00000184702.20	ENST00000455784.7	3	0	0	0	0	0	False	False	False
SPATA2	ENSG00000158480.11	ENST00000422556.1	1	1	0	0	0	1	True	False	True
SVBP	ENSG00000177868.12	ENST00000372521.9	1	0	0	0	0	0	False	False	False
ZNF567	ENSG00000189042.13	ENST00000536254.6	1	0	0	0	0	0	False	False	False
ZNF692	ENSG00000171163.16	ENST00000306601.9	1	0	0	0	0	0	False	False	False
AL031315.1	ENSG00000285733.1	ENST00000648086.1	3	0	0	0	0	0	False	False	False
APOM	ENSG00000204444.11	ENST00000375916.4	1	0	0	0	0	0	False	False	False
CAB39L	ENSG00000102547.19	ENST00000610540.4	3	0	0	0	0	0	False	False	False
DFFB	ENSG00000169598.16	ENST00000378209.8	1	1	0	0	0	1	True	False	True
DNAJC4	ENSG00000110011.13	ENST00000321685.7	1	0	0	0	0	0	False	False	False
GABRR2	ENSG00000111886.11	ENST00000402938.4	4	0	0	0	0	0	False	False	False
KCTD11	ENSG00000213859.6	ENST00000333751.6	1	0	0	0	0	0	False	False	False
N6AMT1	ENSG00000156239.12	ENST00000303775.10	1	1	0	0	0	1	True	False	True
NPIPB3	ENSG00000169246.16	ENST00000448012.6	4	0	0	0	0	0	False	False	False
NUAK2	ENSG00000163545.11	ENST00000367157.6	1	0	0	0	0	0	False	False	False
OSBPL7	ENSG00000006025.12	ENST00000007414.8	1	0	0	0	0	0	False	False	False
PRICKLE3	ENSG00000012211.13	ENST00000599218.6	1	0	0	0	0	0	False	False	False
RAB4B	ENSG00000167578.18	ENST00000594800.5	3	0	0	0	0	0	False	False	False
RAD9B	ENSG00000151164.18	ENST00000409300.5	3	0	0	0	0	0	False	False	False
RSPH9	ENSG00000172426.16	ENST00000372163.5	1	0	0	0	0	0	False	False	False
SHLD3	ENSG00000253251.3	ENST00000510585.3	1	0	0	0	0	0	False	False	False
SLC16A6	ENSG00000108932.12	ENST00000327268.8	1	0	0	0	0	0	False	False	False
ZNF17	ENSG00000186272.12	ENST00000601808.1	1	0	0	0	0	0	False	False	False
ZNF175	ENSG00000105497.8	ENST00000262259.7	1	0	0	0	0	0	False	False	False
ZNF816	ENSG00000180257.13	ENST00000357666.8	4	0	0	0	0	0	False	False	False
AC091167.7	ENSG00000284626.1	ENST00000641199.1	2	0	0	0	0	0	False	False	False
ARHGEF26	ENSG00000114790.13	ENST00000356448.8	1	0	0	0	0	0	False	False	False
C17orf99	ENSG00000187997.11	ENST00000340363.9	3	0	0	0	0	0	False	False	False
CPNE7	ENSG00000178773.15	ENST00000319518.13	1	0	0	0	0	0	False	False	False
CRY2	ENSG00000121671.12	ENST00000616623.4	1	0	0	0	0	0	False	False	False
ERRFI1	ENSG00000116285.13	ENST00000377482.10	1	0	0	0	0	0	False	False	False
KIAA1958	ENSG00000165185.14	ENST00000337530.10	1	0	0	0	0	0	False	False	False
LYPD6	ENSG00000187123.15	ENST00000334166.9	1	0	0	0	0	0	False	False	False
MRM1	ENSG00000278619.5	ENST00000614766.5	1	0	0	0	0	0	False	False	False
MTRNR2L7	ENSG00000256892.2	ENST00000544824.2	4	0	0	0	0	0	False	False	False
SLC45A4	ENSG00000022567.9	ENST00000024061.7	3	0	0	0	0	0	False	False	False
TCP10L	ENSG00000242220.9	ENST00000300258.8	1	0	0	0	0	0	False	False	False
TNK2	ENSG00000061938.19	ENST00000333602.13	1	0	0	0	0	0	False	False	False
ZACN	ENSG00000186919.13	ENST00000334586.10	1	0	0	0	0	0	False	False	False
ZNF396	ENSG00000186496.12	ENST00000589332.7	1	0	0	0	0	0	False	False	False
ATP2A1	ENSG00000196296.14	ENST00000395503.9	3	0	0	0	0	0	False	False	False
CACNA1D	ENSG00000157388.19	ENST00000288139.11	1	0	0	0	0	0	False	False	False
DENND11	ENSG00000257093.7	ENST00000536163.6	1	0	0	0	0	0	False	False	False
FAM131A	ENSG00000175182.15	ENST00000383847.7	1	0	0	0	0	0	False	False	False
LRRC37A2	ENSG00000238083.7	ENST00000576629.5	4	0	0	0	0	0	False	False	False
MAGED1	ENSG00000179222.18	ENST00000375722.5	1	0	0	0	0	0	False	False	False
PDE5A	ENSG00000138735.16	ENST00000264805.9	1	0	0	0	0	0	False	False	False
PYROXD2	ENSG00000119943.13	ENST00000370575.5	1	0	0	0	0	0	False	False	False
RORA	ENSG00000069667.16	ENST00000449337.6	4	0	0	0	0	0	False	False	False
SLC26A11	ENSG00000181045.15	ENST00000361193.8	1	0	0	0	0	0	False	False	False
ZNF276	ENSG00000158805.12	ENST00000443381.7	1	0	0	0	0	0	False	False	False
C12orf54	ENSG00000177627.10	ENST00000548364.6	2	0	0	0	0	0	False	False	False
C9orf72	ENSG00000147894.17	ENST00000619707.5	1	0	0	0	0	0	False	False	False
DUSP22	ENSG00000112679.14	ENST00000419235.6	1	0	0	0	0	0	False	False	False
FAM219A	ENSG00000164970.15	ENST00000651358.1	1	0	0	0	0	0	False	False	False
INTU	ENSG00000164066.13	ENST00000335251.11	1	0	0	0	0	0	False	False	False
LMLN	ENSG00000185621.11	ENST00000420910.6	1	0	0	0	0	0	False	False	False
NEK3	ENSG00000136098.17	ENST00000618534.4	1	0	0	0	0	0	False	False	False
PHYHD1	ENSG00000175287.19	ENST00000372592.8	1	0	0	0	0	0	False	False	False
PPM1K	ENSG00000163644.15	ENST00000608933.6	1	0	0	0	0	0	False	False	False
PXMP4	ENSG00000101417.12	ENST00000409299.8	1	0	0	0	0	0	False	False	False
SLC2A3	ENSG00000059804.16	ENST00000075120.12	1	2	0	0	0	2	True	False	True
SPATA33	ENSG00000167523.13	ENST00000579310.5	1	0	0	0	0	0	False	False	False
SPATC1L	ENSG00000160284.15	ENST00000291672.6	1	0	0	0	0	0	False	False	False
TMEM144	ENSG00000164124.11	ENST00000296529.11	1	0	0	0	0	0	False	False	False
VWA2	ENSG00000165816.13	ENST00000392982.8	2	0	0	0	0	0	False	False	False
ZNF708	ENSG00000182141.10	ENST00000356929.3	4	0	0	0	0	0	False	False	False
BLOC1S3	ENSG00000189114.8	ENST00000433642.3	1	0	0	0	0	0	False	False	False
ENGASE	ENSG00000167280.17	ENST00000579016.6	1	0	0	0	0	0	False	False	False
KAZALD1	ENSG00000107821.15	ENST00000370200.6	1	0	0	0	0	0	False	False	False
RASGRF2	ENSG00000113319.13	ENST00000265080.9	4	0	0	0	0	0	False	False	False
SERTAD1	ENSG00000197019.5	ENST00000357949.5	1	0	0	0	0	0	False	False	False
TOMM40L	ENSG00000158882.15	ENST00000367988.8	1	0	0	0	0	0	False	False	False
VPS37C	ENSG00000167987.11	ENST00000301765.10	1	0	0	0	0	0	False	False	False
DTNB	ENSG00000138101.18	ENST00000406818.7	1	0	0	0	0	0	False	False	False
FCSK	ENSG00000157353.17	ENST00000288078.11	1	0	0	0	0	0	False	False	False
GCNT3	ENSG00000140297.13	ENST00000396065.3	1	0	0	0	0	0	False	False	False
GK3P	ENSG00000229894.4	ENST00000505354.2	4	0	1	0	0	1	False	True	True
IFT27	ENSG00000100360.15	ENST00000433985.7	1	0	0	0	0	0	False	False	False
KCNJ18	ENSG00000260458.3	ENST00000567955.3	4	0	0	0	0	0	False	False	False
LRRC37A	ENSG00000176681.14	ENST00000320254.5	4	0	0	0	0	0	False	False	False
PCDHGB6	ENSG00000253305.2	ENST00000520790.1	1	0	0	0	0	0	False	False	False
PHF1	ENSG00000112511.17	ENST00000374516.7	1	0	0	0	0	0	False	False	False
PPFIA3	ENSG00000177380.14	ENST00000334186.9	1	0	0	0	0	0	False	False	False
PPP1R26	ENSG00000196422.11	ENST00000356818.7	1	1	0	0	0	1	True	False	True
SYTL5	ENSG00000147041.12	ENST00000456733.2	1	0	0	0	0	0	False	False	False
TBKBP1	ENSG00000198933.9	ENST00000361722.7	1	0	0	0	0	0	False	False	False
TRPM2	ENSG00000142185.16	ENST00000397928.5	1	0	0	0	0	0	False	False	False
TVP23A	ENSG00000166676.16	ENST00000299866.13	1	1	0	0	0	1	True	False	True
ACP6	ENSG00000162836.12	ENST00000583509.7	1	0	0	0	0	0	False	False	False
C17orf58	ENSG00000186665.9	ENST00000449250.3	1	0	0	0	0	0	False	False	False
EPHA3	ENSG00000044524.11	ENST00000336596.7	1	0	0	0	0	0	False	False	False
MED26	ENSG00000105085.11	ENST00000263390.8	3	0	0	0	0	0	False	False	False
P2RY6	ENSG00000171631.14	ENST00000618468.4	1	0	0	0	0	0	False	False	False
PCSK2	ENSG00000125851.10	ENST00000262545.7	1	0	0	0	0	0	False	False	False
RGL2	ENSG00000237441.10	ENST00000497454.6	1	0	0	0	0	0	False	False	False
RSPH3	ENSG00000130363.12	ENST00000252655.1	1	0	0	0	0	0	False	False	False
SHROOM1	ENSG00000164403.14	ENST00000378679.7	1	0	0	0	0	0	False	False	False
SORCS2	ENSG00000184985.16	ENST00000507866.6	4	0	0	0	0	0	False	False	False
STK35	ENSG00000125834.13	ENST00000381482.8	1	0	0	0	0	0	False	False	False
USP21	ENSG00000143258.16	ENST00000368002.8	1	2	0	0	0	2	True	False	True
ADRB2	ENSG00000169252.5	ENST00000305988.5	1	0	0	0	0	0	False	False	False
C9orf129	ENSG00000204352.3	ENST00000375419.1	4	0	0	0	0	0	False	False	False
DPP10	ENSG00000175497.17	ENST00000393147.6	4	0	0	0	0	0	False	False	False
ERMAP	ENSG00000164010.15	ENST00000372517.8	1	0	0	0	0	0	False	False	False
HEXIM2	ENSG00000168517.10	ENST00000307275.7	1	0	0	0	0	0	False	False	False
IGF2BP2	ENSG00000073792.16	ENST00000382199.7	2	3	0	0	0	3	True	False	True
PDXP	ENSG00000241360.2	ENST00000215904.7	3	0	0	0	0	0	False	False	False
TCEA3	ENSG00000204219.11	ENST00000450454.7	1	0	0	0	0	0	False	False	False
TCP11L2	ENSG00000166046.11	ENST00000299045.8	1	0	0	0	0	0	False	False	False
TMSB4Y	ENSG00000154620.6	ENST00000284856.4	4	0	0	0	0	0	False	False	False
ZBED9	ENSG00000232040.4	ENST00000452236.3	1	0	0	0	0	0	False	False	False
ZBTB3	ENSG00000185670.9	ENST00000673933.1	1	0	0	0	0	0	False	False	False
ZNF441	ENSG00000197044.11	ENST00000357901.5	1	0	0	0	0	0	False	False	False
ZNF594	ENSG00000180626.10	ENST00000575779.2	1	0	0	0	0	0	False	False	False
ZNF678	ENSG00000181450.18	ENST00000343776.10	2	0	0	0	0	0	False	False	False
ZNF710	ENSG00000140548.10	ENST00000268154.9	1	0	0	0	0	0	False	False	False
NANP	ENSG00000170191.5	ENST00000304788.4	1	3	0	0	0	3	True	False	True
NFKBIZ	ENSG00000144802.11	ENST00000326172.9	1	0	0	0	0	0	False	False	False
PCDHGA10	ENSG00000253846.2	ENST00000398610.2	1	0	0	0	0	0	False	False	False
PLCL1	ENSG00000115896.16	ENST00000428675.6	1	0	0	0	0	0	False	False	False
SH2D2A	ENSG00000027869.11	ENST00000368199.7	1	0	0	0	0	0	False	False	False
TRHDE	ENSG00000072657.9	ENST00000261180.9	1	0	0	0	0	0	False	False	False
UVSSA	ENSG00000163945.18	ENST00000511216.6	1	0	0	0	0	0	False	False	False
ZNF724	ENSG00000196081.10	ENST00000418100.6	3	0	0	0	0	0	False	False	False
APOL6	ENSG00000221963.6	ENST00000409652.5	1	0	0	0	0	0	False	False	False
CCDC88C	ENSG00000015133.19	ENST00000389857.11	1	0	0	0	0	0	False	False	False
ENPEP	ENSG00000138792.10	ENST00000265162.10	2	0	0	0	0	0	False	False	False
MIEF2	ENSG00000177427.13	ENST00000323019.9	1	0	0	0	0	0	False	False	False
PITX2	ENSG00000164093.17	ENST00000354925.6	1	0	0	0	0	0	False	False	False
PLCG2	ENSG00000197943.10	ENST00000564138.6	1	0	0	0	0	0	False	False	False
PRR7	ENSG00000131188.12	ENST00000323249.8	1	0	0	0	0	0	False	False	False
RWDD2A	ENSG00000013392.8	ENST00000369724.5	1	0	0	0	0	0	False	False	False
TRPA1	ENSG00000104321.11	ENST00000262209.5	3	0	0	0	0	0	False	False	False
TTLL1	ENSG00000100271.17	ENST00000266254.12	1	0	0	0	0	0	False	False	False
UBXN11	ENSG00000158062.20	ENST00000374222.5	1	0	0	0	0	0	False	False	False
XCL1	ENSG00000143184.5	ENST00000367818.4	2	0	0	0	0	0	False	False	False
ZFP69	ENSG00000187815.10	ENST00000372706.6	1	0	0	0	0	0	False	False	False
ZIC2	ENSG00000043355.12	ENST00000376335.8	1	0	0	0	0	0	False	False	False
ZNF211	ENSG00000121417.14	ENST00000299871.9	1	0	0	0	0	0	False	False	False
ADGRG7	ENSG00000144820.8	ENST00000273352.8	2	0	0	0	0	0	False	False	False
AGBL4	ENSG00000186094.17	ENST00000371839.6	4	0	0	0	0	0	False	False	False
AMOT	ENSG00000126016.15	ENST00000371959.7	1	0	0	0	0	0	False	False	False
ARRDC2	ENSG00000105643.10	ENST00000222250.5	1	0	0	0	0	0	False	False	False
CCDC130	ENSG00000104957.14	ENST00000586600.5	1	0	0	0	0	0	False	False	False
FAM89B	ENSG00000176973.8	ENST00000530349.2	1	0	0	0	0	0	False	False	False
FOXO1	ENSG00000150907.10	ENST00000379561.6	1	1	0	0	0	1	True	False	True
KCTD21	ENSG00000188997.8	ENST00000340067.4	1	0	0	0	0	0	False	False	False
MAN2C1	ENSG00000140400.17	ENST00000267978.10	1	0	0	0	0	0	False	False	False
MAP3K21	ENSG00000143674.11	ENST00000366624.8	1	0	0	0	0	0	False	False	False
MTHFR	ENSG00000177000.13	ENST00000376592.6	1	0	0	0	0	0	False	False	False
NRP2	ENSG00000118257.16	ENST00000357785.9	1	0	0	0	0	0	False	False	False
SERPINB8	ENSG00000166401.15	ENST00000353706.6	1	0	0	0	0	0	False	False	False
SLC22A23	ENSG00000137266.14	ENST00000406686.7	1	0	0	0	0	0	False	False	False
SYTL4	ENSG00000102362.15	ENST00000372989.5	1	0	0	0	0	0	False	False	False
ZNF284	ENSG00000186026.7	ENST00000421176.4	3	0	0	0	0	0	False	False	False
BORCS6	ENSG00000196544.8	ENST00000389017.6	1	0	0	0	0	0	False	False	False
EFR3B	ENSG00000084710.14	ENST00000403714.8	2	0	0	0	0	0	False	False	False
FAM110B	ENSG00000169122.11	ENST00000361488.7	1	0	0	0	0	0	False	False	False
MEGF6	ENSG00000162591.16	ENST00000356575.9	1	0	0	0	0	0	False	False	False
MORN1	ENSG00000116151.14	ENST00000378531.8	1	0	0	0	0	0	False	False	False
MTUS1	ENSG00000129422.14	ENST00000297488.10	3	0	0	0	0	0	False	False	False
SLC25A52	ENSG00000141437.10	ENST00000269205.7	4	0	0	0	0	0	False	False	False
SLC35F4	ENSG00000151812.15	ENST00000556826.6	2	0	0	0	0	0	False	False	False
TMEM42	ENSG00000169964.8	ENST00000302392.5	1	0	0	0	0	0	False	False	False
TTC12	ENSG00000149292.16	ENST00000529221.5	1	0	0	0	0	0	False	False	False
USP31	ENSG00000103404.14	ENST00000219689.11	1	0	0	0	0	0	False	False	False
VAMP8	ENSG00000118640.11	ENST00000263864.10	1	0	0	0	0	0	False	False	False
WDR5B	ENSG00000196981.4	ENST00000330689.6	1	0	0	0	0	0	False	False	False
ZNF112	ENSG00000062370.16	ENST00000337401.8	1	0	0	0	0	0	False	False	False
ZNF18	ENSG00000154957.14	ENST00000454073.7	1	0	0	0	0	0	False	False	False
ZNF597	ENSG00000167981.7	ENST00000301744.7	1	0	0	0	0	0	False	False	False
CDH7	ENSG00000081138.14	ENST00000397968.4	1	0	0	0	0	0	False	False	False
F2RL2	ENSG00000164220.7	ENST00000296641.5	1	0	0	0	0	0	False	False	False
FAM53B	ENSG00000189319.14	ENST00000337318.8	1	0	0	0	0	0	False	False	False
FJX1	ENSG00000179431.7	ENST00000317811.6	1	0	0	0	0	0	False	False	False
INPP5E	ENSG00000148384.13	ENST00000371712.4	1	0	0	0	0	0	False	False	False
MCF2L2	ENSG00000053524.12	ENST00000328913.7	3	0	0	0	0	0	False	False	False
PNMA2	ENSG00000240694.9	ENST00000522362.7	1	0	0	0	0	0	False	False	False
SETBP1	ENSG00000152217.19	ENST00000649279.2	1	0	0	0	0	0	False	False	False
TARS3	ENSG00000185418.16	ENST00000335968.8	1	0	0	0	0	0	False	False	False
TRIM36	ENSG00000152503.9	ENST00000282369.7	1	0	0	0	0	0	False	False	False
ULBP2	ENSG00000131015.5	ENST00000367351.4	4	0	0	0	0	0	False	False	False
WDR27	ENSG00000184465.16	ENST00000448612.6	3	0	0	0	0	0	False	False	False
ZNF580	ENSG00000213015.9	ENST00000543039.2	1	0	0	0	0	0	False	False	False
ZNF615	ENSG00000197619.14	ENST00000602063.5	1	0	0	0	0	0	False	False	False
AL163636.2	ENSG00000259171.1	ENST00000553909.1	3	0	0	0	0	0	False	False	False
ANO2	ENSG00000047617.15	ENST00000546188.5	1	0	0	0	0	0	False	False	False
BMF	ENSG00000104081.14	ENST00000354670.9	1	0	0	0	0	0	False	False	False
CCDC103	ENSG00000167131.17	ENST00000417826.3	3	0	0	0	0	0	False	False	False
CENPBD1	ENSG00000177946.6	ENST00000314994.5	1	0	0	0	0	0	False	False	False
CFAP57	ENSG00000243710.7	ENST00000372492.8	3	0	0	0	0	0	False	False	False
E2F8	ENSG00000129173.13	ENST00000250024.9	1	0	0	0	0	0	False	False	False
ELL3	ENSG00000128886.12	ENST00000319359.8	1	0	0	0	0	0	False	False	False
FAM124A	ENSG00000150510.17	ENST00000280057.6	1	0	0	0	0	0	False	False	False
RNASE4	ENSG00000258818.4	ENST00000555835.3	3	0	0	0	0	0	False	False	False
RNPEPL1	ENSG00000142327.13	ENST00000270357.10	1	0	0	0	0	0	False	False	False
TK2	ENSG00000166548.16	ENST00000299697.11	1	0	0	0	0	0	False	False	False
ZNF117	ENSG00000152926.15	ENST00000282869.11	4	0	0	0	0	0	False	False	False
ZNF14	ENSG00000105708.9	ENST00000344099.4	1	0	0	0	0	0	False	False	False
ZNF350	ENSG00000256683.7	ENST00000243644.9	1	0	0	0	0	0	False	False	False
AGBL3	ENSG00000146856.14	ENST00000436302.6	2	0	0	0	0	0	False	False	False
ATP8A1	ENSG00000124406.16	ENST00000264449.14	2	1	0	0	0	1	True	False	True
CGA	ENSG00000135346.8	ENST00000627148.2	1	0	0	0	0	0	False	False	False
ESRP2	ENSG00000103067.14	ENST00000473183.7	1	0	0	0	0	0	False	False	False
FZD4	ENSG00000174804.4	ENST00000531380.2	1	0	0	0	0	0	False	False	False
GLIS3	ENSG00000107249.23	ENST00000381971.8	1	0	0	0	0	0	False	False	False
GRHL2	ENSG00000083307.12	ENST00000646743.1	2	0	0	0	0	0	False	False	False
H3-4	ENSG00000168148.4	ENST00000366696.2	4	4	0	0	0	4	True	False	True
KCNMB2	ENSG00000197584.12	ENST00000432997.5	4	0	0	0	0	0	False	False	False
KLF4	ENSG00000136826.15	ENST00000374672.5	1	0	0	0	0	0	False	False	False
KRT6B	ENSG00000185479.6	ENST00000252252.4	4	0	0	0	0	0	False	False	False
MTRNR2L13	ENSG00000270394.4	ENST00000604093.2	1	0	0	0	0	0	False	False	False
NCK2	ENSG00000071051.14	ENST00000233154.9	1	0	0	0	0	0	False	False	False
PP2D1	ENSG00000183977.14	ENST00000389050.5	1	0	0	0	0	0	False	False	False
PRRT3	ENSG00000163704.12	ENST00000412055.6	1	0	0	0	0	0	False	False	False
RTN4R	ENSG00000040608.14	ENST00000043402.8	1	0	0	0	0	0	False	False	False
SMIM10	ENSG00000184785.6	ENST00000330288.6	1	0	0	0	0	0	False	False	False
SPA17	ENSG00000064199.6	ENST00000532692.1	1	1	0	0	0	1	True	False	True
TM4SF4	ENSG00000169903.7	ENST00000305354.5	2	0	0	0	0	0	False	False	False
ZC3H6	ENSG00000188177.14	ENST00000343936.4	1	0	0	0	0	0	False	False	False
ZNF91	ENSG00000167232.14	ENST00000300619.12	4	0	0	0	0	0	False	False	False
ZXDA	ENSG00000198205.6	ENST00000358697.5	4	0	0	0	0	0	False	False	False
C2	ENSG00000166278.15	ENST00000299367.10	1	0	0	0	0	0	False	False	False
C4BPB	ENSG00000123843.13	ENST00000367076.7	1	0	0	0	0	0	False	False	False
CILK1	ENSG00000112144.15	ENST00000356971.3	1	0	0	0	0	0	False	False	False
H3C3	ENSG00000287080.2	ENST00000612966.3	4	0	0	0	0	0	False	False	False
LRRC8B	ENSG00000197147.13	ENST00000640258.1	1	1	0	0	0	1	True	False	True
MICALL2	ENSG00000164877.19	ENST00000297508.8	1	0	0	0	0	0	False	False	False
PCYOX1L	ENSG00000145882.11	ENST00000274569.9	1	0	0	0	0	0	False	False	False
PKDCC	ENSG00000162878.13	ENST00000294964.6	1	0	0	0	0	0	False	False	False
PRR16	ENSG00000184838.15	ENST00000407149.7	1	0	0	0	0	0	False	False	False
RAB3IL1	ENSG00000167994.13	ENST00000394836.7	1	1	0	0	0	1	True	False	True
RBM43	ENSG00000184898.7	ENST00000331426.6	1	1	0	0	0	1	True	False	True
TFEB	ENSG00000112561.18	ENST00000230323.8	1	0	0	0	0	0	False	False	False
WWC3	ENSG00000047644.19	ENST00000380861.9	1	0	0	0	0	0	False	False	False
ZNF738	ENSG00000172687.13	ENST00000311015.7	1	0	0	0	0	0	False	False	False
ZSCAN22	ENSG00000182318.6	ENST00000329665.5	1	0	0	0	0	0	False	False	False
AC092835.1	ENSG00000233757.6	ENST00000425953.5	1	0	0	0	0	0	False	False	False
AGAP2	ENSG00000135439.11	ENST00000547588.5	3	0	0	0	0	0	False	False	False
ARRDC1	ENSG00000197070.14	ENST00000371421.9	1	0	0	0	0	0	False	False	False
C1orf21	ENSG00000116667.14	ENST00000235307.7	1	0	0	0	0	0	False	False	False
CACNB3	ENSG00000167535.8	ENST00000301050.7	1	0	0	0	0	0	False	False	False
CARD16	ENSG00000204397.8	ENST00000375706.7	4	0	0	0	0	0	False	False	False
GCHFR	ENSG00000137880.6	ENST00000260447.6	1	0	0	0	0	0	False	False	False
NLRX1	ENSG00000160703.16	ENST00000409109.6	1	0	0	0	0	0	False	False	False
PCDHA1	ENSG00000204970.10	ENST00000504120.4	1	0	0	0	0	0	False	False	False
PLAGL2	ENSG00000126003.7	ENST00000246229.5	1	0	0	0	0	0	False	False	False
PRELID2	ENSG00000186314.11	ENST00000505416.5	1	1	0	0	0	1	True	False	True
PTGES	ENSG00000148344.11	ENST00000340607.5	1	0	0	0	0	0	False	False	False
RHBDF2	ENSG00000129667.12	ENST00000591885.5	1	0	0	0	0	0	False	False	False
SERINC2	ENSG00000168528.12	ENST00000373709.8	1	0	0	0	0	0	False	False	False
ST8SIA1	ENSG00000111728.10	ENST00000396037.8	1	0	0	0	0	0	False	False	False
TFR2	ENSG00000106327.13	ENST00000462107.1	1	0	0	0	0	0	False	False	False
ZNF224	ENSG00000267680.5	ENST00000336976.10	1	0	0	0	0	0	False	False	False
ZNF414	ENSG00000133250.14	ENST00000393927.9	1	0	0	0	0	0	False	False	False
ZNF500	ENSG00000103199.14	ENST00000219478.11	1	0	0	0	0	0	False	False	False
ZNF696	ENSG00000185730.8	ENST00000330143.8	3	0	0	0	0	0	False	False	False
ADAM32	ENSG00000197140.15	ENST00000379907.9	2	0	0	0	0	0	False	False	False
AKAP3	ENSG00000111254.8	ENST00000228850.6	2	0	0	0	0	0	False	False	False
ASB14	ENSG00000239388.9	ENST00000487349.6	1	0	0	0	0	0	False	False	False
ATL1	ENSG00000198513.13	ENST00000358385.12	1	0	0	0	0	0	False	False	False
CCDC144NL	ENSG00000205212.4	ENST00000650066.1	2	0	0	0	0	0	False	False	False
CREB5	ENSG00000146592.17	ENST00000396300.6	3	0	0	0	0	0	False	False	False
DYNC1I1	ENSG00000158560.14	ENST00000447467.6	2	0	0	0	0	0	False	False	False
FIZ1	ENSG00000179943.8	ENST00000221665.5	1	0	0	0	0	0	False	False	False
GDF11	ENSG00000135414.10	ENST00000257868.10	1	0	0	0	0	0	False	False	False
GPAT3	ENSG00000138678.11	ENST00000264409.5	1	0	0	0	0	0	False	False	False
MAPK11	ENSG00000185386.15	ENST00000330651.11	1	0	0	0	0	0	False	False	False
MED9	ENSG00000141026.6	ENST00000268711.4	1	0	0	0	0	0	False	False	False
PRDM5	ENSG00000138738.10	ENST00000264808.7	1	0	0	0	0	0	False	False	False
ZNF699	ENSG00000196110.8	ENST00000591998.6	1	0	0	0	0	0	False	False	False
ARHGEF19	ENSG00000142632.17	ENST00000270747.8	1	0	0	0	0	0	False	False	False
C14orf93	ENSG00000100802.15	ENST00000299088.11	1	0	0	0	0	0	False	False	False
C15orf65	ENSG00000261652.3	ENST00000569691.2	1	0	0	0	0	0	False	False	False
CARD6	ENSG00000132357.14	ENST00000254691.10	1	0	0	0	0	0	False	False	False
CNTN5	ENSG00000149972.11	ENST00000524871.6	2	0	0	0	0	0	False	False	False
DCDC1	ENSG00000170959.14	ENST00000597505.5	2	0	0	0	0	0	False	False	False
GGTLC2	ENSG00000100121.13	ENST00000618722.4	4	0	0	0	0	0	False	False	False
MAP7D2	ENSG00000184368.16	ENST00000379643.10	1	0	0	0	0	0	False	False	False
PCDHA2	ENSG00000204969.7	ENST00000526136.2	1	0	0	0	0	0	False	False	False
PCDHA3	ENSG00000255408.4	ENST00000522353.3	1	0	0	0	0	0	False	False	False
PDGFA	ENSG00000197461.13	ENST00000402802.7	1	0	0	0	0	0	False	False	False
PTPRQ	ENSG00000139304.16	ENST00000616559.4	1	0	0	0	0	0	False	False	False
RAB3A	ENSG00000105649.10	ENST00000222256.9	1	0	0	0	0	0	False	False	False
STARD10	ENSG00000214530.9	ENST00000334805.10	1	0	0	0	0	0	False	False	False
TRIM68	ENSG00000167333.13	ENST00000300747.10	1	0	0	0	0	0	False	False	False
UBALD2	ENSG00000185262.9	ENST00000327490.8	1	0	0	0	0	0	False	False	False
VAT1L	ENSG00000171724.3	ENST00000302536.3	4	0	0	0	0	0	False	False	False
YOD1	ENSG00000180667.10	ENST00000315927.8	1	0	0	0	0	0	False	False	False
CPED1	ENSG00000106034.18	ENST00000310396.10	2	0	0	0	0	0	False	False	False
CTAGE1	ENSG00000212710.5	ENST00000391403.4	4	4	1	0	0	5	True	True	True
DMRTA1	ENSG00000176399.4	ENST00000325870.3	1	0	0	0	0	0	False	False	False
FCHSD1	ENSG00000197948.11	ENST00000435817.7	1	0	0	0	0	0	False	False	False
KCTD18	ENSG00000155729.13	ENST00000359878.8	1	0	0	0	0	0	False	False	False
PNCK	ENSG00000130822.16	ENST00000370150.5	1	0	0	0	0	0	False	False	False
SCN9A	ENSG00000169432.18	ENST00000409672.5	1	0	0	0	0	0	False	False	False
SLC4A5	ENSG00000188687.17	ENST00000394019.6	2	0	0	0	0	0	False	False	False
SMAGP	ENSG00000170545.17	ENST00000603798.6	1	0	0	0	0	0	False	False	False
TMEM187	ENSG00000177854.8	ENST00000369982.5	1	0	0	0	0	0	False	False	False
USP35	ENSG00000118369.13	ENST00000529308.6	1	0	0	0	0	0	False	False	False
ZNF155	ENSG00000204920.11	ENST00000611002.4	1	0	0	0	0	0	False	False	False
ZNF575	ENSG00000176472.10	ENST00000314228.9	1	0	0	0	0	0	False	False	False
ZNF578	ENSG00000258405.11	ENST00000421239.7	4	0	0	0	0	0	False	False	False
ANKRD33B	ENSG00000164236.12	ENST00000296657.7	1	0	4	0	0	4	False	True	True
ANKRD39	ENSG00000213337.9	ENST00000393537.5	1	1	0	0	0	1	True	False	True
BACH2	ENSG00000112182.15	ENST00000257749.9	1	0	0	0	0	0	False	False	False
FAM186B	ENSG00000135436.8	ENST00000257894.2	2	0	0	0	0	0	False	False	False
KMO	ENSG00000117009.12	ENST00000366559.9	1	0	0	0	0	0	False	False	False
NAIF1	ENSG00000171169.9	ENST00000373078.5	1	0	0	0	0	0	False	False	False
NICN1	ENSG00000145029.14	ENST00000273598.8	3	1	0	0	0	1	True	False	True
PCDHA4	ENSG00000204967.12	ENST00000530339.2	1	0	0	0	0	0	False	False	False
S1PR1	ENSG00000170989.10	ENST00000305352.7	1	0	0	0	0	0	False	False	False
SCG5	ENSG00000166922.8	ENST00000300175.8	3	0	0	0	0	0	False	False	False
SLC27A3	ENSG00000143554.14	ENST00000271857.6	1	0	0	0	0	0	False	False	False
DGKB	ENSG00000136267.13	ENST00000407950.5	4	0	0	0	0	0	False	False	False
FGF14	ENSG00000102466.15	ENST00000376143.4	3	0	0	0	0	0	False	False	False
FGGY	ENSG00000172456.18	ENST00000303721.12	1	0	0	0	0	0	False	False	False
PCDHA5	ENSG00000204965.9	ENST00000529859.2	1	0	0	0	0	0	False	False	False
PDE1C	ENSG00000154678.18	ENST00000396193.5	3	0	0	0	0	0	False	False	False
PLPPR3	ENSG00000129951.18	ENST00000520876.7	1	0	0	0	0	0	False	False	False
SLCO2A1	ENSG00000174640.15	ENST00000310926.11	1	0	0	0	0	0	False	False	False
SUMO4	ENSG00000177688.7	ENST00000326669.6	4	0	0	0	0	0	False	False	False
TGFB3	ENSG00000119699.7	ENST00000238682.7	1	0	0	0	0	0	False	False	False
TRIM50	ENSG00000146755.11	ENST00000333149.7	2	0	0	0	0	0	False	False	False
TRIM69	ENSG00000185880.13	ENST00000559390.5	1	0	0	0	0	0	False	False	False
ZDHHC2	ENSG00000104219.13	ENST00000262096.13	1	0	0	0	0	0	False	False	False
ZNF891	ENSG00000214029.5	ENST00000537226.2	1	0	0	0	0	0	False	False	False
C12orf60	ENSG00000182993.5	ENST00000330828.3	1	0	0	0	0	0	False	False	False
CCDC61	ENSG00000104983.8	ENST00000595358.5	1	0	0	0	0	0	False	False	False
CCDC71L	ENSG00000253276.4	ENST00000523505.3	1	0	0	0	0	0	False	False	False
CDRT4	ENSG00000239704.11	ENST00000619038.5	2	0	0	0	0	0	False	False	False
FBXO36	ENSG00000153832.12	ENST00000283946.8	1	0	0	0	0	0	False	False	False
GLYCTK	ENSG00000168237.18	ENST00000436784.7	1	0	0	0	0	0	False	False	False
H6PD	ENSG00000049239.13	ENST00000377403.7	1	0	0	0	0	0	False	False	False
HHEX	ENSG00000152804.11	ENST00000282728.10	1	0	0	0	0	0	False	False	False
PARS2	ENSG00000162396.6	ENST00000371279.4	1	0	0	0	0	0	False	False	False
PLD5	ENSG00000180287.17	ENST00000536534.7	2	0	0	0	0	0	False	False	False
PPDPFL	ENSG00000168333.13	ENST00000399653.8	1	0	0	0	0	0	False	False	False
SELENOW	ENSG00000178980.15	ENST00000601048.6	1	1	0	0	0	1	True	False	True
SLC16A5	ENSG00000170190.16	ENST00000450736.6	1	0	0	0	0	0	False	False	False
SLC25A21	ENSG00000183032.12	ENST00000331299.6	1	0	0	0	0	0	False	False	False
ZFP37	ENSG00000136866.13	ENST00000553380.1	1	0	0	0	0	0	False	False	False
ZNF77	ENSG00000175691.9	ENST00000314531.5	1	0	0	0	0	0	False	False	False
APOBEC3D	ENSG00000243811.10	ENST00000216099.13	4	0	0	0	0	0	False	False	False
BMP4	ENSG00000125378.16	ENST00000245451.9	1	0	0	0	0	0	False	False	False
CCDC169-SOHLH2	ENSG00000250709.1	ENST00000511166.1	3	0	0	0	0	0	False	False	False
FIBCD1	ENSG00000130720.13	ENST00000372338.9	1	0	0	0	0	0	False	False	False
FNIP2	ENSG00000052795.13	ENST00000264433.11	1	0	0	0	0	0	False	False	False
GABRA3	ENSG00000011677.13	ENST00000370314.9	1	0	0	0	0	0	False	False	False
HSPA2	ENSG00000126803.9	ENST00000394709.2	1	0	0	0	0	0	False	False	False
LENG9	ENSG00000275183.2	ENST00000611161.2	1	0	0	0	0	0	False	False	False
MBOAT1	ENSG00000172197.11	ENST00000324607.8	1	0	0	0	0	0	False	False	False
MSX1	ENSG00000163132.8	ENST00000382723.5	1	0	0	0	0	0	False	False	False
NEK8	ENSG00000160602.14	ENST00000268766.11	1	0	0	0	0	0	False	False	False
RGS20	ENSG00000147509.14	ENST00000276500.4	1	0	0	0	0	0	False	False	False
RNLS	ENSG00000184719.12	ENST00000331772.9	1	0	0	0	0	0	False	False	False
THAP10	ENSG00000129028.9	ENST00000249861.9	1	0	0	0	0	0	False	False	False
ADGRV1	ENSG00000164199.18	ENST00000405460.9	1	0	0	0	0	0	False	False	False
AKR1B10	ENSG00000198074.10	ENST00000359579.5	1	2	0	0	0	2	True	False	True
AP002495.1	ENSG00000254469.7	ENST00000529513.5	3	0	0	0	0	0	False	False	False
BEX1	ENSG00000133169.6	ENST00000372728.4	1	0	0	0	0	0	False	False	False
COL21A1	ENSG00000124749.17	ENST00000244728.10	4	0	0	0	0	0	False	False	False
EVA1A	ENSG00000115363.14	ENST00000393913.8	1	0	0	0	0	0	False	False	False
FAT3	ENSG00000165323.15	ENST00000409404.6	4	0	0	0	0	0	False	False	False
FOXL1	ENSG00000176678.6	ENST00000320241.5	1	0	0	0	0	0	False	False	False
HABP4	ENSG00000130956.14	ENST00000375249.5	1	0	0	0	0	0	False	False	False
NMBR	ENSG00000135577.4	ENST00000258042.1	2	0	0	0	0	0	False	False	False
PCDHA6	ENSG00000081842.18	ENST00000529310.6	1	0	0	0	0	0	False	False	False
PGAP3	ENSG00000161395.14	ENST00000300658.9	1	0	0	0	0	0	False	False	False
PIGY	ENSG00000255072.1	ENST00000527353.1	3	0	0	0	0	0	False	False	False
RAB27B	ENSG00000041353.10	ENST00000262094.10	1	0	0	0	0	0	False	False	False
SAT1	ENSG00000130066.16	ENST00000379270.4	1	1	0	0	0	1	True	False	True
SAYSD1	ENSG00000112167.10	ENST00000229903.5	1	0	0	0	0	0	False	False	False
ZNF221	ENSG00000159905.14	ENST00000251269.9	1	0	0	0	0	0	False	False	False
ACACB	ENSG00000076555.15	ENST00000338432.11	1	0	0	0	0	0	False	False	False
AGTR1	ENSG00000144891.17	ENST00000497524.5	1	0	0	0	0	0	False	False	False
ANKMY1	ENSG00000144504.15	ENST00000401804.5	1	0	0	0	0	0	False	False	False
CATSPERB	ENSG00000133962.8	ENST00000256343.8	2	0	0	0	0	0	False	False	False
DAGLA	ENSG00000134780.10	ENST00000257215.10	1	0	0	0	0	0	False	False	False
DDIT3	ENSG00000175197.12	ENST00000623876.2	1	0	0	0	0	0	False	False	False
EFNB1	ENSG00000090776.6	ENST00000204961.5	1	0	0	0	0	0	False	False	False
FRMPD4	ENSG00000169933.15	ENST00000380682.5	3	0	0	0	0	0	False	False	False
GSPT2	ENSG00000189369.9	ENST00000340438.6	4	0	0	0	0	0	False	False	False
MFHAS1	ENSG00000147324.11	ENST00000276282.7	1	0	0	0	0	0	False	False	False
NXPH4	ENSG00000182379.10	ENST00000349394.6	1	0	0	0	0	0	False	False	False
PCDHA7	ENSG00000204963.6	ENST00000525929.2	1	0	0	0	0	0	False	False	False
RCBTB2	ENSG00000136161.12	ENST00000344532.7	1	1	0	0	0	1	True	False	True
SCAMP5	ENSG00000198794.12	ENST00000361900.10	2	0	0	0	0	0	False	False	False
SH3BP1	ENSG00000100092.23	ENST00000649765.1	3	0	0	0	0	0	False	False	False
SLC4A4	ENSG00000080493.17	ENST00000264485.11	1	0	0	0	0	0	False	False	False
SPATA1	ENSG00000122432.18	ENST00000490879.8	1	0	0	0	0	0	False	False	False
SYT17	ENSG00000103528.17	ENST00000355377.7	1	0	0	0	0	0	False	False	False
TMEM269	ENSG00000274386.5	ENST00000536543.5	1	0	0	0	0	0	False	False	False
ZNF205	ENSG00000122386.10	ENST00000620094.4	1	0	0	0	0	0	False	False	False
AC117457.1	ENSG00000275163.1	ENST00000614557.1	4	0	0	0	0	0	False	False	False
AC138969.1	ENSG00000183889.12	ENST00000381497.6	4	0	0	0	0	0	False	False	False
C11orf1	ENSG00000137720.8	ENST00000260276.8	1	0	0	0	0	0	False	False	False
CRACR2B	ENSG00000177685.17	ENST00000525077.2	1	0	0	0	0	0	False	False	False
CXCL16	ENSG00000161921.16	ENST00000293778.12	1	0	0	0	0	0	False	False	False
DIRAS1	ENSG00000176490.5	ENST00000323469.5	1	0	0	0	0	0	False	False	False
DOK1	ENSG00000115325.13	ENST00000233668.9	1	1	0	0	0	1	True	False	True
FAM210B	ENSG00000124098.10	ENST00000371384.4	1	1	0	0	0	1	True	False	True
FZD8	ENSG00000177283.7	ENST00000374694.2	1	0	0	0	0	0	False	False	False
MZF1	ENSG00000099326.9	ENST00000215057.7	1	0	0	0	0	0	False	False	False
NGEF	ENSG00000066248.15	ENST00000373552.8	1	0	0	0	0	0	False	False	False
PCDHA8	ENSG00000204962.6	ENST00000531613.2	1	0	0	0	0	0	False	False	False
SIRT3	ENSG00000142082.15	ENST00000382743.9	1	0	0	0	0	0	False	False	False
ZNF555	ENSG00000186300.12	ENST00000334241.9	1	0	0	0	0	0	False	False	False
ZNF658	ENSG00000274349.4	ENST00000612867.4	4	0	0	0	0	0	False	False	False
ZNF726	ENSG00000213967.11	ENST00000322487.11	4	0	0	0	0	0	False	False	False
AC010547.4	ENSG00000261611.6	ENST00000561908.1	3	0	0	0	0	0	False	False	False
AC104452.1	ENSG00000283189.2	ENST00000636166.1	3	0	0	0	0	0	False	False	False
AK7	ENSG00000140057.9	ENST00000267584.9	4	0	0	0	0	0	False	False	False
CSMD3	ENSG00000164796.18	ENST00000297405.10	4	0	0	0	0	0	False	False	False
EPOR	ENSG00000187266.14	ENST00000222139.11	1	0	0	0	0	0	False	False	False
FBXO44	ENSG00000132879.14	ENST00000376770.5	1	0	0	0	0	0	False	False	False
GPM6B	ENSG00000046653.15	ENST00000316715.9	1	0	0	0	0	0	False	False	False
HDX	ENSG00000165259.14	ENST00000373177.3	1	0	0	0	0	0	False	False	False
PCDHA9	ENSG00000204961.7	ENST00000532602.2	1	0	0	0	0	0	False	False	False
PHLPP2	ENSG00000040199.18	ENST00000568954.5	1	0	0	0	0	0	False	False	False
PIK3CD	ENSG00000171608.16	ENST00000377346.9	1	1	0	0	0	1	True	False	True
PPP1R3B	ENSG00000173281.5	ENST00000310455.4	1	0	0	0	0	0	False	False	False
RGS5	ENSG00000143248.13	ENST00000313961.10	3	0	0	0	0	0	False	False	False
AC078815.1	ENSG00000288591.1	ENST00000674281.1	3	0	0	0	0	0	False	False	False
ARHGAP22	ENSG00000128805.14	ENST00000417912.6	1	0	0	0	0	0	False	False	False
AS3MT	ENSG00000214435.8	ENST00000369880.8	3	0	0	0	0	0	False	False	False
BX470111.1	ENSG00000288258.1	ENST00000504061.1	3	0	0	0	0	0	False	False	False
CDADC1	ENSG00000102543.14	ENST00000251108.10	1	0	0	0	0	0	False	False	False
CWH43	ENSG00000109182.12	ENST00000226432.9	2	0	0	0	0	0	False	False	False
FAAP24	ENSG00000131944.10	ENST00000588258.6	1	1	0	0	0	1	True	False	True
ITGB4	ENSG00000132470.14	ENST00000450894.7	1	0	0	0	0	0	False	False	False
KLHL25	ENSG00000183655.13	ENST00000337975.6	1	0	0	0	0	0	False	False	False
OPLAH	ENSG00000178814.17	ENST00000618853.5	1	0	0	0	0	0	False	False	False
PCDHA10	ENSG00000250120.8	ENST00000307360.6	1	0	0	0	0	0	False	False	False
PKP2	ENSG00000057294.15	ENST00000340811.9	2	1	0	0	0	1	True	False	True
STOML1	ENSG00000067221.14	ENST00000541638.6	1	0	0	0	0	0	False	False	False
SUSD6	ENSG00000100647.8	ENST00000342745.5	1	0	0	0	0	0	False	False	False
TBXAS1	ENSG00000059377.18	ENST00000336425.10	3	0	0	0	0	0	False	False	False
THY1	ENSG00000154096.14	ENST00000284240.10	1	0	0	0	0	0	False	False	False
ZFP82	ENSG00000181007.9	ENST00000392161.4	1	0	0	0	0	0	False	False	False
ZNF324	ENSG00000083812.12	ENST00000536459.6	1	0	0	0	0	0	False	False	False
ATP6V0A4	ENSG00000105929.16	ENST00000310018.7	1	0	0	0	2	2	False	False	True
BDKRB1	ENSG00000100739.11	ENST00000216629.11	1	0	0	0	0	0	False	False	False
DET1	ENSG00000140543.14	ENST00000268148.12	3	0	0	0	0	0	False	False	False
EVI5L	ENSG00000142459.8	ENST00000538904.6	1	0	0	0	0	0	False	False	False
GREB1	ENSG00000196208.14	ENST00000381486.7	4	0	0	0	0	0	False	False	False
HLX	ENSG00000136630.13	ENST00000366903.8	1	0	0	0	0	0	False	False	False
KCNK15	ENSG00000124249.7	ENST00000372861.5	1	0	0	0	0	0	False	False	False
MMP15	ENSG00000102996.5	ENST00000219271.4	1	0	0	0	0	0	False	False	False
MOSMO	ENSG00000185716.12	ENST00000542527.7	1	1	0	0	0	1	True	False	True
PCDHA11	ENSG00000249158.7	ENST00000398640.7	1	0	0	0	0	0	False	False	False
PSKH1	ENSG00000159792.10	ENST00000291041.6	1	1	0	0	0	1	True	False	True
SFXN5	ENSG00000144040.13	ENST00000272433.7	1	1	0	0	0	1	True	False	True
SNX21	ENSG00000124104.19	ENST00000372542.5	1	0	0	0	0	0	False	False	False
ARHGAP44	ENSG00000006740.17	ENST00000340825.7	1	0	0	0	0	0	False	False	False
C3orf52	ENSG00000114529.12	ENST00000264848.9	1	0	0	0	0	0	False	False	False
CCDC9B	ENSG00000188549.12	ENST00000559313.5	1	0	0	0	0	0	False	False	False
EFEMP2	ENSG00000172638.13	ENST00000307998.11	1	0	0	0	0	0	False	False	False
GLRB	ENSG00000109738.11	ENST00000264428.9	1	0	0	0	0	0	False	False	False
HMCN2	ENSG00000148357.16	ENST00000624552.3	4	0	0	0	0	0	False	False	False
HS3ST5	ENSG00000249853.7	ENST00000312719.9	2	0	0	0	0	0	False	False	False
LHX9	ENSG00000143355.16	ENST00000367387.6	1	0	0	0	0	0	False	False	False
LRRC24	ENSG00000254402.7	ENST00000529415.7	1	0	0	0	0	0	False	False	False
MAN2A2	ENSG00000196547.15	ENST00000559717.6	1	0	0	0	0	0	False	False	False
MSRA	ENSG00000175806.15	ENST00000317173.9	1	0	0	0	0	0	False	False	False
SAMD9L	ENSG00000177409.12	ENST00000318238.9	1	0	0	0	0	0	False	False	False
TMEM184A	ENSG00000164855.16	ENST00000297477.10	1	0	0	0	0	0	False	False	False
CAPN8	ENSG00000203697.12	ENST00000366872.10	2	0	0	0	0	0	False	False	False
CCNJ	ENSG00000107443.16	ENST00000465148.3	1	2	0	0	0	2	True	False	True
CHADL	ENSG00000100399.16	ENST00000216241.14	1	0	0	0	0	0	False	False	False
EVC	ENSG00000072840.13	ENST00000264956.11	1	0	0	0	0	0	False	False	False
F11R	ENSG00000158769.18	ENST00000368026.11	3	0	0	0	0	0	False	False	False
IRX5	ENSG00000176842.15	ENST00000394636.9	1	0	0	0	0	0	False	False	False
MAGEA9B	ENSG00000267978.5	ENST00000595065.5	4	0	0	0	0	0	False	False	False
PCDHA12	ENSG00000251664.5	ENST00000398631.3	1	0	0	0	0	0	False	False	False
PLPP6	ENSG00000205808.7	ENST00000381883.5	1	0	0	0	0	0	False	False	False
SLC25A23	ENSG00000125648.15	ENST00000301454.9	1	0	0	0	0	0	False	False	False
TLR6	ENSG00000174130.12	ENST00000436693.6	1	0	0	0	0	0	False	False	False
ZNF32	ENSG00000169740.14	ENST00000395797.1	1	0	0	0	0	0	False	False	False
ZNF621	ENSG00000172888.12	ENST00000339296.10	1	0	0	0	0	0	False	False	False
ARMCX4	ENSG00000196440.11	ENST00000423738.4	3	0	0	0	0	0	False	False	False
CELSR2	ENSG00000143126.8	ENST00000271332.4	1	0	0	0	0	0	False	False	False
DMBT1	ENSG00000187908.19	ENST00000338354.9	1	0	0	1	0	1	False	False	True
HPCA	ENSG00000121905.10	ENST00000373467.4	1	0	0	0	0	0	False	False	False
HYAL1	ENSG00000114378.17	ENST00000266031.8	1	0	0	0	0	0	False	False	False
KLHL17	ENSG00000187961.14	ENST00000338591.8	1	0	0	0	0	0	False	False	False
MARVELD2	ENSG00000152939.17	ENST00000325631.10	1	0	0	0	0	0	False	False	False
RBM20	ENSG00000203867.8	ENST00000369519.4	1	0	0	0	0	0	False	False	False
SLC66A3	ENSG00000162976.13	ENST00000295083.8	1	0	0	0	0	0	False	False	False
SLCO1B3-SLCO1B7	ENSG00000257046.5	ENST00000540229.1	3	0	0	0	0	0	False	False	False
TBC1D30	ENSG00000111490.15	ENST00000539867.6	3	0	0	0	0	0	False	False	False
TSPAN5	ENSG00000168785.8	ENST00000305798.8	1	0	0	0	0	0	False	False	False
VCPKMT	ENSG00000100483.14	ENST00000395860.7	1	1	0	0	0	1	True	False	True
ZBTB12	ENSG00000204366.4	ENST00000375527.3	1	0	0	0	0	0	False	False	False
AL022312.1	ENSG00000285025.1	ENST00000637854.1	3	0	0	0	0	0	False	False	False
AL357673.1	ENSG00000256407.2	ENST00000637610.1	1	0	0	0	0	0	False	False	False
BCL2	ENSG00000171791.13	ENST00000398117.1	1	0	0	0	0	0	False	False	False
CHRFAM7A	ENSG00000166664.14	ENST00000299847.7	4	0	0	0	0	0	False	False	False
DDX58	ENSG00000107201.10	ENST00000379883.3	1	0	0	0	0	0	False	False	False
DNAL4	ENSG00000100246.13	ENST00000216068.9	1	0	0	0	0	0	False	False	False
HECW2	ENSG00000138411.13	ENST00000260983.8	1	0	0	0	0	0	False	False	False
MAP11	ENSG00000146826.17	ENST00000316937.8	1	0	0	0	0	0	False	False	False
MLYCD	ENSG00000103150.7	ENST00000262430.6	1	0	0	0	0	0	False	False	False
PSG4	ENSG00000243137.8	ENST00000405312.8	1	0	0	0	0	0	False	False	False
S100A3	ENSG00000188015.10	ENST00000368713.8	1	0	0	0	0	0	False	False	False
ZNF619	ENSG00000177873.14	ENST00000447116.6	1	0	0	0	0	0	False	False	False
ZNF783	ENSG00000204946.10	ENST00000434415.6	1	0	0	0	0	0	False	False	False
ANKRD16	ENSG00000134461.16	ENST00000380094.10	1	0	0	0	0	0	False	False	False
ARHGAP39	ENSG00000147799.11	ENST00000276826.5	1	0	0	0	0	0	False	False	False
FAM219B	ENSG00000178761.15	ENST00000357635.10	1	0	0	0	0	0	False	False	False
GRAMD4	ENSG00000075240.17	ENST00000406902.6	1	7	1	0	1	9	True	True	True
LRFN3	ENSG00000126243.9	ENST00000246529.4	1	0	0	0	0	0	False	False	False
OLFML3	ENSG00000116774.12	ENST00000320334.5	1	0	0	0	0	0	False	False	False
PCDHA13	ENSG00000239389.8	ENST00000289272.3	1	0	0	0	0	0	False	False	False
POPDC3	ENSG00000132429.10	ENST00000254765.4	1	0	0	0	0	0	False	False	False
SMAD9	ENSG00000120693.13	ENST00000350148.9	1	0	0	0	0	0	False	False	False
SPATA7	ENSG00000042317.17	ENST00000393545.9	1	0	0	0	0	0	False	False	False
TBCEL	ENSG00000154114.12	ENST00000422003.6	1	0	0	0	0	0	False	False	False
TGM1	ENSG00000092295.12	ENST00000206765.11	1	0	0	0	0	0	False	False	False
TMC5	ENSG00000103534.17	ENST00000396229.6	2	0	0	0	0	0	False	False	False
ZFAND4	ENSG00000172671.20	ENST00000344646.10	1	0	0	0	0	0	False	False	False
ZNF527	ENSG00000189164.15	ENST00000436120.7	1	0	0	0	0	0	False	False	False
ZNF75D	ENSG00000186376.15	ENST00000370766.8	1	0	0	0	0	0	False	False	False
BCLAF3	ENSG00000173681.16	ENST00000379682.8	1	0	0	0	0	0	False	False	False
C17orf67	ENSG00000214226.9	ENST00000397861.7	1	0	0	0	0	0	False	False	False
IRF9	ENSG00000213928.9	ENST00000396864.8	3	0	0	0	0	0	False	False	False
KMT5C	ENSG00000133247.14	ENST00000255613.8	1	0	0	0	0	0	False	False	False
MAGEA9	ENSG00000123584.7	ENST00000243314.5	4	0	0	0	0	0	False	False	False
MAP6	ENSG00000171533.11	ENST00000304771.7	2	0	0	0	0	0	False	False	False
MT1G	ENSG00000125144.14	ENST00000444837.6	4	0	0	0	0	0	False	False	False
NFE2L3	ENSG00000050344.9	ENST00000056233.4	2	2	0	0	1	3	True	False	True
PCDH9	ENSG00000184226.15	ENST00000544246.5	3	0	0	0	0	0	False	False	False
PIWIL4	ENSG00000134627.12	ENST00000299001.11	1	0	0	0	0	0	False	False	False
SPACA9	ENSG00000165698.16	ENST00000350499.6	1	0	0	0	0	0	False	False	False
SS18L1	ENSG00000184402.15	ENST00000331758.8	1	1	0	0	0	1	True	False	True
TBC1D10A	ENSG00000099992.16	ENST00000215790.12	1	0	0	0	0	0	False	False	False
THAP8	ENSG00000161277.11	ENST00000292894.2	4	0	0	0	0	0	False	False	False
ZNF57	ENSG00000171970.13	ENST00000306908.10	1	0	0	0	0	0	False	False	False
ZNF689	ENSG00000156853.13	ENST00000287461.8	1	0	0	0	0	0	False	False	False
AC008770.4	ENSG00000286098.1	ENST00000652448.1	4	0	0	0	0	0	False	False	False
ATP1A3	ENSG00000105409.19	ENST00000648268.1	3	0	0	0	0	0	False	False	False
CCDC15	ENSG00000149548.15	ENST00000344762.6	1	0	0	0	0	0	False	False	False
FRMD4A	ENSG00000151474.23	ENST00000357447.7	3	0	0	0	0	0	False	False	False
MTMR8	ENSG00000102043.16	ENST00000374852.4	1	0	1	0	0	1	False	True	True
NYNRIN	ENSG00000205978.6	ENST00000382554.4	1	0	0	0	0	0	False	False	False
RSPO2	ENSG00000147655.12	ENST00000276659.10	2	0	0	0	0	0	False	False	False
SIX1	ENSG00000126778.12	ENST00000645694.3	1	0	0	0	0	0	False	False	False
SLC45A2	ENSG00000164175.15	ENST00000296589.9	2	0	0	0	0	0	False	False	False
UPK3B	ENSG00000243566.6	ENST00000334348.7	1	0	0	0	0	0	False	False	False
ZNF225	ENSG00000256294.8	ENST00000262894.11	1	0	0	0	0	0	False	False	False
AC003005.1	ENSG00000268107.6	ENST00000601674.6	4	0	0	0	0	0	False	False	False
AC138696.1	ENSG00000264668.2	ENST00000522452.2	3	0	0	0	0	0	False	False	False
AC244517.10	ENSG00000279983.1	ENST00000624396.1	1	0	0	0	0	0	False	False	False
C6orf223	ENSG00000181577.16	ENST00000336600.6	1	0	0	0	0	0	False	False	False
PCDHAC1	ENSG00000248383.4	ENST00000253807.2	1	0	0	0	0	0	False	False	False
RFESD	ENSG00000175449.14	ENST00000311364.8	1	1	0	0	0	1	True	False	True
RIBC2	ENSG00000128408.9	ENST00000614167.2	1	0	0	0	0	0	False	False	False
SEMA4F	ENSG00000135622.13	ENST00000357877.7	1	0	0	0	0	0	False	False	False
TMEM238	ENSG00000233493.4	ENST00000444469.4	1	0	0	0	0	0	False	False	False
ZNF343	ENSG00000088876.13	ENST00000612935.4	3	0	0	0	0	0	False	False	False
ZNF697	ENSG00000143067.5	ENST00000421812.3	1	0	0	0	0	0	False	False	False
ARMC4	ENSG00000169126.16	ENST00000305242.10	4	0	0	0	0	0	False	False	False
CCDC57	ENSG00000176155.19	ENST00000392343.3	1	0	0	0	0	0	False	False	False
CFAP161	ENSG00000156206.14	ENST00000286732.5	2	0	0	0	0	0	False	False	False
CHRNA9	ENSG00000174343.6	ENST00000310169.3	1	0	0	0	0	0	False	False	False
CMTM4	ENSG00000183723.12	ENST00000394106.6	1	0	0	0	0	0	False	False	False
DCLK1	ENSG00000133083.14	ENST00000360631.7	1	0	0	0	0	0	False	False	False
GALNT13	ENSG00000144278.15	ENST00000392825.8	2	0	0	0	0	0	False	False	False
IQSEC2	ENSG00000124313.16	ENST00000642864.1	1	0	0	0	0	0	False	False	False
LGALSL	ENSG00000119862.13	ENST00000238875.10	1	0	0	0	0	0	False	False	False
LPIN3	ENSG00000132793.11	ENST00000632009.1	1	0	0	0	0	0	False	False	False
MFSD6	ENSG00000151690.15	ENST00000392328.6	1	0	0	0	0	0	False	False	False
PARD6B	ENSG00000124171.9	ENST00000371610.7	1	0	0	0	0	0	False	False	False
PPIAL4A	ENSG00000263353.3	ENST00000577856.2	4	0	0	0	0	0	False	False	False
RAET1L	ENSG00000155918.8	ENST00000367341.6	4	0	0	0	0	0	False	False	False
RASSF7	ENSG00000099849.15	ENST00000397583.8	1	0	0	0	0	0	False	False	False
RELB	ENSG00000104856.14	ENST00000625761.2	1	0	0	0	0	0	False	False	False
TLNRD1	ENSG00000140406.4	ENST00000267984.4	1	0	0	0	0	0	False	False	False
TMEM117	ENSG00000139173.10	ENST00000266534.8	1	0	0	0	0	0	False	False	False
TMEM25	ENSG00000149582.16	ENST00000313236.10	1	0	0	0	0	0	False	False	False
TRIM34	ENSG00000258659.6	ENST00000514226.5	3	0	0	0	0	0	False	False	False
ZC3H10	ENSG00000135482.7	ENST00000257940.7	1	0	0	0	0	0	False	False	False
ZNF222	ENSG00000159885.14	ENST00000391960.4	3	0	0	0	0	0	False	False	False
ZNF852	ENSG00000178917.16	ENST00000436261.5	1	0	0	0	0	0	False	False	False
ACSBG1	ENSG00000103740.10	ENST00000258873.9	1	0	0	0	0	0	False	False	False
ALDH3B2	ENSG00000132746.15	ENST00000673966.1	4	0	0	0	0	0	False	False	False
CADPS	ENSG00000163618.18	ENST00000383710.9	4	0	0	0	0	0	False	False	False
CCDC92	ENSG00000119242.8	ENST00000545135.5	1	0	0	0	0	0	False	False	False
CDH24	ENSG00000139880.19	ENST00000487137.6	1	0	0	0	0	0	False	False	False
CYB5RL	ENSG00000215883.10	ENST00000534324.5	1	0	0	0	0	0	False	False	False
CYP2U1	ENSG00000155016.18	ENST00000332884.11	1	0	0	0	0	0	False	False	False
ELFN2	ENSG00000166897.15	ENST00000402918.7	1	0	0	0	0	0	False	False	False
EYA2	ENSG00000064655.19	ENST00000327619.10	4	0	0	0	0	0	False	False	False
FCGRT	ENSG00000104870.13	ENST00000426395.7	1	0	0	0	0	0	False	False	False
GLRA1	ENSG00000145888.11	ENST00000274576.9	2	0	0	0	0	0	False	False	False
KIF3C	ENSG00000084731.15	ENST00000264712.8	1	0	0	0	0	0	False	False	False
MXRA5	ENSG00000101825.8	ENST00000217939.7	1	0	0	0	0	0	False	False	False
NMB	ENSG00000197696.10	ENST00000360476.8	1	0	0	0	0	0	False	False	False
NMRK1	ENSG00000106733.21	ENST00000361092.9	1	0	0	0	0	0	False	False	False
PALM3	ENSG00000187867.10	ENST00000340790.9	1	0	0	0	0	0	False	False	False
TNIP3	ENSG00000050730.16	ENST00000509841.1	1	0	0	0	0	0	False	False	False
ZNF514	ENSG00000144026.12	ENST00000295208.7	1	0	0	0	0	0	False	False	False
ZSWIM9	ENSG00000185453.13	ENST00000614654.2	1	0	0	0	0	0	False	False	False
CHRNB1	ENSG00000170175.11	ENST00000306071.7	1	0	0	0	0	0	False	False	False
CRPPA	ENSG00000214960.10	ENST00000407010.7	4	0	0	0	0	0	False	False	False
EFHD1	ENSG00000115468.12	ENST00000264059.8	1	0	0	0	0	0	False	False	False
GABRE	ENSG00000102287.19	ENST00000370328.4	3	0	0	0	0	0	False	False	False
GPR55	ENSG00000135898.10	ENST00000650999.1	2	0	0	0	0	0	False	False	False
LLGL2	ENSG00000073350.14	ENST00000392550.8	1	0	0	0	0	0	False	False	False
SNN	ENSG00000184602.6	ENST00000329565.6	1	0	0	0	0	0	False	False	False
SPATA24	ENSG00000170469.10	ENST00000450845.6	1	0	0	0	0	0	False	False	False
TIGD6	ENSG00000164296.7	ENST00000296736.4	1	0	0	0	0	0	False	False	False
USP43	ENSG00000154914.17	ENST00000285199.12	1	0	0	0	0	0	False	False	False
UTS2B	ENSG00000188958.9	ENST00000340524.9	1	0	0	0	0	0	False	False	False
VIPR1	ENSG00000114812.13	ENST00000325123.5	1	0	0	0	0	0	False	False	False
ZC3H12B	ENSG00000102053.12	ENST00000338957.4	2	0	0	0	0	0	False	False	False
ZNF823	ENSG00000197933.13	ENST00000341191.11	1	0	0	0	0	0	False	False	False
CCDC169	ENSG00000242715.8	ENST00000503173.5	3	0	0	0	0	0	False	False	False
CFHR1	ENSG00000244414.6	ENST00000320493.9	4	0	0	0	0	0	False	False	False
CLIC6	ENSG00000159212.12	ENST00000349499.2	1	0	0	0	0	0	False	False	False
CSKMT	ENSG00000214756.8	ENST00000532971.2	1	0	0	0	0	0	False	False	False
IL15RA	ENSG00000134470.21	ENST00000379977.8	1	0	0	0	0	0	False	False	False
IL4R	ENSG00000077238.14	ENST00000395762.7	1	0	0	0	0	0	False	False	False
LARGE2	ENSG00000165905.18	ENST00000401752.6	1	0	0	0	0	0	False	False	False
PCDHAC2	ENSG00000243232.6	ENST00000289269.7	1	0	0	0	0	0	False	False	False
PGK2	ENSG00000170950.6	ENST00000304801.6	4	2	0	0	0	2	True	False	True
PLS1	ENSG00000120756.13	ENST00000337777.7	1	0	1	0	0	1	False	True	True
POC1B-GALNT4	ENSG00000259075.6	ENST00000548729.5	3	0	0	0	0	0	False	False	False
SLCO1B3	ENSG00000111700.13	ENST00000381545.8	3	0	0	0	0	0	False	False	False
SPATA9	ENSG00000145757.16	ENST00000274432.13	1	0	0	0	0	0	False	False	False
THSD1	ENSG00000136114.17	ENST00000258613.5	1	0	0	0	0	0	False	False	False
ZCCHC3	ENSG00000247315.4	ENST00000500893.4	1	0	0	0	0	0	False	False	False
ZNF443	ENSG00000180855.16	ENST00000301547.10	4	0	1	0	0	1	False	True	True
ZSCAN16	ENSG00000196812.5	ENST00000340487.5	1	0	0	0	0	0	False	False	False
ANKRD37	ENSG00000186352.9	ENST00000335174.6	1	0	0	0	0	0	False	False	False
ARHGAP26	ENSG00000145819.18	ENST00000274498.9	1	1	0	0	0	1	True	False	True
CATSPER2	ENSG00000166762.19	ENST00000321596.6	2	1	0	0	0	1	True	False	True
ITGA7	ENSG00000135424.18	ENST00000553804.6	1	0	0	0	0	0	False	False	False
LMBR1L	ENSG00000139636.15	ENST00000267102.12	1	0	0	0	0	0	False	False	False
MTURN	ENSG00000180354.16	ENST00000324453.13	1	0	0	0	0	0	False	False	False
NACAD	ENSG00000136274.9	ENST00000490531.3	1	0	0	0	0	0	False	False	False
STARD5	ENSG00000172345.14	ENST00000302824.7	4	0	0	0	0	0	False	False	False
TLCD2	ENSG00000185561.10	ENST00000330676.8	1	0	0	0	0	0	False	False	False
TMEM143	ENSG00000161558.11	ENST00000293261.8	1	0	0	0	0	0	False	False	False
TNFAIP8L1	ENSG00000185361.9	ENST00000536716.1	1	0	0	0	0	0	False	False	False
ZNF275	ENSG00000063587.15	ENST00000370249.3	1	0	0	0	0	0	False	False	False
AKR1D1	ENSG00000122787.15	ENST00000242375.8	2	1	0	0	0	1	True	False	True
CACNG4	ENSG00000075461.6	ENST00000262138.4	1	0	0	0	0	0	False	False	False
CHRNB3	ENSG00000147432.7	ENST00000289957.3	2	0	0	0	0	0	False	False	False
CYP2R1	ENSG00000186104.10	ENST00000334636.9	3	0	0	0	0	0	False	False	False
ENTPD1	ENSG00000138185.20	ENST00000371205.5	3	0	0	0	0	0	False	False	False
FBXW7	ENSG00000109670.16	ENST00000296555.11	3	0	0	0	0	0	False	False	False
GAS2L1	ENSG00000185340.15	ENST00000618518.3	1	2	0	0	0	2	True	False	True
JMJD7-PLA2G4B	ENSG00000168970.22	ENST00000382448.8	3	0	0	0	0	0	False	False	False
NCF2	ENSG00000116701.15	ENST00000367535.8	1	0	0	0	0	0	False	False	False
SHANK2	ENSG00000162105.19	ENST00000601538.5	3	0	0	0	1	1	False	False	True
TMEM8B	ENSG00000137103.20	ENST00000377991.9	1	0	0	0	0	0	False	False	False
ULK2	ENSG00000083290.20	ENST00000395544.9	1	0	0	0	0	0	False	False	False
VAMP1	ENSG00000139190.16	ENST00000396308.3	1	0	0	0	0	0	False	False	False
ZNF324B	ENSG00000249471.8	ENST00000336614.9	1	0	0	0	0	0	False	False	False
ZNF354C	ENSG00000177932.7	ENST00000315475.7	2	0	0	0	0	0	False	False	False
ZNF641	ENSG00000167528.12	ENST00000547026.5	1	0	0	0	0	0	False	False	False
AC069444.2	ENSG00000285585.1	ENST00000648112.1	4	0	0	0	0	0	False	False	False
BST1	ENSG00000109743.11	ENST00000265016.9	2	0	0	0	0	0	False	False	False
C12orf49	ENSG00000111412.6	ENST00000261318.5	1	3	0	0	1	4	True	False	True
HINFP	ENSG00000172273.13	ENST00000350777.7	1	0	0	0	0	0	False	False	False
HMCN1	ENSG00000143341.12	ENST00000271588.9	1	0	0	0	0	0	False	False	False
SLC30A4	ENSG00000104154.7	ENST00000261867.5	1	0	0	0	0	0	False	False	False
SYT16	ENSG00000139973.16	ENST00000568344.5	2	0	0	0	0	0	False	False	False
ZNF337	ENSG00000130684.14	ENST00000252979.6	1	0	0	0	0	0	False	False	False
ABHD15	ENSG00000168792.5	ENST00000307201.5	1	2	0	0	0	2	True	False	True
AC015802.6	ENSG00000284526.1	ENST00000640006.1	4	0	0	0	0	0	False	False	False
AKR7A3	ENSG00000162482.5	ENST00000361640.5	4	0	0	0	0	0	False	False	False
BCL2L2	ENSG00000129473.10	ENST00000250405.10	3	0	0	0	0	0	False	False	False
C3orf67	ENSG00000163689.20	ENST00000482387.6	1	0	0	0	0	0	False	False	False
CDKL3	ENSG00000006837.12	ENST00000265334.9	1	0	0	0	0	0	False	False	False
DUSP19	ENSG00000162999.13	ENST00000354221.5	1	0	0	0	0	0	False	False	False
ITGA4	ENSG00000115232.14	ENST00000397033.7	1	0	0	0	0	0	False	False	False
MEIS3	ENSG00000105419.18	ENST00000558555.6	1	2	0	0	0	2	True	False	True
MSANTD2	ENSG00000120458.12	ENST00000374979.7	1	1	0	0	0	1	True	False	True
POLM	ENSG00000122678.17	ENST00000242248.10	1	0	0	0	0	0	False	False	False
PROB1	ENSG00000228672.4	ENST00000434752.4	3	0	0	0	0	0	False	False	False
SEC14L2	ENSG00000100003.18	ENST00000615189.5	1	0	0	0	0	0	False	False	False
ZDHHC18	ENSG00000204160.12	ENST00000374142.9	1	0	0	0	0	0	False	False	False
ZFP14	ENSG00000142065.14	ENST00000270001.12	1	0	0	0	0	0	False	False	False
ZNF69	ENSG00000198429.10	ENST00000429654.7	4	0	0	0	0	0	False	False	False
APC2	ENSG00000115266.11	ENST00000535453.5	3	0	0	0	0	0	False	False	False
ARHGAP9	ENSG00000123329.20	ENST00000393791.8	1	0	0	0	0	0	False	False	False
BBC3	ENSG00000105327.18	ENST00000439096.3	1	0	0	0	0	0	False	False	False
CTAG1A	ENSG00000268651.3	ENST00000599837.3	4	0	0	0	0	0	False	False	False
GAGE10	ENSG00000215274.5	ENST00000407599.3	4	0	0	0	0	0	False	False	False
LACC1	ENSG00000179630.11	ENST00000441843.5	1	0	0	0	0	0	False	False	False
TEX11	ENSG00000120498.13	ENST00000374333.6	4	0	0	0	0	0	False	False	False
ZNF493	ENSG00000196268.11	ENST00000392288.6	4	0	0	0	0	0	False	False	False
ZNF534	ENSG00000198633.10	ENST00000332323.10	4	0	0	0	0	0	False	False	False
ZNF764	ENSG00000169951.9	ENST00000252797.6	1	0	0	0	0	0	False	False	False
ZSCAN20	ENSG00000121903.14	ENST00000361328.7	1	0	0	0	0	0	False	False	False
HOXC11	ENSG00000123388.4	ENST00000546378.1	1	0	0	0	0	0	False	False	False
IGSF1	ENSG00000147255.19	ENST00000361420.8	1	0	0	0	0	0	False	False	False
NEIL2	ENSG00000154328.16	ENST00000284503.7	1	1	0	0	0	1	True	False	True
OR2Z1	ENSG00000181733.3	ENST00000641125.1	2	0	0	0	0	0	False	False	False
PLA2G6	ENSG00000184381.20	ENST00000332509.8	1	0	0	0	0	0	False	False	False
PPIAL4F	ENSG00000279782.2	ENST00000581138.3	4	0	0	0	0	0	False	False	False
PPIAL4G	ENSG00000236334.2	ENST00000419275.2	4	1	0	0	1	2	True	False	True
SEC14L6	ENSG00000214491.8	ENST00000402034.6	4	0	0	0	0	0	False	False	False
SOX13	ENSG00000143842.15	ENST00000367204.6	1	0	0	0	0	0	False	False	False
STARD9	ENSG00000159433.12	ENST00000290607.12	4	0	0	0	0	0	False	False	False
TICAM2	ENSG00000243414.6	ENST00000427199.3	3	0	0	0	0	0	False	False	False
UBTD1	ENSG00000165886.5	ENST00000370664.4	1	0	0	0	0	0	False	False	False
WNK3	ENSG00000196632.10	ENST00000375169.7	4	0	0	0	0	0	False	False	False
ZDHHC14	ENSG00000175048.17	ENST00000359775.10	1	0	0	0	0	0	False	False	False
ZDHHC15	ENSG00000102383.14	ENST00000373367.8	2	0	0	0	0	0	False	False	False
ZNF2	ENSG00000275111.5	ENST00000614034.5	1	0	0	0	0	0	False	False	False
ZNF713	ENSG00000178665.16	ENST00000429591.4	3	0	0	0	0	0	False	False	False
ADAMTS5	ENSG00000154736.6	ENST00000284987.6	1	0	0	0	0	0	False	False	False
ANKLE1	ENSG00000160117.16	ENST00000394458.7	1	0	0	0	0	0	False	False	False
CALCRL	ENSG00000064989.13	ENST00000392370.8	4	0	0	0	0	0	False	False	False
CCDC88B	ENSG00000168071.22	ENST00000356786.10	1	0	0	0	0	0	False	False	False
GALNT3	ENSG00000115339.14	ENST00000392701.8	1	0	0	0	0	0	False	False	False
H3C11	ENSG00000275379.2	ENST00000616365.2	4	0	0	0	0	0	False	False	False
MANSC1	ENSG00000111261.14	ENST00000535902.6	1	0	0	0	0	0	False	False	False
RPL10L	ENSG00000165496.5	ENST00000298283.5	4	0	0	0	0	0	False	False	False
SENP8	ENSG00000166192.15	ENST00000340912.6	1	0	0	0	0	0	False	False	False
SLIT2	ENSG00000145147.20	ENST00000273739.9	1	0	0	0	0	0	False	False	False
SOCS7	ENSG00000274211.6	ENST00000665913.1	1	0	0	0	0	0	False	False	False
TEF	ENSG00000167074.15	ENST00000266304.9	1	0	0	0	0	0	False	False	False
TEN1-CDK3	ENSG00000261408.7	ENST00000649294.1	3	0	0	0	0	0	False	False	False
ZNF133	ENSG00000125846.15	ENST00000396026.7	1	0	0	0	0	0	False	False	False
ZNF223	ENSG00000178386.13	ENST00000434772.8	3	0	0	0	0	0	False	False	False
ZNF34	ENSG00000196378.12	ENST00000343459.8	1	0	0	0	0	0	False	False	False
ANKRD30A	ENSG00000148513.18	ENST00000374660.6	4	0	0	0	0	0	False	False	False
ARSI	ENSG00000183876.9	ENST00000328668.8	1	0	0	0	0	0	False	False	False
CLCF1	ENSG00000175505.11	ENST00000312438.8	1	0	0	0	0	0	False	False	False
EID3	ENSG00000255150.2	ENST00000527879.2	3	0	0	0	0	0	False	False	False
HECA	ENSG00000112406.5	ENST00000367658.3	1	0	0	0	0	0	False	False	False
LRRC27	ENSG00000148814.18	ENST00000368614.8	1	0	0	0	0	0	False	False	False
MOB2	ENSG00000182208.14	ENST00000329957.7	1	0	0	0	0	0	False	False	False
MUC16	ENSG00000181143.15	ENST00000397910.8	1	0	0	0	0	0	False	False	False
NBPF20	ENSG00000162825.16	ENST00000369373.9	4	0	0	0	0	0	False	False	False
NCBP2L	ENSG00000170935.8	ENST00000639756.1	1	0	0	0	0	0	False	False	False
PPARA	ENSG00000186951.16	ENST00000407236.5	1	0	0	0	0	0	False	False	False
PPIAL4E	ENSG00000271567.1	ENST00000581164.1	4	0	0	0	0	0	False	False	False
RAB40B	ENSG00000141542.11	ENST00000571995.6	1	0	0	0	0	0	False	False	False
RBM38	ENSG00000132819.17	ENST00000356208.10	1	0	0	0	0	0	False	False	False
SLC16A2	ENSG00000147100.11	ENST00000587091.6	4	0	0	0	0	0	False	False	False
TMEM158	ENSG00000249992.2	ENST00000503771.2	1	0	0	0	0	0	False	False	False
TTN	ENSG00000155657.27	ENST00000589042.5	3	0	0	0	0	0	False	False	False
YPEL3	ENSG00000090238.12	ENST00000398838.8	1	0	0	0	0	0	False	False	False
ZNF624	ENSG00000197566.10	ENST00000311331.12	1	0	0	0	0	0	False	False	False
ZNF625-ZNF20	ENSG00000213297.8	ENST00000430024.5	3	0	0	0	0	0	False	False	False
ANO8	ENSG00000074855.11	ENST00000159087.7	1	0	0	0	0	0	False	False	False
CCDC102B	ENSG00000150636.17	ENST00000360242.9	1	0	0	0	0	0	False	False	False
CPEB2	ENSG00000137449.16	ENST00000538197.6	1	0	0	0	0	0	False	False	False
CSAG1	ENSG00000198930.13	ENST00000370287.7	1	0	0	0	0	0	False	False	False
CSNK1A1L	ENSG00000180138.7	ENST00000379800.4	4	0	0	0	0	0	False	False	False
FBXO46	ENSG00000177051.6	ENST00000317683.4	3	0	0	0	0	0	False	False	False
NR1I2	ENSG00000144852.18	ENST00000393716.6	4	0	0	0	0	0	False	False	False
PCDHB14	ENSG00000120327.6	ENST00000239449.6	1	0	0	0	0	0	False	False	False
SLC25A53	ENSG00000269743.3	ENST00000594199.3	3	0	0	0	0	0	False	False	False
TMEM170A	ENSG00000166822.13	ENST00000561878.2	1	0	0	0	0	0	False	False	False
ZFP36	ENSG00000128016.7	ENST00000594442.2	1	0	0	0	0	0	False	False	False
ZNF782	ENSG00000196597.13	ENST00000481138.6	1	0	0	0	0	0	False	False	False
ADAT3	ENSG00000213638.6	ENST00000329478.4	1	0	0	0	0	0	False	False	False
ARG2	ENSG00000081181.8	ENST00000261783.4	1	1	0	0	0	1	True	False	True
ARHGEF5	ENSG00000050327.15	ENST00000056217.10	2	0	0	0	0	0	False	False	False
ATXN7L2	ENSG00000162650.16	ENST00000369870.7	1	0	0	0	0	0	False	False	False
C4orf36	ENSG00000163633.12	ENST00000295898.8	4	0	0	0	0	0	False	False	False
CTSS	ENSG00000163131.11	ENST00000368985.8	1	0	0	0	0	0	False	False	False
GRM8	ENSG00000179603.18	ENST00000358373.7	3	0	0	0	0	0	False	False	False
HYKK	ENSG00000188266.14	ENST00000388988.9	1	0	0	0	0	0	False	False	False
NOG	ENSG00000183691.6	ENST00000332822.6	1	0	0	0	0	0	False	False	False
PPIAL4D	ENSG00000256374.2	ENST00000544708.2	4	0	0	0	0	0	False	False	False
RAB3C	ENSG00000152932.8	ENST00000282878.6	2	0	0	0	0	0	False	False	False
RCAN3	ENSG00000117602.12	ENST00000374395.9	1	0	0	0	0	0	False	False	False
SERHL2	ENSG00000183569.18	ENST00000327678.10	4	0	0	0	0	0	False	False	False
SPOCK3	ENSG00000196104.11	ENST00000504953.5	1	0	0	0	0	0	False	False	False
VWA3B	ENSG00000168658.19	ENST00000477737.6	2	0	0	0	0	0	False	False	False
ZFPM1	ENSG00000179588.9	ENST00000319555.8	1	0	0	0	0	0	False	False	False
ZNF419	ENSG00000105136.20	ENST00000424930.6	4	0	0	0	0	0	False	False	False
ACADS	ENSG00000122971.9	ENST00000242592.9	1	0	0	0	0	0	False	False	False
BBS5	ENSG00000163093.12	ENST00000295240.8	3	0	0	0	0	0	False	False	False
CCDC151	ENSG00000198003.12	ENST00000356392.9	3	0	0	0	0	0	False	False	False
CHAC1	ENSG00000128965.13	ENST00000617768.5	1	0	0	0	0	0	False	False	False
GOLGA8A	ENSG00000175265.17	ENST00000432566.6	4	0	0	0	0	0	False	False	False
HOXC9	ENSG00000180806.5	ENST00000508190.1	1	0	0	0	0	0	False	False	False
NPIPB13	ENSG00000198064.13	ENST00000520915.5	4	0	0	0	0	0	False	False	False
PELI3	ENSG00000174516.15	ENST00000349459.10	1	0	0	0	0	0	False	False	False
PRRX1	ENSG00000116132.12	ENST00000239461.11	1	0	0	0	0	0	False	False	False
PTGER4	ENSG00000171522.6	ENST00000302472.4	1	0	0	0	0	0	False	False	False
SAMD15	ENSG00000100583.4	ENST00000216471.4	1	0	0	0	0	0	False	False	False
STXBP6	ENSG00000168952.15	ENST00000323944.9	1	0	0	0	0	0	False	False	False
TRAM1L1	ENSG00000174599.5	ENST00000310754.5	1	0	0	0	0	0	False	False	False
ZNF540	ENSG00000171817.17	ENST00000316433.9	1	0	0	0	0	0	False	False	False
AMELY	ENSG00000099721.14	ENST00000651267.1	2	0	0	0	0	0	False	False	False
C8orf37	ENSG00000156172.6	ENST00000286688.6	1	0	0	0	0	0	False	False	False
CNNM1	ENSG00000119946.11	ENST00000356713.5	1	0	0	0	0	0	False	False	False
CTAG1B	ENSG00000184033.13	ENST00000328435.2	4	0	0	0	0	0	False	False	False
KRT6C	ENSG00000170465.10	ENST00000252250.7	4	0	0	0	0	0	False	False	False
LRRTM3	ENSG00000198739.11	ENST00000361320.5	4	0	0	0	0	0	False	False	False
NBPF19	ENSG00000271383.7	ENST00000651566.1	4	0	0	0	0	0	False	False	False
PPIAL4C	ENSG00000263464.2	ENST00000585245.2	4	1	0	0	0	1	True	False	True
RAET1E	ENSG00000164520.11	ENST00000357183.8	3	0	0	0	0	0	False	False	False
SH2D3A	ENSG00000125731.13	ENST00000245908.11	1	0	0	0	0	0	False	False	False
TEN1	ENSG00000257949.7	ENST00000397640.6	3	1	0	0	0	1	True	False	True
WDR86	ENSG00000187260.16	ENST00000334493.11	1	0	0	0	0	0	False	False	False
ZNF319	ENSG00000166188.2	ENST00000299237.2	1	0	0	0	0	0	False	False	False
ZNF333	ENSG00000160961.12	ENST00000292530.11	1	0	0	0	0	0	False	False	False
ADCK2	ENSG00000133597.11	ENST00000072869.9	1	0	0	0	0	0	False	False	False
ARHGAP31	ENSG00000031081.11	ENST00000264245.9	1	0	0	0	0	0	False	False	False
ATG16L2	ENSG00000168010.11	ENST00000321297.10	1	0	0	0	0	0	False	False	False
ATP13A4	ENSG00000127249.15	ENST00000342695.9	3	0	0	0	0	0	False	False	False
CCDC192	ENSG00000230561.4	ENST00000514853.3	2	0	0	0	0	0	False	False	False
CYP2S1	ENSG00000167600.14	ENST00000310054.9	1	0	0	0	0	0	False	False	False
ELAC1	ENSG00000141642.9	ENST00000269466.8	1	0	0	0	0	0	False	False	False
EPHA6	ENSG00000080224.17	ENST00000389672.9	1	0	0	0	0	0	False	False	False
EVPL	ENSG00000167880.8	ENST00000301607.8	1	0	0	0	0	0	False	False	False
FBXL14	ENSG00000171823.7	ENST00000339235.4	1	0	0	0	0	0	False	False	False
LRRTM4	ENSG00000176204.13	ENST00000409093.1	1	0	0	0	0	0	False	False	False
PACRG	ENSG00000112530.11	ENST00000366889.6	4	0	0	0	0	0	False	False	False
RELT	ENSG00000054967.13	ENST00000064780.7	1	0	0	0	0	0	False	False	False
RINL	ENSG00000187994.14	ENST00000591812.2	1	0	0	0	0	0	False	False	False
TRPM6	ENSG00000119121.22	ENST00000360774.6	4	0	0	0	0	0	False	False	False
ZBTB34	ENSG00000177125.5	ENST00000319119.4	1	0	0	0	0	0	False	False	False
ZNF23	ENSG00000167377.18	ENST00000647773.1	3	0	0	0	0	0	False	False	False
ACTRT3	ENSG00000184378.3	ENST00000330368.3	1	0	0	0	0	0	False	False	False
AL162231.1	ENSG00000187186.15	ENST00000421828.7	1	0	0	0	0	0	False	False	False
ARID3A	ENSG00000116017.11	ENST00000263620.8	1	0	0	0	0	0	False	False	False
CALN1	ENSG00000183166.11	ENST00000395275.7	4	0	0	0	0	0	False	False	False
CAPN5	ENSG00000149260.18	ENST00000648180.1	1	0	0	0	0	0	False	False	False
CFAP206	ENSG00000272514.6	ENST00000369562.9	2	0	0	0	0	0	False	False	False
F12	ENSG00000131187.9	ENST00000253496.3	1	0	0	0	0	0	False	False	False
FBLN2	ENSG00000163520.14	ENST00000404922.8	1	0	0	0	0	0	False	False	False
GPR156	ENSG00000175697.10	ENST00000464295.5	1	0	0	0	0	0	False	False	False
HOXC4	ENSG00000198353.8	ENST00000430889.3	3	0	0	0	0	0	False	False	False
LRCH2	ENSG00000130224.15	ENST00000317135.13	2	0	0	0	0	0	False	False	False
NINL	ENSG00000101004.15	ENST00000278886.11	1	0	0	0	0	0	False	False	False
PCDHGB7	ENSG00000254122.3	ENST00000398594.4	1	0	0	0	0	0	False	False	False
TCEAL5	ENSG00000204065.3	ENST00000372680.2	4	0	0	0	0	0	False	False	False
TMEM150A	ENSG00000168890.14	ENST00000409668.1	1	0	0	0	0	0	False	False	False
ZBTB26	ENSG00000171448.9	ENST00000373656.4	1	0	0	0	0	0	False	False	False
ABCA13	ENSG00000179869.15	ENST00000435803.6	4	0	0	0	0	0	False	False	False
ADA2	ENSG00000093072.18	ENST00000399837.8	2	0	0	0	0	0	False	False	False
C1orf53	ENSG00000203724.11	ENST00000367393.8	1	0	0	0	0	0	False	False	False
CFTR	ENSG00000001626.16	ENST00000003084.11	1	0	0	0	0	0	False	False	False
EFCAB3	ENSG00000172421.9	ENST00000305286.7	4	0	0	0	0	0	False	False	False
FGD4	ENSG00000139132.14	ENST00000427716.6	1	0	0	0	0	0	False	False	False
IBA57	ENSG00000181873.13	ENST00000366711.4	1	0	0	0	0	0	False	False	False
JMJD7	ENSG00000243789.11	ENST00000397299.9	3	0	0	0	0	0	False	False	False
KLHL35	ENSG00000149243.15	ENST00000539798.1	1	0	0	0	0	0	False	False	False
N4BP3	ENSG00000145911.6	ENST00000274605.6	1	0	0	0	0	0	False	False	False
SH3D21	ENSG00000214193.11	ENST00000453908.8	1	0	0	0	0	0	False	False	False
TMCC3	ENSG00000057704.13	ENST00000261226.9	2	0	0	0	0	0	False	False	False
ZNF839	ENSG00000022976.15	ENST00000442396.6	1	0	0	0	3	3	False	False	True
DPP6	ENSG00000130226.17	ENST00000332007.7	3	0	0	0	0	0	False	False	False
FAXDC2	ENSG00000170271.11	ENST00000326080.10	3	0	0	0	0	0	False	False	False
FUT4	ENSG00000196371.3	ENST00000358752.3	1	0	0	0	0	0	False	False	False
GALNTL6	ENSG00000174473.16	ENST00000506823.6	3	0	0	0	0	0	False	False	False
GPR157	ENSG00000180758.12	ENST00000377411.5	1	0	0	0	0	0	False	False	False
ITGA9	ENSG00000144668.12	ENST00000264741.10	4	0	0	0	0	0	False	False	False
LFNG	ENSG00000106003.13	ENST00000222725.10	1	0	0	0	0	0	False	False	False
MTHFD2L	ENSG00000163738.18	ENST00000325278.6	1	0	0	0	0	0	False	False	False
PDIK1L	ENSG00000175087.10	ENST00000374271.8	1	0	0	0	0	0	False	False	False
PLB1	ENSG00000163803.13	ENST00000327757.10	2	0	0	0	0	0	False	False	False
RNF122	ENSG00000133874.2	ENST00000256257.2	1	0	0	0	0	0	False	False	False
SH3BGR	ENSG00000185437.13	ENST00000333634.8	2	0	0	0	0	0	False	False	False
SLC27A6	ENSG00000113396.13	ENST00000262462.9	3	0	0	0	0	0	False	False	False
TIMP4	ENSG00000157150.5	ENST00000287814.5	1	0	0	0	0	0	False	False	False
TMEM54	ENSG00000121900.19	ENST00000373463.8	1	0	0	0	0	0	False	False	False
ZNF365	ENSG00000138311.18	ENST00000395254.8	1	0	0	0	0	0	False	False	False
ZNF786	ENSG00000197362.15	ENST00000491431.2	1	0	0	0	0	0	False	False	False
AC008878.1	ENSG00000267952.1	ENST00000599312.1	3	0	0	0	0	0	False	False	False
APOE	ENSG00000130203.10	ENST00000252486.9	1	0	0	0	0	0	False	False	False
CECR2	ENSG00000099954.18	ENST00000262608.12	2	0	0	0	0	0	False	False	False
CYP4F11	ENSG00000171903.16	ENST00000402119.8	1	0	0	0	0	0	False	False	False
FAM161B	ENSG00000156050.10	ENST00000651776.1	1	0	0	0	0	0	False	False	False
FOXO4	ENSG00000184481.17	ENST00000374259.8	1	0	0	0	0	0	False	False	False
IL31RA	ENSG00000164509.15	ENST00000652347.1	1	0	0	0	0	0	False	False	False
KCNK3	ENSG00000171303.7	ENST00000302909.4	1	0	0	0	0	0	False	False	False
KRT6A	ENSG00000205420.11	ENST00000330722.7	4	0	0	0	0	0	False	False	False
METTL27	ENSG00000165171.11	ENST00000297873.9	1	0	0	0	0	0	False	False	False
ODF3B	ENSG00000177989.13	ENST00000329363.8	1	0	0	0	0	0	False	False	False
PKHD1L1	ENSG00000205038.12	ENST00000378402.10	2	0	0	0	0	0	False	False	False
PTPRR	ENSG00000153233.13	ENST00000283228.7	4	0	0	0	0	0	False	False	False
TNRC6C	ENSG00000078687.17	ENST00000335749.4	1	0	0	0	0	0	False	False	False
TRPC3	ENSG00000138741.11	ENST00000379645.8	1	0	0	0	0	0	False	False	False
DUSP23	ENSG00000158716.9	ENST00000368107.2	1	0	0	0	0	0	False	False	False
ELOVL2	ENSG00000197977.4	ENST00000354666.4	1	0	0	0	0	0	False	False	False
GFI1B	ENSG00000165702.14	ENST00000339463.7	4	0	0	0	0	0	False	False	False
GGTLC3	ENSG00000274252.1	ENST00000619998.1	4	0	0	0	0	0	False	False	False
PEBP4	ENSG00000134020.8	ENST00000256404.8	1	0	0	0	0	0	False	False	False
WEE2	ENSG00000214102.7	ENST00000397541.6	3	1	0	0	0	1	True	False	True
ZNF439	ENSG00000171291.8	ENST00000304030.2	4	0	0	0	0	0	False	False	False
ZNF550	ENSG00000251369.8	ENST00000325134.9	1	0	0	0	0	0	False	False	False
ZNF98	ENSG00000197360.9	ENST00000357774.9	4	0	0	0	0	0	False	False	False
ASB16	ENSG00000161664.7	ENST00000293414.6	3	0	0	0	0	0	False	False	False
BATF3	ENSG00000123685.9	ENST00000243440.2	1	0	0	0	0	0	False	False	False
CHRNB4	ENSG00000117971.12	ENST00000261751.8	2	0	0	0	0	0	False	False	False
DMGDH	ENSG00000132837.15	ENST00000255189.8	4	0	0	0	0	0	False	False	False
GCA	ENSG00000115271.11	ENST00000437150.7	1	0	0	0	0	0	False	False	False
GCH1	ENSG00000131979.19	ENST00000622544.4	2	0	0	0	0	0	False	False	False
MAGEA1	ENSG00000198681.7	ENST00000356661.7	1	0	0	0	0	0	False	False	False
NDRG2	ENSG00000165795.23	ENST00000556147.5	1	0	0	0	0	0	False	False	False
NFKBIE	ENSG00000146232.17	ENST00000275015.9	1	0	0	0	0	0	False	False	False
PRICKLE1	ENSG00000139174.12	ENST00000345127.9	1	1	0	0	0	1	True	False	True
RARB	ENSG00000077092.19	ENST00000330688.9	4	0	0	0	0	0	False	False	False
SLC29A3	ENSG00000198246.9	ENST00000373189.6	1	0	0	0	0	0	False	False	False
THAP9	ENSG00000168152.13	ENST00000302236.10	1	0	0	0	0	0	False	False	False
TMEM17	ENSG00000186889.10	ENST00000335390.6	1	0	0	0	0	0	False	False	False
ARRB1	ENSG00000137486.17	ENST00000420843.7	1	0	0	0	0	0	False	False	False
B9D2	ENSG00000123810.8	ENST00000243578.8	1	0	0	0	0	0	False	False	False
CACNA1A	ENSG00000141837.21	ENST00000360228.11	3	0	0	0	0	0	False	False	False
CHST15	ENSG00000182022.18	ENST00000346248.7	1	0	0	0	0	0	False	False	False
DNAJC6	ENSG00000116675.16	ENST00000395325.7	1	0	0	0	0	0	False	False	False
EIF1AY	ENSG00000198692.10	ENST00000361365.7	4	0	0	0	0	0	False	False	False
FAM187A	ENSG00000214447.4	ENST00000412523.3	3	0	0	0	0	0	False	False	False
FBXW4	ENSG00000107829.15	ENST00000331272.9	1	1	0	0	0	1	True	False	True
GFOD1	ENSG00000145990.11	ENST00000379287.4	1	0	0	0	0	0	False	False	False
ICOSLG	ENSG00000160223.17	ENST00000400379.7	4	0	0	0	0	0	False	False	False
MAPK8IP2	ENSG00000008735.14	ENST00000329492.6	1	0	0	0	0	0	False	False	False
MFSD13A	ENSG00000138111.14	ENST00000238936.8	1	0	0	0	0	0	False	False	False
NTNG1	ENSG00000162631.18	ENST00000370068.5	1	0	0	0	0	0	False	False	False
PGBD2	ENSG00000185220.12	ENST00000329291.6	1	0	0	0	0	0	False	False	False
PROC	ENSG00000115718.18	ENST00000234071.8	1	0	0	0	0	0	False	False	False
RAB26	ENSG00000167964.13	ENST00000210187.11	1	0	0	0	0	0	False	False	False
S1PR2	ENSG00000267534.4	ENST00000646641.1	1	0	0	0	0	0	False	False	False
STK40	ENSG00000196182.11	ENST00000373129.7	1	0	0	0	0	0	False	False	False
THSD7A	ENSG00000005108.16	ENST00000423059.9	2	0	0	0	0	0	False	False	False
TNIK	ENSG00000154310.17	ENST00000284483.12	1	0	0	0	0	0	False	False	False
TRIM52	ENSG00000183718.5	ENST00000611618.1	1	0	0	0	0	0	False	False	False
VEGFC	ENSG00000150630.4	ENST00000618562.2	1	0	0	0	0	0	False	False	False
ZNF10	ENSG00000256223.6	ENST00000248211.11	1	0	0	0	0	0	False	False	False
ATP6V0D2	ENSG00000147614.4	ENST00000285393.4	4	0	0	0	0	0	False	False	False
B3GNT5	ENSG00000176597.12	ENST00000326505.4	1	0	0	0	0	0	False	False	False
CCDC157	ENSG00000187860.10	ENST00000405659.5	1	0	0	0	0	0	False	False	False
CD37	ENSG00000104894.12	ENST00000323906.9	1	0	0	0	0	0	False	False	False
CLEC4F	ENSG00000152672.8	ENST00000272367.7	4	0	0	0	0	0	False	False	False
GSTA4	ENSG00000170899.11	ENST00000370963.9	1	0	0	0	0	0	False	False	False
HOXB3	ENSG00000120093.11	ENST00000470495.1	1	0	0	0	0	0	False	False	False
LHX2	ENSG00000106689.11	ENST00000373615.9	1	0	0	0	0	0	False	False	False
NPIPB12	ENSG00000169203.16	ENST00000617311.1	4	0	0	0	0	0	False	False	False
OCEL1	ENSG00000099330.9	ENST00000215061.9	1	0	0	0	0	0	False	False	False
PCDHGA11	ENSG00000253873.6	ENST00000398587.7	1	0	0	0	0	0	False	False	False
PTPRB	ENSG00000127329.15	ENST00000334414.10	1	0	0	0	0	0	False	False	False
PWWP2B	ENSG00000171813.14	ENST00000305233.6	1	0	0	0	0	0	False	False	False
SH3TC1	ENSG00000125089.17	ENST00000245105.8	1	0	0	0	0	0	False	False	False
SHF	ENSG00000138606.19	ENST00000458022.6	4	0	0	0	0	0	False	False	False
ST18	ENSG00000147488.11	ENST00000276480.11	4	0	0	0	0	0	False	False	False
TBX3	ENSG00000135111.16	ENST00000349155.7	1	0	0	0	0	0	False	False	False
TESK1	ENSG00000107140.16	ENST00000336395.6	1	0	0	0	0	0	False	False	False
ZNF549	ENSG00000121406.9	ENST00000376233.8	1	0	0	0	0	0	False	False	False
ZNF799	ENSG00000196466.10	ENST00000430385.3	4	0	0	0	0	0	False	False	False
ADPRHL1	ENSG00000153531.13	ENST00000375418.7	3	0	0	0	0	0	False	False	False
AK9	ENSG00000155085.15	ENST00000424296.6	1	0	0	0	0	0	False	False	False
COL23A1	ENSG00000050767.17	ENST00000390654.8	4	0	0	0	0	0	False	False	False
COL5A3	ENSG00000080573.7	ENST00000264828.4	1	0	0	0	0	0	False	False	False
COPZ2	ENSG00000005243.10	ENST00000621465.5	1	0	0	0	0	0	False	False	False
ECM2	ENSG00000106823.12	ENST00000344604.9	1	0	0	0	0	0	False	False	False
GPR63	ENSG00000112218.9	ENST00000229955.4	1	0	0	0	0	0	False	False	False
HERC6	ENSG00000138642.15	ENST00000264346.12	1	0	0	0	0	0	False	False	False
IQCH	ENSG00000103599.20	ENST00000512104.5	3	0	0	0	0	0	False	False	False
KDM7A	ENSG00000006459.11	ENST00000397560.7	1	0	0	0	0	0	False	False	False
NIPSNAP3B	ENSG00000165028.12	ENST00000374762.4	4	0	0	0	0	0	False	False	False
SLC31A2	ENSG00000136867.11	ENST00000259392.8	1	0	0	0	0	0	False	False	False
SLC35D2	ENSG00000130958.13	ENST00000253270.13	1	0	0	0	0	0	False	False	False
SYT15	ENSG00000204176.14	ENST00000374321.9	4	0	0	0	0	0	False	False	False
TPTE2	ENSG00000132958.17	ENST00000400230.6	4	2	0	0	0	2	True	False	True
TSPAN10	ENSG00000182612.10	ENST00000574882.5	1	0	0	0	0	0	False	False	False
U2AF1L4	ENSG00000161265.15	ENST00000412391.6	3	0	0	0	0	0	False	False	False
UBE2D4	ENSG00000078967.13	ENST00000222402.8	1	4	0	0	0	4	True	False	True
YY2	ENSG00000230797.3	ENST00000429584.3	1	0	0	0	0	0	False	False	False
ZNF732	ENSG00000186777.12	ENST00000419098.6	4	0	0	0	0	0	False	False	False
ACTBL2	ENSG00000169067.4	ENST00000423391.3	1	1	0	0	0	1	True	False	True
ANG	ENSG00000214274.9	ENST00000336811.10	1	0	0	0	0	0	False	False	False
CDK18	ENSG00000117266.15	ENST00000360066.6	1	0	0	0	0	0	False	False	False
FMR1NB	ENSG00000176988.9	ENST00000370467.8	1	0	0	0	0	0	False	False	False
FOXA1	ENSG00000129514.8	ENST00000250448.5	1	0	0	0	0	0	False	False	False
FZD5	ENSG00000163251.4	ENST00000295417.4	1	0	0	0	0	0	False	False	False
GALNT17	ENSG00000185274.12	ENST00000333538.10	4	0	0	0	0	0	False	False	False
GOLGA8B	ENSG00000215252.11	ENST00000342314.9	4	0	2	0	0	2	False	True	True
MOK	ENSG00000080823.23	ENST00000361847.7	1	0	0	0	0	0	False	False	False
PBX3	ENSG00000167081.18	ENST00000373489.10	1	0	0	0	0	0	False	False	False
ROM1	ENSG00000149489.8	ENST00000278833.3	1	0	0	0	0	0	False	False	False
RSPH10B	ENSG00000155026.16	ENST00000405415.5	4	0	0	0	0	0	False	False	False
SCX	ENSG00000260428.3	ENST00000567180.3	1	0	0	0	0	0	False	False	False
SFT2D3	ENSG00000173349.6	ENST00000310981.6	1	0	0	0	0	0	False	False	False
SPRED2	ENSG00000198369.10	ENST00000356388.9	1	0	0	0	0	0	False	False	False
SULT6B1	ENSG00000138068.10	ENST00000535679.5	2	0	0	0	0	0	False	False	False
TBX15	ENSG00000092607.15	ENST00000369429.5	1	0	0	0	0	0	False	False	False
TC2N	ENSG00000165929.13	ENST00000435962.7	1	0	0	0	0	0	False	False	False
USP49	ENSG00000164663.14	ENST00000394253.7	1	0	0	0	0	0	False	False	False
WDFY2	ENSG00000139668.9	ENST00000298125.7	1	0	0	0	0	0	False	False	False
ZNF253	ENSG00000256771.4	ENST00000589717.2	1	0	0	0	0	0	False	False	False
ZNF485	ENSG00000198298.13	ENST00000374435.3	1	0	0	0	0	0	False	False	False
ZNF628	ENSG00000197483.10	ENST00000598519.2	1	0	0	0	0	0	False	False	False
ADAMTSL5	ENSG00000185761.11	ENST00000330475.9	1	0	0	0	0	0	False	False	False
ADD2	ENSG00000075340.23	ENST00000264436.9	1	0	0	0	0	0	False	False	False
AJM1	ENSG00000232434.2	ENST00000436881.2	1	0	0	0	0	0	False	False	False
AMPD3	ENSG00000133805.15	ENST00000396553.6	1	0	0	0	0	0	False	False	False
CLBA1	ENSG00000140104.14	ENST00000547315.6	1	0	0	0	0	0	False	False	False
ITGBL1	ENSG00000198542.14	ENST00000376180.8	1	0	0	0	0	0	False	False	False
KLHL36	ENSG00000135686.13	ENST00000564996.6	1	0	0	0	0	0	False	False	False
PAPLN	ENSG00000100767.17	ENST00000644200.2	1	0	0	0	0	0	False	False	False
RASL10B	ENSG00000270885.2	ENST00000603017.2	1	0	0	0	0	0	False	False	False
RSPH10B2	ENSG00000169402.15	ENST00000403107.5	4	0	0	0	0	0	False	False	False
SLC3A1	ENSG00000138079.14	ENST00000260649.11	1	0	0	0	0	0	False	False	False
TMEM80	ENSG00000177042.14	ENST00000397510.7	1	1	0	0	0	1	True	False	True
TSPAN17	ENSG00000048140.18	ENST00000508164.6	1	1	0	0	0	1	True	False	True
USP2	ENSG00000036672.16	ENST00000260187.7	1	0	0	0	0	0	False	False	False
ZNF185	ENSG00000147394.18	ENST00000370268.8	1	0	0	0	0	0	False	False	False
ZNF385A	ENSG00000161642.17	ENST00000338010.9	1	0	0	0	0	0	False	False	False
ACOT4	ENSG00000177465.4	ENST00000326303.4	1	1	0	0	0	1	True	False	True
ARIH2OS	ENSG00000221883.3	ENST00000408959.2	1	0	0	0	0	0	False	False	False
C1GALT1C1L	ENSG00000223658.8	ENST00000475092.4	1	0	0	0	0	0	False	False	False
CCDC122	ENSG00000151773.13	ENST00000444614.8	1	0	0	0	0	0	False	False	False
CLDN1	ENSG00000163347.6	ENST00000295522.4	1	0	0	0	0	0	False	False	False
ELOVL4	ENSG00000118402.6	ENST00000369816.5	1	0	0	0	0	0	False	False	False
FAM171A2	ENSG00000161682.15	ENST00000293443.12	1	0	0	0	0	0	False	False	False
FP565260.3	ENSG00000277117.5	ENST00000623960.4	4	0	0	0	0	0	False	False	False
KCNIP4	ENSG00000185774.16	ENST00000382149.9	3	0	0	0	0	0	False	False	False
KIAA0513	ENSG00000135709.12	ENST00000538274.5	1	0	0	0	0	0	False	False	False
KRBA2	ENSG00000184619.7	ENST00000643221.1	3	0	0	0	0	0	False	False	False
MEX3D	ENSG00000181588.16	ENST00000402693.4	1	0	0	0	0	0	False	False	False
MTRNR2L4	ENSG00000232196.4	ENST00000399974.5	1	0	0	0	0	0	False	False	False
PHF7	ENSG00000010318.21	ENST00000327906.8	1	0	0	0	0	0	False	False	False
PLEKHN1	ENSG00000187583.11	ENST00000379409.6	1	0	0	0	0	0	False	False	False
PRMT8	ENSG00000111218.12	ENST00000382622.4	3	0	0	0	0	0	False	False	False
UPK2	ENSG00000110375.3	ENST00000264031.3	3	0	0	0	0	0	False	False	False
ZNF613	ENSG00000176024.18	ENST00000293471.11	1	0	0	0	0	0	False	False	False
ZNF74	ENSG00000185252.19	ENST00000400451.7	1	0	0	0	0	0	False	False	False
ZNF865	ENSG00000261221.3	ENST00000568956.1	1	0	0	0	0	0	False	False	False
