merge1	merge2	height
-3527	-7876	0
-9049	1	0
-9050	2	0
-9520	3	0
-10343	4	0
-10344	5	0
-10345	6	0
-10346	7	0
-10607	8	0
-11364	9	0
-11606	10	0
-11631	11	0
-11635	12	0
-11723	13	0
-4742	-4745	0
-8166	-8173	0
-9710	-9713	0
-9730	-9734	0
-10582	-10583	0
-10650	-10651	0
-10829	-10834	0
-11020	-11029	0
-11114	-11115	0
-11737	-11742	0
-5699	-5736	1.37248987031884e-05
-1331	-1343	3.49639626351458e-05
-7979	-8015	5.10995301181256e-05
-2524	-2536	6.14587103208644e-05
-9688	-9699	7.33138709641963e-05
-1426	-2554	0.000288463118742964
-9925	-11580	0.000302182385122456
-1530	-4041	0.000310254516784337
-6681	-10294	0.000333265833008878
-8519	-8721	0.00036016317213908
-412	-2382	0.000449645576213137
-18	-209	0.000484156816508201
-2718	-5182	0.000485087129318667
-4155	-11524	0.000494480266564055
-598	-6299	0.000567411461385133
-43	-9822	0.000585628942405096
-1056	-8827	0.000607175717575428
-1695	-3084	0.000616802556033546
-5802	-7775	0.000623848264086051
-7015	-10864	0.000625935445520162
-1166	-2150	0.000629476058380567
-336	-1152	0.000631634348246095
-786	-1647	0.000648880795321465
-1350	-7418	0.000667396858765119
-8017	-8050	0.000670907347526283
-1497	-9927	0.00067920345114702
-862	-4122	0.00069647267557374
-992	-1211	0.000709809996321337
-7131	-9907	0.000717871944738629
-361	-4460	0.000746382189769171
-49	-6984	0.000752611095751425
-2985	-5875	0.000752918462078068
-2513	-4788	0.000755395596414569
-1536	-1805	0.000776243009524828
-2802	-5302	0.000785825819011505
-2304	-5170	0.000806394211168977
-1412	-5463	0.000807755658833475
-722	-6910	0.000812989730792705
-1590	-7759	0.000816232947380489
-1402	-9505	0.000833208588766001
-1713	-3487	0.000840902929772618
-3276	-8341	0.000864150387370628
-1760	-10609	0.000871159448116569
-135	-2426	0.000871637208266539
-583	-7432	0.000883612904923783
-864	-3237	0.000885981039145789
-2053	-3447	0.000898365119626394
-4930	-8728	0.000899854994365799
-600	-5260	0.000905533229138365
-289	-599	0.000913939477434598
-6316	-9607	0.000937758743552372
-3600	-4820	0.000938831804523464
-6615	-7050	0.000946060786950247
-3503	-3961	0.000953652426965055
-1784	-5013	0.000958754986572227
-2073	-3785	0.000971412180518517
-657	-3061	0.000971610800782456
-875	-7217	0.000974202222844161
-6089	42	0.000975094911671098
-3040	-5762	0.000989289095586201
-7	-1339	0.000993956614444433
-430	-4803	0.000994842522713468
-664	-1832	0.00100121612773684
-726	-3027	0.00100214324829935
-11126	-11215	0.00100277945148003
-2308	-3223	0.0010114990410123
-1938	30	0.00101740324945542
-6227	-7791	0.00101870211039741
-2025	-7466	0.00102898877014153
-15	-4212	0.00102967384525195
-1438	-3350	0.00103139119532599
-3560	-5908	0.00104496362224291
-8682	-10934	0.00104853595133974
-845	-7056	0.00105179606162032
-3703	-4910	0.00106176753297666
-957	-7238	0.00106512845383072
-4007	-4334	0.00106590291738256
-1028	-10030	0.00106675172297018
-2569	-6073	0.00106854745910067
-613	-5431	0.0010689534151771
-4101	-9455	0.00107076125530626
-4988	-7309	0.00107225954169603
-8780	26	0.00107679729258027
-312	-371	0.00109136873282643
-512	-7089	0.00109511953610077
-1429	-5587	0.00109544309896463
-166	-771	0.00109578359193725
-176	-1463	0.00110083249057228
-5777	-5878	0.00110277880311236
-200	-3196	0.00111223080282105
-900	-5979	0.00111359293081166
-3847	-8803	0.00111404775833405
-4845	-6571	0.00112294683385466
-707	-1264	0.00112515837003355
-3587	-4406	0.0011302043869712
-337	47	0.00113080303382217
-630	-3406	0.0011474145088515
-6384	-7338	0.001148964483333
-1432	-3816	0.00115246220185907
-503	-8905	0.00116078118752161
-595	-3410	0.00116135207022051
-929	-1174	0.00116629593954243
-3830	-7741	0.00116713886758058
-8660	-8694	0.0011691277410642
-3114	-8904	0.00117102235819488
-3213	-5760	0.00117262552723721
-73	-5117	0.00117362832978934
-2242	-4228	0.00117446070397041
-3538	-8048	0.00117894375851083
-1487	-4019	0.0011798675553216
-839	-3952	0.00118380262408841
-6675	-8844	0.00118714189406
-4316	-7610	0.00118751482363639
-9599	-9617	0.00118891790333048
-8577	-11362	0.0011893373211832
-3204	-4549	0.00119416093137247
-64	-594	0.00119822115600696
-757	-6360	0.00119982600185152
-684	-2399	0.00120055743496716
-673	-6943	0.00120252691631738
-2756	-5726	0.00120496239864441
-2358	-3284	0.00120669430048457
-4622	-9300	0.00120995219534072
-313	-1147	0.00121334169057432
-9156	-9440	0.00121482382687466
-497	-523	0.00121577905519321
-1939	-4356	0.00122212103899116
-3784	-5600	0.00122348719784319
-96	-1259	0.00122484944652129
-3813	-4058	0.00122650569640127
-1385	-5537	0.00122677186201242
-383	-4939	0.00123128097798605
-2296	-7543	0.00123132092062443
-1394	-4210	0.00123228437682283
-1876	-5010	0.00123755429502891
-2981	-8060	0.00124045276638548
-37	-4972	0.00124467990807566
-2192	-8523	0.00124539090076436
-1047	-6319	0.00124963848307254
-9840	-11103	0.00125557194292618
-322	-2835	0.00125871086962734
-8322	-9394	0.00125994660342494
-1327	-1384	0.00126216776911283
-8425	-9362	0.00126697946122431
-2430	-2560	0.00126895077177923
-1137	-5754	0.00127138497168562
-1172	-6428	0.00127305520765822
-181	-621	0.00128287878989513
-687	-5007	0.00128438012536523
-581	-2020	0.00128582678552043
-4520	96	0.00128655475935464
-7347	-7553	0.00129072698869825
-1908	-9335	0.00129099996124383
-25	-2603	0.00129121946310537
-1973	-6630	0.00129247770098232
-1711	-6665	0.00129609275363551
-4383	-4425	0.00129871901004701
-87	-3797	0.00129987224249166
-2908	-5466	0.00130280354113433
-1838	-6513	0.00130294122847896
-6908	-7388	0.00130402240611627
-5515	-7153	0.00131129197225579
-1087	-7799	0.00131570917448494
-2060	25	0.00131857660726315
-3100	-10341	0.00132104526660203
-3455	-7922	0.0013250467584747
-1312	-9911	0.00133075868757223
-224	-5265	0.00133233207325947
-2721	-4625	0.00133268611461307
-3697	-4543	0.00133377118994984
-780	-6468	0.00133611392958978
-745	-3205	0.0013420242240184
-2697	-2770	0.00134611356318294
-1109	-2119	0.00135380860228365
-2452	-2456	0.00136113145992863
-6322	-7467	0.001367808495629
-45	-102	0.00137128023620031
-11561	-11638	0.00137878928384952
-407	-4933	0.00138122346456807
-4723	-7077	0.0013843507947892
-150	-1885	0.00138457675693015
-5310	-6862	0.0013864618547661
-2059	-7304	0.00138760773684575
-2389	-3518	0.00138982171785354
-3208	90	0.00139111429967937
-1208	-8787	0.00139361597794893
-1462	-2316	0.00139394680575332
-5697	-6794	0.00139967890694887
-174	-7507	0.00140450418509704
-1155	-1800	0.00140941327941802
-3893	-6776	0.00141944748418812
-6639	-8106	0.0014196641529521
-5294	-7302	0.00142588000177506
-104	-1853	0.00142734306967669
-4241	-8079	0.00143006451852996
-3142	-5384	0.00143137238969526
-2927	-5198	0.00143169960977406
-4393	-10112	0.00143592754850308
-827	52	0.00143649793732412
-190	-906	0.00143762944337971
-787	-4454	0.00144209797746373
-7206	134	0.00144854550918454
-5099	-5790	0.0014506605996052
-3309	-3671	0.00145124282457728
-8031	-8368	0.00145715983572706
-2383	-5945	0.00146108738258891
-3817	-3916	0.00146126591002086
-4540	-5488	0.00146188926670248
-1987	-8248	0.00146400671376168
-1354	194	0.00146722892357836
-994	-2234	0.00147141882545576
-1135	-2958	0.00147191316394312
-596	-647	0.00147685449613514
-233	-4256	0.00147697139357685
-8238	91	0.00147742908999002
-3379	-5687	0.00147977499126399
-6619	-6953	0.0014801815580912
-5703	-6474	0.00148058303121666
-8097	-9602	0.00148099581718243
-5292	-5499	0.00148287019342381
-1702	-1841	0.00149373822440127
-7074	-10203	0.0014940360259681
-310	-859	0.00149581766996877
-1904	-6107	0.00150732140937976
-3843	-4376	0.00150935482346877
-4013	-4061	0.00151128953405761
-1456	-5864	0.00151132856703108
-2586	-5370	0.0015114984747201
-2134	-7251	0.0015124168933952
-4959	-5395	0.00151406600646947
-2790	-3362	0.00151801593257291
-2179	-2610	0.00151976216212321
-81	-8447	0.00152015052585875
-3994	-7430	0.00152547883685969
-52	-3334	0.00152815009224412
-739	-5765	0.00152864217888705
-1817	-6749	0.00153244661286357
-329	-3068	0.00153274183548412
-3409	-4556	0.0015328632399638
-3561	208	0.00153547695020925
-2173	-2942	0.00153548123006531
-2166	-5472	0.00153646202858918
-2362	-8081	0.00154081024370749
-5441	-7232	0.00154123043516495
-752	-1060	0.00154124692709786
-2471	-4610	0.00154198788199108
-818	-9818	0.00154228145965856
-2355	-7368	0.00154266387373374
-3870	-6358	0.00154318806608499
-1019	-6099	0.00154452261009804
-1455	-5884	0.00154491822512954
-276	-3708	0.00154958736888401
-6327	-7048	0.00155259768189634
-2425	-8300	0.00155363216634203
-5843	-6458	0.00155654042562299
-1110	-3731	0.00155771286690444
-1669	-3440	0.00156091262722031
-3759	-4967	0.00156147038767447
-3555	-6970	0.00156305709541431
-1706	-1812	0.00156398037032865
-1592	-1612	0.00156567601185645
-2832	-4579	0.0015710311767499
-4321	-11169	0.0015727804735621
-3665	-4966	0.00157347836499431
-5014	-6868	0.00157609065885939
-1619	-1773	0.0015776344657113
-1023	-2779	0.00158247911878972
-592	-3439	0.00158603686725156
-3323	-6628	0.00158834979555643
-4586	-7597	0.00159178212377488
-4156	-4787	0.00159197058289182
-1182	-2704	0.00159360189783018
-3996	-7596	0.00159556235744694
-6809	-11571	0.00159899888323672
-3413	-5139	0.00160019475084162
-1579	-6091	0.00160174923069995
-632	-975	0.00160377665366668
-3557	-4009	0.00161079812192197
-3280	-4483	0.00161222683615121
-1195	-4092	0.0016124604881746
-326	-728	0.00161345201292075
-359	-2633	0.00161477509526387
-2820	-2889	0.00162230134711722
-1151	-6261	0.00162539764624886
-1491	-5644	0.00162783538912891
-3407	163	0.00163144281749164
-2372	108	0.0016321288847127
-2208	-6881	0.00163398510775883
-2421	-7620	0.00163521897670823
-95	-2436	0.00163596126012451
-2424	-5661	0.00163678850849231
-5921	-7977	0.00163819109449777
-8960	-9492	0.0016407196949771
-3906	-6447	0.00164303887005397
-5475	-6059	0.001643151248513
-6551	-7541	0.0016439501356586
-2566	-4975	0.00164527523189213
-125	-4752	0.0016466176951923
-2394	56	0.00164704740608169
-3251	-4004	0.00164714001392465
-1416	-7049	0.00165108916002821
-8278	-9660	0.0016532154281992
-8236	-9170	0.00165326170319546
-927	-2954	0.00165444073990332
-481	-2549	0.00165446394553911
-1405	-4771	0.00165571299080567
-23	-749	0.00165615269958864
-3432	-3510	0.00165621119318226
-751	-3711	0.00165761717367289
-7723	-8099	0.0016579004007743
-274	-6203	0.00165900287563628
-10930	-11064	0.00166079492117043
-2775	-3636	0.00166092634905483
-535	-602	0.00166613550711987
-1640	-4310	0.00167235007551074
-498	-3495	0.00167257964559022
-909	-1328	0.00167505876950233
-794	-5655	0.00168045780315926
-2885	-6550	0.00168138741797154
-3566	-9203	0.00168322422551922
-1585	-3571	0.0016836817475244
-3119	-7889	0.00168865274641581
-582	-768	0.00168909297739574
-1433	-4871	0.00169239892320289
-6370	-7552	0.00169284180026455
-5146	-8624	0.00169369372076537
-9989	-11505	0.00169527442254714
-2761	-6141	0.00169633460685053
-6018	-7369	0.00169784932078235
-1410	-8191	0.00169790121371301
-3400	-9530	0.00169797519600156
-3252	-3352	0.00169934950269678
-279	-5620	0.00169977432827823
-4692	-10400	0.00170053702423086
-6689	-9437	0.00170214006355968
-6130	-6632	0.00170634344398554
-4222	-9638	0.00170651242529666
-809	-4204	0.00170891977223306
-4697	-4911	0.00170996532494774
-3094	-4293	0.00171151116199085
-4152	-8202	0.00171202613292659
-2654	-3121	0.00171246076488071
-2918	-7752	0.00171417500653318
-841	-5988	0.00171548116823115
-993	120	0.00171564221299351
-304	93	0.00172062414899497
-3143	-9247	0.00172197167944711
-2892	-4755	0.00172499002689669
-9150	-9391	0.00172804496320572
-6762	76	0.00173333215064792
-3522	114	0.00173673143176759
-2148	-5444	0.00174506761894025
-1123	-9425	0.00175181356310391
-2843	-3582	0.00175235418917864
-666	-1326	0.00175301314797439
-2776	-2983	0.00175315257014211
-2302	-4906	0.00175498813035228
-1111	-9491	0.00175588392603747
-1251	-2596	0.00175595563118181
-334	-4618	0.00175606424185988
-831	-4971	0.00175719757283714
-281	-2458	0.00175811310109779
-1379	-5229	0.00176513573903142
-1360	-3864	0.00176616367982953
-2240	125	0.00177294465937611
-1485	-1924	0.00177424848123855
-1684	-7629	0.00177546931899108
-3823	-4277	0.00177601822604713
-4182	-5034	0.00177646637643542
-951	255	0.00177976155270971
-824	-6118	0.00178237721712342
-510	-2118	0.00178655823891367
-8703	-9671	0.00178718038803352
-855	-4391	0.00178835687210453
-3730	-4874	0.00179206835572113
-191	275	0.00179210000244992
-28	-119	0.00179266455730569
-1318	-2048	0.00179289251583949
-921	-5585	0.00179296101409013
-1263	-5625	0.00179595600476131
-6168	-6378	0.00179828435161257
-3433	-9064	0.00179873029358923
-825	-2528	0.001798995886659
-5314	-6760	0.00180204970249123
-715	-2056	0.00180335030479402
-5846	-7346	0.00180344963344108
145	239	0.00180524241369313
-8907	182	0.00180724680807247
-1022	-3098	0.00180791064849149
-1905	-6142	0.00180890988764416
-774	-3292	0.00181012166554149
-6967	-9849	0.00181450348115925
-577	-6642	0.00181465828565433
-7280	-7912	0.0018149423114843
-525	-3884	0.00181879476744478
-6934	83	0.00181893818590737
-3217	-3624	0.00182543749811735
-2648	329	0.00183556772130485
-1148	-4763	0.00183714281050548
-3664	-5382	0.00183734145195119
-4489	-9306	0.00184096966938456
-5693	-7577	0.00184185094180786
-2773	-6269	0.00184766533693851
-1042	-6705	0.00184852021364304
-286	-6941	0.00184853133705979
-2312	-8517	0.00185196825830741
-1300	-4721	0.00185290641760306
-526	-1872	0.00185418342804053
-2057	-2530	0.00185625822343981
-2061	-2187	0.00185819625767832
-128	-9506	0.00185828534883962
-3456	-7410	0.00185834246499879
-396	-1839	0.00185997205406808
-5190	-7269	0.00186235529687355
-830	-4173	0.00186304600196081
-688	-6985	0.00186374535438577
-9290	-10230	0.00186650950836234
-2397	-3414	0.00186730790642034
-69	-2687	0.00186753344701868
-732	-1909	0.00186764953529762
-3988	-3995	0.00186906468834937
-1691	-2209	0.0018693521208183
-4859	-9210	0.00187183342127415
-388	-4203	0.00187478173373394
-1528	-3514	0.00187704594378064
-142	-4827	0.00187818391515081
-668	-7668	0.00188017345835231
-1275	-5363	0.00188269258659498
-848	-1329	0.00188371025642294
-3004	-4055	0.00188446518971238
-182	-1911	0.00188479361052804
-5432	-5630	0.00188766278172939
-1409	282	0.00188862589500638
-792	-4195	0.00189009287961819
-3506	-3917	0.0018901845939472
-4941	-7456	0.00189227507470939
-391	-3483	0.001895733940648
-6957	-7824	0.00189923859120924
-6514	41	0.00189936559532922
-1855	-6350	0.00189974534220945
-145	-2545	0.00190004689595879
-3704	-6933	0.00190209981228748
-70	-10296	0.00190437217790368
-6019	-7148	0.00190486070931358
-5450	-7681	0.00190513627061445
-1161	-3049	0.00190524390410573
-3596	-3979	0.00190525375135708
-8474	-9540	0.0019054137470272
-1225	-1950	0.00191042364883184
-2671	-5560	0.0019130367169424
-3491	-4901	0.00191414873446448
-7272	-8134	0.00191431095269986
-542	150	0.00191501548150377
-3349	-3958	0.00191514907513603
-6828	-9303	0.0019210599908673
-9591	-10546	0.00192487400182202
-1949	-5289	0.00192826285521419
-408	141	0.00192938505741526
-2051	-8009	0.00193425099867807
-8209	44	0.00193431962539155
-5795	-9541	0.00193565099991488
-5094	-8456	0.00193802611541044
-1428	-6129	0.00193843825181772
-4639	-6770	0.00193876207152907
-3258	-5558	0.00193907707020878
-1981	249	0.00193945669793244
-3935	-4130	0.00194032157598324
-4970	-7726	0.00194245763542862
-1712	-8692	0.00194408032271187
-1310	-6562	0.00194711197157912
-6535	-9594	0.00194811309688193
-4550	-6423	0.00194884851093391
-314	-431	0.00194902364496071
-1239	-10905	0.00194980881267216
-5603	-10514	0.00195235408650501
-9301	-11249	0.00195476114002946
-7047	-8725	0.00195694249487377
-1045	-3736	0.00195759737546737
-3680	-5976	0.00195784541757689
-7419	-9135	0.00195802949252059
-9230	-9903	0.00196003612711991
-351	-7857	0.00196380844237954
-1241	-2227	0.00196605469248503
-1040	-2276	0.00196815835700977
-1474	-6871	0.00196937321935455
-6145	-8549	0.00197118502392413
-580	-1467	0.00197291204477214
-6120	-7963	0.00197358526209645
-2883	-7906	0.00197599859384201
-192	84	0.00198009772107699
-117	-3101	0.00198088937679913
-1370	-5053	0.00198224998704262
-703	-1587	0.00198311082429308
-2115	-6115	0.00198352771617081
-9790	316	0.00198581313454661
-5261	-9222	0.00198879628583356
-3576	-8328	0.00198997021675715
-1763	-2543	0.00199168308821613
-2824	-5805	0.00199359399059593
-1121	-5124	0.00199398465330448
-585	-2814	0.00199417879828931
-47	-3720	0.00199620835494005
-4657	-6662	0.00200009389280682
-2764	-9379	0.00200309545706334
-2002	-3150	0.0020039238665299
-4682	-6818	0.00200514558662134
-1082	-2614	0.00200627749998308
-569	-5501	0.00200678727909096
-2052	-4597	0.00200846848785584
-7939	-8124	0.00200901117611178
-3914	-3936	0.00201034194829135
-4197	51	0.00201057379915863
-435	-3266	0.00201086526191154
-2022	-2079	0.00201146057453865
-115	-5544	0.00201204090421914
-175	-7710	0.00201262511018058
-946	-1287	0.00201284286696814
-616	-1191	0.00201396448818099
-6973	-8776	0.00201450277190162
-4114	252	0.00201558920746386
-290	-9155	0.00201751919003769
-650	-2853	0.00201840482455822
-4519	-6166	0.00201857696851243
-7362	-9480	0.00201862853850499
-203	-3028	0.00201961171994273
-1552	-2180	0.00202049370262531
-2819	-3075	0.00202108420963001
-5028	-5481	0.0020219232752582
-3822	-3934	0.00202352358955686
-113	-131	0.00202353055677049
-6545	-6919	0.00202485890028535
-94	-5520	0.00202941885608659
-2833	-9144	0.00203009428070035
-1818	-4040	0.0020307560357983
-4047	-4380	0.00203276629714716
-817	-8189	0.00203316267373179
-77	-7391	0.00203533924652524
-6651	-7508	0.00203645777522592
-552	-10262	0.00203734743019904
-4818	299	0.00203784384416497
-3467	-4624	0.00203861740366352
-1952	-10788	0.00203902721355608
-4447	-6340	0.00203969535781435
-572	-3330	0.00204157971433704
-1183	-7293	0.00204265687015217
-3079	160	0.00204281220883129
-2585	-3815	0.00204361730910176
-2550	-4776	0.00204394320700319
-309	341	0.00205017535680383
-5924	-7951	0.00205126148443625
-9213	-10219	0.00205181462576598
-4077	-8444	0.0020538413661416
-4063	-7146	0.00205519852573423
-8109	-9502	0.00205525151003796
-5675	-7772	0.00205618636204457
-5543	86	0.00205665179064238
-11756	-11819	0.0020583947418346
-83	-4196	0.00206034918460553
-1819	-8155	0.00206051934182059
-1215	-11425	0.00206301223476886
-6344	429	0.00206418500959386
-5852	-6134	0.00206544596965055
-838	-1598	0.00207062374189105
-294	-879	0.00207517056008691
-1806	-5048	0.00208103084539527
-2869	-3156	0.00208114275694182
-5590	-7289	0.00208172895727113
-1013	-1660	0.00208206792255578
-3314	-7972	0.00208386618440981
-6263	-9748	0.00208388222045808
-7695	-9881	0.00208517334317831
-2338	-3285	0.00208519080231634
-151	-3998	0.00208570261707469
-529	-694	0.00208600190565145
-4795	-7110	0.00208658884855665
-3757	-5728	0.00208740930521424
-1296	-3535	0.00208997112168569
-7407	-8459	0.00209365121296467
-4955	-7028	0.00209488217452205
-810	-3763	0.00209600567720817
-5334	-10206	0.00209625074154878
-1132	-7941	0.00209716953637099
-1500	-2224	0.00209854066905333
-3	-958	0.00209976033239332
-565	131	0.00209980972543031
-9629	176	0.00210189585893796
-966	180	0.00210373720878139
-5575	-6753	0.00210459592155646
-1342	-3544	0.00210647639861109
-297	-2973	0.00210661220469882
-1614	417	0.0021141602689804
-6624	221	0.00211448673250293
-2023	-2635	0.00211471446685917
-1299	-1679	0.00211599651024994
-2195	-3052	0.00211751272160365
-2806	-6736	0.00211968556043231
-4863	74	0.00212087307372236
-2741	66	0.00212259682009895
-6	-2518	0.00212623530858431
-5414	-8120	0.00212829257573493
-118	-1918	0.00212906988978812
-4869	-7910	0.00212953696355767
-6264	572	0.00213255225675683
-2507	-9894	0.00213318938696446
-342	-6182	0.00213354601002351
-3492	-3855	0.00213415524386297
-8989	-10069	0.00213475154330834
-1869	-4569	0.00213599970908601
-3890	142	0.00213657273942943
-3591	-7209	0.00213738479670027
-2172	-6469	0.00213882116885287
-7815	-8178	0.00213906442529659
-5079	297	0.00214206878343266
-161	-2914	0.00214534697097291
-1824	-2875	0.00214614844719089
-296	-4094	0.00214775714359202
-381	-5867	0.00214819597598247
-2393	88	0.00215010840792468
-5514	-6580	0.00215185459625317
-4038	193	0.0021521978180471
-463	32	0.00215239361529337
-1005	-5327	0.00215988559171242
-634	384	0.00216079243140792
-750	296	0.00216189076639388
-1143	-1205	0.00216191105157102
-8810	-10507	0.00216264481547409
-1090	-7486	0.0021636410365417
-2467	-3902	0.00216460717858166
-4006	-5923	0.00216759025654237
-60	-301	0.00216798782425789
-1719	-5952	0.00216952428113857
-3842	-5075	0.00217148235975247
-3592	-4414	0.00217504881249692
-1603	-4516	0.0021762963201538
-167	-7934	0.00218465432357917
-1883	-2670	0.00218785283412994
-3048	448	0.00219197451753117
-3190	-3550	0.00219321643495782
-31	-3425	0.00219454714073198
-2478	-4407	0.00219498784193278
-1281	-5656	0.00219503160650227
-4852	-6874	0.00219565901217595
-1126	-2329	0.00219952821987577
-2607	-4894	0.00219969281694038
-3023	-8338	0.00220283513647783
-1574	-2317	0.00220401262366763
-1094	-2201	0.00220505071140764
-3460	135	0.00220505223278222
-6464	63	0.00220550882473936
-2102	-3482	0.00220602590057132
-1466	-8068	0.00220781555779306
-980	-1180	0.00220875736632789
-679	-2547	0.00220968572247915
-3609	-5816	0.00221359542240824
-1198	-5482	0.00221555307577885
-1694	-6369	0.00221616027494249
-171	-1393	0.00221638855812054
-476	-6462	0.00221718816340042
-1041	280	0.00221797849281693
-462	-1156	0.00221923188398976
-3617	-4184	0.00221924355044017
-442	-2294	0.00222182180934489
-505	80	0.00222342433507411
-1124	-7646	0.00222384896754666
-3011	-3608	0.00222448468081437
-3678	-7439	0.00222535044963565
-7634	343	0.00222834625676877
-5401	-10658	0.00222846106159899
-5779	-5780	0.00223062076084084
-9472	198	0.00223135383635699
-550	-4700	0.00223408551221096
-4151	-4867	0.00223499438893378
-1349	234	0.0022356940972534
-1728	-5824	0.00223747056691719
-2326	-4888	0.00223909847060329
-2035	-2205	0.00223980820130005
-4749	-5377	0.00224007870538288
-1246	-2710	0.00224049749715379
-549	368	0.00224089340242
-867	236	0.00224582221121968
-2078	-4168	0.00224720828588965
-5333	60	0.00224757028446173
-5929	484	0.00224891552250428
-1577	-4649	0.00224925402348051
-3706	274	0.00224971977842142
-5086	325	0.00225028743977806
-4616	-5427	0.00225121019727613
-4059	-6409	0.00225210544658017
-1177	-5639	0.00225301492079915
-8214	110	0.00225547986146141
-3840	-3932	0.00225707168843737
-5403	-6687	0.00225817630384741
-2132	-5416	0.00225918605812947
-1336	-6644	0.00225932876285988
-7057	-9949	0.00226106166339939
-5122	-8569	0.00226111325288754
-59	491	0.00226133240583596
-5710	-8964	0.00226139005270152
-169	-328	0.00226292000564918
-9728	-10667	0.00226303890287767
-4762	-7904	0.00226337616696141
-5149	-8172	0.00226404624999839
-2963	-3031	0.00226578079742553
-1501	601	0.00226941580352083
-6337	-8196	0.00227194344781652
-3774	65	0.00227721097842931
-1492	-2834	0.00227798191646447
-733	-1868	0.00227875308457482
-5729	127	0.00228023324268148
-5904	-11472	0.0022809896167308
-1506	-8432	0.00228615679639243
-1475	-3735	0.00228666565387186
-7059	-11148	0.00228900956049666
-2644	-4084	0.00228995780856846
-5077	-6600	0.00229160135189792
-8555	-9497	0.00229337807836525
-4192	-8522	0.00229369145486107
-1458	-5572	0.00229542038576564
-562	-2214	0.00229544073904719
-9978	178	0.0022964530645169
-1554	-7441	0.00229820064240119
-1903	-6603	0.00229892641285322
-2327	-9348	0.00230059609584167
-1692	-8770	0.00230061292559497
-527	-7960	0.00230074149895479
-8161	-10812	0.0023011728234127
-1674	-1912	0.00230279449054669
-2036	-4401	0.00230330916781688
-8893	-9450	0.00230367694428161
-7569	34	0.0023043392483345
-4492	116	0.0023065282730993
-1414	-1767	0.00230773655697479
-6406	412	0.00231140167767364
-4605	424	0.00231142294235195
-2599	-9767	0.00231237346748465
-4370	468	0.00231271332315394
-7754	-10933	0.00231382071050024
-2368	184	0.0023140322962904
-6946	-9916	0.00231624244212191
-3398	-5611	0.00231728951694514
-8421	-10317	0.00231782829782083
-11	-6223	0.00232698320335915
-6416	191	0.00232789538042744
-3852	-5389	0.00232893805924797
-7492	-7649	0.00233004901042562
-1401	-9025	0.00233035236515131
-2698	-4566	0.00233128902016313
-1658	420	0.00233521464422737
-2438	303	0.00233879725013036
-558	-6932	0.00233997078804208
-4925	-7301	0.00234052663934111
-508	348	0.00234121487175557
-540	-566	0.00234129835462504
-575	-1927	0.00234138710450832
-1716	35	0.00234213623245171
-4840	143	0.00234351312512629
-4134	-6056	0.00234394420548614
-3262	-5829	0.00234658564722179
100	165	0.00234897015636433
-1400	-6192	0.00234945551769855
-106	-3127	0.00235067804882511
-2177	321	0.00235106592971763
-1338	-2335	0.00235151216192445
-4236	-7567	0.00235407158989371
-420	-1648	0.00235749067877854
-2402	-6490	0.0023586223418365
-2608	-5986	0.00235906688471952
-4018	-6659	0.002362335848678
-690	183	0.00236277472188977
-1292	-3946	0.0023636470427227
-5907	-6347	0.00236529129793283
-4089	-4761	0.00236542297660939
-3714	-4798	0.00236569498431017
-7633	-9202	0.00236693669175113
-5307	636	0.00236794363633743
-9081	367	0.00236951528466322
-3408	-6837	0.00237298199574094
-5886	-6424	0.00237484904936004
-881	-7297	0.00237663422831241
-3942	-9879	0.00237758745774085
-479	-2199	0.00237764541194965
-4235	-7084	0.00238260522158025
-3263	-3454	0.00238316126505299
-1991	-5487	0.00238347322833494
-2	-7666	0.00238539934645082
-2515	-7211	0.00238847834882137
-7141	-10699	0.00238964995392521
-46	360	0.00239024129517591
-2477	-3701	0.00239275237403916
-120	-8994	0.00239329755918688
-4290	302	0.00239357805688188
-3989	-4468	0.0023937803361768
-4759	-5144	0.00239417102913859
-2826	-5819	0.00239458022906313
-1724	-5498	0.00239551984700978
-2797	-6219	0.0023955686246174
-78	-1440	0.0023983143307563
-1566	-8930	0.00239848055134811
-6214	-7051	0.00239858830396454
-656	-6765	0.00239918247228035
-7896	-9477	0.00240056493502426
-4897	-6381	0.00240059437568679
-7295	-7298	0.00240093961181023
-1194	-5056	0.0024009547317188
-1833	531	0.00240111776517239
-3922	-7715	0.00240183653956036
-68	-3229	0.00240480248344893
-5326	-7247	0.00240590339990242
-2666	-6276	0.00240685552656432
-2815	-7020	0.0024072087908038
-1018	-2971	0.00240779946725196
-3740	-6509	0.00240808060398276
-85	-5971	0.00240846217618591
-1654	-8874	0.00240895003870087
-1725	-1850	0.00240906802921536
-1179	-8130	0.00240944038798568
-6049	-9743	0.00240978875551337
-2582	87	0.0024102707743148
-3082	-5394	0.00241388697318576
-1114	-2026	0.00241428729163538
-5550	-7524	0.0024164969248229
-3603	-6522	0.00241731380901848
-10602	203	0.00241963063082169
-2938	-3036	0.0024203056754248
-1675	-3322	0.00242090705890805
-2090	-6342	0.00242179682491941
-9	-2016	0.00242231776428085
-9218	50	0.0024231348215074
-7071	-10198	0.00242693594705938
-7657	-8315	0.0024274532728071
-3172	230	0.00242795595825141
-2321	-5016	0.0024281255718484
-8098	-9331	0.0024298420662516
85	291	0.00243643468005625
-357	-1859	0.00243736003868164
-5291	-9113	0.00243827025247891
-6803	-10815	0.00243899440793074
-3441	233	0.00244051252071279
-3683	158	0.00244197634607083
-933	-6931	0.00244270043186023
-162	-9056	0.00244597423661924
-2672	725	0.00244632997869677
-5123	-8016	0.00244789581084278
-4028	-5592	0.00244827289512315
-2567	-3883	0.00244940444551929
-1080	-7276	0.00244958931122001
-7264	-8043	0.00245001116744464
-4064	-5128	0.0024503947662724
-10471	33	0.00245076223487033
-149	-1257	0.00245150559308827
-306	-9853	0.00245384441490618
-2584	73	0.00245599873254401
-402	-3844	0.00245657281051698
-2039	298	0.00245802135176638
-4530	-5496	0.00245929014724938
-6064	-9298	0.00246093072271434
-7158	-10173	0.00246145639704094
-2081	-5219	0.00246191005633098
-1	607	0.00246417785308409
-3241	-11412	0.00246433741159967
-4678	-9758	0.00246613443303561
-4802	-9546	0.00246900142196043
-1176	-4221	0.00247106926493573
-2951	-3120	0.0024717509168668
-5506	-11458	0.00247246661916873
-5074	-7132	0.00247264392295024
-5898	-6891	0.00247269140085909
-2712	-5239	0.00247406131649045
-1503	-3071	0.00247471787706443
-79	-5324	0.00247730904441228
-1352	-2660	0.00247731868318326
-8531	540	0.00248175125990271
-207	-1187	0.00248300219131218
-784	-1223	0.00248348991694288
-211	-2998	0.00248357255618158
-2322	730	0.00248526266145195
-6800	179	0.0024865495135736
-3811	-5635	0.0024870813662078
-9207	136	0.00248980497841957
-4919	414	0.00249001983974649
-1091	-3912	0.00249574106186567
-5680	622	0.00249834589649133
-4260	335	0.00249957349230937
-597	-609	0.00250480031520427
-3690	-8065	0.00250633098328388
-1785	-4246	0.00250798176307
-7621	-10074	0.00250809702839309
-1652	312	0.00251024359180162
-6121	-6260	0.0025115753377189
-8471	-8752	0.00251280601218464
192	218	0.00251429699959307
-2204	213	0.00251492868711124
-7065	-8405	0.00251540188994713
-417	-544	0.00251591134823789
-148	-998	0.00251802237785432
-819	-8419	0.0025185212029932
-393	-3915	0.00251961340386388
-2695	-8664	0.00252038203422832
-1096	-5859	0.00252131727963941
-6002	293	0.00252216984571732
-5438	222	0.00252249726430366
-5246	-7022	0.00252256277599229
-7178	-9008	0.0025226448445665
-153	-3860	0.00252404173495721
-3891	-4526	0.00252464190649524
-121	-4125	0.00252486568741486
-1642	-7137	0.00252549032013927
-1988	-7816	0.00252553548895849
-7706	197	0.00252581731285595
-9519	534	0.00252695065854292
-4862	-7112	0.00252797590511194
-3700	378	0.00252824497146322
-3129	-7580	0.00253022498278871
-12	-4029	0.00253065372126119
-987	-4877	0.00253119934184471
-3396	-10695	0.00253131448180523
-10633	-10696	0.00253143143203271
-3651	-5104	0.00253196974827792
-1015	366	0.00253306320653548
-1424	-3824	0.00253387079890122
-1655	148	0.00253413161988363
-8047	-10101	0.00253500616641317
-400	-7043	0.00253554695238997
508	681	0.00254294174754612
-1777	-5468	0.00254430915491467
-1417	-2418	0.00254550354339444
-1390	371	0.00254566084245908
-6053	733	0.00254593743790806
-6948	-8117	0.00254695384883844
-205	422	0.00254832886521549
-4319	-6309	0.00254876163331865
-10447	-10544	0.0025492701366652
-5	-7660	0.00255105225614871
-1893	-4705	0.00255162800731766
-11623	-11684	0.0025518341307815
-2570	-2649	0.00255359183292589
-6289	-9753	0.00255437430655273
-3898	-6254	0.00255455642524681
-8485	-10412	0.00255458469011856
-4371	-7340	0.00255503870576453
-8789	-8919	0.00255623721881396
-5701	582	0.00255723456592058
-1896	-7284	0.00255745448388215
-363	226	0.00255871835338896
-3481	-7080	0.00256132956234241
-4450	485	0.00256202990022506
-4645	-6698	0.00256203516006005
-1983	-2539	0.00256227223629023
-3421	-8395	0.00256471242027941
-8230	-9325	0.00256476866337239
-3041	-5956	0.00256838426544672
-2409	-5936	0.00256865223523358
-6594	-8275	0.00256932934090888
-11537	-11672	0.0025695454233442
-2011	-9521	0.0025701114073448
-1663	-5404	0.00257043691162932
-1573	-5125	0.00257266322486309
-3525	-4582	0.00257286417173614
-3193	-8731	0.00257308058094711
-2350	-5121	0.00257442234931393
-4105	273	0.00257709363667378
-6240	-8272	0.00258025692528593
-8347	-9884	0.0025826315927513
-3115	-6935	0.0025826388100203
-6442	-6966	0.00258443287182226
-8570	-10543	0.002585933253573
-2412	-5895	0.00258632108316724
-5297	-5688	0.00258706062683196
-1563	-1753	0.00258771300959316
-846	-3807	0.00258777909491329
-1212	57	0.00258943698231327
-2767	-7989	0.00259062884564073
-6285	392	0.00259328289694494
172	322	0.00259526153504774
-11220	-11240	0.00259597324727841
-5938	-7882	0.00259717774326224
-3607	-5803	0.00260155200851143
-433	-614	0.00260298872766702
-5031	-6217	0.00260421330773334
-2650	-10086	0.00260444887968569
-11268	-11285	0.00260737491671767
-2632	-7846	0.00261122567271289
-9178	-9918	0.00261182473254015
207	685	0.00261191773017065
-1139	-6199	0.00261232225041732
-2859	-3183	0.00261250603013721
151	411	0.00261261747387203
-57	-136	0.00261495462397513
-362	-5393	0.00261539144777797
-2882	-4689	0.00261542767518669
-2941	-4150	0.00261691685417472
-426	-3130	0.00261695942763798
-10634	43	0.0026188356865744
-6361	-9956	0.00261935120195812
-9152	985	0.00261988416554233
-3480	-5021	0.00262097902424361
-3662	595	0.00262161229570194
-317	-5798	0.00262245080469167
-1699	-2647	0.00262272349375106
-229	-1002	0.0026241726756282
-4373	-9825	0.0026246536741626
-861	-8818	0.00262470578361513
-1453	665	0.00262484026069324
-2244	536	0.00262940860447733
-1001	-4109	0.00262982146337299
-2147	133	0.00263023492432848
-5781	-8939	0.00263086642367128
-9371	258	0.00263130011456023
-5059	79	0.00263218018202215
-10935	89	0.00263260663558883
-2259	-7735	0.00263444922533458
-29	-236	0.00263613900141802
-3306	-6044	0.0026370974294419
-7827	-8759	0.00263793413006975
-2613	-4073	0.00263898224769897
-2080	-9860	0.00263914412386684
-1494	99	0.00264043655391751
-917	109	0.00264080572285433
-701	46	0.00264316307279655
-1316	-8446	0.002643257222415
-6820	-9897	0.00264537982794124
-2693	-3485	0.0026455955931057
-158	-4839	0.00264712583645786
-2043	499	0.00264785254715911
-2926	-4899	0.00264804932903633
-456	-2636	0.002648339184679
-2086	472	0.00264937166423326
-9917	-11604	0.00265013384752315
-2634	-4475	0.00265114978750504
-6356	323	0.00265425431396057
-8291	344	0.00265441043733616
-4635	-5115	0.00265459478664668
-7098	101	0.00265485754691586
-710	-2190	0.00265518573672604
-2799	-4232	0.00265583849850867
288	455	0.00265664358032212
-1169	-4496	0.00265884764877052
-5538	342	0.00266049534611978
-327	-3118	0.00266124342094826
-1975	-9941	0.00266345808008731
-2482	-3057	0.00266531012195909
-3928	-7770	0.00266601474289035
-2887	-4895	0.0026665156723906
-217	-2781	0.00266651934362258
-1305	-2379	0.00266704991843352
-6367	94	0.00266714069055303
-1624	-5041	0.00266832007543059
-2845	-8056	0.00266917246274938
-8427	250	0.00266996542475907
-945	487	0.00267262642608853
-3531	-8258	0.00267339854593417
-237	-7125	0.00267522035257438
-1046	-1967	0.00267681624417503
-2202	-3394	0.00267878955675608
-2533	-3699	0.00268030596429752
-5839	333	0.00268062965812329
-1630	-6714	0.00268071536360319
-1961	-7637	0.00268084912632337
-100	-1337	0.00268249553864755
-2381	-9510	0.00268313201934872
-1368	331	0.00268464874902005
-5428	-9054	0.00268488151207443
-1960	560	0.00269166258758882
-5690	383	0.00269387449943714
-2256	-10176	0.00269449598793295
-3586	-3951	0.00269505510063613
-2494	-7108	0.00269560990197463
-3024	-4067	0.00269618748097044
-2661	-3504	0.00269720182570403
-5641	266	0.00269728483802145
-3344	-8182	0.00269992105766839
-2076	-7088	0.00269998272868434
-495	469	0.00270115382042797
-5615	-8819	0.0027014699815798
-2521	462	0.00270273383607466
-2739	-7316	0.00270485040255135
-844	-1419	0.00270529648275263
-1792	-4756	0.00270781265019224
-1471	419	0.00270915083598623
-627	-1230	0.00270969856319261
-863	-8055	0.00271442937852118
-6176	-8811	0.0027157391128137
-63	-295	0.00271654051661175
-1789	362	0.00271667885809549
-6225	-11044	0.00271729774469914
-9276	-11367	0.00271740936065727
-2957	352	0.00271794229317178
-1681	644	0.00272238834882415
-6764	-7493	0.00272543226926571
-2037	-10694	0.00272619476251228
-206	-7800	0.00272637305420566
-3278	-4821	0.00272824772604798
53	77	0.00272959675407747
-1569	892	0.00273054359730606
-2261	-7875	0.00273136549319569
-1829	-7712	0.00273155003774282
-8807	-10472	0.00273160650531978
-1813	-4465	0.00273420677437614
-386	-5704	0.00273483108191751
-8213	-9329	0.00273599086405817
-132	-2706	0.0027373277588044
-10454	626	0.00273761731120794
-62	-5270	0.00273842206682546
-5456	710	0.00273846072869945
-500	-9092	0.00273882006435459
-2345	-8335	0.00274068424239287
-4947	-6335	0.0027440294248983
-7684	130	0.00274607503102137
-1951	-10031	0.0027479063568286
-1540	-4768	0.00274951625320759
-11108	689	0.0027500017141467
-7842	-8101	0.0027505989018382
-212	-5987	0.002750769535353
-6027	801	0.00275132006961947
-3426	-9224	0.00275133954642422
-1411	-7582	0.00275191861029288
-7763	-8163	0.00275360787994257
-5362	438	0.00275492604775986
-1189	401	0.00275531975561202
-4621	-4643	0.00275565572831361
-2434	-6811	0.00275625173507267
-3364	-5949	0.00275637357749685
-4690	-8078	0.00276057897384836
-604	589	0.00276119824162886
72	328	0.00276123255566358
-3146	339	0.00276480075521549
-2675	-5552	0.00276782600426081
-2571	-8637	0.00276903761477877
-2220	-9624	0.00277020548601629
-3224	423	0.00277364338636886
-3779	-5045	0.00277463952963544
-7130	-7154	0.00277610862854284
-5772	410	0.00277741502803715
-4575	612	0.00277832377182356
-1451	374	0.00277891497228285
-3968	660	0.00277974533758551
-1543	118	0.0027806810886537
-2387	-5024	0.00278178161482973
-1512	-1608	0.0027825477505795
-2347	-3967	0.00278275314343496
-3153	-3901	0.00278323496027577
-8885	-10735	0.00278457674871311
-5349	82	0.00278596087182341
-469	-3756	0.00278609957883041
-6671	45	0.00278622726683193
-9249	-10501	0.00278630581133152
-9576	-10091	0.00278662192224987
-6187	530	0.00278722171616345
-2787	-4415	0.00279093295659578
-5082	-10175	0.00279190743355062
-5129	-9377	0.0027921524007097
-1408	-2897	0.00279332677685475
-1527	-2284	0.00279357378640345
-4670	-6963	0.00279744929584403
-373	-9536	0.00280020005845051
-3221	-3865	0.00280149815727712
-4237	602	0.00280219157239314
-4712	-8734	0.00280225923609501
-932	211	0.00280482626309116
-924	-9142	0.00280501882145517
-1534	-4987	0.00280527663979612
-7898	215	0.00280583127353925
-5748	584	0.00280765078352681
-573	382	0.00280998960579399
-9282	-9696	0.00281004899040206
-9093	-10248	0.00281055296399044
-3853	-4275	0.00281134908272581
-7724	-10072	0.00281477983211379
-2413	-4946	0.00281491038326108
-3628	-4069	0.00281799419277739
-3733	-10008	0.00281811687981072
-2556	-4354	0.0028200849367047
-6311	-8557	0.00282064282620289
-6744	-11605	0.00282121163169121
-3033	-6325	0.00282228383879968
-1290	-5917	0.00282351862452333
-1671	-1828	0.00282352445990101
-3032	-6009	0.00282494710045938
-1622	564	0.00282974780117869
-816	-9430	0.00283095219137442
-6365	-6532	0.00283105723948248
-1708	556	0.00283113708297036
-1670	-9120	0.00283156327922802
-1366	-9192	0.00283770455798522
-11300	-11379	0.00283934398145048
-4916	-10099	0.00284489749618468
-769	929	0.00284750300498488
-3753	686	0.00284880750205836
-466	495	0.00284884772478167
-4583	-7487	0.00285080644334536
-242	-7389	0.00285294668450753
345	628	0.00285393437153648
-6206	105	0.00285463865646918
-2353	-9975	0.00285480510156166
-3575	-5290	0.00285590475793098
-8028	-9012	0.00285651288406161
-4676	512	0.00286028838993782
55	606	0.00286088521014007
-65	-271	0.00286093051283728
-6441	1089	0.0028610998852117
-1297	-7465	0.00286176842841161
-1386	-2990	0.00286262341496167
-7782	557	0.00286273191984849
-5141	-7031	0.00286434596147265
-1578	-2461	0.00286455664540862
-3620	292	0.00286775874002154
-6297	-7204	0.00287010412313462
-4825	-7497	0.00287418339828439
-4149	-4276	0.00287559077448913
-3257	37	0.00287569449237144
-101	-4734	0.00287855121317061
-4090	-7303	0.0028795668436361
-284	-674	0.00287980032507204
-1751	-4730	0.00288115810946687
48	529	0.00288129379481064
-1449	-1814	0.00288399719096023
-7330	-9260	0.00288410482405077
-343	332	0.00288509038761921
-10631	-10912	0.00288653749966426
-414	-870	0.00288686861662258
-553	-691	0.00288790610635337
-3283	-5235	0.00288827825592899
-5148	257	0.00288929800844549
-6584	-9737	0.00288966326533127
-152	-7864	0.00289054826899284
-5069	-10382	0.00289060906201267
-97	-1842	0.00289098288859482
-1171	824	0.00289176113266534
-2762	675	0.00289237174440855
-3162	-10936	0.00289423273119997
-7145	-10669	0.0028944698384913
-3066	-3956	0.0028973478840359
-2808	-7128	0.00289825484089051
-888	921	0.00289948637914052
-3170	-3195	0.00290317966708244
-1473	-3112	0.00290905431129534
-1858	-2945	0.00291040001740854
-4612	317	0.00291160149141115
-3001	-3037	0.00291180115116202
-8772	-8886	0.00291271282476201
-6707	-6804	0.00291321661460225
-1027	-1231	0.00291422894904857
-6162	-6742	0.00291579443535807
-1104	-5004	0.00291594038425787
-3540	-7652	0.00291672693881537
-4446	-4576	0.0029208196507235
-5968	-9110	0.00292105559551091
-2281	-3201	0.0029213083569052
-939	271	0.00292221139265618
-1822	-7075	0.00292230958981817
-4242	-4439	0.00292275392281611
-9549	-9781	0.00292560404208924
-1016	-7255	0.00292678843444546
-2765	-9478	0.00292721568985189
-7930	-8763	0.00292807663349287
-4045	-8413	0.0029282636163377
-954	805	0.00292827060997684
-2255	687	0.00292954301974379
-2587	-6169	0.00293004586302767
-4534	-7579	0.0029327341403708
-7947	-9299	0.00293603413791676
-3290	313	0.00293672342454798
-797	-4347	0.00293746972111098
-1998	-9814	0.0029456650254948
-7511	-9453	0.00294701605881093
-1188	1014	0.00294808280064607
-6657	481	0.00295019747212213
-920	-1236	0.00295415589986642
-976	-8804	0.00295689807684681
-445	174	0.00295763667567597
-6489	708	0.00295768345655977
-1544	-11370	0.00295787541746294
-39	694	0.00296091728177418
-4264	-5967	0.00296415124044856
-4302	-10310	0.00296642110959882
-2590	-2895	0.00296742792683823
-9819	-11531	0.00296918306913641
-1668	-4223	0.00296961719551682
-5410	968	0.0029714738666227
-1727	-7474	0.0029737365157088
-7792	173	0.00297517442247023
-5492	-7428	0.00297518322812399
-4036	-4050	0.00297662383722943
-1181	-10137	0.00297708769715219
-10595	652	0.00297748215484544
-611	-624	0.00297886252058625
-593	-3289	0.00297958926252121
-6408	-7449	0.00297967666691389
-7932	-9750	0.00298024795792943
-4285	-7373	0.00298446738274716
-6082	-8095	0.00298552132420953
-4017	-7954	0.00298690618631438
-3133	-7079	0.00298728642677059
-6173	324	0.00299015360809477
-635	-1602	0.00299167613608992
-2254	-4782	0.00299247360046716
-1274	709	0.00299423809554135
-2380	-8445	0.00299591221851227
-3857	-5522	0.00299671647148345
-1705	-5962	0.00299675925971862
-3489	490	0.0029967765047151
-3767	-4327	0.00299762100227283
-2805	775	0.00299834879398989
-6440	539	0.00299838187420901
-1532	232	0.00299887683897353
-5896	-6047	0.00300016539286393
-1925	337	0.00300128889878459
-4976	-9006	0.00300145679814873
-7427	-9608	0.0030014720970613
-7094	-7212	0.00300169652852497
-9693	272	0.00300644336330084
-2785	700	0.00300829607360223
756	1010	0.0030087374245615
-1335	-4307	0.0030090348031355
-4003	-10867	0.00301018596991407
-11567	-11763	0.00301070280975285
-8297	-9630	0.00301116991745699
-7225	-8199	0.00301224328671743
-640	-1097	0.00301229126876482
-1021	-3563	0.00301248240574455
-9488	-11714	0.00301260659160543
-7626	-10056	0.00301386579808057
-5256	-7761	0.00301435388865498
-3769	-6106	0.00301523556043018
-2343	-8866	0.00301529040697628
-8978	439	0.00302010695383152
-5827	-10465	0.00302327011640857
-3012	-9755	0.00302548777619142
-2027	-4353	0.00302750503536752
-1914	-3207	0.00302837184397736
-2422	443	0.00302866205822656
-8229	-10197	0.00303108892547131
-2042	390	0.00303151742744508
-3197	-8022	0.00303152923721836
-2364	-8747	0.00303252890292959
-1313	-4777	0.00303559200287884
-9174	-11133	0.00303729426083381
-2116	-6763	0.00303967097032216
-9199	502	0.00304214299054451
-3879	818	0.00304544717259733
-1127	-1221	0.00304556504160558
-3210	-3804	0.00304577323254763
-303	-3828	0.00304702346961301
-5841	-8591	0.00304704901556277
-6962	-8830	0.00304811340466985
-4183	-6377	0.00304931755251314
-1377	70	0.00305093840656341
-7938	-11113	0.00305302447604832
-5391	-5844	0.00305522155530339
-5573	285	0.00305805461035485
-7871	479	0.00305875617367626
-6386	567	0.00305907085973471
-7012	577	0.00306113164308708
-5230	-7849	0.0030630137038674
-4131	402	0.00306303252383683
-4892	-8428	0.00306314429831219
-80	-1356	0.00306375757238978
-333	618	0.00306428238406938
-1284	-6587	0.0030654406277923
-1562	-6475	0.00306582993019769
-1445	81	0.00306943678481737
-315	-9626	0.00306987415459157
-1129	-2901	0.00307038624069175
-2968	-4217	0.00307141655558412
-2936	813	0.00307272855060867
-8223	-8996	0.00307497579725797
-1302	-2529	0.00307531874965907
-7734	-10088	0.00307557460941442
-7010	477	0.00307613112944694
-904	695	0.00307721346326627
-779	-3983	0.00307777294270044
-9475	1316	0.00307976908077153
-4876	633	0.00308288648258183
-9470	-11009	0.00308316989311966
-3231	-3573	0.00308345331661938
-6280	-8487	0.0030844207041546
-646	-6131	0.00308519436575543
-3837	137	0.0030863646884401
-7836	-8169	0.00308815328517955
-5608	861	0.00308991494069717
-7662	-9642	0.00309193161205062
-6610	248	0.00309255659148137
-10200	-10575	0.00309290032466813
-1515	115	0.00309392389882251
-222	-7171	0.00309563210238482
-316	-5523	0.00309681912510564
-5159	-8644	0.00309894501016121
-1206	-4201	0.00309932980057986
-197	-4637	0.00309954057497271
-2112	-4330	0.00310069002619846
-4506	-7839	0.0031017324727029
-9993	-10534	0.00310427702526071
-5008	-10139	0.00310507142958544
-5109	-6781	0.00310791945055781
-2087	-3185	0.00311017486282178
-3445	-6595	0.00311160183649091
-4389	358	0.00311241251648067
-6380	-7061	0.00311270512488536
-3646	267	0.00311294110544031
-4706	-6405	0.00311363406245322
-7584	-10432	0.00311431566781362
-3530	-4767	0.00311624524345359
-1963	-4962	0.00311656879530749
-880	315	0.00311779334720999
-2616	-6072	0.00311797680937577
-1550	-7333	0.00311798845077882
-2017	-2772	0.00311906342874647
-2038	-2754	0.00312206554845119
-4395	-8678	0.00312371831854233
-66	-1105	0.00312404688342831
-502	-1389	0.0031249632219903
-1010	-9707	0.00312574306516627
-2510	170	0.00312672904095077
-4037	-7604	0.00312974552611835
-10549	-11068	0.00313017611547457
-2443	-7758	0.00313206681726827
-6723	-7463	0.00313504960057948
-9070	-9566	0.00313531450357842
-3761	-8593	0.00313712359780631
-1759	-5676	0.00313775915895991
-5786	-9422	0.00314159023661206
-938	-4733	0.00314210928748027
-5337	-8070	0.00314276319807897
-3534	1286	0.00314344259047987
-4858	-7990	0.00314391705788444
-2606	-4097	0.00314642808265037
-3212	538	0.00314664778236534
-7162	1213	0.00314897404120973
-7946	-9661	0.00315119790626064
-2952	416	0.00315252765296649
-1533	-3927	0.00315581617306137
-6667	-7026	0.00315775689160578
-6629	-8356	0.00315839288970428
-718	-2546	0.00315850419229443
-1298	-2341	0.00316081785757614
-1970	-1994	0.0031629398820869
-1680	-9751	0.00316334330568629
-8935	-10662	0.00316354795270457
-3674	736	0.00316610472122362
-4843	-5259	0.00316705349492349
-1923	-3448	0.00316706234722343
-7999	1205	0.0031678571581541
-1437	-5100	0.00316921691399133
-7327	-9253	0.00316924421420553
-7858	49	0.00317119260218476
-7588	-8232	0.00317291181670556
-354	-2324	0.00317361001598576
-6620	-9913	0.00317408940093491
-11582	880	0.00317505390886974
-5822	-9929	0.00317628071024961
-1798	-3743	0.00317653866044107
-2841	-7591	0.00317810048509795
-1604	-5863	0.00318056279022793
-2987	521	0.00318127769146765
-2495	-8062	0.00318307101285145
-6679	385	0.00318417874261368
386	874	0.00318525803487853
-637	-8697	0.00318540461618662
-7810	-8014	0.00318583767292169
-2074	-2520	0.00318588921545515
-9966	361	0.00318760919545062
-8255	-8579	0.00318923301165722
-3618	-10328	0.00319049870723899
-2033	-4349	0.00319160833134147
-1220	-2001	0.00319161778539452
-615	-11782	0.00319168459248863
-5440	-5677	0.00319327775519369
-1749	-6407	0.00319347733569171
-547	-5622	0.00319444920696679
-61	-5174	0.0031946226612204
-1025	-7478	0.00319679380199852
-2305	-4518	0.00319847513531034
-5599	-6461	0.00320030041547179
-6179	-9240	0.00320089533497107
-5840	994	0.00320100888117805
-3685	-6101	0.00320166439461459
-5116	-10131	0.00320215069537664
-7787	-7801	0.00320379204560133
-5785	-7156	0.00320423810854167
-7349	-7529	0.0032062373005514
-478	364	0.00320944970387838
-8063	-8318	0.00320968272764084
-2725	-4832	0.00321256740584676
-4374	-8091	0.00321360332329587
-3188	-5521	0.00321416557437896
-422	-3382	0.00321620612731638
253	1079	0.00321660881498329
-5275	609	0.00321692544465406
295	976	0.00321803452650218
-188	1253	0.00321837317983439
-350	-1309	0.00322024333862465
-5928	-8215	0.00322174639594216
-1357	-1646	0.003223636186012
-7993	-10329	0.00322515229213907
-3296	-6383	0.00322541226146394
-387	599	0.00322797268780474
-9074	106	0.00323559704105253
-1425	-10849	0.00323575239490641
237	937	0.00323616394382427
-9649	741	0.00323660679867337
-973	-5563	0.00323703781932909
-6147	-9183	0.00323736782622714
-1586	1096	0.00323798553326789
-2732	1111	0.00323821318072182
-3673	-3687	0.00324092702844279
-1946	-9503	0.00324149992044151
-534	957	0.00324494854058945
-1391	-3427	0.00324570926944149
-6835	-6899	0.00324602464221566
-4536	-10147	0.00324641884762486
-4702	784	0.00324683834816401
-10484	451	0.003248374314343
-10876	1134	0.00324838173592193
-1344	-4441	0.00325133415708711
-2904	-9837	0.00325497323979074
-885	-6011	0.00325610410709057
-2465	-7776	0.00325865807314664
-1465	-1802	0.00325946606826763
-9823	-10003	0.00326085634025544
-8491	270	0.00326204444221443
-1717	-5224	0.0032628469694904
-3340	-8883	0.00326330992801801
-2699	-5714	0.00326473575385923
-501	-1748	0.00326484935945574
-2996	-3558	0.00326749588043176
-8259	-11134	0.00326949914266945
-3634	-4333	0.00326990474866179
-9611	-10169	0.00327127149103387
-3356	-9712	0.00327189421782879
-6098	-7370	0.00327245056707532
-4147	-8600	0.00327339758344599
-6452	-8194	0.00327404457215034
-1583	-11139	0.00327583896887388
-795	1390	0.00327631675522358
-3430	284	0.00327673322902485
-5743	-7180	0.00327945468099484
-4161	-4493	0.00328104575395115
-2152	71	0.00328141015278001
-6229	-6647	0.0032816101707498
-854	-9248	0.00328297503663679
-2505	-6568	0.00328784959651517
-6877	793	0.00328878747564102
-2253	-5049	0.0032913038105449
-5707	418	0.00329184546246976
-3929	488	0.00329195818341246
-910	264	0.00329215276494669
-5571	1001	0.00329314097995717
-3909	-3997	0.00329388140463957
-5825	-9295	0.00329501156271242
-6300	-8537	0.00329807480921716
-3810	917	0.00329927944726871
-1937	1000	0.00329998611583224
-5549	-6184	0.00330328796445901
-3316	-4066	0.00330406341618319
-6222	256	0.00330422122646834
-8761	-9807	0.00330422178081783
-6312	510	0.00330477302145915
-1731	1087	0.00330497557286849
-6925	1186	0.00330509415228473
290	819	0.00330547960248416
-4188	-8077	0.00330897265646689
62	407	0.00330983828438459
-1175	408	0.00331118899407226
-7819	-8207	0.00331135973575001
-339	-1548	0.00331198187559756
-10376	696	0.00331254382046098
-2257	742	0.00331406784461519
-1330	-10592	0.00331623462022183
-11576	810	0.00331740165950996
-48	619	0.00331766853759059
-3043	690	0.00331996351521194
-689	-4115	0.00332031104567976
-5262	-8916	0.00332124888334373
-661	-5970	0.00332289520107139
-5223	-5717	0.00332701141550904
-5169	-10004	0.00332804769227481
-1580	732	0.00332805894410184
-2047	1188	0.00332832423328458
398	776	0.00332939088124494
-4148	-11212	0.00332956926934463
-6470	650	0.00332985989259484
-5321	-5420	0.00333054118350642
-8457	-9035	0.00333250821381553
-3802	-9238	0.00333269804145217
-1738	-2442	0.00333346659772579
-3230	-4677	0.00333397459792789
-8467	-8997	0.00333405183104943
-7502	-7630	0.00333440785564954
-3215	406	0.00333469070923391
-7406	-10277	0.00333611140610663
-999	-2106	0.00333801872455306
-5659	-5744	0.00333934515876435
-4118	-11391	0.00334002686177384
-9366	843	0.00334163391158468
482	554	0.00334216334954693
-4808	-6126	0.0033451504535218
-2223	-4653	0.00334635445015452
-1807	-6090	0.00334696114441444
-6743	-6790	0.00334809057988696
-2703	-6677	0.00334827326153371
-2890	533	0.00334840204514559
-1334	543	0.00334903448412117
-5195	-10625	0.00335094054184044
-3965	-6965	0.00335118765645522
-2980	-5747	0.00335278605515314
-4378	-5464	0.00335314895637561
-882	-7796	0.00335381787778761
-8111	-10444	0.00335429640831031
-4655	-8074	0.00335585819069265
-811	1343	0.00335596586919947
-741	-9404	0.00335732669633656
-1686	-2160	0.00335774849957325
-4413	117	0.00335847900004917
-3367	-5209	0.00335936247168473
-3742	-9304	0.00335955161501846
-34	842	0.00335966177815034
-5388	-7835	0.00335975392862124
-7454	-10349	0.00336121010812408
-1820	478	0.00336259271382341
-3877	790	0.00336664006351995
-6536	359	0.00336704988211242
-1526	-4913	0.0033676222932464
-7469	-8269	0.00336803989709573
-9033	1228	0.00336819474111765
-9140	-11116	0.00336858084696085
-9976	715	0.00336893228291113
-8436	-10603	0.00336941241995688
-1398	-2681	0.00336990063286477
-11444	-11683	0.00337180994099501
-3851	691	0.00337208089038696
-5849	-6680	0.00337653580578462
-3536	913	0.00337657443882727
-7544	228	0.00337872011632976
-2491	1042	0.00337952543594792
-4133	-6421	0.00337983447845424
259	821	0.00338129512567636
-1145	310	0.00338159625667055
-798	-6108	0.00338462115385089
-3046	224	0.00338672417904507
-7756	-10171	0.00339074769127387
-4504	459	0.00339131800692269
-6207	185	0.0033924811990968
-4607	-9517	0.00339290338450962
-8030	1395	0.00339580415831278
-5213	-6148	0.00340158771911053
-1138	-2030	0.00340224111380131
-952	-1346	0.00340291441918621
-5462	-9027	0.00340400190198657
-3805	-5221	0.00340494428484106
-138	-4850	0.00340533095107547
-805	-7811	0.00340644329493121
-6171	-10242	0.00340778427906043
-4271	-5323	0.00340830548115393
-2663	828	0.00340962089701364
-492	812	0.00341045231690369
-3312	-7345	0.00341242232077195
-1102	-8295	0.00341320487621041
-1496	-6443	0.00341349299790791
-8568	-10138	0.00341444890050297
-9550	-10148	0.00341483790647755
-108	503	0.00341768647777056
-6463	-11489	0.00342057829294761
-3017	-9159	0.00342114026156843
-1626	489	0.00342390509088929
-3177	-10922	0.0034239169054461
-471	863	0.00342503138350792
-8847	-10923	0.00342599794158962
-3581	-4385	0.00342629728793957
-4557	217	0.00342708499614657
-250	769	0.00342746755247898
-9262	566	0.00342818080751609
-8270	-9863	0.003428216089687
-6437	1421	0.00343162738769439
-378	-8135	0.00343332648654561
-4949	-7873	0.00343796409426646
-6735	-6979	0.00343897474115032
-5734	-7002	0.00343919331260715
-6796	583	0.00344031943965451
-8561	64	0.00344153062525137
-4444	515	0.00344261781542261
-7533	663	0.00344360608310911
-2960	-3446	0.00344438468637686
-7016	1068	0.00344461026015898
-5168	286	0.00344517516557162
-524	-6640	0.00344751729546709
-6836	349	0.00344813282449396
-3345	-4668	0.00345185027905827
-105	1053	0.00345193036776036
-8339	-8500	0.00345194415612447
-7803	-9919	0.00345301299320712
-163	-164	0.00345335125674658
-8784	1080	0.00345376535753707
-5801	-6403	0.00345654930531958
-3770	-10331	0.00345788655581121
-10255	-11389	0.00345932764799101
-2196	157	0.00345968245522165
-8965	-10624	0.00346143654562969
-2044	-11474	0.00346235638196689
-7323	-8902	0.00346395242078129
-1120	982	0.00346539232747941
-3022	-8711	0.00346623975610955
-4811	-5216	0.00346649550791152
-7451	-10666	0.00346740792250419
-5664	1549	0.00347046733062327
-187	936	0.00347144366104
-3795	-8404	0.00347279710979852
-3819	-7263	0.00347379482455945
-3868	705	0.00347415623540446
-6592	1147	0.00347562317217152
-754	-1130	0.00347737642862195
-9312	171	0.00347805846717956
-8590	1524	0.00347861431162845
-3102	-8312	0.00347874513237158
-268	453	0.00347875810556498
-3712	-10983	0.00348046649613903
-3321	1302	0.00348268440564979
-4672	524	0.00348344802218263
-3856	-5150	0.00348411995754808
-2258	-4974	0.00348891643728844
-9390	-9636	0.00348967344590582
-5106	-8551	0.00349162338088023
-418	-7556	0.00349201945040347
-631	-4470	0.00349238913397113
-6581	-7336	0.00349295484194504
698	1625	0.00349441745985844
-5339	-9292	0.0034950661961263
-1809	-8816	0.00349652091395124
-6695	-9694	0.00349698805121622
-10014	-10053	0.00349739836705599
-8897	-9228	0.00349754451600777
-1726	-4410	0.00349860500281557
-2003	-6685	0.00349931847213205
-6696	547	0.00350173366299888
-3299	-4747	0.0035027408062885
-8563	-10999	0.00350283239752773
-1735	-4186	0.00350390944828661
-5208	-6833	0.0035044513092126
-2054	-4231	0.00350526789761134
-670	-5858	0.00350565980876903
-3897	-10689	0.00350584919062895
-2493	1261	0.00350879593233583
-1004	-6725	0.00351085373934872
-1823	939	0.00351103467311047
-2077	-3541	0.00351107575137913
-5660	-5991	0.00351186418013182
-1657	-2285	0.00351220620489512
-1956	-7235	0.00351305419988593
-1894	-7201	0.00351353064114822
-5107	1064	0.00351782065022693
-995	1463	0.00351790921196042
-5876	558	0.00351822904360903
-344	-5238	0.00351905611093232
-1933	-3422	0.00352004267158333
-2339	-4255	0.00352130967119184
-2659	807	0.0035221491679676
-5903	586	0.00352238910523521
-6947	-11352	0.00352455153063535
-1219	-5030	0.0035258649478201
-7285	-8592	0.00352743931054274
-3050	-6865	0.0035300930820356
-8739	1069	0.00353193134754388
-625	1393	0.00353242927112392
-4679	-7831	0.00353270698285705
-6854	-7672	0.00353328302065684
-2423	486	0.00353468631844357
-513	-891	0.00353605563326235
-2540	1327	0.00353630293245222
-2798	1746	0.00353760752218075
-8179	494	0.0035378423639154
-2325	-8839	0.00353798549762947
-2113	-6652	0.00353986461723611
-6694	1277	0.00354080772389706
-7693	436	0.00354089249320063
-4432	-5741	0.0035410387093748
-7400	-7526	0.00354305301734395
-6362	-10810	0.00354487121542605
-1017	-2735	0.00354544184680738
-8766	-11234	0.00354626829474266
-6486	-10223	0.00354785028561916
-3539	304	0.00354898842980385
-8835	-11266	0.0035493608092618
-4005	-4494	0.00355104295092684
-3693	1320	0.00355111042749068
-1030	214	0.00355183391644995
-103	1357	0.00355249993496391
527	1023	0.00355275121742785
-4929	-10724	0.00355386516956323
-3999	-7844	0.00355537869118182
-2268	-9999	0.00355630455697712
-3488	-5975	0.00355687467498868
-5935	-7383	0.00355981036623031
-961	867	0.00355981220502359
-5812	519	0.00356247287895862
452	498	0.00356281425969299
-6069	-7968	0.00356332885199799
-2291	-2463	0.00356365162335046
-9518	444	0.0035638375232613
-2306	-3848	0.00356718317018771
768	773	0.00357518220527138
-9257	-10675	0.0035764942661883
-253	653	0.00357667723844516
-6666	1252	0.00357882716343153
-4048	-9319	0.00357943363469814
-6668	902	0.00357973743945844
-4561	526	0.00358067289939718
-4609	-8627	0.00358280164793673
-2032	-3726	0.00358322174446119
-7433	1333	0.00358572849657837
-1353	-7034	0.00358595142569879
-5617	245	0.00358653175103209
-1076	155	0.00358756061184419
276	731	0.00358939775966153
-1940	542	0.00358940174490507
-725	-2415	0.00359340691072255
475	1548	0.003594876236573
-7006	59	0.00359666850180068
-8909	-10018	0.00359684236310819
648	755	0.00359690468708781
-7949	-10714	0.00359874369600617
-20	-2286	0.00360402140204967
-3086	-5244	0.00360465499315597
-7261	760	0.00360651530404343
-4699	483	0.00360674863186053
-6864	-8435	0.00360840893806457
-72	-4324	0.0036086593025775
-10312	40	0.00360960182354633
-2104	509	0.00361012227121307
-7566	-8424	0.00361169522378552
-4230	-5092	0.0036151183207829
-3598	-7216	0.00361597245839012
-3921	723	0.00361971078362852
-8301	-10452	0.00361991100295557
-2143	36	0.00361992483464523
-2280	970	0.00362067661050375
-5345	-8006	0.0036215809593754
-8820	893	0.00362188090699436
-837	-6807	0.00362197092165671
-264	-8950	0.0036222674367221
-6315	1196	0.00362297495864177
-6942	-10797	0.00362344052380416
-617	-4292	0.00362345841386172
-2151	1262	0.00362544474137828
119	825	0.00362589737955255
-989	682	0.00362876945076608
-356	1397	0.00363145870477263
-1808	-4443	0.00363173553172777
-399	1379	0.00363344342293532
-2928	-7405	0.00363437237152732
-7855	-8326	0.00363607285889917
-3507	604	0.00363791021300535
-3745	649	0.00363793187652606
-4323	774	0.0036381247034642
-11281	-11659	0.00363880721569192
-4308	-6998	0.00363926813246821
-9782	1465	0.00364101127974959
111	369	0.00364153605360119
-3977	645	0.00364201836750085
-3768	-5873	0.00364208411899697
-6785	1095	0.00364220666234937
-4800	716	0.00364431517360236
-8790	-10094	0.00364507402199877
-10558	-11230	0.0036465726462529
-3470	930	0.0036482982970364
-5365	-10542	0.00364925698579608
-5396	-6634	0.0036492971760221
-612	-8115	0.00364968122534335
-6055	1207	0.00365233388906957
-1734	-7862	0.00365241280344983
-1068	-1568	0.00365256432584188
-3595	-7532	0.00365262267071305
918	1022	0.00365306078323388
146	676	0.00365618643015262
-3463	1041	0.00365688546672471
-7773	789	0.00365995535094951
-1816	1225	0.00366110440520864
-11258	-11325	0.00366132616911328
-1450	162	0.00366158741032557
924	1125	0.00366216337231332
-2962	-4764	0.00366238849462378
-2219	-3308	0.00366263737519636
-1403	-11487	0.00366563269029107
-3243	-5811	0.00366747509453242
-4190	-8673	0.00366843396645926
-4344	379	0.00367081595867599
-266	620	0.003672991896333
-1376	-6524	0.00367349693535339
-8325	1067	0.00367559566399908
-3553	1237	0.00367659697581077
-147	701	0.00367844786616954
-2248	-5309	0.00368050860180309
-4997	-9065	0.00368069116366205
338	1247	0.0036814091809946
-1771	1656	0.00368559009084276
-6081	-7804	0.00368658738763986
-8024	189	0.00368751258105567
-3282	-9859	0.00368830573832043
-3849	-8433	0.00368986362541449
-4588	-9457	0.00368992225470547
-4805	-4868	0.00369020121769882
-702	-5554	0.00369043304852323
-4008	1587	0.00369067153389665
-4709	-4794	0.00369076388892667
-2288	-4051	0.00369118573452117
-7123	-10591	0.00369136924796146
-7353	-10473	0.00369340060257671
-7155	-9314	0.0036957276686429
-6727	-10368	0.00369590040398266
413	614	0.00369654781795799
-3659	-5447	0.00369804731635461
-3760	-6827	0.00369878225036656
-7326	895	0.00369916732668435
-1489	-11790	0.00370054911689519
-3991	152	0.00370135186191684
-610	461	0.00370146724888866
-1677	780	0.00370253929777656
-586	915	0.00370316694118878
-4741	-4816	0.00370753590427086
-1700	-6905	0.00370768317824065
-9915	548	0.00370770182947254
-3198	122	0.00370991608846867
-3818	-9126	0.0037105974369047
-2862	-3725	0.00371305911927766
-4309	744	0.00371352492119492
-7114	617	0.00371387365425587
-2470	-4989	0.00371455488612668
-7363	-7664	0.00371699968430365
-3315	-9869	0.00371721231337605
-6212	-8532	0.00371858062280348
-3358	-11163	0.00371964687710664
-7638	576	0.00372282753845863
149	513	0.00372285185202453
-2464	-7795	0.00372335371267215
-6366	-7307	0.00372358214966186
-2662	-5731	0.00372365444737878
-4485	-8205	0.0037241276760066
-2333	-5335	0.0037254041202092
925	1193	0.00372727537510499
-2593	-4662	0.00372756972528437
-2597	-8583	0.00372776424353461
-4836	-6482	0.0037292502000174
-7063	-8574	0.00373060065351188
-4921	1365	0.00373303031281169
-1707	1167	0.0037347909483215
-10464	-11405	0.00373564189132692
-3443	1662	0.00373682581439777
-4179	-7807	0.00373791454785339
-3158	-5051	0.00373822709001574
-2091	-5050	0.00373960004989966
-765	-2404	0.00374014161808813
-5313	458	0.0037413128938272
-4270	846	0.00374148648442551
-8578	1484	0.00374187772018587
-5609	-9031	0.00374188642382427
-3715	1416	0.00374373225456549
-2013	-3499	0.00374529779655161
-3384	-10553	0.00374534450842296
-475	-8543	0.00374573995912315
-9535	-9784	0.00374655885314972
-2894	621	0.00374672206245084
-2664	-8962	0.00374928925913694
-1291	-3171	0.0037493708373002
-4065	634	0.00375099567329616
-8059	1492	0.00375307920787596
-2579	-8412	0.00375854017337071
-10594	-10730	0.00376064976911814
745	1793	0.00376118869536012
-6730	-8087	0.00376171719887205
-2287	-5097	0.00376255531170013
-6952	-10700	0.00376310439505419
-2534	-5562	0.00376398603094545
-8200	-10916	0.00376495622511102
-2140	320	0.00376559729869375
-836	864	0.00377087355963346
437	1161	0.00377437295299023
-8622	-9109	0.00377504470579777
-428	-1261	0.0037756478030316
-6374	831	0.00377580675467248
-9079	-11185	0.00377742908283204
-2445	-9709	0.0037779276391066
-5757	427	0.00377983795562033
-1641	-2486	0.00378162779377895
-3435	632	0.00378274325024195
-1322	238	0.0037837400210915
-3260	-8012	0.00378572196506403
-905	-2501	0.0037872143978296
-3564	-7097	0.00378912334960356
-10243	-10661	0.00379101495178724
-6831	770	0.00379124654857071
-7055	-11219	0.003791774978335
-3122	471	0.00379261285629656
-8316	480	0.00379430512017111
-5605	1772	0.00379430565736285
-2646	791	0.00379699955121705
-3360	856	0.00380000037423463
-4628	-7496	0.00380315537828299
1046	1177	0.00380342187547016
-1836	1164	0.00380558673179605
-2964	-7039	0.00380795603084354
287	1179	0.00380814707498602
-5118	-6752	0.00380888594529416
654	1223	0.00381163972899715
-2241	-6164	0.00381320453607703
-2852	-4927	0.0038138770895318
-4046	-7755	0.0038173420655139
-3750	-7318	0.00381826966040205
-5001	-6341	0.00382017599770644
-5595	954	0.00382028872630223
-5891	1314	0.00382123710562047
-3834	-4202	0.00382198407173632
254	449	0.00382207965475846
-6519	1566	0.00382252079934752
-9131	-9464	0.00382504328503495
-13	-3962	0.00382580606524741
-6278	-8005	0.00382594817447814
-1397	-6028	0.00382979318610739
-713	-5534	0.00383041594678863
-7196	1367	0.0038311519276309
-6894	393	0.0038341660294852
-4233	-8123	0.00383439205056819
-465	-4194	0.00383510694151825
-7354	-9581	0.00383522758996615
-144	883	0.00383565901285215
-8407	974	0.00383656300924233
-6392	-7490	0.00383778455765797
959	1163	0.00383798827091166
-2138	-6035	0.00384456337842239
-4535	-11423	0.00384583720487978
-4514	306	0.00384621572124717
-6838	997	0.0038470954184064
-2784	1697	0.00384871354405461
-3300	-5165	0.003850298497603
-9874	888	0.00385254267579293
-394	403	0.00385294302734968
-6773	-8862	0.00385328034649916
-677	866	0.00385470776615395
-2107	1455	0.00385484848037816
-377	-8733	0.00385603666359612
-323	928	0.00385604681678381
-8125	-8878	0.00386002343298917
-6604	-7669	0.00386123548352108
-5570	1131	0.00386295226190552
-173	-8504	0.00386309762479908
-5101	1784	0.00386576067787894
-6741	-7550	0.00386647948212201
-2337	-4345	0.0038685979308421
-348	-2729	0.00386862112259001
-6446	-8156	0.00386932227174856
-2769	-3517	0.00387093110814796
-559	-3009	0.00387291981108561
-2320	-5525	0.00387458174957185
153	442	0.00387628507874934
-318	858	0.00387656936206514
-619	-3872	0.00387726633326218
-2999	-10116	0.00387849256348208
-826	640	0.00388178877881016
-4060	-7854	0.00388209257331835
-3599	-5877	0.00388228056376516
-5739	-5911	0.00388345355547715
-4552	802	0.00388502056073592
-926	-10629	0.00388606173427899
-1884	-2986	0.00388813829239901
-1915	1044	0.00388838946969901
-8498	-10445	0.0038891393115699
-4651	872	0.00389679900923187
-6010	-7494	0.0038977636271626
-5616	-10050	0.00389833296146239
-2602	-10576	0.00389904993671423
-2159	804	0.00390194249474155
-2583	-4478	0.00390197693466486
-3178	1363	0.00390221283838815
-1957	-2292	0.00390527111887642
-6334	-6766	0.00390708924655974
-8147	852	0.00390735565602705
-1118	-4716	0.00390862907302751
-1457	-9858	0.00390940191394637
-2825	624	0.00391212617886165
-5076	-7561	0.00391288874461478
-5672	-6758	0.00391425140071597
-8567	-9385	0.00391505852638274
-4548	1290	0.00391622822017402
-3403	1047	0.00391642430363466
-5078	-5210	0.00391647507759708
-2303	154	0.00391736160012655
-4163	706	0.00392261144239079
431	996	0.00392389047264621
-4287	-6287	0.00392398730250813
169	555	0.00392670165725752
-11674	-11721	0.0039275587403185
-4577	-5473	0.00393099687238155
-2396	-6928	0.00393191615171484
-4502	1426	0.00393207389962856
-6739	-6857	0.00393303222912702
-652	877	0.0039334784802793
-9046	1443	0.00393453154395404
-5783	1208	0.00393519558637919
-11749	102	0.00393655658164009
467	894	0.00393742128391317
-4361	973	0.00393831889025298
-8181	1799	0.00394329260925745
-1065	-1740	0.00394406864336683
356	900	0.00394496342026638
-11443	373	0.00394541050229126
-6999	679	0.0039456564106193
-7691	-9877	0.00394851262425172
-9700	1863	0.00394964652938474
-4137	-7992	0.00395126215379226
-7385	-9692	0.00395296545189776
-1490	-6017	0.00395399961798909
-7501	-10365	0.00395574558841025
-1036	-5752	0.00395935326603769
1165	1271	0.0039619046814631
-2856	-8406	0.0039648000669289
-6180	-6286	0.00396532555099406
-4286	605	0.00396676193378868
-5281	1641	0.00396754571362067
-1968	-3904	0.00396843447061395
376	1521	0.00396994296578527
262	389	0.00397380115045408
-1140	1173	0.00397410132978956
454	670	0.00397462833186795
-1012	1127	0.00397696693839866
-8408	-10741	0.00398051393813079
-5293	674	0.00398200885175723
-2509	1831	0.0039821968250755
-2503	1117	0.00398408509070827
-2186	-11052	0.00398437698954604
-1942	-2531	0.00398690548590428
-6149	-7226	0.0039871685818072
-1898	-5547	0.00398736422692512
-6400	-9018	0.00398817882398825
-4590	409	0.00398820364229015
-8309	-8411	0.0039884993263429
-6754	-7967	0.00398995774747465
-432	-2851	0.0039937720610856
-5614	-10857	0.00399428716591783
-3465	-9180	0.00399441069535657
-6692	-8533	0.00399520089435497
-4143	953	0.0039956950756608
-791	-3789	0.00399584979102714
404	945	0.00399641771380489
-5040	-6817	0.003996549984845
-1920	1071	0.00399721271948392
664	899	0.00399746286017583
-6476	-8958	0.00399919863859476
-2771	1965	0.00399956329244263
-2212	1835	0.00400103223528172
-692	-3123	0.00400337186030083
-3635	-11614	0.00400408680644788
-8983	426	0.00400479641738288
-2731	-4411	0.00400572411119028
-4875	-5806	0.00400629767817045
-2844	-5713	0.00401369543029058
-11155	-11406	0.00401464138150797
-6570	-8052	0.0040160886472217
-618	-8334	0.00401621463630909
-4476	1919	0.00401682866165027
-7794	1954	0.00401753114293998
-5519	-9489	0.00401820028945663
-219	-5137	0.00401863548836736
886	1757	0.0040188021744026
-8187	-8778	0.00401918549943585
-3272	-7236	0.00402037350647768
-5346	-10430	0.00402071881812782
-6111	-6138	0.00402162029287006
-6806	-6896	0.00402958043611544
-6390	219	0.00403178614024899
-4884	-5143	0.00403236252154652
-1844	1075	0.00403350950064933
-1254	-1276	0.00403473275554921
-2658	975	0.00403569369516723
-2403	-8462	0.00404086075288344
-2050	-4388	0.00404175885364815
-4049	-7335	0.00404224151795609
-6038	-10298	0.00404261766984829
-1874	1238	0.00404501731553052
-1825	-2249	0.00404521623885737
-5568	-9412	0.00404695472570497
-3089	-8029	0.00404815421143613
-6139	657	0.00405033017551682
68	457	0.0040511931649129
-2878	1496	0.00405191732855906
-5263	-5318	0.00405261573106138
-2689	-3570	0.00405263994477345
-1976	-8690	0.00405348502602431
-2868	942	0.00405551938134316
-8754	-9578	0.00405706227748361
-3568	450	0.00405808487151238
-3918	-10067	0.00405837873077065
593	659	0.00405869691026365
-2966	-6083	0.00405910067910434
-5564	-8826	0.00406013913978856
-4696	-5002	0.00406132664084095
-448	-4817	0.00406240762836576
-8151	910	0.00406261711037505
-2812	-5126	0.00406332570510947
-3160	-10007	0.00406383207578476
-5064	-6586	0.00406464384477323
-9285	75	0.00406474270443694
-2991	1846	0.00406707348360025
-4249	1477	0.00406836301898912
537	704	0.00406895776945342
-4082	-6034	0.00406958966603168
785	1569	0.00407048441765277
-7254	-7475	0.00407115838100783
-4339	-4660	0.0040716143896568
-5860	-8665	0.00407221655155456
-9983	229	0.0040731343874823
-177	1652	0.00407417379636174
14	188	0.00407457640066601
-4435	-6328	0.00407552489604231
623	779	0.00407559276004922
-7223	1090	0.00407713028678077
-7531	1257	0.00408034660779431
-766	-3572	0.00408075501646198
-10618	1756	0.00408089212240094
-6767	-6915	0.00408233875680373
-2738	-3765	0.00408871242000144
399	1142	0.0040899884531748
-685	-8045	0.00409104353152471
-895	-4819	0.00409623277784445
78	573	0.00409962439676318
-4896	1206	0.00410026255750345
-7643	-11760	0.00410285327945633
-3880	-10902	0.00410660519834354
-3000	-6627	0.00410878802407866
-482	-11775	0.00411259308318274
-1628	847	0.00411267835897701
-1921	-8588	0.0041128962952162
-1714	-2641	0.00411376513830351
-3080	-6376	0.00411513297545133
432	541	0.00411773296017817
-2516	-8217	0.00411965387403783
-8441	-9804	0.00412179276213887
-6426	-11850	0.00412400832796267
-902	1517	0.00412627313689531
-11089	1373	0.00412630553969833
-5017	-9073	0.00412944532675388
-7194	1049	0.00413014957358346
-4735	-10722	0.00413180301640621
-1606	-8057	0.00413492908180766
-5862	-9662	0.00413641181295139
-3145	1349	0.00413777532741029
-8439	1195	0.00413780614320991
-4646	1362	0.00413798512428438
-699	-7278	0.00413887025439116
-2929	-5271	0.00413892258913601
-2377	-8838	0.00414223833600914
-985	-4116	0.00414225996474699
-3626	-5922	0.00414330028082391
-659	-3381	0.00414332789679227
-5640	-8344	0.0041481526426181
-1345	-7892	0.00414853613982845
-5910	949	0.00415326909599163
-440	-7404	0.0041537623597217
-1081	1304	0.00415428219244009
-434	-3209	0.0041557576333335
-860	-8758	0.00415635476225488
-4842	-8654	0.00415935386158621
-4240	-10078	0.00415980714187711
-2800	-4434	0.00416052020023468
-7440	-9974	0.0041609481934413
-7126	-9343	0.00416143301258874
-6275	-9551	0.00416231234961463
-7315	-11304	0.00416501890608405
-3723	1957	0.00416864390453691
-4601	240	0.00416874698573539
-10848	728	0.00417089530488381
553	1159	0.00417161452554431
-2063	-3039	0.00417198034555307
-5179	-8999	0.00417392193421656
-2229	-5885	0.00417414399069392
-7788	-8646	0.004174415850868
-3717	1887	0.00417659692652299
-3002	-10001	0.00417698388008677
-2065	-9845	0.0041781303515142
-6301	580	0.00417923529773956
518	588	0.00417930066335199
-2979	-4091	0.00418041225498224
-721	1940	0.00418187373029607
-3087	-8829	0.00418339589058538
-4924	-10064	0.00418774157889061
-5272	1901	0.00418899914640936
-1676	-3042	0.00419008408847078
-3065	-6974	0.00419014257471572
-3391	1726	0.00419048698122139
-7848	905	0.00419182710366209
-7184	-7342	0.00419186410293157
-3835	2161	0.00419792656703314
-1101	-1365	0.00419825495276954
-4123	-8437	0.00420092312183011
1030	1346	0.00420266383488665
-3803	-9587	0.0042030026234187
-5206	1315	0.00420397713760301
-293	-8715	0.00420461392566937
-3211	261	0.00420468759662421
-3355	1306	0.00420564570199337
-6086	1151	0.00420612283038255
-776	-4359	0.00420920170118337
-1075	-2349	0.00420976296315073
-2572	-9201	0.00420978914058716
-8438	1638	0.00421055180638526
-2774	-5647	0.00421069068889947
772	998	0.00421169985925986
156	758	0.00421217504701591
-1793	-2821	0.00421364297253875
-4394	-6224	0.00421470816642613
-9216	-10136	0.00421518869698119
-3140	-8489	0.00421565573169453
833	1183	0.00421607847746434
-4698	-5417	0.00421634539841494
-9068	-10880	0.00421637974070904
-3719	-7091	0.00421700343844968
-5489	-6076	0.0042181603115517
-8864	265	0.00421880363863582
-8815	1714	0.0042195620111025
-10604	-10891	0.00422031192702584
216	1240	0.00422248074379151
-6597	-8478	0.00422288636539997
-6250	-7975	0.00422308924707744
-1228	-4694	0.00422627035327087
-7764	832	0.00422669571769033
-4791	839	0.0042267862874264
-1404	-8180	0.00422679175043157
-9315	1204	0.00422877557877563
603	1325	0.00422888565641537
-1781	-3496	0.0042290984364174
-11164	1723	0.00422909885691962
-5673	-8698	0.00422949910401729
-6414	-6792	0.00422954595100407
-7364	1413	0.0042306866497263
-4426	-5626	0.00423135561565923
-6951	-7908	0.00423168369410815
-5003	-9512	0.00423255255635548
-9705	2156	0.00423352623872198
-2568	-7117	0.00423358316717421
307	815	0.00423573654890731
-730	1564	0.00423577189313354
-7222	-7376	0.00423901448001656
-3399	-6772	0.00423988103131239
235	1104	0.00424352559545266
517	1083	0.00424869790475179
-4331	-10824	0.00424900288337638
637	1596	0.0042509667132513
-5351	-9435	0.00425121474385356
-126	15	0.0042513016929176
447	456	0.00425222123977816
-5105	1230	0.00425498534634138
868	1210	0.00425546182098571
1106	1674	0.00425683840532509
-7435	-10268	0.00425692020346701
-11595	684	0.00425895612888917
-4671	-5409	0.00425921339474164
-8987	-9717	0.00426030835115119
718	1139	0.00426074699073105
-9635	1283	0.00426418019748049
-6683	-10028	0.0042651068255195
520	1077	0.0042659594343187
-6401	-7124	0.00426627058315614
-2121	-8547	0.00426653634021211
-8013	-8426	0.00426668099478139
-6209	1009	0.00426860133599635
-7931	651	0.00427119750692602
-5778	-9887	0.00427287804889579
-3085	782	0.00427292715282416
140	1169	0.00427431833696687
-3474	-6368	0.00427678902897508
-4169	1672	0.00427878681059013
-8681	1766	0.00427972688357829
-8219	-9640	0.00428040314217693
683	2176	0.00428054932692314
-2525	-6716	0.00428179414988018
-5009	-8320	0.00428206534080697
-1146	347	0.00428296812518113
-6398	-9433	0.00428462796700925
397	1166	0.00428590331312188
-11026	737	0.00428719065936984
-1637	-6037	0.00428964548571992
-778	-1520	0.00429025636029266
-3287	-5981	0.00429298464698907
-3655	-9792	0.00429478372611705
380	1172	0.00429493848739407
-6814	231	0.00429530926424334
-6643	305	0.00429658877235662
-3227	960	0.00429672854328379
-4703	-11493	0.00429708825437762
-5512	2117	0.00429765720458032
-239	-4902	0.0042985216064764
-6606	-11841	0.00429872962773233
947	2249	0.00430113079892303
-4253	-10765	0.00430292016155088
-4124	887	0.00430423592038143
-11228	750	0.00430627355700945
-5565	781	0.00430827972294916
-4826	-7973	0.00430853319761252
-2450	-3980	0.00430907871701342
-3438	-3515	0.00430965474469864
-901	396	0.00431166817943276
-5163	-7308	0.00431255111652951
-5948	-8534	0.00431304480616778
-1758	-2537	0.00431470390149618
-10497	-10649	0.00431533905853302
-6346	-9284	0.00431753472406764
-3449	-7375	0.00431758239195268
-7109	-11677	0.00431927522331089
-7527	-8323	0.00431997257169796
-5130	-10491	0.00432037722242997
-5665	2052	0.00432108116214622
-6237	1129	0.00432149625304935
797	1307	0.00432219044427298
-11005	-11703	0.0043228315209258
-1999	727	0.0043231402542653
-4564	-8809	0.00432361507986985
-6270	545	0.00432448260758991
223	400	0.00432589663479131
-5285	-8493	0.00432881997031872
-3737	-8479	0.00433221440748587
-1662	1821	0.00433278225043985
-2340	-6923	0.00433364867884688
-785	-2274	0.00433743473427604
638	1770	0.00434169444994838
-10434	243	0.00434486960165086
-7157	-11083	0.00434568658681437
-5494	720	0.00434585077787397
-9612	-9741	0.00434673358519381
-574	1669	0.00434719396318423
-6345	-7186	0.00435002486639334
-5705	-6003	0.00435233123406408
-2783	-6747	0.00435460852294981
-5435	-7288	0.00435479551311211
-2690	-8369	0.00435667118478075
507	1374	0.00435713762154692
-2136	-8520	0.00436068501974072
-8026	-8876	0.00436301477703396
-473	-2906	0.00436366737890418
-4257	983	0.0043638765581288
-8354	-10361	0.00436464939467383
-459	-3601	0.00436596477792306
-2251	-5959	0.00436621533470495
-1193	-7789	0.00436848114470967
-1355	-4325	0.00436869490213565
-5837	-11793	0.00436902471668184
-6188	1830	0.00436946016201334
-2367	851	0.00437522558710188
-9933	-10212	0.00437813503073493
-4099	1812	0.00437831785372985
387	1273	0.00438071226315787
-696	300	0.00438259393039452
-5136	561	0.0043834428335833
-5518	836	0.00438355740735334
-8049	1632	0.00438691712387542
803	1015	0.00438854452291548
-9258	-9288	0.00438878324762973
-7907	-9098	0.00438880254411191
-3144	-5329	0.0043920210340114
-5288	-5369	0.00439291735946889
-4943	-8267	0.00439562555313111
-2005	955	0.00439741946287507
-964	-4887	0.00439785718029058
330	1385	0.00439837111399241
-10642	-11154	0.00439952262938991
-9861	849	0.00440187490107619
-3191	-5373	0.00440360320208572
-1945	354	0.00440409768638228
-3347	-4853	0.00440856263207659
-2837	-6861	0.00441031571751904
-10214	1017	0.00441153287124877
-2910	-4551	0.00441174032633702
-5400	-9542	0.00441176470588234
-4033	2334	0.00441208673417108
-6858	835	0.00441317807560472
608	1311	0.00441400905433093
-2846	1288	0.00441540498652418
269	763	0.00441629461703093
-1268	2402	0.00441833400573479
-8669	190	0.0044214651316153
-2792	-3578	0.00442162031381401
433	516	0.00442270073519504
-7227	1328	0.00442315422082788
-3713	2154	0.00442341682468772
-8828	-10907	0.00442659298012066
-8293	377	0.00442867492924759
-1031	-2759	0.00443289222890362
-2782	-3293	0.00443541901063984
-1277	-9752	0.00443750616339477
-3613	-3614	0.00443790866853479
-2351	-7879	0.00443990295991319
-2555	-5151	0.00444345720698902
-5418	1866	0.00444397244295921
-5634	1004	0.00444517581227196
-6331	1006	0.00444598270533817
726	1427	0.00445488023220954
-1418	783	0.00445654697752423
-123	-4392	0.00446208955042892
-2865	1050	0.00446490812180204
-590	-8388	0.00446545907098098
-3077	-5189	0.00446649387029434
-10079	-10539	0.00446749371928339
808	993	0.00446790093283108
611	1107	0.00446814754811126
-3926	-6599	0.00446899202905956
-5364	1344	0.00447098922383299
-4068	-7447	0.00447563986130208
-5177	-6251	0.004476667298726
-2702	1933	0.00447858460944816
357	771	0.00447886993501335
-962	-9171	0.00447899526125066
-5761	-11319	0.00448064644440543
-5338	-6140	0.00448348142287045
-5080	-10047	0.00448372892968554
196	625	0.00448397833291449
-3159	-3734	0.00448534499234409
-1555	-2488	0.00448810508349006
764	786	0.0044893594337496
906	1703	0.00449038967412385
-9716	1066	0.00449285964916422
-807	-7767	0.00449303577634443
-4748	-6208	0.00449462476445974
-3939	-9899	0.00449595963417319
-4016	370	0.00449598034155508
496	1160	0.00449610162112435
-3108	1578	0.0044962001454574
-2565	-5135	0.00449771011310503
-9481	-9982	0.00449820642562867
-2816	1248	0.00449849355350242
1531	2152	0.00450039928031641
-2744	-4448	0.00450219272084374
-5476	-8645	0.00450287537984143
1061	1807	0.00450292152357518
-4531	-7568	0.00450433830386835
-5245	935	0.00450458992199307
544	1724	0.00450601850169415
-6174	-9318	0.00450604458035832
-4404	1888	0.00450856921396498
-2309	-6070	0.00451010107053782
688	1849	0.00451014504438305
-5228	-10118	0.00451049905691221
-6382	-8002	0.00451306771335761
-4297	-10946	0.00451383698626008
-1750	-8146	0.00451401203155214
-3034	-11007	0.00451595310694374
522	1057	0.00451647826237609
-5035	-11190	0.00451685155836014
-405	923	0.00451808400183378
-3953	-9086	0.00451898373240656
-1522	-1553	0.00452104984066722
-4917	1299	0.00452317594056333
-913	-6075	0.00452647259918572
-3748	-9028	0.00453000123558544
-3642	-3796	0.00453269938131828
-4720	-10846	0.00453408906016204
132	2173	0.00453562770052295
-2357	-2466	0.00453573228601259
-3644	-5657	0.00453709822721493
-9036	-10840	0.00453761645472374
-9593	1533	0.0045409873785201
-4634	-11709	0.00454159441012577
-2622	-2893	0.00454162810627183
-6502	-9820	0.00454319528296483
-7033	246	0.00454366022349848
-8869	-9708	0.00454370696064196
112	2046	0.00454536946147468
-10648	1593	0.0045457249634491
1725	2087	0.00454676202643209
-731	-5406	0.00454709411681453
-648	-984	0.00454739755478597
-2839	-4524	0.00454953098651128
-56	1639	0.0045504544731682
-2953	-6195	0.00455285442450849
205	1140	0.00455288894200965
-8237	-9765	0.00455289251494473
-8808	1668	0.00455612237335772
-8630	-10092	0.00455838829064648
-5142	2279	0.00455868739960899
-10325	1470	0.004560745144404
-1325	-7970	0.00456367775641443
-11310	1198	0.00456429845329242
794	1437	0.00456838744630114
-5994	591	0.00456872084414463
-9265	-11256	0.00457000997996591
-7068	1514	0.00457155607963349
-9002	-11078	0.00457385383335425
-5257	-8684	0.00457861304198313
-9342	860	0.00457918414276661
-4981	-7421	0.00458013235594111
-3135	-8018	0.00458065131026395
-3741	-10982	0.00458137740028434
-9922	1243	0.00458334661054284
-444	-4248	0.00458445141946557
-5974	-10504	0.00458536444457589
-4289	-7073	0.00458727544666497
104	1178	0.00458899105791208
-654	-4565	0.00458970561446431
-2499	-3580	0.00459198459938161
-6420	-6960	0.00459250591384482
-2131	-7453	0.0045959982112639
-806	-4488	0.0045973922551597
-6885	-7727	0.00459745669203538
-2619	-10081	0.00460550543365993
-9316	-11360	0.00460688086850314
-487	-1095	0.00460766606681243
-3442	-3615	0.004608693129689
-1478	1843	0.00460940884708948
-4555	340	0.00461198844794397
-7851	1398	0.00461302515854936
-3776	-8641	0.00461404540508507
-1255	-5594	0.00461438902713889
-330	-6907	0.00461741146223668
-8195	-9846	0.00462059002102254
-4358	1118	0.00462181537806681
-8000	1968	0.00462351321476765
-3444	981	0.00462597809355569
-3056	-3320	0.0046271081939239
-7104	1226	0.00462871970554739
212	405	0.00462883284348844
-3155	1359	0.00462925090479433
-4205	-10637	0.00463055129267453
-2850	1280	0.00463175776773591
-4117	806	0.00463283516291648
-1153	569	0.00463299532972993
-1931	-3343	0.00463376811080679
-3139	1032	0.0046339155087815
-8674	1637	0.00463596007654943
-5941	1795	0.00463738526285526
-2410	-5328	0.00463877934872097
-5642	1342	0.0046390656063654
-8336	1278	0.00464167183955328
-3370	-4753	0.00464232895607024
-10690	1292	0.00464400786239236
-10843	2384	0.00464453525122682
-2082	-2462	0.00464791694047883
-1948	-4052	0.00464823647843599
-10800	1577	0.00464904831524264
-4784	-7299	0.00464918505348041
-6282	-7573	0.00464978926115511
-3493	-4366	0.00464981506307295
-3771	-5446	0.00465028790257331
-5804	-11696	0.00465190132985751
-4619	-5102	0.00465286394270227
965	1780	0.00465287231835289
210	677	0.00465678810333616
-2492	-10333	0.00465702852834601
-3786	-10926	0.00465897854481872
-6388	-6911	0.00466515911419893
919	1810	0.00466845823299569
1296	1737	0.00466848920898764
-2354	699	0.00466867025101944
-5322	-9652	0.00466886525026109
-5194	-7887	0.00467066785193302
-6065	669	0.00467075097482773
-8114	2207	0.00467082736342005
-2213	-3154	0.00467405364857588
-551	-8352	0.00467638792015764
506	578	0.00467954127824124
-8863	-11094	0.00468047769735976
-6030	-10490	0.00468281426363508
-1980	-2000	0.00468714840218031
-4484	-9632	0.00468763631626629
-499	-2323	0.00468853278302076
-9994	-11191	0.00468951048950669
-9479	-10529	0.00469279461722534
-6068	-11698	0.00469360814697906
-7530	-10466	0.00469385648469948
-232	-4638	0.0046997827495317
575	2071	0.00470001747591833
-51	1693	0.00470044972375834
1091	1236	0.00470102744539869
-1986	-4458	0.00470210255235333
-4160	1200	0.0047022213010003
29	1254	0.00470276855871456
-6623	-10705	0.0047039110908561
-2105	-8257	0.0047044503823505
-2653	-7832	0.00470449252869297
-6870	-8849	0.00470614373981583
-866	-3148	0.0047080399086364
-7793	-10160	0.00470953219907536
-4481	-7246	0.00470954531926941
-6043	1126	0.00471285224463092
-7290	-7673	0.00471975371270752
-4846	-5242	0.00472014537281517
-5566	-8720	0.00472202485699483
-7021	2012	0.00472316641121937
1058	1377	0.00472632899670618
-3854	1963	0.00472686830411356
-2135	-4487	0.00473058561709932
1330	1742	0.00473136742087899
-7395	1986	0.00473210221860141
-5732	-7105	0.00473229756609415
-8011	-8629	0.00473256363656228
-1267	1450	0.00473331072849479
-3070	-6564	0.0047341558789476
-1134	-4687	0.00473498429342316
-1427	1369	0.00473673891291938
-4498	244	0.00474184215157583
-7538	-8805	0.00474400756884789
-9523	2063	0.00474648091178369
-1280	-4011	0.00474729656402169
-1378	875	0.00475087935165715
-2591	-9138	0.00475117755254692
571	1694	0.00475132227540158
126	309	0.00475165368098968
98	897	0.0047526410738833
-3255	-5483	0.00475354973211007
995	2379	0.00475359314122538
-1079	870	0.00475544938233981
-10272	2594	0.00475586167223799
-4215	-7367	0.00475881974476898
-1222	-1272	0.00475884226991225
-7974	1025	0.00476014089804928
-2163	-9193	0.00476056124729449
504	1454	0.0047622219981481
-2398	-4416	0.00476302086547041
-4727	2304	0.00476328171051998
-3546	1698	0.00476684426840769
-2295	1353	0.00476712018761818
440	1801	0.0047675956680943
-6660	1859	0.00476921693067695
-9557	-11297	0.00477007277686528
-3264	2169	0.00477095279627551
-1192	-5295	0.00477168309566122
-7797	1748	0.00477466144934557
-11313	-11690	0.00477546071104613
-8508	-9454	0.00477691861478919
-8303	1628	0.00477859779672083
-6788	2019	0.00477891024353447
-3985	2175	0.00477996157277478
-7619	-10886	0.00478061802974877
-4903	-8740	0.00478152699167574
656	1654	0.00478301141559515
857	1609	0.00478638184676811
-2346	-7554	0.00479229950638907
-4594	-9175	0.00479269901229536
-3509	-5788	0.00479297429424758
-5184	-9097	0.00479510594578282
-2683	-11308	0.00479612490234821
-6232	-7645	0.00479720222985122
-2055	2230	0.00479816586054964
-5217	-10941	0.0048005118065434
707	1550	0.00480059800206983
-6913	1414	0.00480144656720182
630	2024	0.0048019390793551
-7279	-9287	0.00480467636484902
-2989	1539	0.00480597954456679
-3919	672	0.00480690873238899
916	1851	0.00480694672384349
-7480	-7747	0.00480898160097013
702	1688	0.00480960712065531
-8453	809	0.00481047354423985
-6843	-8585	0.00481259230921468
-1895	346	0.00481405851776102
-4640	-8745	0.0048143389153699
-1476	646	0.0048150420110765
1081	2392	0.00481606639930582
-9810	1217	0.00481670035572618
-2139	1475	0.00481785358117146
-5312	-10128	0.0048181636918087
-1873	-6902	0.00482026200194604
-4187	-4547	0.00482406473984998
1153	2338	0.0048246827553375
-3095	1401	0.00482481247800344
579	845	0.00483229812167864
-7675	1943	0.00483510415191165
-4185	-10942	0.00483658147674094
-518	1429	0.00483856298986958
-4247	-5505	0.00484027555060975
-5942	908	0.00484118632570955
-1790	-6425	0.00484241026869277
-10252	1537	0.0048426432242078
-4537	-9310	0.0048435947933362
-2124	-10853	0.00484448506848025
-7555	1510	0.00484513370517904
278	627	0.00484534030248272
-5826	2382	0.00484804023502534
848	1174	0.00485031427056858
-7636	1644	0.0048517594110638
-5358	-10399	0.00485252387511717
-11336	2295	0.00485285094591777
-8102	-9196	0.00485323229168516
-5089	-5147	0.00485480916596472
-11337	-11851	0.00485530354615424
-4838	67	0.00485680121818853
-8737	2496	0.00486038573532697
-2441	525	0.00486046267150887
201	2664	0.00486142055052621
-5039	2196	0.00486157837072548
-3666	-4507	0.00486442147410539
-546	-808	0.00486660863153594
-195	-5584	0.00486752914429022
-82	-2601	0.0048682618207314
1958	2132	0.0048687499104387
-4948	-6700	0.00487210737112487
1275	1559	0.00487306134238446
-5180	1180	0.00487325724546727
-4477	263	0.00487381669298723
-8409	-9821	0.00487460861708357
932	1063	0.00487496627525269
-6728	-8345	0.00487676412007267
1120	1440	0.00487897801109458
-298	-8346	0.00487972315604367
-1629	-3047	0.00487972445348449
1848	1945	0.00488163400702807
-9322	-10793	0.00488209888575854
-1847	-5767	0.00488259128378539
-2535	2153	0.00488309980334214
-2849	-5183	0.00488450713602126
-7641	678	0.00488553885883246
-1232	-1423	0.00488575363230897
-3194	-8934	0.00488830578637945
-2099	-2401	0.00488847324817271
635	2310	0.00489163854928306
-1185	-7144	0.0048930515733645
-8662	1798	0.00489314721053956
-1278	-3214	0.00489456337203667
-3368	-6196	0.00489562871964236
-3867	-10435	0.00489722854874821
-2083	-9176	0.00489780475401278
-4368	-5315	0.00489883506782159
-4978	-8753	0.00489908020415336
-10564	1474	0.00490152388562197
-7558	-9384	0.00490177297303955
-3419	-6200	0.00490184586203014
-1710	-2937	0.00490202876422417
-2272	-10174	0.00490250273545605
-6110	-11288	0.00490363723704991
-4701	-5218	0.00490409105497304
-282	-5250	0.0049055688932729
-4837	-11818	0.00490635622729919
-876	-5682	0.00490709086000567
-2289	1264	0.00490898064198646
-4456	-9865	0.00490921236423242
1336	1708	0.00491023618347964
-5495	204	0.00492000890766414
-10481	-10787	0.0049233985562133
-2363	-10179	0.00492369645827184
-1645	570	0.00492883013607021
1774	2127	0.00493149042656803
492	1287	0.00493386167451056
1092	1657	0.00493429772423128
896	2227	0.00493622863141295
-970	-2589	0.00493662060021866
-6617	1182	0.00493701644949517
-5158	-6100	0.00493873828865402
-2722	-3192	0.00494118263455718
-254	837	0.00494392670490938
-1811	-7865	0.00494430246485207
-5247	1710	0.00494928667051076
-7863	314	0.004950338347937
-6648	1214	0.00495056115673974
639	1038	0.00495279049779621
-8221	-9780	0.00495305034068113
-3727	1993	0.0049534396902483
-8724	-10162	0.00495412554744779
-4108	-4329	0.00495707719785414
-8709	740	0.00495776958722491
-693	-8420	0.00496152625568883
-4599	-10528	0.00496626011334409
-7571	1779	0.00496636476197273
-6880	-10158	0.00496675478650968
-10170	-10733	0.00496821808385936
-2595	-5477	0.00497021789911611
1143	1149	0.00497037011856901
-8903	-9715	0.00497083426397384
909	2474	0.00497254406775917
-1791	2337	0.00497810134599852
796	2141	0.00498189148718642
-8001	-9280	0.00498328106768219
-11045	-11420	0.00498438154472646
-2444	1930	0.00498695968689447
-3106	-4596	0.00498708319495124
933	1704	0.00498861263926513
-8494	-8855	0.00498885183742006
-5445	1021	0.0049898527868997
-4429	1054	0.00498998639529988
-7019	1802	0.00499032465794331
-8454	-9924	0.00499094799970299
-922	-8861	0.00499102016397344
95	2438	0.00499105772694691
1256	2017	0.00499274664323483
-1523	-3869	0.0049947540229721
-380	-9528	0.00499499931595334
-4807	-10157	0.00499677433079219
-10436	124	0.00499825527651935
-382	-1688	0.00499914791831237
-2939	-2993	0.00500146005538849
-2226	-4428	0.00500466110206678
242	2299	0.00500685919509943
220	2111	0.00500701030513726
-911	-7606	0.00500726287978092
-4453	-5397	0.00500750608284885
-804	-8283	0.00500857295637572
-8464	-11600	0.00500955053529898
-270	-6104	0.00500959053050588
1699	1984	0.0050111103996737
-2988	-9768	0.0050126043225322
-1238	-2194	0.00501260899097395
-2431	-2944	0.00501344566909073
-5306	904	0.0050136387148413
-1618	1031	0.00501550528809252
-8482	-11422	0.00501613378843378
1103	1939	0.00501752151347276
1115	2213	0.00502038586307903
159	1906	0.0050216171981293
-1787	-8490	0.00502231433326614
-4758	-9813	0.00502349921948456
-6523	-10095	0.0050274097562005
-4181	1233	0.00502772641132424
-775	-1067	0.00502794545158481
-10698	922	0.00502798836035919
-5061	-7267	0.005029810003037
1321	1603	0.00503024832562933
1519	1730	0.00503451863005887
-3597	1354	0.00503589825441546
-2247	-4298	0.00504025288683915
-3128	-7472	0.00504122602399323
1002	1626	0.00504170089833992
-5897	1775	0.00504244247005517
-6719	1850	0.00504331017294068
-6492	2089	0.00504408979899214
-5502	-9828	0.00504728002129484
27	754	0.00504756379980571
-5528	-5601	0.00504868777849772
-7808	1995	0.00505358945984068
-1253	2179	0.00505381987574148
-6314	989	0.00505539512027247
-1283	2318	0.00505684793746981
-2459	1666	0.00505853156272253
-8263	-11128	0.00506597846922551
-2564	-10998	0.00506639847021735
-2269	-7462	0.00506735704872132
372	1150	0.0050731392600595
-3298	-3365	0.00507425784558505
-5823	-9867	0.00507617786713294
-8765	-10440	0.00507716397574402
-10246	-11090	0.0050854157790779
820	1040	0.00509050516029979
-7966	596	0.00509103141594892
-5153	1769	0.00509174551370882
24	1580	0.00509232328160161
-9466	-10163	0.00509480039308557
-4751	-9571	0.00509678654338212
-4882	-6045	0.00509744724990477
-4693	834	0.00509745448329661
-3791	-7393	0.00509763983432603
-813	-6572	0.00510247589362565
862	2579	0.00510281660325868
-1000	-4647	0.00510387416690292
-8693	-10285	0.00510407522831542
-6156	2559	0.00510436603773665
-4367	788	0.00510533209495478
-6303	1560	0.00510629749813168
-9446	-10145	0.00510959868345713
-1560	-10574	0.0051103173054353
260	1980	0.00511066222490084
1026	1098	0.00511278319702206
-8176	1024	0.00511299153026315
-449	-1116	0.00511332274241222
-6439	-10643	0.00511387650246874
-2747	-4663	0.0051166556097709
-1953	-5156	0.00511961799998507
-7506	1540	0.00511968209191234
-7429	1642	0.00512035218182148
-227	-6971	0.00512055331146669
-5857	-6697	0.00512222732689764
-11449	1476	0.00512299224228497
-4945	2068	0.00512352643130699
-5234	1633	0.00512370925619305
-1643	1244	0.00512476650421692
-2656	-5178	0.0051256828990071
-4722	-8857	0.00512782771678323
-3374	-8296	0.0051282107782286
-5751	-10396	0.00513068143793935
972	1729	0.0051308173363135
692	914	0.00513115576363792
-2419	-3658	0.00513123275616815
1717	2261	0.00513271961457802
-2072	-4593	0.00513410276938579
-9575	2013	0.0051355644525003
-10306	671	0.00513939752989044
-4135	-6233	0.00513986893275075
-5376	2512	0.00514049705584632
-6841	1526	0.00514089526933822
-4881	2018	0.00514128383830538
-4523	-7096	0.0051423578903989
-6077	-9398	0.00514239906197372
103	1571	0.00514361407642679
-7986	1312	0.00514525242577329
-5532	-5598	0.00514580669489199
1255	1858	0.00514904538272093
-2809	-4218	0.00514978117704885
-802	-7085	0.00515062450350411
-4789	-7628	0.00515265512989764
-7943	-11063	0.0051528863388027
-6339	-8007	0.0051602501126262
327	1767	0.00516048230312351
-4823	-9289	0.00516118680413744
565	1033	0.00516156982292826
-5372	-6901	0.00516318091410824
186	1216	0.00516382217212464
-642	-8966	0.00516385582783136
-8108	-11290	0.00516498474471589
-441	-2075	0.00516507802082031
-2563	-10292	0.00516598969748506
-3633	-4053	0.00516843453757719
-10089	-11706	0.00517079886610846
876	1097	0.00517251793769876
-8683	532	0.00517337427900481
-2100	-6478	0.00517792657492899
-6750	-9219	0.0051813770925548
-903	-7830	0.00518535864996717
-1092	-3187	0.00518687362402378
-453	-641	0.00518777465468795
-5226	-5411	0.00519171177190224
187	2734	0.00519246606538242
-9663	-11008	0.00519266686579077
-92	1572	0.00519298611130268
-2328	-11694	0.00519614788427525
1074	2105	0.00519751441672813
869	2520	0.00519876345177338
-146	-7230	0.00519889087367887
-5530	-8484	0.00519936742107249
-10845	2182	0.00520027315543984
-7881	722	0.00520670646108118
1661	2145	0.00520918646231405
-601	-9344	0.00520992612390324
-5023	-10437	0.0052151589247282
-6318	-11559	0.00521802535916707
-9656	1055	0.0052197024067386
-1071	-9817	0.00522048802328028
-4891	1543	0.00522683026171537
-5763	-7268	0.00522684485129539
175	1132	0.00522819517693336
-8595	2447	0.00523088680818842
-4669	-8633	0.00523155878601796
-2264	-11041	0.00523300970128069
-6354	-7111	0.00523661591333674
1909	1912	0.00523797756535571
-6170	-11647	0.00523861070148797
-8921	-11353	0.00524017036231841
-8726	-9669	0.00524399133817095
-4684	2943	0.00524635472810386
-8186	-8812	0.00524718907007529
-8867	-10215	0.00524917362608129
-10567	-10804	0.00525228463658421
951	1202	0.00525545515328063
-5845	-10755	0.00525550765752422
-6040	434	0.00525713259745763
-2084	-4299	0.00525814882327689
1176	1360	0.00525944797525869
-4136	-7653	0.00525975112098509
-4419	-10229	0.00526128794656862
1551	1612	0.00526162641548541
1828	2005	0.00526296644223813
-2416	-2680	0.00526394262706042
-1888	-10340	0.00526431818972931
-4914	-7070	0.0052675314705603
-10701	-10743	0.0052690934487818
658	1636	0.00527096468617496
-934	-10981	0.00527101937052145
-2200	-11523	0.00527291896369256
-4934	-6598	0.00527497017949189
-9736	-10467	0.00527687954284642
-4153	-10986	0.00527703096628051
-11123	268	0.00527734865750779
-5997	2080	0.00527815861795606
-4499	2450	0.00527849466733544
-1627	-8990	0.00527857496778607
-8159	816	0.00527858287610277
-3342	535	0.00527978797674455
-7219	1545	0.00528184153484884
128	792	0.00528224426657631
-395	-676	0.00528252773352101
-141	-4140	0.0052838654137724
-8139	-8393	0.00528719640255736
-3434	-8956	0.00528765981007411
1408	1687	0.00529014389382324
-1721	1860	0.00529131214161074
-11617	1785	0.00529196649352112
1279	1903	0.00529484743116403
-9023	-11469	0.00529631871868796
-5455	-5593	0.00529754228167963
-6701	-10126	0.00529766611387674
-5706	1606	0.00529946428816875
-3157	-5624	0.00529977217236833
-6039	-10326	0.00530321838533279
-4102	-5251	0.00530357012474942
-2406	-6542	0.0053060271257391
-3307	-6720	0.00530733111536619
-107	-2932	0.00531034609168152
-8651	334	0.00531055197018309
-5083	-7953	0.00531186370676806
-353	-2548	0.0053121528833578
-8542	-10146	0.00531380670897415
195	647	0.0053154043970664
1267	2350	0.00531562269575347
592	2164	0.0053162757622392
-8791	-11329	0.00531659233974842
-3302	-8174	0.00531710994814975
-7708	1459	0.00531803403376099
-2018	1065	0.00531818914637141
-9357	-9943	0.00531909787758188
-1600	-5022	0.00531977960091416
-6801	1422	0.00532043147234339
-8501	1621	0.00532083016045654
-5046	1181	0.00532138176598618
1184	1941	0.00532203965347645
-2574	2050	0.00532317041792583
-1115	2502	0.00532390270015247
-1286	2840	0.00532464694473715
-2760	1796	0.00532580140138239
734	1627	0.00532630251390263
853	2097	0.00532650248930268
-7499	-9651	0.00532807125334598
-3910	-7644	0.00533035772244338
597	1062	0.00533107460610376
-570	-3738	0.00533307670511677
743	1394	0.00533366091792949
-3975	-10085	0.00533457266981383
391	1037	0.00533702451839375
-4213	1020	0.00533948699173472
-5628	-11299	0.00533989825994534
-180	-5266	0.00533999973206273
-1591	879	0.00534072157381067
1019	1309	0.00534274097727925
-5870	2691	0.00534312811538821
-2623	-8340	0.00534423888149893
375	1281	0.00534444255730512
-8247	2232	0.00534753159120915
-2447	1012	0.00534754975889501
-2496	-9042	0.00534755690217835
-2982	1585	0.00534896522417699
-3812	1291	0.0053519340185674
-299	-7911	0.00535324515683643
-6918	-7704	0.00535560351668996
-5631	992	0.005357733111204
1082	1350	0.00535782410834892
-1984	476	0.00535782632539491
-1242	-5545	0.005358255047063
-6578	-6797	0.00535938271406367
1347	2814	0.00535995143061816
-193	1607	0.00536180265989698
-665	-7514	0.00536905724959997
-9221	-9761	0.0053706017237315
1102	1932	0.00537209206535144
-7066	-9075	0.00537305424091987
-812	1615	0.00537345747968739
-2920	-3473	0.00537382583336681
907	1239	0.00537431264486708
1035	2535	0.005376477702717
-7350	-9141	0.00537694842498638
-8153	-9281	0.00537802323157889
-3637	-9076	0.00537959904552987
958	1435	0.0053813738497343
-1537	-5653	0.0053841007861501
-1831	-2627	0.00538463527591207
-3986	-7151	0.00538724591807327
-3131	-9063	0.00538881476246237
-4244	2375	0.00539077893078849
966	2372	0.00539164775998744
-3729	-10077	0.00539620414272828
-2880	-9796	0.00539664221303623
841	2187	0.00539861217118519
-1218	-1507	0.00540165705584614
642	948	0.00540264574786462
-5237	-11186	0.00540498232445202
-7253	1407	0.0054058880611509
-8461	528	0.00540643732597792
464	1258	0.00540771508968562
-4606	139	0.0054092356811973
956	1877	0.0054099047528608
-5093	-11059	0.00541046860731883
-1774	-6612	0.00541080339455932
-7784	1819	0.00542267661264067
-390	-2165	0.00542417596117554
-740	-1477	0.0054248767785987
-4497	562	0.00542674468371355
759	1868	0.00542718174994137
964	2326	0.00543335173072095
-1752	-2330	0.00543515825666715
-3319	-10780	0.00543590029287125
-5670	-7894	0.00543716875313938
-2922	1647	0.00543775268616918
-5222	-5407	0.00544124754084863
353	2816	0.00544420380706324
1469	1818	0.00544509955720254
-6732	1597	0.00544687876060523
-1780	-7023	0.00544799157043285
-1623	-1815	0.00544926281728065
-9205	-9461	0.0054512652987587
-5712	-8483	0.00545246292972466
308	2601	0.00545355215112572
1043	2724	0.00545465584540355
-10419	1133	0.00545621107085026
-2842	-6783	0.00546142551375786
610	1947	0.00546186438113329
-6574	1268	0.00546192541495164
-1265	-1880	0.0054621497250912
1579	2725	0.00546312218957867
-748	-6197	0.00546475637476253
-6882	-9564	0.00546504708338252
-4267	-4457	0.00546655310905224
-110	-246	0.00546682723423237
-2511	-6528	0.00546899212371841
-6813	748	0.00546971964810313
-6849	-8466	0.00546976894621875
-32	-311	0.00547069425695619
585	629	0.00547117961565128
-5810	1425	0.00547259425813437
-9746	-11030	0.00547265093430431
-6230	-6304	0.00547318829067506
-5081	-6466	0.00547657853246814
1361	2445	0.00547825416278383
-3585	2879	0.00547873966127947
-2141	-4542	0.00547948181885001
-1066	2706	0.00548019399037833
-7903	2868	0.00548256482111838
1523	1829	0.00548269379828714
-6453	-8019	0.00548335450789508
-4269	1231	0.00548891118491554
-8361	-9893	0.0054893484640915
-11085	2090	0.00549050962619369
470	1297	0.00549464724095235
1744	2163	0.00550021359173047
-7612	-7661	0.00550109593700385
-2114	-2609	0.00550143097908337
-7833	934	0.0055023172970413
1635	1987	0.00550411418902102
-3838	799	0.00550475930702238
-7593	-8946	0.00550676925061696
1263	2029	0.00550722439955393
-8873	-9148	0.00550992297028479
-3896	-9507	0.0055100829041629
-4010	-7601	0.00551102256503107
-1549	-5604	0.00551198200494359
-6078	-6266	0.00551373145591091
-1035	-6964	0.00551466775554936
-455	-2366	0.00551498246596072
-4932	-8786	0.00551573636918626
-965	-3970	0.00551715629633875
-10322	1251	0.00551775165628848
-5311	-8608	0.00551893487094476
988	1643	0.00551896720385434
-554	-2557	0.00552110510954006
2539	2717	0.00552163887230479
-4704	1352	0.00552197834725294
-788	-10413	0.00552448951661056
-9657	-10104	0.00552613027301045
-5361	2806	0.0055308545937261
-4266	-9405	0.00553163961252442
-3093	1763	0.00553200102839301
-7025	2209	0.0055320154997313
-7356	-11744	0.00553237471770966
-753	-5211	0.00553479557509827
-10647	1051	0.0055352571631858
-2216	-5995	0.00553672328138626
-2439	-5880	0.00553729739959799
-4262	-11496	0.00553743329600756
-4615	-4834	0.00553790057532891
-6976	1990	0.00553795843466324
-6845	1381	0.00553878361671536
-8911	-10614	0.00554022976113623
-4360	-4982	0.00554257976292311
926	2262	0.00554356221661963
-6343	2321	0.00554609310744586
-8261	-10628	0.00554738986252645
-7617	-10409	0.00554805985928431
-75	-936	0.0055516984567153
-2468	1508	0.00555200244793086
-7825	2400	0.00555372481539973
167	465	0.00555563786282535
1438	3085	0.00555807977344196
-2870	-7757	0.00556338479605479
-1996	990	0.00556387141151426
-114	-4544	0.0055657502750443
-2514	-8871	0.0055666847497156
-7525	1457	0.00556701764156215
-3526	1190	0.00556766341349675
-4243	1505	0.00556851860519916
-3584	2566	0.00556953529044201
-4350	-5721	0.00557225898806891
-4809	-5764	0.00557279377270077
1282	1735	0.00557511406142589
-3836	-9088	0.00557823558274071
-2184	2290	0.00558164365841372
-2122	-4436	0.00558167410532516
-4793	-5461	0.00558184026541455
2110	2631	0.00558288991911875
587	1211	0.0055841132303523
-8528	-8530	0.00558659217877096
1185	2509	0.00559025679866696
-11182	-11820	0.00559080845684228
823	2556	0.00559170061168454
-7445	-9111	0.00559251376927516
-6163	-10697	0.00559293499243596
-3605	-4030	0.00559436839129283
-6193	2252	0.00559838023328271
-4900	-6672	0.00560577849522514
-6669	-8330	0.00560847384189579
-5433	1834	0.00560958246218358
-3746	-4815	0.00561229641475742
-584	-1375	0.00561367525778914
1489	3018	0.00561376132237663
-773	1875	0.00561379683391788
-4440	1629	0.00561445052284972
-1470	-5555	0.00561576460196248
277	1124	0.00561680522991021
-3885	1865	0.00562430982520957
-8290	-10792	0.0056243813045822
-5241	-8274	0.00562561993589509
-1304	2459	0.00562601502280941
-4171	-8899	0.00562711885229453
-669	-4864	0.00562885734338112
-1632	-11334	0.00562896908620982
-3497	-8434	0.00563009165267933
1731	2283	0.00563131675034788
-789	-5613	0.00563392599442013
-5207	-9778	0.00563929983905317
-3431	-6154	0.0056398380296225
-571	-4904	0.005641076244108
-3253	-6842	0.00564151900029328
-944	-2637	0.00564474470067435
-1582	-6653	0.00564853857134318
-803	-2429	0.00565274098833791
209	1998	0.00565332694164744
761	878	0.0056592211898437
-324	-1142	0.00565969885017484
751	2035	0.00566045184783262
-4015	-9615	0.00566097739577457
931	2490	0.00566257777515049
-9345	2419	0.00566270408554327
-6525	-7386	0.00566469645607244
-2040	-11668	0.00566493067216914
-1062	2903	0.00566496168742694
-7980	-10370	0.00566531753558336
-3248	2247	0.0056659184136339
-2934	-9232	0.00566650261982902
-6704	-11399	0.00566804953712985
-8468	2354	0.00566831315118449
950	1471	0.00566850259299746
1070	1371	0.00566862090342189
-1288	2113	0.00566896534763472
-5491	-8282	0.00567363250691026
-5062	-9991	0.00567365248981151
871	1937	0.00567379134125304
1417	2924	0.00567493105628826
-3054	-11210	0.00567736262441937
-2749	1203	0.00567841296304331
1917	2053	0.00568405757713481
-2748	-4990	0.00568649160871307
-2145	-2907	0.00568683629352223
662	2608	0.00568929089965595
54	2495	0.00569286406049531
-7936	-9904	0.00569507132047573
-3645	2194	0.00569510657877117
-1723	1592	0.00569540253075834
1212	2235	0.00569642978726465
-7482	1232	0.00569736120870307
-5814	-9525	0.00569829640516631
-872	-5610	0.0056985800416608
-1170	-7202	0.0056987390558977
-3871	-7334	0.00569913113592991
-5893	-7702	0.00569914493851226
-1715	-9274	0.00569930094125843
-2188	-10052	0.00569936068998312
-5354	-8279	0.00570070245690577
-2405	-3055	0.00570212043860727
-708	-10274	0.00570212233626597
-7765	1664	0.00570527276973828
-6277	-8122	0.00570701596982395
1446	2062	0.00570787377890624
1119	3116	0.005708222734916
-3500	-4766	0.00570859172193543
-4335	2710	0.00571077045336061
-7265	-10043	0.00571112861094077
912	2336	0.00571150922067977
-9906	2949	0.00571196510050129
-9680	-9764	0.00571332031125735
-11665	940	0.00571422341793311
-3288	-10011	0.00571528651024973
-7175	1675	0.00571875122680604
-4541	-7988	0.00572118726086829
667	1222	0.00572242128697592
-907	-8642	0.00572291944971559
-2181	-2755	0.00573168727790829
435	1011	0.0057323192372482
-1495	-3616	0.00573316809039257
-4746	-10261	0.00573410546194213
-1861	-9515	0.00573455502510725
-3301	2755	0.00573655406088719
-5465	1862	0.00573758028239364
1289	2437	0.00573819481880316
1355	2075	0.00573897389593955
-8025	840	0.0057393333668988
-4365	2788	0.00574010632452106
-2433	-10211	0.005740548578977
-7667	1722	0.00574079056527421
830	1751	0.00574253509314182
-3955	2795	0.00574531108464593
-9826	1918	0.00574622932855414
-8663	-9102	0.00575278789870285
-7296	-7539	0.00575397216401267
-8877	-11233	0.00575504444643199
1146	1260	0.00575560616573336
1137	1481	0.00575581020241245
-9436	2699	0.00575607038035836
1673	2109	0.00575677600917956
-8700	-11309	0.00575692835393755
-2207	-2297	0.00575814186534502
473	1535	0.00575901576495449
177	1380	0.00576307350132066
-9154	-11743	0.00576749462964254
-10195	-10410	0.00576921766807668
-3151	-8773	0.00577294927954056
-3502	2115	0.00577564863322965
-472	-868	0.0057768324417349
721	1895	0.00577692613206424
-2127	1792	0.00577721426512325
680	2094	0.00577841458132271
-10065	-11789	0.005778586639663
927	952	0.00577960898454027
-8658	-11014	0.00578055463767981
-5443	-8977	0.00578789869467863
-1693	-3103	0.0057955738319492
-4139	-7870	0.00579557488960498
1973	2752	0.00579715856896596
938	2405	0.00580075569230807
-11125	1718	0.00580112198468191
-6982	-7779	0.0058014448566901
319	1447	0.00580210193691903
-1481	2144	0.00580235271799514
1383	2083	0.00580260445199727
-3799	-8243	0.00580394866417822
-937	1964	0.00580405888502983
-4452	-6218	0.0058099306019303
-3606	-4216	0.00581119279287869
-1696	-6815	0.00581486785949041
-8276	3084	0.0058149271939723
-11080	23	0.00581622068164654
-543	-974	0.00581800968332534
552	1387	0.00581921680652112
-1786	-7751	0.00582153203954372
1660	1707	0.00582384321359344
-6986	-7067	0.00582553534261517
-3498	1556	0.00583244182831762
1293	1500	0.00583271183636591
1520	2543	0.00583572665370083
1916	2522	0.00583688730585545
826	1600	0.00583700946992212
-705	2259	0.00583901015390449
-11591	-11813	0.00584082236077452
2875	3015	0.00584332400331492
-5989	-8100	0.00584353067922034
-6993	2575	0.00584605456390056
568	2616	0.00584664820373782
-697	2221	0.00585097693778805
-1683	-11748	0.00585185215724663
-4739	-7920	0.00585567644629827
-7516	-9970	0.00585699690690027
-7424	2651	0.00585830617223533
-4070	-6092	0.00586037497580337
-7746	891	0.00586181989122968
967	2473	0.00586668160191077
-157	-1862	0.00586698226728516
-772	-3523	0.00586703769302575
-4265	-10405	0.00587087047901808
-7287	1574	0.00587316044840516
-8670	-9597	0.00587550535615496
395	1329	0.00587629129940094
1135	1755	0.00587654342240521
-2024	-7161	0.00587863023171124
-1621	-5954	0.00587913862422631
-5176	969	0.00587987423822264
-7545	-10377	0.00588112182248035
-10821	-11553	0.00588444978668996
-3216	-5181	0.00588546647685035
1085	2204	0.00588629033240434
-9452	2654	0.0058867948959411
-7266	2687	0.00588696732850072
1790	2648	0.00588720836430233
-1464	-7394	0.00588796984860244
-5138	-6839	0.00589002626230951
-7423	2791	0.00589066912269161
-1430	-6238	0.00589679228510438
550	1857	0.0058982402553895
-5127	-6305	0.0058994521982574
430	2045	0.005901206599937
-4589	-6061	0.00590246408783402
-5037	-5392	0.00590326876470313
-5815	-10267	0.00590395522114021
-4320	-6095	0.00590420719747979
1487	1971	0.00590748451226468
-9496	1504	0.005909256239393
-7242	-7640	0.00591095165102637
-5567	2589	0.00591644217774753
-7880	-9683	0.00591933101694981
2184	2386	0.00592097740103126
-3457	1123	0.00592279924897266
1088	2214	0.00592578816658217
-7847	-8852	0.00592850235390251
-3168	946	0.00593031661446643
-8762	-10734	0.00593101981374912
-943	-4728	0.00593426498465274
-1650	-7064	0.0059354425533588
-2921	-10931	0.00593963435657393
-1722	-5511	0.00594208404860965
898	2167	0.00594532090493753
-3554	-4039	0.0059456160058626
311	1740	0.00595383400650934
-3744	-8379	0.00595396519528296
-10427	2174	0.00595652168176333
-2263	-6348	0.00595672292674081
-5065	-7234	0.00595780363301554
-6000	2284	0.00595959967119116
-9724	-9789	0.00595966258482811
-4554	-6094	0.00596316843529129
-5899	1764	0.00596610875805673
-7546	1989	0.00596720772037077
-5474	-9834	0.00596868470465885
-10441	-11039	0.00596970404928489
-8192	2886	0.0059702259680087
-700	-2420	0.00597023112021016
1339	1734	0.00597401048253562
2077	2272	0.00597427798307517
-6903	2519	0.00597494727300903
-6878	-9616	0.00597954676672581
-1565	-6553	0.00598140621821879
920	1544	0.0059830502660041
-6717	-8127	0.00598410152155308
666	2582	0.00598429960520838
-3755	-8992	0.00598455732380976
1246	2341	0.00598583582179167
-949	1728	0.00598612261590992
-9040	961	0.00598650763221116
-7095	1852	0.00598670240309504
-10990	1375	0.00598704160531633
-2508	-4079	0.00598986283933783
-3245	-10758	0.00599156923513267
-5931	-7834	0.00599315133371446
-3249	-9583	0.00599373441813163
-8064	1449	0.00599384476832579
-90	-5621	0.00599451059716043
1412	3069	0.00599486475069177
-7135	-8923	0.00599513989017177
-760	2436	0.005995686663157
-7277	1684	0.00599662553291804
-1088	1532	0.00599829925755606
-10512	1018	0.00599859615999831
-5881	3148	0.00600160395895045
-2049	28	0.00600200392985578
-9091	1464	0.00600228849444079
-10350	1931	0.0060024186095183
-2449	2464	0.00600243087207302
-8090	-10476	0.00600350824063055
-8220	1872	0.00600353146478077
787	2085	0.00600553781662853
-10799	2837	0.00600836174563883
703	1194	0.00601254894131601
-9132	-9561	0.00601419973651289
-1340	-6608	0.00601852092629261
-5202	-7547	0.00601878591883355
-8349	-9516	0.00601933686851224
-2643	-3686	0.00602259061003835
2191	2858	0.00602329496874401
-8198	-8525	0.00602646172912739
1432	2268	0.00602726088204448
-2933	2296	0.00602944481606036
-605	2404	0.00603320438475321
-9618	-11292	0.00603547063445934
1896	2388	0.006037823547477
-4886	3418	0.00603945021908996
-10740	-11654	0.00604020483151155
241	2644	0.00604456609674931
-7281	-7562	0.00604527727658038
-11079	2189	0.00604686461654087
1732	2670	0.00604870812693546
-9263	2198	0.00604964834540061
-884	2826	0.00605104013497133
-8039	-8842	0.00605328802459931
279	1891	0.00605354242278495
-3380	-9128	0.00605811467430518
-11038	2314	0.00605867865157145
-4083	-11545	0.00605999769995119
1351	1598	0.00606057802185157
-6987	-7563	0.00606430459194454
-7624	-8947	0.00606463161814324
-9920	2253	0.00606535670257835
-2795	-10036	0.00606591544222345
-1314	-7294	0.00606745946909842
-8076	-9569	0.00606747417473113
1266	2103	0.00606810986741824
-7069	-8105	0.00606867340875937
-1966	-4272	0.00606902263021532
-7413	2863	0.00607065662818068
-5402	-7548	0.00607123320467276
-5589	-9392	0.00607333426918136
1468	1969	0.00607334429809584
1073	3100	0.00607427781241988
1008	1162	0.00607441609202172
-11808	1727	0.00607569164370832
-9896	2694	0.00608021642072709
-3537	3103	0.00608122273849684
-1051	-8512	0.00608580619450185
-856	1285	0.00608600952900404
-2278	-8836	0.00608708074414831
-8948	2280	0.00608964066741459
-6387	-7030	0.00609281529571385
-2645	2315	0.00609310813829065
-4511	-7190	0.00609410784690745
-3423	-9610	0.00609918476040796
-10996	501	0.00610114289150161
-761	-874	0.00610189869491684
-6281	-6761	0.00610391792960323
1506	1855	0.00610401870637601
-6128	-6353	0.00610426481346849
-5557	-11015	0.00610959004413617
-6016	-8208	0.00611013222266276
-2552	-6216	0.00611028690406345
-3351	-5458	0.00611366501332049
-10835	2759	0.00611457743254043
713	2346	0.00611534895967214
-2448	-11179	0.00611665531767972
1274	2716	0.00611736071806175
-3649	-3692	0.00611896108365343
-4928	-8582	0.00612019564726473
-3861	-6950	0.00612105277292674
1094	3215	0.00612227654415589
-6888	-11117	0.00612368162867393
-9990	3025	0.00612460717031903
2025	2365	0.00612584849910461
-9759	-11106	0.0061272761404638
-2157	-2231	0.00612778736537927
-2167	3194	0.00612862102477388
-8023	-8580	0.00612863604038433
-2682	-3318	0.00612952383677958
1678	2069	0.00613073635812871
-5996	-10449	0.00613104857550322
-3147	-10313	0.00613275362851434
-5267	-7207	0.00613453635687219
505	2130	0.00613554701539598
-8647	2656	0.00613647921781995
-3643	-4418	0.00613658273432597
-2474	-6557	0.00613951590137731
-7159	2584	0.00613997908079477
-3494	-4591	0.00614199309049111
-58	-4907	0.00614368746816553
-287	-1168	0.00614421343478972
-3579	-7457	0.00615008227345055
943	2854	0.00615060148627914
2108	2166	0.00615104936001993
-8082	-10638	0.00615116874244992
-6143	-9891	0.00615451923945888
-3657	-4301	0.00615469499407506
-265	-6929	0.00615563969837442
-3265	2461	0.00615578693784423
-6429	-10919	0.00615659857021998
-3945	1999	0.00615901014854797
-6008	-11074	0.00615904110387122
497	1112	0.00615982047614511
-4304	2506	0.0061598973467356
-4096	-4977	0.00616280169379903
1495	2301	0.00616592418084242
-74	-1917	0.006167492729865
-6909	1905	0.00616758253723346
1562	1659	0.00616970480786722
-3792	1109	0.00617014914024458
-3533	2873	0.00617475844558014
1590	2362	0.00617684101467019
-4110	-7519	0.00617737325518136
2246	2555	0.00617930833507163
1192	2649	0.0061807247643489
-5167	2864	0.00618351661396727
1565	3259	0.00618708462816104
-2977	2200	0.00618922424653024
-1613	-6558	0.00618993341087619
901	2151	0.00619192977878672
1130	3202	0.00619213762854977
1445	2242	0.00619270130554448
-5797	3192	0.00619358467192627
-1372	1100	0.00619415125556816
-940	-3772	0.00619509975927232
-54	-8575	0.00619833400215912
-6324	-9389	0.00619855537721544
-6937	1303	0.00620095923234389
-6417	-6501	0.00620143036661082
-3373	1959	0.00620265173407732
-5449	-7116	0.00620598898071431
-10019	2058	0.00620757067310476
-896	-8933	0.00620936122711119
-8825	-10684	0.0062124969190547
-3141	-4165	0.00621392268601369
-4515	-9071	0.0062173584869368
882	1599	0.00621806108401861
-8387	-9499	0.00621847498625065
-7522	3163	0.00621981963284867
-2469	-5308	0.00622142227838351
-2864	-8448	0.00622631311376694
-4273	2532	0.00622741641018505
1907	2448	0.00622837588610312
-4318	2264	0.00622866194843328
1924	2505	0.00622933775358726
1695	2958	0.00623242300297027
-1371	-4176	0.00623271596212612
-6294	-11404	0.00623590714888672
-4686	-6210	0.00623594444113786
-346	1854	0.00623835793718074
-6859	2216	0.00624060068775113
-7003	1825	0.00624667818779482
1507	1631	0.00624739888659979
-2211	991	0.00624765006787189
1553	2677	0.00624877918552878
-4968	-6968	0.00624917704843926
-9981	1885	0.00624979345257709
-7471	-10723	0.00625030699430078
-7877	1928	0.00625441891977047
-137	-10121	0.00625728282656694
-11062	-11225	0.0062596474347487
697	1646	0.00626216948511623
-7166	-10236	0.00626310362030058
-5646	2423	0.00626376510338569
-7513	2073	0.00626395939067956
-5513	-6021	0.0062661153143166
-5619	2074	0.00626952162953069
-6848	2410	0.0062702447735749
-4027	2316	0.00627162038147295
-1919	-2886	0.00627273809923805
-6391	-8218	0.00627415094241893
-4773	-11027	0.0062752513302151
-2919	-4774	0.00627650619652961
1960	2258	0.00627696271015837
1420	2387	0.00627919050709827
984	1442	0.00627977072624071
1364	2370	0.00628069406800269
767	1777	0.00628095711557483
-238	-1634	0.00628394949291001
-3565	-9368	0.00628506418731089
-622	2294	0.00628713233679243
-8443	2553	0.00628788368493895
-1359	2401	0.00628819245248888
-10418	2453	0.00629174781475095
655	2171	0.00629361920515861
1338	1685	0.00629377236520999
1189	2081	0.00629516570851211
1029	1060	0.00629635679789028
-11170	581	0.00629828332132981
1876	3374	0.006301293044191
-4252	2995	0.00630194585391708
-7325	-10401	0.00630280309900397
-8656	-10351	0.00630566368923589
-8506	-11778	0.0063097534445442
-4743	-5588	0.00631084015291173
-2950	-9173	0.00631421908588171
-5990	-9797	0.00631571084277759
-801	2270	0.00631621039143495
-7409	-8121	0.00631713965699338
2274	2428	0.00631719938719903
-1053	-7041	0.00632039679588065
-3175	-8609	0.00632154732751212
-3270	-10061	0.00632242380195653
-7160	-9186	0.0063235717200844
1840	2669	0.00632377665077744
-2129	-3695	0.0063244214841782
-2558	-5467	0.00632598915367784
-832	-11305	0.00632981939111764
123	1493	0.0063334019483761
-4950	-8634	0.00633512255631257
1116	3009	0.00633529264001577
-6026	2039	0.00633606898422267
1431	3125	0.00633817320361628
-4922	-11642	0.00633924788484732
-2625	-9501	0.00634371440263128
-3008	1776	0.00634689234983275
-2931	-6272	0.00634750197589729
-6189	-7560	0.00634790146733684
-948	-2871	0.00635160946062368
-6852	2320	0.00635179925885686
1141	1613	0.00635322347694331
-4098	1201	0.00635345801165643
817	3329	0.00635509093181289
-11648	-11746	0.00635540372144719
-2108	144	0.00635702374748167
-7416	-8553	0.00635907914516712
-9794	-10747	0.00635980241842678
-2913	3038	0.00636214996715449
-4866	1972	0.00636809344448951
225	1485	0.0063688760494808
-8679	-9973	0.00636918460452123
2165	3043	0.00637048689078037
-3453	-8304	0.00637222615641758
-9702	-10726	0.00637327500815087
-7890	1503	0.00637783380065971
1405	1934	0.00638135214480494
-6025	16	0.00638519310660229
-4219	2733	0.00638811430672599
-6816	-8164	0.00639021435150811
-923	-9665	0.00639446874041161
-5983	2298	0.00639473283958334
2622	3280	0.0063959562666411
-10850	2907	0.00639829937367646
-1801	-8216	0.00639899369143177
-2995	-4113	0.00640141644293874
-1266	-3063	0.00640230952390638
859	1249	0.00640411119271887
-9374	2352	0.00640553436922375
1561	2397	0.00640554321928574
-2714	3737	0.00640589431780415
-4071	-6826	0.00641171599025409
-1969	2722	0.00641291142909073
-1615	-2668	0.00641448765113694
1836	2211	0.00641595306515245
-8288	-10286	0.00642174373804747
-1034	2302	0.00642351334545958
-305	-7481	0.00642506777063018
1334	1765	0.00642867074603266
-6497	-10102	0.00643020364058691
598	766	0.00643092908042397
-10227	1970	0.00643105925527105
-9358	-11267	0.00643232614680245
-9757	2998	0.00643430034198742
-7052	2172	0.0064365666487431
-10373	1209	0.0064365812960666
-6655	-9264	0.00643794755905852
1423	2079	0.0064389303207056
-1167	-6103	0.00643987383012549
-6693	294	0.00644047163821782
-345	2183	0.00644131951306253
-6399	-7812	0.00644298224393817
-8403	-8552	0.00644418257992278
1787	2217	0.00644423017013712
-3752	-4208	0.00644526365208124
318	1864	0.006448598691345
1458	1671	0.00645495535479557
1480	3019	0.00645749970343593
-3663	2697	0.00645860416291613
-9951	2015	0.00645906287462799
-5913	850	0.00646291835141528
-4908	-6664	0.00646318749001987
-3062	-8242	0.00646350370295143
227	798	0.00646444892459456
-1881	-5992	0.00647023921272514
-3839	-8781	0.00647048933807453
2614	2959	0.00647229020757589
-556	2735	0.00647367690529729
1039	2162	0.0064814574593787
-682	-4666	0.00648675567913245
-1227	2636	0.00648771669842607
-11346	2363	0.00648796323954054
-853	-3590	0.00649196915538476
-6779	3031	0.00649208424747632
-6898	-9923	0.00649216190745727
747	1616	0.0064941728183075
-9116	-9254	0.00649499901751322
-1178	-1955	0.00649553938220365
551	2501	0.00649936048160858
-4486	2904	0.00650028186057243
-10820	1709	0.00650470881162803
-6799	1822	0.00650843815993285
1305	2967	0.00650856869949741
1791	3229	0.00650983199352604
-6710	2078	0.00651202212384217
1602	2001	0.00651211689734285
673	911	0.00651271301583072
-3632	-4935	0.00651329092349022
-3125	3223	0.00651350172532271
-7168	-8573	0.0065198527664637
-588	-1293	0.00652067757564313
749	2480	0.00652094115783424
1229	1601	0.00652111490205675
1739	3147	0.00652190302145763
-221	-799	0.00652196851354897
-4164	-5485	0.00652334029364987
-2997	1773	0.00652498476308572
-2757	3208	0.00652553046536829
-7257	3529	0.00652619532613363
-5096	-6607	0.00652668384961166
-5453	2114	0.00652678872294125
-2519	-5808	0.00652831873284653
-9888	-10884	0.00652896575991201
-6427	-10511	0.00652898266030697
-6989	2685	0.00653085720286545
-7705	2625	0.00653157265380478
-7403	2548	0.0065327505115369
-6722	-10728	0.00653346491850145
-3472	2454	0.00653356035328234
-2791	-9373	0.0065350804107785
643	1680	0.00653550153676466
1284	1691	0.00653725481570114
-2407	-4214	0.00653760223582596
-3475	-5722	0.00653765634828716
-7768	762	0.00653888768400123
-22	-1007	0.00654191558881507
1951	2916	0.0065430828843917
-8250	2828	0.00654517344690463
-3451	-10522	0.00654716545280387
1294	1624	0.00654850129246421
-5320	2773	0.00655360754543961
-53	-5586	0.00655510100945659
-1200	-2803	0.00655513580974249
-11466	1444	0.00655609098293848
-1597	-3899	0.00656072358644776
-2700	-4757	0.00656141054307817
2554	2887	0.00656150747297871
903	3008	0.00656196979498467
-6058	2507	0.00656212538128916
-8686	3114	0.00656389197372846
-7677	-7749	0.00656545956489019
-1765	-4740	0.00656730234921949
-8666	-9832	0.00657289827849286
-1561	-10269	0.00657555104920072
-5000	-5232	0.0065757562389424
-3790	-11127	0.00657762751582642
616	2282	0.00657854659541843
-3764	-7224	0.00658014343945271
-4665	2344	0.00658422308735491
1824	2935	0.00658544581419964
1242	2953	0.00658722614163197
-4719	3187	0.00659281782679993
-548	-6821	0.00659812186083751
-7891	1649	0.00660076786686864
-6451	-11710	0.00660165125504878
-9802	-11414	0.00660199015919535
-2758	-4312	0.00660226277487946
1813	2084	0.00660241568391087
-4754	-10291	0.00660306299731608
-3390	-7655	0.00660385142855193
-8138	-8922	0.00660449610645856
-4500	2763	0.00660986180221915
-5766	-8131	0.00661231102987265
-11066	1076	0.00661232067293807
-5033	-6503	0.00661389510972835
-5436	2619	0.00661548262140484
-9083	-11050	0.00661601234255631
-3180	-4200	0.00662535367173335
-8613	-9236	0.0066267340822886
-9731	-11757	0.00662866082140012
-6775	2409	0.0066342846207062
-8371	-10532	0.0066377728545625
1452	2659	0.00664048786293322
-2777	-8850	0.00664180952478401
854	1595	0.00664211991209518
-5268	355	0.00664328662622181
2245	3239	0.00664615194327451
-9548	-9589	0.00664703434405272
-1245	-7614	0.00664749879610746
-857	3034	0.00665108382934825
-11244	-11453	0.00665168384389875
-10283	-10308	0.00665334307822313
-10315	2738	0.00665397054116408
-10238	2527	0.00665440664098909
739	1488	0.00665455727721846
2229	2675	0.00665848399616283
-1144	-5510	0.00666097797815238
281	1433	0.00666250525138767
-4226	2212	0.0066647097847537
-9926	38	0.0066659806429213
-1631	3167	0.00666891555985107
1538	2004	0.00666987348083815
2672	3731	0.00667139336505757
549	1967	0.0066719873833198
1221	2870	0.00667449544014209
2147	2586	0.00667558150931042
-8920	978	0.00668216698681146
-4206	-8882	0.00668402572599209
-1673	-7959	0.00668554829266583
-11720	3095	0.00668680067663279
-6879	-7683	0.00668962625769023
493	1948	0.00669095019682498
474	3746	0.00669168120934491
-2873	-5985	0.00669324772832485
466	2678	0.00669589094320709
1842	2155	0.00669967183926502
-2476	-10751	0.00670030410207282
-321	-6981	0.00670342207197664
-6856	3514	0.00670428833730312
-9268	-11316	0.00671410075267412
-2365	-11339	0.00671579213911272
1966	2223	0.0067159904547749
-6404	-11357	0.00671644409178569
-6330	-10022	0.0067169584249138
-4944	-5691	0.00671698474412612
-4620	-9474	0.00671830892903831
-401	-5927	0.00672867827278516
1391	3005	0.00672901777544858
-7426	-10969	0.00673071345716777
-1141	-4305	0.00673326932388215
-9644	-10335	0.00673457067344222
-3641	-9122	0.00673628071487534
-8375	-8944	0.00673939386729205
-9508	-9791	0.00674041648140527
1298	2251	0.0067414348356626
889	1461	0.00674169603271903
1497	2536	0.00674492303176443
-6483	2254	0.00674673674201834
1456	1736	0.00674701105348668
-4750	-6969	0.00674701322519252
-3886	-8938	0.00674757390797456
1145	1758	0.00674874722929723
-5018	-5535	0.00675230365337579
-10049	-10221	0.00675358387207561
-2480	-2487	0.00675506379131378
1295	2192	0.00675582477943157
428	1318	0.00675837988605569
-4279	-6886	0.0067591350816687
-9711	3485	0.00676301588045524
-8912	-9014	0.00676533103730194
-968	-2796	0.00676730584103632
425	2972	0.00676791822083787
2098	3108	0.00677174427858166
-5381	-8881	0.00677579505010437
1985	3412	0.0067765779250325
-3775	-3874	0.00678164973061175
-338	2478	0.00678284700686316
559	1749	0.00678497572746481
-10731	-11641	0.00678716780926841
-3623	-6972	0.00679080733600486
563	2222	0.00679201513051034
-3239	-4119	0.00679258039054186
-7001	-9313	0.00679353504338698
-7374	2883	0.00679647820442079
-2298	2276	0.00679700239021688
-2283	-5868	0.00679833740847505
-2162	1453	0.00679930006540041
-263	-4736	0.00680294023796726
-9637	-10411	0.00680373956975461
-1779	1869	0.00680385144503048
-10042	-11569	0.00680859128581655
-8171	1388	0.00681091722344379
-6283	3449	0.00681347904597229
-5559	-7676	0.00681704467134038
-5737	-7969	0.00681842599457747
-1962	-6782	0.00681908271606123
-1054	814	0.0068202180323567
-2342	-3044	0.00682167939531856
1586	2142	0.00682946776629915
-1484	-8706	0.00683040677352498
-8480	-8889	0.00683190102618563
-7572	3240	0.00683459473753539
-436	-680	0.00683766384494882
1716	2180	0.00684066876975545
-183	-4166	0.00684262620287219
351	3370	0.00684345713973526
2157	2332	0.00684535586039371
-6583	1502	0.00684779647723104
-10715	121	0.00684848998348334
-3401	-3721	0.00685152016236403
-1772	-7919	0.00685446435661899
1245	1467	0.00686438339679942
-5920	-10090	0.00686681682669765
-6279	-10438	0.00686951338136046
-2768	-3305	0.00687553316858434
-4326	523	0.00687729390173901
1036	3040	0.0068801923008569
394	3768	0.00688020973653871
1783	2430	0.00688920155036183
-404	-5019	0.00688981283802432
-506	-2860	0.00689430734896919
-3887	-4994	0.00689632286848424
1121	3010	0.00690164410712123
1013	3071	0.00690180389373336
-4995	1552	0.00690292841731295
-11146	1929	0.00690369071078078
-2733	-8495	0.00690660730875768
-7165	-10381	0.006906772338125
31	2265	0.00690845635765701
-7359	1803	0.00691259016964905
-3501	1904	0.00691298384812
-1887	-9842	0.00691837757542315
-9020	1332	0.0069214511628048
-7305	-9962	0.0069231108296865
-3722	-3846	0.00692431172102334
-10485	-11262	0.00692578576523992
-4937	-8246	0.00692724909798533
-8967	-9639	0.00692782700286604
-10153	-11102	0.00693053821330348
1794	2640	0.00693486045956928
-3895	-11629	0.00693750458170423
-11349	1761	0.00693772614964118
-1058	1415	0.00694096267019067
2197	2277	0.00694247788849624
-6876	-7106	0.00695157550265287
752	1078	0.00695179506415652
-3072	-8991	0.00695748874046472
1027	1815	0.00695839195391994
1478	3332	0.00695867752436244
1956	2869	0.00696312719107607
-969	2569	0.00697135005537604
-8458	-10051	0.00697273043160719
-9675	2523	0.00697675616465727
-9217	-10393	0.00697740116782172
-6738	-10039	0.00697792051494864
-4781	1962	0.00698121335497336
-6890	1093	0.00698167365894816
-2562	2240	0.00698283374430024
-10278	-11632	0.00698349999953946
-746	-11543	0.00698465803914775
-7744	-8317	0.00698678631987257
-9527	138	0.00698864592299638
-6740	-10706	0.00699216709787502
-5793	-6635	0.00699404191391806
-9509	1800	0.00699425281104202
1853	3118	0.00699531497843651
1518	2650	0.00699715357518829
1491	3597	0.00699798161317274
1152	2787	0.00699834964718001
-1392	-1979	0.00699933937929132
-9115	1981	0.00700159326817118
1434	3244	0.00700259191081797
711	2133	0.00700339168244846
1234	3551	0.0070057964680819
-8924	-11142	0.00700820631629192
2082	3800	0.00701032711908917
-5029	-5070	0.00701259714389085
2498	3365	0.00701628609205859
1683	3451	0.00701733167918787
511	2479	0.00702311262598177
-10149	2099	0.00702471560161207
1482	3519	0.00702922829121418
2293	2977	0.00703660810605083
2199	2471	0.00703753829602466
1128	2946	0.00703782282565179
-667	-5579	0.00703795118042104
-4430	-9552	0.00703880942331865
-5173	-5894	0.0070402171069122
885	3696	0.00704155120940033
-10654	-11809	0.00704857022670027
-485	-620	0.00704877450150639
-6924	2376	0.00704903226737697
-6955	1568	0.00704944402994751
-6508	-9619	0.00705609442471762
-2674	-11167	0.0070573307059364
200	446	0.00705878117941122
-1431	-6636	0.00706339875058786
865	1113	0.00707791534657258
-4931	1536	0.00707979323706228
2355	3479	0.00708108675771957
-8870	-9010	0.00708267498155877
1589	1640	0.00708478531242438
381	2635	0.00708550854393626
-9771	-10337	0.00708787415998551
-129	-5249	0.00708811778166752
-1959	-2639	0.00709004448077618
-7252	-10653	0.00709274006767243
-5984	-8168	0.00709597448689644
-1742	-6534	0.00709964813580533
-9961	-11207	0.00710268586622673
-4268	-6396	0.00710283199107466
-4294	388	0.00710599722207065
-8308	2805	0.00710759463605838
-8845	2239	0.0071079047279875
1976	2819	0.00711429513859204
-5036	-9588	0.00711757340607894
-4054	-10943	0.00711848417184303
-2526	2308	0.00711883101483626
-10906	2954	0.00711905770473368
1645	2371	0.00712029658237994
-5057	-7594	0.00712055105911861
1681	3306	0.00712315289967398
1155	2660	0.00713080766182253
-4437	-10496	0.0071329765338727
-5186	2550	0.00713452238525428
-10398	-11837	0.00713587778036997
-9592	2983	0.00713588098281244
-8749	-11283	0.00713660443498193
-7686	987	0.00713867762382547
-5723	3076	0.00713959640534821
-2498	-6980	0.00714267880645815
-9830	3687	0.00714279476923569
2036	3022	0.00714650217386083
1512	2292	0.00714721243466851
-6645	-8037	0.00714802874014768
2287	2989	0.00714880730720048
-1635	-7674	0.0071497021438628
-2559	-3679	0.00714984648804178
-3966	-6493	0.00715042821146805
1158	3033	0.00715379299678533
-10218	3232	0.00715599276480075
-6024	-9408	0.00715786404039586
-204	-9184	0.00715828274609329
-6336	3384	0.0071583976064029
460	1337	0.00715954863994603
-17	-451	0.00716038060859735
-3829	-9745	0.00716173025875779
1878	2030	0.00716244187775407
-6326	2396	0.00716257702858861
1663	1884	0.00716320894936883
-8402	2022	0.00716533663509509
1324	2764	0.00716715872091597
-2946	2809	0.00717226054945063
58	3300	0.0071738415363872
1197	2106	0.007175018480705
-8860	2729	0.00717770620563328
-3337	-8918	0.00718359976880774
-2631	-3841	0.00718399670554864
-1113	-8350	0.00718490069537771
1547	2138	0.00718606450580656
-8429	-8606	0.00718985422183159
-3825	-7133	0.00719100863715373
-6265	-10878	0.00719875856415882
-6539	3138	0.0071989676251495
-9654	500	0.00719902386785378
-7729	3201	0.00719909209519622
-4667	-8799	0.00719994181561735
-7448	2941	0.00720003349986826
-9963	-10873	0.00720163867214286
2500	3324	0.0072018350372581
-2551	2571	0.0072069623524251
-8142	3205	0.00720936145491992
-8596	3775	0.00720937314292663
1605	3361	0.00721133481519087
2055	2637	0.00721538658956258
-3013	289	0.00721958209846665
2208	2770	0.00721991979376868
-4953	1220	0.00722028695041228
1366	1677	0.00722080292936473
-9279	-9532	0.00722287300767536
-6257	3130	0.00722393817750366
-335	-4002	0.00722528682921551
-9419	-10541	0.00722804204322505
-11430	-11856	0.00722867238899434
-3058	-11303	0.00723013903113094
1386	2714	0.00723347971024998
829	1528	0.00724387973561087
1808	2031	0.00724741367334154
-7214	-10863	0.00724954403590101
-6625	-9968	0.00725536840549733
2514	2563	0.00725584391833482
-10124	-11602	0.00725626612077638
-7452	-7585	0.00725833271229348
-1775	-4159	0.00726115357916268
735	1899	0.00726137609107049
1908	2345	0.00726232435064
-5304	3653	0.0072627138560029
1874	2381	0.00726372718548609
-10416	2774	0.00726422881584786
-7014	2067	0.0072656783144784
-5185	-9365	0.00726735210026062
-717	2526	0.00726766530865237
-10976	3640	0.00726786692375057
-8716	-9269	0.00726817314409845
1187	2033	0.00727203924653378
-8327	3309	0.00727372619641835
-9256	-9770	0.0072745459231614
2420	3106	0.00727655115276296
1483	2855	0.00727868186272922
-8564	3037	0.007279221935754
1594	3312	0.00728225357522176
-5299	-10258	0.00728285196442191
-10915	-10953	0.00728330733075459
-5524	-9395	0.00728409614896806
350	3200	0.00728506303778192
-8914	-9603	0.00728697424193593
1979	4128	0.00728754259948401
-561	-3313	0.00728843940335575
-5044	-9706	0.00729389036325921
1935	2288	0.00729406371181273
-4095	1914	0.0072979236602858
-9495	-10509	0.00729944182850242
-7716	2047	0.00730066751271934
-3461	3091	0.00730145393024646
-8768	-11839	0.00730186117915786
2658	2674	0.0073031944609992
-2170	-6549	0.00730341044320385
-1444	3724	0.00730371138060409
-3110	-3873	0.00730540456602606
-5399	-5972	0.00730910050691974
1576	1584	0.00731176266002543
-1508	-6119	0.00731295168541408
2343	2663	0.00731372463543846
-10451	-10985	0.00731665696185745
-981	-1993	0.0073166663796112
-3254	-11107	0.00731808880200679
-8092	-10297	0.00732221343534236
-6748	-8324	0.00732448985441263
-9259	-10015	0.00732638105422212
2008	2273	0.00732666182065412
-5357	2467	0.00732915131180879
1101	2006	0.00733022564101842
-10293	-10822	0.00733315063400743
-2217	-4860	0.00733512863841409
1473	1501	0.00734266166833136
-11072	-11138	0.00734578175422472
-3787	-7420	0.00734725034516106
-3781	3757	0.00734828718111486
-6385	1915	0.0073485950477546
-916	-4630	0.00735162225092073
-7689	2583	0.00735246723470921
-1199	-7785	0.00735366216558241
-5454	2688	0.00735429213954215
-2497	-7103	0.00735651326346102
-4772	3051	0.0073565994347095
-5277	-7570	0.00735739362819614
1410	1925	0.00735755749051609
-8890	2226	0.00736020040788094
-8363	-8895	0.00736089965191852
1867	3882	0.00736204228582517
-7037	-10127	0.0073663205992592
1570	3346	0.00736685327696988
1308	2945	0.00736915145312343
1382	3670	0.00736982260960484
2353	4057	0.00737151435658969
-154	1910	0.0073739678923514
-9718	2011	0.00737718598208471
-10392	-10897	0.00737855708861427
-7774	2915	0.0073799184809552
668	3398	0.00738318009306006
-1057	-5332	0.0073832394278863
-567	-9277	0.00738941325992501
-7622	-8623	0.00739103810883023
-9273	-10359	0.00739164807585841
-1157	1059	0.00739245332672028
-10756	3675	0.00739504038673087
-5964	-7328	0.00739823878610206
-5915	-6155	0.00739890783520512
2765	3931	0.0073991763413121
-8628	1175	0.00739920488022521
-1499	-6041	0.00740023534555071
-6661	-11382	0.00740227691171208
-4783	-7485	0.00740414406664262
-8128	2880	0.00740742039853536
-10130	-11733	0.00740848395796692
-6511	3751	0.00740895656525054
-8286	2657	0.0074094562731396
1270	2808	0.00740953617815202
-278	-6393	0.00740986652305297
-990	-8888	0.00741229524474173
-10038	3230	0.00741529934757698
-1611	-3863	0.00742095348837151
-5944	-11716	0.00742116509432371
-3688	-4954	0.00742405278756846
-9146	2679	0.00742498454561739
-8003	-8357	0.00742772175259345
-9634	1494	0.00742918056675612
-3279	-7627	0.00743226908602276
800	2481	0.00743259575270388
1227	1975	0.00743341123066391
-7781	1430	0.0074345456996051
-7192	3875	0.00743518131476448
844	2349	0.00743570786788905
-11214	2250	0.00743603260210647
-3610	4063	0.00743642976629197
-8801	3682	0.00743685624577384
-5770	-7436	0.00743838312749064
-6718	-11296	0.00744380509229174
-5380	2845	0.0074444515347872
-2621	-5671	0.00744495119115128
-1902	61	0.00744665881777368
-1271	-4403	0.00744841347945121
1823	2042	0.00745004472004147
-10111	1753	0.00745134560105135
3339	3603	0.0074519813996006
-7557	-11620	0.00745283402287952
-2750	2524	0.00745631047540964
-4999	-8652	0.0074583732946544
-6812	-10581	0.00745864151378265
-6438	-9997	0.00746001503143813
-9533	2357	0.00746048104770222
-11221	3173	0.007461477754307
3067	4037	0.00746247783268186
-709	-8222	0.00746372978139726
-2490	2086	0.007463967353347
-1454	-1480	0.00746630621255189
-7838	-10655	0.00746692887810918
-483	-3336	0.00747298655337155
-3003	-4396	0.00747473266420151
2160	2964	0.00747629430237398
-1315	-6245	0.00748094750215397
-10569	2603	0.00748345457854517
-1032	-1821	0.00748635374478084
-3232	3539	0.00748952115845574
1323	3099	0.00749168135064295
811	2408	0.00749182956307335
2231	2351	0.00750031084158103
-10691	778	0.00750133532789623
-7321	2750	0.00750226048839583
1105	2135	0.00750546416108312
-9112	-9672	0.00750742181094769
-6465	-11507	0.00750780860212252
-5152	3164	0.00750819619828656
-7195	-8431	0.00750824787385192
-8061	-10494	0.00751089047728651
1942	2591	0.00751809632945938
-6125	-6152	0.00751841381334658
-3007	2002	0.00751879096821008
-325	3987	0.00752179328993476
-11109	3421	0.007526628809238
-4261	-7618	0.00752880568487085
-4362	-8843	0.00752902089325766
-4322	-8383	0.00753377417220753
-5602	-11514	0.00754271165742438
-2279	3922	0.00754284391424184
-4546	1648	0.00754501887700433
-10307	2804	0.00754546855564116
-9595	1952	0.00755072683715263
-5651	546	0.00755106544645287
-5742	4241	0.00755915254976484
-2840	-7921	0.00755941745596312
-384	-2250	0.00755950866461638
2642	3387	0.0075614269463492
-11143	2718	0.00756217928028608
-8273	2358	0.00756331478483092
-9827	-11532	0.00756786344096006
-2818	-3630	0.00757135979646329
441	3190	0.00757340000257168
-557	-7479	0.00757798122841947
-3076	-6631	0.00758105601880992
-758	-2155	0.00758468298229216
-5973	1558	0.00758673667137709
2561	2727	0.00758847287052022
-638	-4209	0.0075887864702852
-7829	2128	0.00758902170859276
-5999	-10977	0.00759006652297893
-3960	3608	0.00759155524961611
-3359	2799	0.00759156480555597
-155	-6473	0.0075998677640913
-7995	-11160	0.0076005912061843
1265	1692	0.00760960326483136
363	1428	0.00760977957406601
1499	3379	0.00761040891473969
-8961	-9424	0.00761073873179696
-7032	-8932	0.00761094320210946
-1739	2014	0.00761115413310253
-2723	326	0.00761416713338788
-967	-1165	0.00761631538529155
2241	3488	0.00761779404747321
-5542	-8550	0.00761804332241485
1448	4190	0.00761896069649545
-10565	2562	0.00762313333439481
-3412	-8676	0.00762640730100299
-7188	2680	0.00762782015042129
1630	2091	0.00762881288061378
-6014	-11411	0.00763054143466268
-3660	-4306	0.00763369091700939
1712	2121	0.00763706153090195
-491	2851	0.00763747826123537
-2222	-8971	0.00763783213927513
-7924	-10060	0.0076379960661747
1439	3004	0.00763932087058932
1679	1705	0.0076422969152995
1148	3137	0.0076434395423294
-9403	-11701	0.00764777774718566
-1897	-7521	0.00764971875856659
-6012	1300	0.0076544178228335
881	2491	0.00765514363944508
-9880	-10615	0.00765758068006159
-3959	-8837	0.00765895494303101
2538	3407	0.00766876364098036
-6321	-10235	0.00767118930440072
-4986	-9072	0.0076723871399713
-7590	-10237	0.00767626037161868
-3281	-6105	0.00767706746208448
-9369	980	0.00767938820408421
-5856	3864	0.007680864240031
-651	-5442	0.0076818777109545
2433	3141	0.0076819920886306
-10972	2210	0.00768557471391932
2613	2798	0.0076879162767084
-6418	2707	0.00769194145800626
2417	3054	0.0076947407986269
-10994	-11718	0.0076998390892261
-3295	-5408	0.00770120542251393
-9800	3736	0.00770122650800573
-8615	-9077	0.00770266199994474
-6691	-8314	0.00770724171712506
-3629	-5193	0.00770958863263568
-1380	-7575	0.00771148648995014
1667	2311	0.00771171580960491
-2103	-9740	0.00771258663950406
-10402	1620	0.00771283496393157
2655	2891	0.00771439433030331
-2917	-9015	0.00771734177095151
-3505	-10738	0.0077210622327256
-9902	2429	0.00772227494505507
-6063	2847	0.00772995263191794
-5319	-9584	0.00773002352693553
-7632	-11846	0.00774063016633021
-7018	3779	0.00774078852190173
-3134	-4121	0.00774114618213209
-2301	3209	0.00774451910448607
-2504	-5963	0.00774643204607722
-5900	3417	0.00774892994531896
-6860	-8241	0.00774928511074773
-698	-6036	0.00775598765465335
1358	1826	0.00775752163799828
-9356	3646	0.00776321874812936
-6832	-9463	0.00776597107825366
-3109	4016	0.0077683900970203
-5725	-11157	0.00777077629440989
3498	3831	0.00777230634789203
-9484	-11651	0.00777259700708135
2032	4121	0.00777598333432306
-10087	3703	0.0077787917996778
3077	3548	0.00777983127028186
2721	3373	0.00778869197243679
-3132	-10636	0.00779119521366052
962	2469	0.00779120164338116
-5883	2095	0.00779413210964877
-3949	-10670	0.0077965328391139
1317	2263	0.00779926611860002
-720	738	0.00780069872592857
-494	-6916	0.0078114558579147
-1542	-6332	0.00781157703741329
-288	1322	0.00781709340092199
2783	3199	0.0078179200887891
-7760	3855	0.00782101115141505
1108	2801	0.0078245890231644
1733	2220	0.00782730125656644
-8113	2790	0.00782734663331403
1913	3835	0.00782900241515023
-1162	-6352	0.00783124094873504
-7732	2040	0.00783249869388489
2076	2255	0.0078326690781586
514	2303	0.00783923196928884
2088	3362	0.00784072738126212
-865	590	0.00784527040763523
-9725	-10801	0.00784675664228226
1890	2442	0.00785074280375469
-5276	3793	0.00785611077295678
-3943	365	0.00785650890629415
-3638	3677	0.00785703020600765
1048	2971	0.00785970770397193
-9668	-10125	0.00786166765994136
-11119	3282	0.00786273488816266
-2004	-7239	0.00786329139360383
-467	-5296	0.00786936724711373
2621	4155	0.00787342486279493
-8260	3877	0.00788060307647979
-10096	2955	0.00788257614110902
-4490	-11515	0.00788362995228415
2364	4252	0.00788698219230812
-4539	-9560	0.0078893202124164
2754	3406	0.00788997073673488
-10656	2347	0.00789079048324684
-3716	2822	0.00789092554078504
-6566	3747	0.00789314819862151
-1447	-5356	0.00789626187616209
1938	2545	0.0078968274311871
2517	3962	0.00789720185761832
-7998	-8378	0.00789919618561445
-7925	3066	0.00790061750203219
-10621	-11823	0.00791617509226919
-3256	-5724	0.00791794826054175
-3798	-9620	0.00792705974370674
-10000	-10652	0.0079308263522041
3168	4011	0.0079327036105224
-6795	2950	0.00793366738417032
-3005	3458	0.00793377570566304
2462	3241	0.00793443673015101
-198	3197	0.00793526977407674
-6992	3243	0.00793762676471814
-10664	-11010	0.0079378196476047
-6808	-11351	0.00794039102017689
1608	3375	0.00794307359079923
-7291	3094	0.00794573199259816
-406	-5799	0.00794838557931662
-10506	-11087	0.00794949334514122
1961	3837	0.0079498919167249
-5652	3502	0.00795015405355792
3032	3537	0.0079522517780493
615	3214	0.0079537042284422
-6538	-11302	0.00795547752478891
1215	2708	0.00795642696239908
-1922	2818	0.0079593023271983
-275	-419	0.00796150815537706
3402	4081	0.00796208656074068
-7170	1241	0.00796367568690855
2065	4135	0.00796412830343753
-9948	2730	0.00796419685175209
1881	3438	0.00796943252324746
2020	2023	0.00796977761062544
-4338	-6480	0.00797244696222856
-308	-10152	0.00797585362881313
-1009	-1661	0.00797750679259105
-5533	-11205	0.00797911750966344
-220	2313	0.00798214076079295
1138	2449	0.00798449303807762
-6569	-10779	0.00798605786851678
1199	3908	0.00798762553194216
-5325	3233	0.00798788166084438
3041	3729	0.0079882023162697
3017	3896	0.00798883602568454
-4382	3289	0.00799188687300451
-4328	-4801	0.00799370396191334
-5561	3246	0.00799387270851811
-6113	-7142	0.00799784366583754
-3486	2236	0.00800244244432455
2054	3520	0.00800280575674747
-3512	2878	0.0080090440358299
161	2789	0.00800958450445255
-10955	4213	0.00801230147980384
2134	3216	0.0080142155907286
1741	2965	0.00801720781192331
-9892	-11838	0.00801731361683393
-4532	-11344	0.00801814402519783
2297	2997	0.00801818539989508
-11145	-11152	0.00801938749327568
2541	2835	0.00802122158339764
1847	2452	0.00802386449570554
2377	3544	0.00802642428823071
855	2933	0.00802690929866588
-2823	-7415	0.00802720462237255
-3388	-6517	0.00802865151327955
1034	1814	0.00803072414630031
-1572	-6048	0.00804348594652543
1997	3219	0.0080454272696249
1418	1771	0.00804946974029046
-7713	-10562	0.00805001122759415
-5317	-9889	0.00805176989599239
-6088	3429	0.00805340564141723
1768	2923	0.0080535217169785
2202	3462	0.00805415253551659
-4025	2849	0.00805495636185081
2170	3620	0.00805693571887449
-9769	-9843	0.00805716430052936
3366	3442	0.00805885585187435
-3228	-6988	0.00806146640950716
-9795	-9931	0.00806482723622574
714	3129	0.00806599149172431
1154	2143	0.00806809402070265
-4120	-6445	0.00807058193765885
-4254	2234	0.00807255347598732
3131	3673	0.00807330983614167
-5225	3808	0.00807415164077934
3503	3760	0.0080775995755978
1759	2390	0.00807906568553802
-4958	-10918	0.00807933842423076
-738	-1867	0.00807944004380612
-7008	3178	0.00808003958941957
-2290	-5809	0.00808163603684574
-40	4574	0.00808252526616038
-4449	-7540	0.0080825497218233
-4300	1045	0.00808259877451267
247	1157	0.00808472520806179
-1890	-2130	0.00808586477622805
-504	-9252	0.00809036254306674
-10860	-11771	0.00809037484326373
2976	3475	0.00809704281219891
-2228	3371	0.00809862326692684
1676	3310	0.00809864692771128
574	2257	0.00810057891913018
1839	3285	0.00810221678359488
-10830	3774	0.00810446617455347
-7542	-9066	0.00810509952318779
-4211	2626	0.00811004342102705
1809	3758	0.00811206552972952
-5740	-10259	0.00811323376330167
-11518	-11759	0.00811506425425076
-4664	2218	0.00811588329456472
-6231	-6323	0.00811685009091838
-112	-6621	0.00811798394925869
-6684	-9100	0.00811879839585185
-10538	1052	0.00811946042810966
3045	3048	0.00812021765273125
-8756	2942	0.00812744501714996
-2624	-5419	0.00812759623162936
-9241	2914	0.0081329637963906
-11622	2504	0.00813840034760837
-6074	4305	0.00813971129057682
-5771	-9627	0.00814132670749239
-2395	-6711	0.00814604326765606
-6560	2101	0.00814616740337314
-8329	97	0.00814655929597632
-2191	-6791	0.00814768392420125
-9302	-10555	0.00814861942361198
-6616	-8392	0.00814959469118326
-4822	-10547	0.008153986776414
1977	2743	0.00815409847927442
2186	4019	0.00815476471079937
-3225	-3286	0.00815501469490976
1702	2477	0.00815926616779893
3265	3495	0.00816364251686506
-1972	-6810	0.00816657845138252
-11162	2340	0.00816726096146214
1921	2683	0.0081674508218285
-9565	-9646	0.00816801984559474
1618	1720	0.0081681437296986
-4713	3709	0.00816997444388995
2681	3722	0.00817102999570976
2528	3602	0.00817204126080758
-11037	3616	0.00817362138424873
-9621	-10159	0.00817482640493348
986	1530	0.00817664165156398
613	1086	0.00817729010912788
-4386	-9909	0.00818224972321069
2159	4093	0.00818284464400484
2070	3397	0.00818429983951741
-6157	-10201	0.00818506729874144
-1929	2700	0.00819524625463437
-8430	1991	0.00820045180226717
1136	1250	0.00820115266572387
-6498	-10191	0.00820374060859969
-5479	-7259	0.00820663646530081
-7231	2623	0.00820948573550801
-6596	3874	0.00821090704492988
1786	2497	0.00821138447650922
2702	3297	0.00821189249378794
-10673	-10796	0.00821518237633869
-10058	2112	0.00821784948245124
1219	2567	0.00822041761021067
-6005	-9242	0.00822061734019214
-7473	-10422	0.00822205626168075
-11200	4045	0.00822589085623282
1946	3337	0.00823391931585832
1622	2928	0.0082384239655354
-724	-790	0.00824363656714017
-5548	-10010	0.00824393362820735
-1588	-10180	0.00824555230408073
-9206	-11400	0.00824784328855109
2398	3859	0.0082491087552564
-8069	251	0.00825661895726531
-2655	-10109	0.00825728945757207
-458	-5540	0.00825915223564255
-9808	-10872	0.00825925997644553
-6674	-6840	0.00826620841812213
-2028	3283	0.00826647539818256
2057	2431	0.00826692611110029
-11223	1144	0.00826749380949785
-5727	3799	0.0082691582555987
-2949	-5425	0.0082692548335992
-258	-5623	0.00826962844904812
-997	-1064	0.00827328904290827
963	3123	0.00827751555803883
-3931	-6793	0.00827849965211945
-2232	-3513	0.00827991353645476
1419	4004	0.00828012149324071
-9562	2831	0.00828057193853605
-6585	3531	0.00828436083217363
-7249	2488	0.00828569217324535
-3705	-8141	0.00828576147797423
-8942	3672	0.00828806477514767
1479	4232	0.0082888925383314
-2857	3614	0.00829049384285431
-7609	2493	0.00830078757787695
2643	3782	0.00830458964608079
-1204	2747	0.00830468947570853
-7011	-9866	0.00830524874271158
-8764	-11369	0.00831045005378686
-9835	2531	0.00831056891919573
2503	3260	0.00831168366352126
-91	3322	0.00831235162904105
-9977	3567	0.00831751760359183
-9354	-11768	0.0083185958880328
1806	3601	0.008318932758649
-10245	-10752	0.008318969865025
-3372	-8702	0.00832099998265637
-10045	2766	0.00832143439063924
-5052	2908	0.0083242061400689
2009	3132	0.00832442714542761
3446	4380	0.00832687912369614
3021	4276	0.00832872356505039
-9411	-10323	0.00833165816814479
-9143	3773	0.00833291478561337
-5821	-7193	0.00833576773288588
-4158	-9500	0.00833743259160975
-5769	-5950	0.00834062853449955
-9005	4131	0.00834316222955492
-828	-7054	0.00834519343391735
-11018	-11829	0.00834857682293056
-5940	2634	0.00835283498113536
1573	2494	0.00835316428747116
2860	2896	0.00835415191471129
-10460	-11447	0.00835828624670321
600	2356	0.00835957095749764
-11526	3939	0.00836201102213545
1392	2895	0.00836492281865058
1873	2414	0.00836616835433294
884	2996	0.00836619630361528
-1063	-8058	0.00837164626822135
-820	-9164	0.00837251532032965
-7082	3572	0.00837504504623096
-9294	-10338	0.00837592464543197
2922	3505	0.00837967884759518
2027	2823	0.00838133427602028
1974	3078	0.00838318396696638
2244	4520	0.00838426107697114
2190	3217	0.00838664989620938
1563	2968	0.00838784979348354
-3677	-10187	0.00838822077049824
-2344	3435	0.00838857483173525
1516	1883	0.00838880254265524
-6650	-7107	0.00839205021124866
-847	-1252	0.00839370705592536
1700	2286	0.00839532071531689
3281	3453	0.00839655806558524
-8607	2560	0.00839978970628261
2516	3686	0.00840034968282974
-5517	-6526	0.00840081989010692
-376	-4420	0.00840635042621873
2403	2913	0.00840764394062123
-7191	4095	0.00841363284999678
3744	3910	0.00841657921101351
-9434	2769	0.00841832524573737
-3339	-7042	0.00841880890590202
-716	-4313	0.00842471818616532
-8705	4385	0.00842655824554721
1583	1591	0.0084268869491901
-5730	4325	0.00842857625709045
-6132	-6241	0.00843152161064813
-7500	-7654	0.0084357936202969
-5711	-7869	0.00843798557135541
-9438	-11203	0.00843871910483331
-10540	-11473	0.00844034765767406
-6087	-6317	0.00844113103418907
-10952	1462	0.00844400569798879
-2472	-4744	0.00844724895972435
-6715	-8824	0.00844889248184425
2389	3739	0.00845007368738983
-9883	2342	0.00845100479148285
2753	3911	0.00845411421427564
-1207	-1213	0.00845814353569942
-9038	3659	0.00845996352405591
795	2988	0.00846040791013968
-8601	-11764	0.00846442125404373
-9251	-9936	0.00846556652959474
-563	4217	0.00846818909545199
-300	2731	0.00847501424525876
1871	2549	0.00847574682445531
757	1511	0.00847720516219054
-10075	3176	0.00847954642042092
1581	2475	0.00848331819106128
-1149	-8822	0.00848334173590941
-3311	-8136	0.00848449382105449
4184	4366	0.00848779597240615
-9628	3372	0.00848942083481021
-11326	-11834	0.0084935838602019
-4545	-4656	0.00849849368260149
-1934	2820	0.00850253990499228
-5415	3636	0.00850532644049884
-7341	2929	0.00850962001181388
-4259	-4714	0.00851212154980243
-7962	-11136	0.00851375191306411
1509	3142	0.00852059900172272
2064	3494	0.00852543900302027
-5791	-10371	0.0085256201208719
-6477	-9824	0.00852732985884841
-2900	-5353	0.00853220682305112
-4258	-5243	0.00854128789152632
-507	1711	0.00854414763406921
1665	3852	0.00854855640756736
-1190	-11081	0.00855017333307059
-5541	3383	0.00855280431575371
-4623	2066	0.00855314661942878
2921	4034	0.00855649189185104
-7450	-11755	0.00856045331031213
2432	2827	0.00856076653292376
-1906	-7134	0.00856555875503481
-7549	-8167	0.00856702907407262
-156	3555	0.00856742907728589
-9226	3336	0.00856789780301767
-7476	3824	0.00856957990323869
1760	2513	0.00857465591120205
-2947	-7809	0.00857558298506775
-5638	2852	0.00857609065097634
-5715	-10407	0.00857778992351647
-262	-10601	0.00857914118954252
4168	4359	0.00857957319120638
-9069	3480	0.00858244284616017
-3850	3126	0.00858365892152137
-5909	-10213	0.00858641808354567
-2669	-4024	0.00858705081561087
-11323	3179	0.00858712579139091
1650	1994	0.00858896645645212
-4760	4602	0.00859034770909092
-2630	-4855	0.00859311319645301
1832	4075	0.00859393995525137
-5556	-10013	0.00859458635978403
-5054	2411	0.00859554077134256
-5457	-9760	0.00859806828642664
2322	2771	0.00860193869721742
-8605	2779	0.00860453334027123
2859	3576	0.00860528549043423
3256	3331	0.00861282534461855
-7443	-7586	0.00861287388589042
-33	-9650	0.00861527571025032
-2924	-5526	0.0086165957246716
-10968	-11271	0.00861683098634853
-1202	3550	0.00862016964190381
2898	3828	0.00862047880199208
-1395	-3806	0.00862165326580732
-5768	3713	0.00862266710781993
-7944	-7978	0.00862642127374288
1634	2690	0.00862678401651268
-2384	-9964	0.00862736379710455
-267	-742	0.00862967873241357
2739	3419	0.00863242843198789
3213	3292	0.00863421503678312
3755	3819	0.00863629779166084
2266	3698	0.00863966449340401
1319	2692	0.00864113047553003
-124	-10579	0.00864435957421616
-3888	-9729	0.00864483051220698
1276	1996	0.00864505048653805
415	4159	0.0086466181892585
-8226	-10114	0.00864730340442253
1696	3714	0.00865385124013177
-2855	-9001	0.00866926625947124
-10644	3641	0.0086699037004525
-2225	-2408	0.00867050270294579
-6777	-11069	0.0086776854464092
-5087	2829	0.00867846887651291
-3045	-3136	0.00867865725640499
-1778	-10559	0.00868151956168138
-5386	-10021	0.00868614974823737
2421	3697	0.0086869626912452
-8132	1557	0.00868704255362747
-10929	4422	0.00869119196869109
-8539	-8940	0.00869391435429816
2181	3642	0.008694015438975
-4993	2122	0.00869556551977315
-7902	-11293	0.00869597955968426
-2273	3083	0.00869813367552513
641	4224	0.00870080330062525
-1333	-4412	0.00870137965909819
-7656	-11121	0.0087028280100879
-7737	2463	0.00870554321411001
-7344	-10762	0.00871076452269225
3170	4318	0.00871529734197108
-6706	-9577	0.00872438239522303
1617	2881	0.00872460370812005
-9003	2416	0.00872759601208321
-9118	-11058	0.00872932338232488
-5663	2578	0.00872993700282217
-3709	-10177	0.00873239322733295
-9537	-10164	0.00873368475443111
2072	2978	0.00873926670702449
301	3481	0.00874090034477206
-4570	2368	0.00874167938039584
2203	3325	0.00874507114478971
-2720	-6895	0.00874546274383473
-655	-3766	0.00875324280699436
-4384	2749	0.0087541640256757
-7503	-7658	0.00875511088129748
-5066	-11358	0.00875582082523565
1472	2228	0.00875620397195347
-3696	-7616	0.00875798491150381
-955	2116	0.00875824104855497
3278	3778	0.00875847636408396
3977	4056	0.00876121756054576
-1886	-6117	0.00876138679657869
2629	3664	0.00876180728579633
-4466	2000	0.0087684049466866
3153	4537	0.00876873509543376
-2006	4189	0.00877950160692345
3460	4616	0.0087801331478311
2125	2893	0.00878750167537594
1341	4185	0.00878899040890251
3762	4464	0.00879820385648268
-2111	3228	0.0087988071071599
2051	3611	0.00880162301686895
3598	3955	0.00880163058554394
-2522	-11073	0.00880626537156328
2712	3594	0.00881224797040333
765	3807	0.00881664983346122
-1797	-7551	0.00881781263562443
-10832	-10847	0.0088235266332759
-1870	-3404	0.00882455330870563
-71	-427	0.00882471917228052
-11482	3535	0.00882810520070793
1384	2647	0.00883124265214957
-7971	2792	0.0088319994119655
-10119	631	0.00883460313334364
-9053	1409	0.00883507416540121
-10770	3277	0.00883669384100167
3471	3667	0.00884106401226498
1313	1841	0.00884226197631448
-3478	-9271	0.00884566465709558
1844	2118	0.0088459972624147
-2726	-10448	0.00884693314538684
-833	-6191	0.00884701662297264
-10517	-11540	0.00884781399037901
2768	3754	0.00884813775395073
2645	3872	0.00884908051928436
-2428	4497	0.00885095258037271
-4940	2443	0.00885252753165279
-10626	4197	0.00885416510959552
-3881	-4711	0.00885889689196565
729	1396	0.00885962622921436
-2029	-5527	0.00886883218820203
-6699	-8492	0.00886985328583554
107	3404	0.00887105221276827
-6052	-8400	0.00887131471438377
3181	3490	0.00888063081820603
-1074	-5643	0.00888211094852694
-4865	-10545	0.00888553106326543
3561	3585	0.00888796225008462
-783	2581	0.00889466762148662
1882	3225	0.00889501016312856
-9538	2574	0.00889620810228674
2224	3798	0.00889646487064428
2482	2934	0.00889714982560174
-3954	2857	0.00889741030811096
-385	-7177	0.00890180552534544
971	2289	0.00890246721990243
-6033	3813	0.00890468178001445
-16	-3331	0.0089071600190222
-10988	4637	0.00891116030183814
2007	2385	0.0089113469507827
-3096	-5254	0.00891318983496876
3115	4117	0.00891429680308674
-1260	-4851	0.00891565829935816
941	3135	0.00891601206832291
2435	4460	0.00891892306301531
-972	-7339	0.0089225305856272
-5969	-10721	0.00892458615741569
-8995	4579	0.00892777931723402
2206	3117	0.00893023562925038
-10556	3359	0.00893138307803707
-10184	-10209	0.00893789613855147
-3682	3869	0.00893936936966873
-4032	3493	0.00893941415726838
-5892	3581	0.00894203886859353
-3532	4161	0.00894220731426815
-11202	999	0.00894396471102038
-5423	-5853	0.00894525429121574
-11390	-11464	0.00894701265868629
-1796	-7470	0.00894740111967037
-2594	-9460	0.00894779385099454
-1479	4582	0.00895250345547458
2378	2468	0.00895341248692152
3128	3905	0.00895432083516327
-755	4711	0.00895602588470306
-11100	-11512	0.00896358396938965
3120	4330	0.00896856884798307
-1593	-7027	0.00897088278510924
-2523	-10314	0.00897274144477485
-8917	1436	0.0089735446485968
-6054	-7599	0.00897533035277186
-8256	2927	0.00897919869490304
2839	4566	0.00898146311043809
-1732	-11529	0.00898760753856187
-8906	2580	0.00898875491443841
-5387	-6032	0.00899119018852843
-5851	3500	0.00899519816694281
-10384	3358	0.00899819006292302
-10572	2568	0.00899901146150624
-1011	-1730	0.00900346659903161
1527	3349	0.00901046396646203
206	2861	0.00901052125570204
-1197	-9677	0.00901204405170268
-5233	3662	0.00901478016557999
1490	2981	0.00901745260577717
2367	3273	0.00901929647780632
-1860	-2500	0.0090217792841203
2460	4674	0.00902430546047353
-1834	-5509	0.0090245815822906
2740	3933	0.00902533240437668
-9167	4051	0.00902546005628395
129	3049	0.00902557059988055
3431	3870	0.00902867592631674
-6914	3590	0.00902990419222263
-3747	-7241	0.00903010475937774
1335	2673	0.00903200173700573
2590	2760	0.00903411952955454
-5214	-10190	0.0090341989818983
-4193	3227	0.00904057522475531
1389	1978	0.00904361212454946
-7983	-11754	0.00904482882536193
-1864	-3648	0.00904587116803336
-4604	2158	0.00904610364457867
1466	2920	0.00904651771246182
-3393	-7915	0.00904761511584519
-9169	-10194	0.00904858784333419
2900	4244	0.00905049029976595
-4737	3408	0.0090506482032676
-7707	3718	0.00905648135702899
-6379	3145	0.00905756269532901
-2489	-3235	0.00905834331576935
-8041	-11432	0.00905911493783615
1880	3378	0.0090595391235956
-7102	-11392	0.00906050606872538
-8332	4716	0.0090608535441673
-10979	-11783	0.00906547155367367
-9215	3794	0.00906876702654931
3693	4690	0.00907381316467764
-424	-6252	0.00907399587530073
-208	-235	0.00907621754625886
2715	3918	0.00907739617315555
-398	4743	0.00907934471943482
-5887	-6605	0.00908037257765838
-1317	-3938	0.00908114080772422
-1524	-4571	0.00908215686963913
2485	3857	0.00908258512270577
-7837	1368	0.00908352129791412
2684	4439	0.00908402022737599
-11639	2825	0.00908410901181142
-1768	-6255	0.00908429885523094
-2427	-8710	0.00908538345719999
-8894	-8929	0.00908620632886843
2124	4362	0.00909003807456101
-134	-3267	0.00909462649634715
-439	-8080	0.0090976518649253
-10080	3525	0.00909797675267261
-8507	4822	0.00910228030860813
-1827	-2838	0.00910598637376778
3320	4094	0.00910701160657121
-9197	-9622	0.00911218018311346
-5834	-11547	0.00911473787021293
-10144	3161	0.00911656457194119
-3930	2834	0.00911784746165198
-10950	4266	0.00912023882018425
-9449	3527	0.00912070448626318
-515	-4726	0.00912528637562846
-9401	3596	0.00912552369816947
2148	2333	0.00912915169140805
-8625	3734	0.00912966747653833
-7688	-11468	0.0091316070299214
2701	2910	0.00913377926514506
2092	3508	0.0091393813182498
-7917	-8970	0.00913957506186348
-7860	3268	0.00914061683269813
-6745	-10836	0.00914408840733668
3556	4413	0.00914518749448938
2215	3592	0.00914585401987367
-10561	2926	0.00915220532947536
-9698	4548	0.00917098019066424
-4960	4199	0.00917131321750646
3689	3956	0.00917860576247257
-8668	3806	0.00918376796162795
2570	4412	0.0091846827324042
-9908	-11355	0.00918774949741124
-3913	3030	0.00919157250231226
-1545	-4885	0.00919523051405019
-9291	-11345	0.00919880938815309
-3074	-5434	0.00919888331605616
-10002	-10477	0.00919940924568748
-10151	-11574	0.00919971960218388
-9107	1218	0.00920340764801327
-9353	2048	0.00920535489060628
-5775	-9444	0.00920608251202409
-11206	2952	0.00920741319420277
-1971	3784	0.00920822337465117
-8560	-10746	0.00920995631118861
-7115	-9034	0.00921075715569141
-6313	4531	0.00921359741635349
-3821	3001	0.00921506209231441
1827	3809	0.00921603445888324
-7399	4114	0.00921626185771288
2961	4476	0.00922321291720361
890	2041	0.00922441129022832
3705	4139	0.00922638520347557
-3219	-9037	0.00922788292155907
-9409	-9596	0.00922895762188219
-6455	3087	0.00922908354333879
-9744	-10659	0.00923144371997987
-10550	-11361	0.00923171785599977
-8840	-11051	0.00923217920710585
2682	3645	0.00923261566609326
2537	4109	0.00923594456286848
-10354	3160	0.00924015738185937
1370	3728	0.00924335206399849
-11842	3335	0.00924517249293229
1922	3400	0.00924600404655633
-7013	-11437	0.00924665164164156
-9754	-11596	0.00924806075091108
1927	4102	0.00925366801051865
2627	3295	0.00925502617363947
-1443	944	0.00925535942485359
-1217	-5919	0.00925703705992892
-7739	3465	0.00925927523846598
3512	3903	0.00926498779917272
1893	3564	0.00926902383939516
-10563	-11566	0.00927256023342313
-10352	3399	0.00927436231997442
-7845	4036	0.00927625666683072
-1843	-2095	0.00927827126630934
-10110	2850	0.00927904142687811
2572	3613	0.00927909236573267
3443	4181	0.00928055954587154
-1926	2617	0.00928247721131826
-8067	-8788	0.00928266128077044
-9212	3330	0.00930142283541044
1016	2060	0.00930152119673369
-10455	3593	0.0093040734451416
1171	3517	0.0093041411733928
2742	3029	0.00930591002183175
-5882	-7602	0.00930638344446645
-10406	4309	0.00931049129356955
1110	3299	0.00931237675971914
-606	3024	0.00931382056183492
2107	3937	0.00931503695879876
-3303	2962	0.00931994904109554
-7286	-7820	0.00932201332825681
-9332	-10498	0.00932431641017634
-9763	3047	0.00932542306533287
-10182	-10222	0.00932766634492363
3860	4138	0.00932775880724127
2565	3046	0.0093278941774507
-11253	1005	0.00933659646105385
2038	4268	0.00934106485312306
2866	4368	0.00934341814030288
-541	-4505	0.0093488598753856
-1878	4274	0.00935080496659729
1582	4154	0.00935418146357421
838	3286	0.0093587895086702
1911	4458	0.00935981858424676
-9547	-10284	0.00936651274029187
-2215	3679	0.00936802544574644
-5300	2906	0.00936955715721065
-9133	-9415	0.00937431123286757
-1521	-3559	0.00937449415626255
-5103	-5758	0.00937477153095066
2815	2939	0.0093762267260961
-4107	-9939	0.00937931241900549
-5618	3804	0.00938252502920299
3139	4206	0.00938254671879166
-7728	4183	0.00938482462742641
2476	4002	0.00938863391809846
2534	3651	0.00939011266106104
69	3948	0.00939204644386288
-8119	4236	0.00939226954805138
-6351	3999	0.0093968029801459
-2665	-4998	0.00939845006530231
2557	3101	0.00940132465633724
-8729	3119	0.00940152235106667
-5134	-5305	0.00940170284916221
3036	3680	0.00940451428599335
-10378	4704	0.00940608308202843
3420	4018	0.00940723109472851
-5792	3113	0.00940825953065236
-202	-1422	0.0094083026197462
-3908	-6977	0.00940953399564244
-8035	-10782	0.00941227845414078
-1085	-4311	0.00941494142894568
1690	2925	0.00942315807193986
2630	4031	0.00942659760697465
-1026	-7821	0.00942719963343106
2010	2912	0.00942760441370735
-7607	3795	0.00943168910949659
-10100	-11481	0.00944896336494267
-704	2422	0.00944941876741085
-9986	4595	0.00944996059397162
-1559	-6202	0.00945531032005212
-178	-9788	0.00945688083717076
-5493	4253	0.00945748984954712
-3675	3487	0.00945910933070823
-10305	3013	0.00946113851854007
-2676	-11454	0.00946189252781596
-2965	3623	0.00946213887549503
2061	3833	0.00946483003984822
2638	4504	0.00946620463473604
-10250	3156	0.00946836050784177
2552	3591	0.0094686252194384
-484	-678	0.00947331081336512
2867	4516	0.00947527032338361
2901	3554	0.00947626834946539
-7909	-10630	0.00947951493258396
-4957	-6873	0.00948077540155333
-6708	-7425	0.00948082281445892
-858	-5367	0.0094844022211681
-8145	-9836	0.00948554082458384
3039	3949	0.00948689536651703
2415	4320	0.00949459842778347
-8348	-10568	0.00949584867503464
-5227	-5343	0.0095007879809276
2427	3110	0.00950218943877583
1745	4123	0.00950290838331627
-4175	-8913	0.00950471406082716
-3392	2985	0.0095072785987394
-5916	3396	0.009507586078296
-389	4453	0.00950820134138004
-5629	-5854	0.00951033940754969
-7229	-10921	0.00951070531369527
1534	4157	0.00951558672754573
-6626	4604	0.00951781794867195
-11740	2695	0.00951814064544382
-3246	-4381	0.00951888752349481
2821	4307	0.00952004079510768
1689	3136	0.00952094557061806
-1997	-9676	0.0095283567422447
1804	3723	0.00953118754084237
-9019	-10379	0.00953336913104402
-2088	-11847	0.00953462589245592
-3471	-8802	0.00953647992080012
-4584	-4831	0.00953927519490533
2499	2762	0.00954130841523059
3753	4136	0.00954479300259133
-10619	3842	0.00955245996002119
-7139	-11385	0.00956000262911776
-3569	-9980	0.00956189185842145
-7384	2909	0.00956193149036849
-6904	4150	0.00956316120730456
-252	3224	0.00956625079329231
-9239	-10911	0.009566875354863
-7613	-10598	0.00956760270336198
2319	3174	0.0095758421280361
2034	4242	0.00957816107446359
-490	2546	0.00958082858721174
-21	-6066	0.00958290242450961
-8460	4720	0.00958312016594039
-1103	-4343	0.00958411839200166
1170	3609	0.00958465618921031
-2909	-6153	0.00958962113658661
-3794	-4479	0.00959005572872311
-3006	-4127	0.00959092340955513
3134	3304	0.00959221524037984
3676	3727	0.00959408800020923
3220	3530	0.00960085968014777
3685	4523	0.0096070256322362
-5026	-10143	0.00960765510060045
-7488	2969	0.0096127311352731
1738	4706	0.00961384897911466
-2822	3684	0.00962077845537131
-10525	3096	0.00962966833394521
-8170	2374	0.00963068796674109
-6262	1750	0.00963117608336285
2021	5192	0.00963304077029204
-1351	-10775	0.00964188491197995
-2667	-4278	0.00965420140394273
-1863	-1989	0.00965774618297515
-2728	3122	0.00966168826883602
1897	2884	0.00966779775632213
-8572	2948	0.0096700797620731
-8157	2620	0.0096701127508628
-2817	-7329	0.00967306983823102
-4424	4984	0.00967499488372076
-10920	3871	0.00968284432017009
-1273	-5280	0.00968601085598784
1721	2874	0.00968675011145198
-6096	4292	0.00969046504627771
-2062	-5939	0.00969244666776586
-7317	4995	0.00969372372663863
-480	3287	0.00970194487273804
-8980	3305	0.00970449751475061
-8614	3111	0.00971119989852785
1611	4146	0.00971244950557294
-2485	-11465	0.00971322848768254
1898	2451	0.00971453222699506
-3038	3053	0.00972040283982066
-3801	3255	0.00972270906410883
1701	4087	0.00972516217574908
-116	3985	0.00972542109545774
-7292	-9670	0.00972961310102926
-10739	3533	0.00973222743216435
3028	3916	0.00973520368743707
-7952	3966	0.00974252786452455
3146	4424	0.00974406684528967
-1810	4809	0.00974681236121771
-756	-3963	0.00974804605307066
-11301	-11428	0.00974910029315011
3781	4277	0.00975028490074434
3014	3189	0.00975100565082397
2558	3823	0.00975482079156399
-7417	4153	0.00976124899106036
-8823	2704	0.00976450196526192
2407	4344	0.00976508469587031
-2183	-3707	0.00976565438611372
2781	3961	0.00976570177481141
2737	3466	0.00976591315976268
-8963	-10161	0.00976973141845612
-6582	3772	0.00977487173939627
-185	-4873	0.00977571151345567
1404	4176	0.00977744773130327
-9935	-11177	0.00977923146048235
-4138	199	0.00977942525792492
1870	2044	0.00978085812003319
1399	4573	0.00978218991049487
3549	4369	0.00978353039195988
-5486	-9732	0.00978568298983138
-3218	3515	0.00978632388525193
2049	3440	0.00978766971517114
1778	3605	0.00978794955383036
-1610	-5073	0.00978807768465922
1269	3643	0.00978840570637738
2096	4223	0.00978890526093273
-7167	-8380	0.00979096217721379
-7783	-10997	0.00979230017094766
-8321	-10515	0.00979264236844156
3389	4012	0.00979473825684211
-2171	-3691	0.00979588296581041
-5273	4664	0.00980209231481121
-10390	-11612	0.00980453645133783
4030	4632	0.00980594501805048
2990	5155	0.00980648700234442
2323	4786	0.00980744952821454
2723	3098	0.00981102204113118
2455	4459	0.00981215364839406
1122	4156	0.00981647737944215
-5627	-9684	0.00982109504642558
2833	4396	0.00982226950113924
2285	3347	0.00982761880887
1099	3447	0.00983517824408843
-2956	4348	0.00983626974926036
-4632	-7248	0.00984090515120246
-5830	-9084	0.00985201287080948
-2801	-7625	0.00985522930117704
-626	-1364	0.00985776086841881
3849	4374	0.0098594135775484
2772	4047	0.00986660625912276
-9208	4372	0.00987282249374011
-5698	4560	0.00987378746662056
2391	4233	0.00987560810090018
-5032	4803	0.0098760334605249
-8455	-8505	0.00987631696733106
746	2139	0.00987681312366342
4401	5255	0.00987683438691272
-231	-5090	0.00987960886945488
-8736	-11624	0.00988452014484927
2335	3881	0.00988570336059533
-10304	-10974	0.00988624175383606
4220	4569	0.00988865378983065
3254	3532	0.0098911666441954
-3051	-7163	0.00989364065259357
-8544	3580	0.00989496383866345
-539	-4636	0.00989545502733681
-11120	3750	0.00989570918819769
-1413	-5375	0.00990308594632063
4067	4588	0.00990309495382721
-1173	-2576	0.00990314054436958
3166	3186	0.00990375994022623
-5902	-8110	0.00990403351203419
-1664	-6236	0.00990807953583949
2982	4394	0.00990811938818284
-292	-1039	0.00991344760365313
3534	3935	0.00991519403628888
-3528	4428	0.00991647209224559
-9851	-10189	0.00991935707855656
753	4811	0.00992919476835752
-1882	4365	0.00992987196561096
719	3759	0.00993074698519956
-9633	4001	0.00993389794139536
-9987	4239	0.009938833215146
-5015	-6258	0.00994861475794003
-4057	2510	0.009948867475482
693	724	0.00994909864582771
1028	4630	0.00995200318721557
-179	-6320	0.00995355617974315
-883	-5157	0.00995487564307866
2470	3763	0.00995534333248181
2149	2360	0.00996103804179277
-1744	-5203	0.00996180639065043
-9486	-11286	0.00996332718276401
-7343	-7945	0.00996749664117491
-5678	-11816	0.00997005068377269
-2411	-3328	0.00997821484182345
-10531	3769	0.00997897681712063
-8598	3674	0.00998187951255405
-9695	5302	0.00998222760109023
-1421	-4387	0.0099878577612767
-8831	-9996	0.00998857087731171
-5753	4259	0.00999017364710052
-5448	4935	0.00999616351756171
1546	2123	0.00999896243720776
-2475	-6789	0.00999956573778294
3765	4532	0.0100001878762934
-1163	-2538	0.0100034104721575
-4688	-10883	0.0100070639296747
-8148	3617	0.0100130231890099
-6726	4494	0.010014370801076
-5925	-9722	0.0100165882182774
2237	2602	0.0100191900700503
1944	3708	0.0100220295470763
2872	3470	0.0100229974982787
-8386	3972	0.0100239867540905
-643	4418	0.0100250956254677
1655	2736	0.0100296421411167
-4650	-7719	0.01003203400229
-6080	-6633	0.0100345286322509
1820	3563	0.0100362790808927
-9462	2741	0.0100387987686233
-260	2609	0.010042044830257
1955	4100	0.0100453135997568
-5471	-11840	0.0100476226782182
-7173	-11827	0.0100494440324568
2970	3405	0.0100526214814077
-1285	-9573	0.0100627060734289
-2178	-9381	0.0100662232495558
2518	3648	0.0100664226210083
2373	3367	0.0100694129333817
-1531	-2361	0.0100748068507218
-11426	3791	0.010075087624641
3575	3669	0.0100752312710281
-1575	-10425	0.0100760769837323
1936	3630	0.0100792960419049
-2577	-2626	0.0100815710076666
164	3062	0.0100837032924069
-9690	5034	0.0100861915151723
-8558	1441	0.0100967788214197
-10888	3079	0.0100997211153752
-6454	4209	0.0101023143097278
-5201	4921	0.0101035708346559
-8251	-9190	0.0101036631902221
2547	3226	0.0101054721410442
3464	4550	0.0101058654670592
2059	3074	0.0101086011301227
-509	-1504	0.0101102813094774
-4462	4165	0.0101103559888645
-3010	4025	0.0101111218282931
-4829	5355	0.010112472538545
-3202	-5807	0.0101154498246338
-1901	-9429	0.010115688654274
-2677	1781	0.0101183668682182
-11218	4302	0.0101223548093944
-4295	-5060	0.0101256754321364
-4883	-8364	0.0101297824118295
1522	2813	0.0101301599755033
1658	3252	0.0101339555899251
3180	3971	0.0101390297604727
-11172	4151	0.0101391022509213
2100	4770	0.0101465657088145
-1551	-2930	0.010146940539441
-1248	-7331	0.0101480186400593
-10374	-11854	0.0101503258466252
-9901	-11810	0.0101503561794632
-10588	4256	0.0101529017849048
-986	-2097	0.0101562936108566
-9416	-9631	0.0101587407555191
-4224	-9105	0.010166353315255
3326	4648	0.0101724457963769
-6949	-7647	0.0101736816459049
-3029	-5577	0.0101748851544864
1651	2434	0.0101754965526042
3264	4509	0.0101781760153982
2641	4347	0.0101798957333005
-4503	-5583	0.0101817913490906
-4961	3897	0.0101834090645465
-168	-662	0.0101842691148189
3661	4247	0.0101845180850242
-7899	3196	0.010185543029756
-9129	4088	0.0101866612816937
-2236	4423	0.0101867131188314
2612	3944	0.0101877577861672
-2719	4456	0.0101887837847547
-5847	-5874	0.0101894178265201
-370	-3091	0.0101903290177871
3315	4020	0.0101930169202907
3838	5000	0.0101934009900689
-3814	-10764	0.0101935164235015
-3777	4955	0.010195094460547
-4880	-8793	0.010197399877214
-8621	2576	0.0101976161467887
2243	4008	0.0101981865139736
2056	4080	0.0102043621992708
-6494	3547	0.0102089826877252
-6215	-6496	0.0102104477021371
3511	4949	0.0102149538455223
3072	4195	0.0102178817134362
2713	4623	0.0102186554602377
-7058	-8771	0.0102243466717719
-7841	4675	0.0102264822825318
3787	3867	0.0102269438749148
-2360	-4560	0.010228160777971
-5197	5305	0.0102285778053004
2905	4251	0.0102316927735754
2248	3477	0.0102357200832272
4077	5507	0.0102368786597808
-1256	4499	0.0102375659690832
-9317	3983	0.0102423595389775
2812	4311	0.0102490837499813
-7935	-11597	0.0102491919917979
-4870	-8370	0.0102513470064113
-8741	3660	0.0102528715594062
2406	3467	0.0102557645545216
3671	3889	0.0102591283563252
3298	4552	0.0102729930080996
3627	3878	0.0102737957420153
-1472	-8183	0.0102754467807946
-6172	-7817	0.0102760002618224
3445	4367	0.0102781241066432
-5750	113	0.0102888889968737
3318	3333	0.0102907814725115
3377	3974	0.0102910652269709
-9833	3690	0.0102929745138156
-10457	-10725	0.0102961032033764
3311	4127	0.010296249687164
2593	4838	0.0103139777709636
2709	4074	0.0103153055058806
-9864	2587	0.0103153317109025
-1633	1782	0.0103193816742075
2366	3415	0.010319861049578
-2481	-5274	0.0103200423111274
-7366	-10353	0.0103204991948431
3618	3829	0.0103339570788985
-5773	5004	0.0103414335936299
-5946	-7312	0.010344389427419
1845	2016	0.0103475063966912
2369	4713	0.0103509249866729
2540	3912	0.0103515603882102
-6559	-11630	0.010351691762785
-4375	-6541	0.0103537569126821
-6573	4727	0.010353800428521
-1720	2456	0.0103570496188764
-873	3257	0.0103602256087243
-3078	3364	0.0103665225512852
-8546	-10046	0.0103757100547392
-213	-1055	0.0103777824344489
-3105	-11016	0.0103805877127981
-3859	-4654	0.0103852057044218
4583	5061	0.0103854284756057
-1306	-4106	0.0103878797850008
-5865	-9157	0.0103998261464249
-4568	-7528	0.0104022293965938
3692	4293	0.0104074755754272
3521	4954	0.0104099601147166
3061	3182	0.0104100275844945
3902	5073	0.0104101836353436
2746	3941	0.0104127536018949
2300	2888	0.0104136734461773
-2696	1402	0.0104161335574532
-915	-9856	0.0104162127188221
2483	4639	0.0104166719821063
-1736	-9334	0.0104187604088641
-1747	4562	0.0104274236930064
979	2521	0.0104290856531785
-6211	-7722	0.0104346761301898
-3588	2979	0.0104349457211801
-4779	4427	0.0104370571499787
-5700	4434	0.0104375609464203
-2794	-9090	0.0104399240965227
3717	4357	0.0104403186511175
-10442	3143	0.0104418207430767
-7778	-9136	0.0104454491987972
-782	-11849	0.010449059404153
1789	4296	0.0104496648543175
2585	4158	0.0104545542017109
-1158	-11573	0.0104556244387121
-10978	-11711	0.0104679048836888
-2736	-6737	0.010468995423916
-5696	2150	0.0104691164801328
-2542	-8779	0.010473437902717
-1164	-2089	0.0104777852742901
1983	5057	0.0104793316496833
-6419	4177	0.0104797763044193
-695	-1509	0.0104804855764308
-11753	4915	0.0104868632611902
-7228	-10342	0.0104914525505624
-261	-9471	0.0104944027673752
-4938	-11031	0.0104978629748425
-9862	3656	0.0104982593194256
-251	-1928	0.0105106536987992
3080	3413	0.0105123345642721
-9831	3104	0.0105159830604693
1988	2487	0.0105160368022362
-9367	4091	0.0105206730452975
-8712	-11419	0.010522240073501
1752	3473	0.0105265162421477
2201	3395	0.0105279104024782
-7698	2686	0.0105303539896736
-11640	4173	0.0105364266132996
-953	2305	0.0105365010278164
-7742	-10226	0.0105403897001494
-10709	-10854	0.0105421686746988
3930	4522	0.0105439379368233
-8821	3321	0.010544430993974
2439	2732	0.0105466898944821
1003	3052	0.0105528805611816
2632	3263	0.0105546575586973
-8319	4609	0.0105616465821716
-8638	-11065	0.01056221866027
-1840	3341	0.0105646295925496
1816	2744	0.010564940290943
1348	3884	0.010566174542521
2633	4745	0.0105734915514276
-3234	-7600	0.0105753450108477
2394	3786	0.0105778293502654
1554	1555	0.0105781493917199
3352	5470	0.01058073989593
-5005	3993	0.0105835693135449
-8887	-10927	0.0105854606885715
2446	2703	0.010589648199788
-10885	-11398	0.0105903474594148
-5424	-9119	0.0105906613022023
2984	4734	0.0105943353710748
-10613	-11019	0.0105947648763189
-4146	-6561	0.0105970084171981
-11265	5451	0.0105972367521154
3006	3699	0.0106015250991858
-11348	5430	0.0106029846598511
2306	3218	0.0106061442809551
4022	4210	0.0106134728920585
168	3097	0.0106138052757737
-1594	-9360	0.0106148770263865
4108	5282	0.0106173205924088
-8162	2418	0.0106185152747331
2653	2992	0.0106207282427189
-7035	-11798	0.0106215002939415
2573	4890	0.01062682696029
2800	4590	0.0106272433093785
-8979	4191	0.0106308373296001
3308	3796	0.0106352480506122
2894	3776	0.010636883130926
1525	4426	0.0106395399775981
-1387	-6194	0.0106413313132064
2778	4073	0.0106434005589984
594	1403	0.0106475017035201
-663	-5692	0.0106504237093106
4507	5378	0.0106510384888929
-256	-9388	0.0106530938979623
-10962	-11395	0.010659141661557
2599	2911	0.0106665520853716
-1846	-10098	0.0106695427945545
-2008	-10005	0.0106705205012471
-8833	-9682	0.0106734730988063
3455	5171	0.0106762116652977
-7090	-7885	0.010676749957461
-1406	3921	0.0106771825786153
-8254	-9898	0.0106803419981117
-7996	4323	0.0106829465875249
3245	4152	0.0106844380573239
-10055	4198	0.0106864485521912
1619	4046	0.0106918604428405
2331	3063	0.0106930180958839
4652	4774	0.0106958459859964
-3437	1950	0.0106962365024727
-4227	-4661	0.0106983514422014
-9420	2956	0.0106985406220015
-9967	-10420	0.0107027903099524
1451	4358	0.0107038252945646
2529	4208	0.0107123481995214
1610	4788	0.0107135007435346
2646	3619	0.0107166145346567
-9805	2383	0.0107198753577951
-2267	4539	0.0107284906947621
-8149	-9339	0.0107313748241386
1326	2917	0.0107344200063088
-2067	-10600	0.0107449102428399
2661	4549	0.010749206504538
1567	3026	0.0107494964007619
-11376	-11522	0.0107646510408633
-7692	2577	0.0107687165192849
661	4341	0.0107706740886148
-4250	-4474	0.0107724271553199
-10814	3964	0.0107753112777453
-2867	-3676	0.0107766297291571
-7913	3154	0.0107881749268719
-1461	4870	0.0107882307020072
3250	5400	0.0107918126080303
-6022	-11441	0.0107965766402971
-914	3261	0.0107981229224405
2533	3109	0.0107992280712637
-10113	2986	0.0108013002071482
-7140	-11388	0.010803606358551
2595	2938	0.0108045144516247
-2031	-4775	0.0108054507503053
-6435	-7923	0.0108083972923032
2185	3394	0.010817905676041
-5695	-9681	0.0108211319772532
2312	3411	0.0108221988440259
-10681	3899	0.0108257332520993
-6495	3492	0.0108269016044912
1056	4212	0.0108304930414932
-2117	-8010	0.0108310364638388
3169	3238	0.0108314623858418
2238	4489	0.0108326826329429
3540	3720	0.0108391610737841
3198	3271	0.0108402100871971
3865	4175	0.010841010236621
1861	4099	0.0108449948970033
-7517	-8792	0.0108468558188162
-4983	-6649	0.0108476253163792
-8973	-10240	0.01084960686723
2777	3092	0.0108508104260605
-545	2918	0.0108508161237259
-8875	3892	0.0108531959846254
-8680	-9979	0.0108565999527807
-7589	5108	0.0108566096773908
2278	3386	0.0108617654291842
-3973	4417	0.0108640541074467
-9427	-11577	0.010864319309494
-8298	-11587	0.0108685341522017
3056	3928	0.0108722287353969
-7398	4627	0.0108744135466783
-7093	-9163	0.01087521179578
2767	3844	0.0108768382218355
-9526	3938	0.0108774296222914
2728	4064	0.0108777693541934
-6259	4470	0.0108808316831724
-3310	3042	0.0108815195903019
-6124	-6906	0.0108824520866475
-8594	-8650	0.0108880828975628
-6589	4164	0.0108901900664523
2003	3491	0.010890739015496
-9421	4645	0.0108911536207963
1072	3704	0.0108929443546633
-3111	-5383	0.0108951383798187
-6927	4009	0.0108975194122443
2817	3112	0.0108993165921465
-6491	4329	0.0109019945342983
-7078	-8104	0.0109059601772009
3068	4229	0.0109095779476298
-86	-2066	0.0109115879730864
-2400	-4075	0.0109131790899751
-11197	-11232	0.0109153770543411
-2270	3236	0.0109231179120716
-10355	2994	0.0109255538939502
-7717	-10961	0.0109272969120654
2530	3369	0.010927742057432
-2392	2618	0.0109286953584772
2225	4965	0.0109287976490589
-2866	4126	0.0109311050609872
-2156	-2315	0.0109334500323608
-1279	-6434	0.010936025330265
-6253	4649	0.0109369410151213
-3181	-11804	0.0109425080515531
-84	-2336	0.0109430953293674
2947	4141	0.0109459887207125
-4780	-8975	0.0109470891954839
-7244	4290	0.010948407662739
-2182	4441	0.0109495343181039
-4814	-10742	0.0109541258910696
4536	4762	0.0109553318834278
-4996	-5478	0.0109607415716856
2102	3204	0.0109675587106351
-6712	3279	0.0109692625895065
2757	3231	0.0109695730674262
2544	4631	0.0109706658964833
-4585	-6975	0.0109778193063228
3152	4343	0.0109794421699005
4618	4912	0.0109794453182605
-9308	-10084	0.0109813949829756
-899	-908	0.0109823867235296
-8884	2786	0.0109846366386502
3595	4005	0.0109853225584907
-1546	-8732	0.010986824376543
-1539	-5689	0.0109880015422886
-3876	-7771	0.0109884182824612
-1407	-9160	0.0109884932159399
3385	5292	0.0109887086453772
3979	4463	0.0109901030134925
-1131	4444	0.010991524906245
1400	1811	0.010996123691027
2876	3927	0.0109971570288813
1902	3468	0.010997608854015
-6146	-9959	0.0109994862898874
-1558	-3594	0.0110039202511444
-3088	-7468	0.0110070212888485
-5796	2698	0.0110078728178266
1920	3211	0.0110094913892347
-9531	-9714	0.0110136533185032
-8796	-10894	0.0110170236108473
1224	4620	0.0110172196872757
-4695	4826	0.0110173583247999
-10070	-11815	0.0110182251371768
1894	4987	0.0110274231121994
-3327	2267	0.0110297236538709
-3971	-9458	0.0110307889099933
-5569	-7914	0.0110315117519012
-6160	-10536	0.01103239533023
-1985	-5667	0.0110391175471882
2600	2784	0.0110395883941865
-7182	4977	0.0110399440587666
2605	4082	0.0110400243186414
-912	-4225	0.0110430305947285
-2189	-9441	0.011044186912091
1356	5338	0.0110506965364801
-11445	4389	0.0110515134576634
-8834	3801	0.0110544784497643
3044	3557	0.0110559811755523
-8051	3802	0.0110611932275675
-2691	-5746	0.0110657695692868
-139	-8152	0.0110659047788466
-1697	-2544	0.0110711991584531
-8486	4286	0.0110735455019878
-5385	3702	0.0110772093578948
-5352	-10068	0.0110838875026901
-3385	-7565	0.0110864091082449
3846	4556	0.0110866549634204
-8743	-11560	0.0110894184776455
-3981	3565	0.011093352433783
3454	4533	0.0110950816764905
-1517	2711	0.0110986001274397
-9772	-11621	0.0110988556855359
-1764	-11047	0.0110997127725627
3158	4356	0.0111047302305957
-10403	-11001	0.0111068034197979
3270	3303	0.0111076077512745
-360	-1367	0.0111125880355127
-5914	2269	0.0111177768838128
-1529	-2282	0.0111198403388421
-4142	5313	0.0111228412056151
-1348	-1567	0.0111243020790508
-291	4338	0.0111259493094124
-474	3524	0.0111304550468895
-1769	-2912	0.0111312899318684
-423	-2888	0.0111352604266682
-4707	4200	0.0111384948714481
3055	3625	0.0111400823779348
4238	5599	0.0111415692758333
-4144	4836	0.0111449771333535
1879	3483	0.0111481690800688
2865	5580	0.0111484500664829
3932	3990	0.0111508644718824
-1875	-4905	0.0111521117896914
3133	3276	0.0111566083798735
-5654	-6609	0.0111567748244073
-143	-6529	0.01115797475087
-5451	2324	0.0111620024727216
3353	4110	0.0111658088185997
-759	3926	0.0111658913924311
-7205	-8084	0.0111682497754894
-8548	-9783	0.0111692908098585
-10668	-10672	0.0111731843575419
-10862	5325	0.0111737940900913
-516	-4920	0.011174106389185
2317	3566	0.0111755975320014
2348	4171	0.011176336285431
-2611	-11075	0.0111769779645806
-9323	4006	0.0111860110429568
-4673	4246	0.011186735694035
-1006	-1649	0.0111898842655695
3815	4684	0.0111968411472193
-9544	4492	0.0111980317465292
-7823	-11241	0.0111997771613567
2291	4929	0.0111997932382454
-457	-6412	0.0112009392884256
-5111	5029	0.011205545111424
-10150	5386	0.0112122226448059
3518	4816	0.0112188644666734
3888	4837	0.0112215251133282
-1209	-6921	0.0112285109476464
-3395	-5674	0.0112319583750575
-3577	-6520	0.0112374727673971
3171	5198	0.0112385018026323
-8265	-9229	0.0112412793027365
3203	3504	0.0112428744510175
2444	4130	0.0112439433184883
-8488	-11670	0.0112439716237845
-1150	-4790	0.0112443748281033
-7733	-10032	0.011249041778166
2309	3986	0.0112494726547636
-4510	-7357	0.0112495697090672
-7377	-10023	0.0112503490745238
1575	4619	0.0112516457633667
-8985	-10766	0.0112577728751123
2486	5307	0.0112578674530826
3183	5229	0.0112582176764175
421	5136	0.0112596604758628
-189	3275	0.0112628490301766
3915	4125	0.0112646152431851
-890	-8036	0.0112663521412224
-11702	4245	0.0112709727278867
-2175	-8717	0.0112764507527128
-1247	-4076	0.0112841139995472
3497	4270	0.0112877326431282
-454	4491	0.0112881058168994
-4812	-11084	0.011293725326097
2136	4378	0.0112940240594292
-2925	-5820	0.0112979854746318
3868	3953	0.0112986888321658
-6137	3510	0.0113019392625354
-7038	-10475	0.0113042484335428
-8986	-10611	0.011309588258091
5221	5566	0.0113102389962301
-1323	-3250	0.0113151785390827
-6546	4461	0.0113194183934231
2195	4186	0.0113221465401632
-2955	-9719	0.0113262548818865
-9386	4886	0.0113286294371008
-1196	-8305	0.0113304505609705
3825	4676	0.011332593524192
3624	4726	0.0113365644895803
-8581	-8767	0.011338162642698
3267	4265	0.0113433459690971
-3593	-10552	0.0113436233502194
3262	4882	0.0113460341641519
2862	4612	0.0113522290270524
2564	3612	0.0113603653989958
-7933	-9641	0.0113660159979484
-461	-603	0.0113671826458394
2129	3688	0.0113744916162807
3726	5054	0.0113747336434094
1713	4525	0.0113753636896429
-1659	-6444	0.0113780131405967
-273	-2390	0.0113790970654367
2359	4580	0.0113814387650489
-3167	-4284	0.0113834871404585
-7853	4083	0.011387401371229
-8513	4450	0.0113880056533204
-9476	-10239	0.0113885206275339
-2716	3663	0.0113903868749357
-5930	-10784	0.0113933344390872
-6481	4039	0.0113943319854129
-6678	-10108	0.0113972948234249
-10186	4163	0.0114104620555683
-6601	4981	0.0114304788207171
-10781	4791	0.0114352797413855
-489	5081	0.0114356331667801
-931	-11636	0.0114368122074264
-892	-2532	0.0114385909191796
-3631	2178	0.0114410085451882
1797	4661	0.0114463908813903
-8463	3756	0.0114476177005227
-8785	-11682	0.0114501448454786
-7352	2667	0.0114548707493804
2726	2885	0.0114595887277683
2960	4979	0.011463058013138
-6540	4692	0.0114644922794619
4901	5285	0.0114681776721778
-1133	-2902	0.0114703087033457
3222	5162	0.0114729960943539
2380	3654	0.0114771044924441
2412	4854	0.0114811602796794
-2386	-4178	0.0114913474616582
-6456	3733	0.011492161427428
-2766	-6460	0.0114933414565292
-11549	3621	0.0114939577124389
3459	3898	0.011495536420459
-7283	-7901	0.0115031427868457
-67	-4480	0.0115073459213556
-1756	5453	0.0115085603118095
2525	4072	0.0115109827934596
2271	2944	0.0115142722381857
2652	3984	0.0115158059163348
-1803	3633	0.0115283199145533
4524	4653	0.0115297337023505
3959	3978	0.011531141834761
3940	4800	0.0115315139147941
-1250	-2628	0.0115372762547442
-10708	-11175	0.0115376684864249
-5536	4468	0.011538985057556
3327	4375	0.0115436795300465
-1607	5126	0.0115489026935424
4289	4759	0.0115494223347375
-8742	4038	0.0115495500222945
463	3764	0.011555686187645
-5286	4741	0.0115577445074403
-11663	4834	0.0115593147149129
2413	3818	0.0115596257897447
-11822	4328	0.0115617184185081
2325	4527	0.0115649072026841
-1703	-1795	0.0115739234671593
-9443	-10009	0.011581594034984
3302	3716	0.0115859986646312
-4893	-8249	0.0115921225379819
-234	-889	0.01159241796935
-8541	3701	0.0116004724273727
3425	4852	0.0116054435448348
3206	4475	0.0116098747065221
3424	4843	0.0116119081852565
-3670	-3672	0.0116160807925339
1376	4917	0.0116190123076235
-4835	-5679	0.0116202720592207
-1761	-1995	0.0116211657678749
-255	4432	0.0116238389726899
-2435	-7113	0.0116250623267061
-7866	4300	0.0116255231270483
2607	3314	0.0116295127431201
-10877	4071	0.0116358867539325
-1159	-3808	0.011635945033404
-4438	-10980	0.0116372900562332
4589	5236	0.0116380977820493
-8268	4597	0.0116460711971554
3073	4818	0.0116533185576597
-5279	1805	0.0116559941981876
3845	5247	0.0116582249216165
1992	3035	0.0116595754764266
-8252	3858	0.01166176459346
-9498	3422	0.0116624653565314
-6302	-11333	0.0116785463163934
4068	5017	0.0116827116277008
-9960	3195	0.0116979810055817
3065	3253	0.0116985792213467
-6830	-10415	0.0116987158699048
-2642	4808	0.0116997779902281
-8086	3002	0.0117010979916355
-10117	2043	0.0117100166131341
-2876	-11644	0.0117102552983484
4204	4207	0.0117149590278787
-4088	4775	0.0117167353548502
-6618	3427	0.0117177612572964
-11471	-11495	0.0117187542540119
3020	3958	0.0117252750244602
2472	3741	0.0117306476585828
-10606	-10938	0.0117307158459199
-9032	3666	0.0117364577561955
-8619	4738	0.011739302940693
3745	4785	0.0117428611201041
-4431	-11705	0.0117437476875085
-3462	3381	0.0117545298579666
-5439	2848	0.0117690014818334
-4813	-9355	0.0117690948641255
-6721	-8277	0.01177257084613
-4056	-8649	0.011785970320451
1817	3766	0.0117974684854128
2131	3936	0.011800356898929
3558	4640	0.0118043425403974
-814	-2905	0.0118064380335356
2327	2807	0.0118066102096345
-5719	-7861	0.0118101651811281
-4342	-7536	0.0118147135504378
-2034	5351	0.0118239810223
-11022	-11273	0.0118247503674698
1762	3644	0.0118267535272308
2824	3622	0.011830079544641
-8158	3946	0.0118303987575492
-9954	4420	0.0118338098048991
3538	4795	0.0118461165977474
2361	4211	0.0118474725081824
-8389	5677	0.0118509144777501
-5264	2974	0.0118603878448937
-2064	5226	0.011860619476234
2975	5528	0.011861449470175
-4659	4729	0.0118676091774111
-3415	-6389	0.0118686080785257
-4245	-4985	0.0118696566396401
-9250	4936	0.0118716451804767
-1436	-9204	0.0118728419544011
-8397	-8707	0.0118759828516141
-1216	-6457	0.0118765586212327
-629	-11552	0.0118769354180547
2328	5533	0.0118797331034659
-1733	-1907	0.0118817027385922
-10210	-11343	0.0118836003834813
-1513	3382	0.0118849375130231
-5932	-6133	0.0118851003361965
-9928	5955	0.0118865324183974
-6866	3770	0.0118876241828318
4023	5365	0.0118886199573028
2140	3851	0.0118892101547466
-347	4846	0.0118900326774306
-3933	4647	0.0118928365475888
3351	4393	0.0118929840140252
3970	4433	0.011896410927576
1498	4085	0.0118969373808961
-5301	4137	0.0118975795833478
-3060	-10645	0.0118978106599669
-11736	4693	0.0119031314794434
-2620	2425	0.0119050059653189
4280	4431	0.0119055321858044
-636	-8107	0.0119103899410325
3847	4889	0.0119135722368225
-5469	-6001	0.0119157578147969
3294	5578	0.0119183720114372
-1307	3934	0.0119248998179883
-5114	-11484	0.0119294739924212
-1106	-9747	0.0119312783728413
3474	4235	0.0119378320210131
5089	5634	0.0119403428894478
-10806	4425	0.011942534484623
-5539	3221	0.0119455522925718
-10439	3780	0.0119475636137577
3945	5227	0.0119504018227303
4258	4267	0.0119517995359169
3428	4243	0.011956657957867
-10761	3832	0.0119566856604592
-852	4384	0.0119622833017453
166	3448	0.0119626381560687
-7092	2662	0.0119672299242887
-4112	-6204	0.0119708181875811
-7603	-9704	0.0119762102239171
-1954	-6467	0.0119861425480352
3058	3444	0.011990816724198
-1160	-3354	0.0119912477591597
-3092	-5371	0.0119914806621146
-10632	-11583	0.0119944338854631
3917	4606	0.0119946288258832
-2943	-6295	0.0119959782699951
-7414	-8381	0.0120139604526683
-1078	-5686	0.0120169694144342
3086	3880	0.0120177176515187
3144	4337	0.0120211548298292
3075	3207	0.0120250529996735
3059	5265	0.0120289402605271
-3976	-7087	0.0120338010052978
3735	5072	0.0120370874062735
-8374	-11509	0.0120384048425402
-4592	-9293	0.0120520714814562
-4263	-9703	0.012053145666183
-4162	-5379	0.0120595728422872
4237	4454	0.0120610694959668
-8814	4927	0.01206779119171
3050	3721	0.0120683372489997
1837	5096	0.0120727065910074
-10571	4440	0.0120738059277282
-982	-3782	0.0120767307750268
3251	4594	0.0120793363088845
4442	5585	0.0120794487719247
-829	-3126	0.0120820402736239
-8925	3552	0.0120854827234382
2458	2511	0.0120858267323291
-24	-1729	0.0120904929835885
3151	3568	0.0120910903842968
2395	4687	0.012110633483344
-496	-4423	0.0121113136623627
-5067	-7802	0.0121241682462335
-3511	-10426	0.0121326343253153
-1935	-3304	0.0121332720632805
4646	4989	0.0121425540117303
-511	-9686	0.0121442318277759
3826	4659	0.0121451356514377
-7948	4897	0.012145882112993
2551	4472	0.0121470620660343
-4132	5660	0.0121572495555945
-8586	-9841	0.0121680425059603
-2385	1378	0.0121693195943019
-3972	5627	0.0121772994239907
1191	4132	0.0121803621053131
-6533	3430	0.012181773103309
-5937	3886	0.0121943025567651
-5155	4559	0.0121947389952849
1513	4104	0.0121957771634002
-3762	5947	0.0121970976215805
-6109	-8240	0.0121988802740477
-4198	39	0.0121996255738607
2951	5763	0.0122002745416366
-2679	4971	0.0122026873368172
-3508	-9108	0.0122054162451371
-2778	-6512	0.0122094446110699
2832	4435	0.0122111770159258
3345	5862	0.0122131749561591
3023	3836	0.0122137486785546
2119	5688	0.0122156909113376
-3892	-5597	0.012218807976778
-3020	-9406	0.0122237995935123
4297	4862	0.0122244956005418
-4062	-10492	0.0122274565966703
-10480	4551	0.0122291589318418
4342	4696	0.0122295334030389
-7987	-11542	0.0122298663841547
-5546	-7245	0.0122311712765177
-8675	-9400	0.012233284933034
-9504	4098	0.0122394549130453
-7806	5408	0.0122395814046089
-5649	3489	0.0122470585754991
3719	3893	0.0122485385335462
-1782	-5171	0.0122517669570504
3560	4651	0.0122542052010814
-1709	-4126	0.0122556192769538
-2246	3317	0.0122567942067449
-6872	4339	0.0122573916492381
-4199	-8576	0.0122632684457447
-1125	-6430	0.0122635912624019
-4508	4405	0.012264288011952
-623	2756	0.0122686268774614
-2096	3348	0.0122689516576759
-228	-9130	0.0122694801358181
-9414	5323	0.0122748672711344
2782	5124	0.012275488499321
-4390	4868	0.0122787436674519
-5452	-6433	0.0122833682004059
3175	4029	0.0122876643778716
-8253	-11002	0.0122940616204211
-6778	-8038	0.0123006203262498
-9283	3573	0.0123124667359239
-6190	-11407	0.0123181665707604
-7262	-10869	0.0123257232229134
-9868	5616	0.0123269589357392
2260	5133	0.0123288381501688
-6654	-7387	0.0123307376153641
-2743	5875	0.0123398512709643
3559	3655	0.0123416111497779
-1396	-7029	0.0123427542714342
-3297	-7319	0.0123440395465054
-4044	5201	0.0123445209903581
-5199	-8376	0.0123447602693229
4053	4469	0.012345203850078
-11598	3817	0.0123458890586731
-9685	-10767	0.0123516603449122
-3016	4798	0.0123526233512383
-1741	4530	0.0123563933989984
3340	5756	0.0123586283617373
-10453	2882	0.0123622043410137
-11204	4503	0.0123708308474003
-5912	4654	0.0123760039930421
2665	3909	0.0123763221162607
-1916	-11076	0.012378054087
717	2842	0.0123787220289854
-1589	-8033	0.0123832503385656
-538	5944	0.0123847192340944
-7905	4867	0.0123850268416042
2256	5394	0.0123854168995688
-9007	-11777	0.0123885564680049
-2275	-11331	0.0123954242486505
-764	5597	0.01239689674755
1541	5633	0.0124015043597069
2484	4668	0.0124055818026551
1168	3516	0.0124093133945093
-3376	-5426	0.012413658004416
-3176	4250	0.0124139946598138
-7461	-8227	0.0124151011271202
1588	3968	0.0124179703011257
-10823	4084	0.0124271981672294
-4778	4133	0.012432365565311
-7365	-11835	0.012435109791731
-7210	-9582	0.012437595190823
-10879	977	0.0124394283295379
2940	4340	0.0124494070222825
-4085	5898	0.0124516781328121
2932	4149	0.0124590422962275
-8442	3582	0.0124594172427393
4261	5137	0.0124689815259257
2028	3885	0.0124827867229587
-5084	4462	0.0124841379717039
-2007	-8931	0.0124862092339327
-6724	3834	0.0124874890651949
-7086	-7942	0.0124895144873526
-8981	-9934	0.0124897711327048
-4074	-11730	0.0124912735613708
2628	3000	0.0124944405715325
-11434	5849	0.0125085100513598
-9095	-10589	0.0125141836609907
3738	5203	0.012523285683054
-5252	4667	0.0125240346227236
3639	4584	0.0125245938482976
3478	4555	0.0125331818508225
-835	-6769	0.0125361753228636
-7129	181	0.0125404195569876
-5574	3499	0.0125424105814596
-3346	5115	0.0125503922188955
3291	4753	0.0125600376032235
-7564	-11028	0.0125602258012031
-5374	-8008	0.0125613706430441
-2561	5809	0.0125687754505018
-5716	-11831	0.0125698830560013
-1754	4866	0.0125702689880916
-7981	-8859	0.012571279059534
3749	5347	0.0125795339645623
4451	4824	0.0125808638740562
3629	4633	0.0125809087099029
3577	3988	0.01258391468062
2597	3632	0.0125888932268358
-9211	-9558	0.0125894121020198
-6829	2830	0.0125910194630689
-578	4078	0.0125953621958054
-4574	-4984	0.0125986724165026
-941	-2763	0.0126004210344071
-375	5095	0.0126022041789232
-11381	5291	0.012607062636503
3546	3600	0.0126074450685471
2329	5013	0.0126087888852353
-6402	3981	0.0126092077851161
-950	-4792	0.0126104830309071
-3386	-10076	0.0126134824208622
-2685	4884	0.0126150309149443
-36	-5735	0.0126230121953005
-5072	-9220	0.0126267174496305
-2975	-5794	0.0126276012769564
-1486	1788	0.0126320756659455
-10429	-10580	0.0126386069424695
-6926	-8073	0.0126388609636534
3980	4140	0.0126415281118555
3007	4364	0.0126473967651899
-11238	4263	0.012650501346551
2899	3105	0.0126520114811204
3950	4766	0.0126535752743474
-11118	5726	0.0126593874847127
3057	5281	0.0126600950727215
3712	4315	0.0126619167913369
-576	-1117	0.0126657570823363
5164	5531	0.0126670699741418
-8955	4312	0.0126781231075299
-533	-1083	0.0126782949132889
4519	5275	0.0126802823007208
-3681	4107	0.0126818007750255
-9882	-10871	0.0126920319456349
-5953	-8333	0.0126936903659097
-3894	-10521	0.0126953951246024
-1295	-5047	0.0126988512137476
-2146	3342	0.0127002517773133
2615	4768	0.0127057705852956
-8355	5239	0.0127058976926717
-532	-9844	0.0127103176721142
-11525	4049	0.0127166204277916
-842	2780	0.0127169946114448
-4991	-9255	0.0127176992084515
-7464	-10554	0.0127221914194628
-10054	3969	0.0127286080558983
-7679	-9955	0.0127303156116651
-8239	5141	0.0127345490381932
-5993	4215	0.0127353189901063
2877	3432	0.0127408787612097
3583	5738	0.0127411216014247
-686	-3809	0.0127419806174234
-7005	4485	0.0127498875609098
-7396	4400	0.0127500417084694
3615	4407	0.0127548100833628
3437	5669	0.0127609025833025
2980	5349	0.0127627535747102
-6165	-8499	0.0127779072289718
3998	4105	0.0127834829910707
3439	4615	0.0127843224506954
-2391	-2479	0.0127869307483163
2275	4466	0.0127900412103908
2604	5766	0.0127919264313462
-10903	1340	0.0127988955793052
4377	5030	0.0128035543275883
4346	6058	0.0128106634046244
-4952	-5119	0.0128172825607084
-10172	5594	0.0128209430380694
-10530	-11741	0.0128245611941833
-8470	3951	0.0128253927687006
-2484	4024	0.0128499555379474
-10909	-11183	0.012852305576649
-2451	4586	0.0128523905744977
-8185	-11433	0.0128546976302463
3695	4376	0.0128611195345152
3090	4028	0.0128621761623728
1424	4437	0.0128658154165493
-10140	-11578	0.0128683386632896
3284	6340	0.0128687872639922
-3640	-8190	0.0128696750407233
-11747	3356	0.0128721100667346
-8140	4542	0.0128765941028237
3121	5040	0.0128788127136046
-4572	3124	0.0128824194332431
2598	5049	0.0128830576825366
-8394	4810	0.0128936838599179
-6413	5733	0.0128949513827358
-3653	3649	0.0128953517555512
2836	5263	0.0128979055439624
1331	3681	0.0128982282619421
-1743	-3025	0.0129012691302275
5097	5320	0.0129057789328525
-8984	4284	0.0129135054186362
3789	4061	0.0129168485624599
-7314	-11227	0.0129236756096761
3827	4148	0.0129249938326749
1953	5418	0.012925895526294
-9816	-11519	0.0129261994491009
-1665	5319	0.0129278811699476
4694	4796	0.0129286600374379
-3137	-7348	0.0129315092110106
-10165	-10759	0.0129380248447352
-358	-2713	0.0129431831691207
3328	3856	0.0129483135825598
-8359	2846	0.0129500793057826
3919	4203	0.0129522797002276
2137	4295	0.0129533062345764
-4180	3210	0.0129544749674788
-2262	5130	0.0129591850481152
-3166	1670	0.0129601752728306
-8118	3740	0.0129660757011973
-5684	-6485	0.0129665245815965
-1584	-7769	0.0129696741459481
-10616	5412	0.0129699173784762
-11483	3064	0.0129723125493782
-4527	-6823	0.012974865789405
-6136	4321	0.0129761219284852
3553	6174	0.0129817096922317
-1596	5790	0.0129875272143367
2705	3127	0.0129915902619311
-2144	-6850	0.0129918594470355
-4617	-11817	0.0129952423616883
1486	4170	0.0130011570707256
-10617	5088	0.0130027956506795
-5960	-7324	0.0130030649851264
-9600	4225	0.0130040461446827
2281	3188	0.0130072897634688
-3203	-3827	0.0130206076284603
4730	5324	0.0130214563891255
-9553	-9806	0.0130288456480841
-7976	4345	0.0130306409777477
-9168	4260	0.0130311618416583
-2541	4544	0.013035108500703
-1990	-6883	0.0130361670013307
-4553	4035	0.0130362250603709
-9149	5294	0.0130436221317067
2639	4188	0.0130464872503444
-10048	-10358	0.0130483993473007
3960	4972	0.0130548237996329
3376	4529	0.0130650424325704
3711	4143	0.0130718123258009
-10251	20	0.0130765795375988
-10479	-10489	0.013081292420584
-3905	-9021	0.0130816949960978
-2638	-5709	0.0130829852316725
4790	4994	0.0130882512583967
-11013	1754	0.0130947559901534
-4598	-11500	0.0131087769063492
-2154	-3179	0.0131122389655664
-1061	5605	0.0131168417327874
3742	5026	0.0131168746759114
-8661	-11852	0.0131177428357435
-8177	-11071	0.0131185535133052
-5817	-10279	0.0131212013255785
-2972	-6284	0.0131239508089484
-2206	-7489	0.0131243775550715
4892	5107	0.0131254065024387
-9055	3248	0.0131318998017718
-6448	4679	0.0131362891643474
-3669	-4471	0.0131433502867721
2748	3436	0.0131446079288269
-5459	3380	0.0131515949580952
3545	4455	0.0131526132727325
-9598	4858	0.013158852563075
-3450	4903	0.0131589456786394
-2673	-8957	0.0131626370204725
2794	5757	0.0131671079601213
-7181	6041	0.0131696620603595
3907	4313	0.0131699874025923
3237	3484	0.0131710175688727
5074	6016	0.0131749245954198
-7152	-9330	0.0131778500941597
-3647	-10593	0.0131799339533828
-4238	-6158	0.0131813480198289
-2742	2803	0.0131823577865253
-1932	-3589	0.0131830197689268
-8951	5414	0.0131869675366403
-5042	4521	0.0131900976573153
4391	4719	0.0131991906885626
3848	4980	0.0131993949246792
1982	5447	0.0132068866575395
3587	3707	0.0132072140024808
-9101	4944	0.0132076526104332
2810	6052	0.0132098526692058
4526	5488	0.013225724064129
1542	4563	0.0132278725320004
3866	4490	0.0132324383387189
-9057	-11387	0.0132339615886344
4541	5448	0.0132355917837201
-10470	3785	0.0132363590646329
-10838	-11833	0.0132461827792441
4865	5899	0.0132512194509908
-10866	5143	0.0132572429495463
2973	3732	0.0132682821593249
-6548	-11435	0.0132702167497839
-4442	-7300	0.0132706566668735
-4595	-5316	0.013273017753739
-5398	-7459	0.0132738221444472
-443	-6510	0.0132804304044118
-6983	-7004	0.0132818322728174
2668	4331	0.0132840452736846
-5055	5051	0.0132907472347554
-9812	-11758	0.013294548119757
-514	-9266	0.0132957514550264
4983	5078	0.0133067265740109
3469	4534	0.0133073314954897
3357	5502	0.0133086294192317
4322	5989	0.0133099330334931
-8896	-11555	0.0133149426404617
-821	-8175	0.0133150259368555
-9223	5268	0.0133260367272279
-2446	-3325	0.0133307584478864
4943	5087	0.0133356848425584
5075	5511	0.0133370514825628
3343	3668	0.0133398928611729
3388	5540	0.0133509498009708
-9727	-11797	0.0133517769279458
-7777	6143	0.013352582831523
-8046	4683	0.0133533432582717
-7534	-10851	0.0133562702235277
4303	4849	0.0133578272989192
2689	4062	0.0133637698091567
-2071	2937	0.0133672059426239
3790	4596	0.0133805267554428
-14	-243	0.0133805853512152
-10057	5090	0.0133816572164037
-8521	-11298	0.0133838352062138
4392	5332	0.0133885160478933
-379	-10417	0.0133892555176097
-6226	5145	0.0133900809440368
-11237	3841	0.0133929834712219
-7504	-9482	0.0133987187534063
-372	3891	0.0134018726450464
1411	4228	0.0134019651943738
1706	2930	0.0134057263727225
-10260	4240	0.0134117032845654
-2678	3887	0.0134126282292466
-11713	-11726	0.0134143413112812
4000	5529	0.0134181118884196
4415	5868	0.0134238622807118
-3984	-4174	0.013425144790854
-6731	-10677	0.0134275876299093
-10627	2457	0.0134285559326365
2104	5222	0.0134288546506597
-10702	-11168	0.0134325260053551
3433	5714	0.0134396874146409
-468	-2376	0.0134432753131714
-1804	-5934	0.0134433758436938
-10510	3212	0.0134646702210289
3272	4600	0.0134653735743818
2466	5092	0.0134719614370838
-11774	4219	0.0134773732827513
-6292	5640	0.0134785346688504
3957	5537	0.0134801208065335
-5284	-10892	0.0134880025799219
-6198	5165	0.013488624968966
-26	5646	0.0134982283724082
-9815	3975	0.0135062196927706
-2872	-3226	0.0135095080846091
-1845	4436	0.0135104033357324
-186	-11132	0.013513190503579
-10280	-10519	0.0135163290885033
5245	6102	0.0135202432823236
-1210	-6930	0.0135210345879883
4839	5210	0.0135226545425079
3016	6030	0.0135283180489838
-10097	3140	0.0135300651946718
4751	5473	0.0135325587943553
-10483	1886	0.0135338407383407
-5978	-10713	0.0135353703264531
-11187	4448	0.0135406395781649
4092	4299	0.0135427360603311
-1460	5098	0.0135458475858157
2785	5586	0.0135460539252765
-8307	-9798	0.0135555193262461
-10719	4304	0.013568515530924
-9123	4701	0.0135688916186777
4691	4703	0.0135733492164874
4017	5149	0.0135737426448988
-5633	4996	0.0135784285004284
-4951	2966	0.0135799372266451
4386	4421	0.0135813639041751
3777	5058	0.0135873200912271
2871	3820	0.0135878789336263
3288	4352	0.0135908390036015
-991	-3418	0.0135961499155416
-3222	-8667	0.0136002224823172
-7332	5385	0.0136017659035974
-11689	5436	0.0136017856350962
-2828	-3982	0.0136078006294457
-8959	3486	0.0136078813044756
3012	4663	0.0136238517929956
-8735	-11442	0.0136252428839604
4145	6369	0.013625704550937
4227	5276	0.0136257394043946
3657	4565	0.0136263111011765
-4915	5894	0.0136352414952666
-2158	-10388	0.0136367703339803
-2581	-5253	0.0136393245035256
-9514	-10348	0.0136403935974893
3390	3843	0.0136450371414289
3426	3476	0.0136537574227212
-5113	-9286	0.0136594034676251
-2959	5432	0.0136625684017064
-8559	-10066	0.0136631625105572
-9985	5668	0.0136732034412733
1272	6191	0.0136737972117593
-9511	4564	0.0136788562120954
4129	5864	0.0136813625766324
3578	5156	0.0136822581713741
3416	4783	0.0136827159800675
5139	5300	0.0136873191019404
-2193	-4848	0.0136874910206317
4048	5384	0.0136889072232838
-10737	6099	0.013690663559048
-9337	-11239	0.0136923573834983
-3903	-11536	0.0136985618431759
-44	-2874	0.0137009225997073
2168	2610	0.0137104143994485
-3083	-7083	0.0137142788165167
-658	-6394	0.0137156544799842
2797	3360	0.0137171339951378
3184	5080	0.0137231400397817
-9543	5077	0.0137306457660288
4408	4799	0.0137326968041235
2776	5675	0.0137386484109789
-10254	6075	0.0137462049592795
3634	5309	0.0137546181273861
3991	4577	0.0137608319700876
3513	4015	0.0137655072687773
5106	6208	0.0137672310624224
-1442	-5278	0.0137691199247232
3883	5315	0.0137709109119811
-983	5905	0.0137734745724367
-493	5252	0.0137796536150534
-366	6006	0.0137807737620758
-869	4545	0.0137847658869454
-214	-1311	0.0137878532482956
4055	4906	0.013788550379303
-3800	-11342	0.0137886175601331
-8053	4508	0.0137965121415084
-7720	4506	0.0137977437465134
4052	5564	0.0137996605855567
-10318	-11628	0.0138032820935186
3528	5620	0.0138040679503301
-6786	5982	0.0138088980385499
2796	5159	0.013819099160988
3767	4992	0.0138210590426132
4970	5467	0.0138235063675734
2696	5152	0.0138242891024554
3710	5645	0.0138265200144918
-4207	3177	0.0138271229313173
4254	5472	0.0138294221460469
-9872	3301	0.0138423673393437
-3866	-7927	0.0138443987000336
4817	6326	0.0138454165181401
-8264	-8597	0.0138487308126784
3088	6470	0.0138497394702251
3683	5244	0.0138506052578808
-3069	-3944	0.0138537686661321
-7053	6534	0.0138542014601478
-9995	4042	0.0138543342857111
-1446	-3019	0.0138558313342795
2508	3482	0.0138566727427728
3149	5200	0.0138568483359916
-671	4502	0.0138579233873844
-2313	-3240	0.0138588856698421
3952	4205	0.0138611867494473
4306	6219	0.013871106730782
4298	5574	0.0138744574336096
-11409	4398	0.0138825475462135
4314	6280	0.0138834592644789
4147	4968	0.0138898149940359
-4377	-5888	0.0139015142748304
3635	4665	0.0139041156131112
-218	-5516	0.0139054397132033
1406	5181	0.0139062864558518
-8671	4789	0.0139106544162875
-7215	-8545	0.0139144269403986
3901	4861	0.0139180421450112
-4283	5781	0.0139226225916921
-5038	-7576	0.0139249932545364
4747	4812	0.0139270406403281
-7868	2936	0.0139356577912585
3914	4112	0.0139405484134414
5485	5865	0.0139466318790371
2339	2897	0.013949316820416
-10970	3811	0.0139548068503524
-1347	5963	0.0139636547902439
3906	4262	0.0139671414538387
-706	3296	0.0139755285427835
3089	3391	0.013981158860593
4756	5016	0.013981280696971
-3990	-6673	0.0139845603166671
3638	5345	0.0139870909633177
-7786	-11264	0.0139915262329736
2892	5243	0.0139937492451927
-7805	5254	0.0139974701388774
-2879	6490	0.0139978504918799
4724	5435	0.0139990681970691
3274	5204	0.0140003512351882
-10898	5190	0.0140006022373301
-5977	-6050	0.0140032646587984
4828	5376	0.0140044619927447
-11801	4728	0.0140054429465033
-1100	-6201	0.0140076342869433
-11004	5708	0.0140191601562827
-8832	5006	0.0140195607640934
4871	5563	0.0140414160848496
3752	5623	0.01404816021089
-2453	6336	0.0140536311469931
3797	5923	0.0140559594282979
2489	3814	0.0140573342497182
4708	4982	0.0140576838752234
-240	-9878	0.0140577516266923
-3163	-11328	0.0140583787953422
-9905	4900	0.0140644658625905
-2831	-10837	0.0140675464788027
4026	6009	0.0140864740360648
3924	4832	0.0140877969518876
3810	6351	0.0140912201985635
-10783	-10785	0.0141121399350827
-6688	-7856	0.0141160498251444
5228	5783	0.0141178683723825
4797	5883	0.0141239047104639
-2174	-10757	0.0141255361489536
-6613	-10256	0.0141274886661358
-5504	-10711	0.0141283806301334
-5421	4969	0.0141391343725861
-2021	6051	0.0141403045418397
712	3792	0.0141459331506608
-4020	5403	0.0141494861361017
92	3571	0.0141558823916106
-7000	-9011	0.0141620477543234
5039	6552	0.0141734548467562
-1362	6441	0.0141855694725664
-10185	-11158	0.014189039593596
-11359	5144	0.0141896588678123
-8618	5216	0.01419002536313
-7040	4721	0.0141996369938302
3947	4942	0.0142111118869117
4787	5867	0.0142162635605915
2542	6200	0.0142183739319955
3599	5112	0.0142231790838699
-1982	-4000	0.0142233671925782
-8075	-8556	0.0142237613725597
3269	4877	0.0142355684253082
-3479	-8688	0.0142387633631858
-11811	5174	0.0142391290319704
5595	6353	0.0142400793710591
4182	5070	0.0142481074315277
5007	5752	0.0142500595126559
4793	6285	0.0142523701003014
-10680	4581	0.0142548306110998
2856	5751	0.0142587143325704
-851	-1770	0.014259830386597
-520	-3329	0.0142611700138951
-6167	-7750	0.0142611974048172
4041	4090	0.0142619408225976
-9803	5680	0.0142656591914435
-10774	4308	0.0142726025481047
3506	6147	0.0142741668185719
-5607	4622	0.0142791089663932
3748	4449	0.0142792290437862
4124	5002	0.014281954114749
2999	4336	0.0142834328831925
-5507	-6175	0.0142889804243863
-4732	4119	0.0142911548199615
-9850	6483	0.0142961776713205
-10424	4452	0.0142972431065324
-9082	-10828	0.0143042404905526
-815	-7408	0.0143119012057163
-4969	4686	0.0143190418964144
-7270	-10488	0.0143272350199257
4658	5259	0.0143578368562927
-5133	-10232	0.0143587848302036
-8103	4923	0.0143663083547053
3334	4264	0.0143680838751997
-11828	5954	0.0143701624557931
-6023	-10683	0.0143713641516764
4438	4477	0.0143742956750174
4486	6391	0.0143756020224204
3584	5041	0.0143846831486867
-11060	-11554	0.0143935583389774
-5685	4857	0.0143984713776343
-10500	4896	0.0143995726063122
-8382	4333	0.0144040812658351
-3277	2093	0.014405711261079
-4014	-5344	0.0144081522939366
-1319	-6822	0.0144107093886354
4715	5703	0.0144165597616284
-11848	3628	0.0144185184410387
-9061	3463	0.0144194326372887
5732	6564	0.0144201798559225
4554	4578	0.0144238839182835
-5175	-11796	0.0144268500536705
-6774	-8193	0.0144273169581054
4794	5010	0.0144314039605073
5316	6407	0.0144321047964139
-4337	6687	0.0144364069966615
-7313	-7790	0.0144399259832847
-877	-6333	0.0144573911726127
5665	6026	0.0144583713613911
-8677	3607	0.0144640748239546
-6298	5424	0.0144667408192031
4447	4827	0.0144675712680327
-568	4473	0.0144676399271963
-1186	-7360	0.0144697649236693
4681	4973	0.0144699052508428
-517	6506	0.0144701066516774
-1003	-4956	0.0144720938810042
4626	4723	0.0144830906328507
3392	5306	0.0144832253600602
-201	-210	0.0144838943516249
-2203	-2260	0.014488170465621
5161	5505	0.0144902275530757
4410	5712	0.0144945521325697
4379	4928	0.0144972449477293
3963	5213	0.0145051154525866
-10166	-11692	0.0145058608264604
-8602	6260	0.0145075022641789
-5581	4416	0.0145086698632563
-10584	5654	0.0145137090734419
-3357	-8757	0.0145142720356435
-4170	5630	0.0145178047434591
-2863	-6869	0.0145199186324506
-4357	-4463	0.0145212945877471
-763	-2861	0.0145237410635474
-7127	-11779	0.0145309895037724
4096	4201	0.0145378489904934
5018	6081	0.0145449702487273
3929	6183	0.014549950380799
-3516	-6576	0.0145582653663797
-4926	5232	0.0145606022070839
4317	5303	0.0145635492089108
4960	5471	0.0145713018937197
-6734	5024	0.0145725407063387
-1519	-4509	0.0145758826104868
-3189	6144	0.0145779178429607
4535	4932	0.0145850985861547
4773	5194	0.0145915040354733
-4274	2588	0.0145948397098087
-2319	6542	0.0146069744781453
-3758	4350	0.0146070368866168
-4177	-8281	0.0146133472731574
-1505	6264	0.0146188200291335
-7697	-9227	0.0146257789786964
3803	4216	0.0146286037568005
-3548	-8529	0.0146288832655997
-3611	5811	0.0146339519035767
-10026	5576	0.0146383062604534
4174	4688	0.014638859903637
-8129	-10244	0.0146394814645096
5535	6339	0.0146441100905181
-1089	-10679	0.01466768839687
4406	5958	0.014676342546745
-8953	-10682	0.0146844699360859
-11802	4802	0.0146848810711216
4390	5550	0.014693070405178
-6288	-8949	0.01469406023901
3853	4644	0.0147138398664111
-8620	-9678	0.0147211737769887
-8399	-8695	0.0147305090661869
2676	4611	0.0147313832434793
3162	5093	0.0147351352757575
3725	4997	0.0147380126190046
3266	3788	0.0147414656563809
5375	6676	0.0147494607830265
-6364	6302	0.014750294727535
-8475	-11365	0.0147623856850823
4941	5817	0.0147632720566814
2219	6791	0.0147637441405089
-11480	3081	0.0147649069263602
-10129	5496	0.0147655235689825
-2299	6100	0.0147702505742916
-3081	-7663	0.0147785671276724
-8511	-11732	0.0147841482438485
-3317	4387	0.0148004241915052
-10493	5469	0.0148027639999843
-5470	5045	0.0148030957086601
-7218	5591	0.0148043337100972
4113	4457	0.0148088944803933
1838	5544	0.0148155799113572
-10192	5884	0.0148189645207616
4281	5513	0.0148226392838743
-10202	2177	0.0148246661098514
-7642	-8440	0.0148382628303804
-8900	6525	0.0148391238676353
-6846	6516	0.0148433495891336
-8144	5293	0.0148475568246336
3060	6457	0.01484757901497
-5759	-11610	0.0148508608499563
-4433	6486	0.0148531459581758
-7060	5346	0.0148580554934595
4776	5717	0.014863082800055
-3604	5770	0.0148668822954629
-9187	-11750	0.0148740113833749
3942	5025	0.0148766620494791
-3371	-11061	0.0148769947360618
-1535	-6296	0.0148786731363474
-11657	4361	0.014888881188205
-1184	1604	0.0148897650290246
-1415	-1899	0.0148914766331408
-5298	-6221	0.0148941846112443
-4399	4666	0.0148948782909668
4319	5504	0.0149044270220823
-6020	-9058	0.0149044310198877
4167	4222	0.0149078272309727
-7961	6217	0.0149092489706155
4780	5697	0.014911393068719
-7659	6065	0.014911589362106
-800	5559	0.0149123218889184
-7916	-8032	0.0149179521382831
3191	5546	0.0149225940838603
-10062	4471	0.0149256879430342
-6646	-7351	0.0149285477868577
1653	5979	0.0149315877787481
-3718	-6997	0.0149392215925145
4628	5579	0.0149424581218349
-11213	4255	0.0149461093072429
-9177	6177	0.014947908122898
5086	6509	0.0149520462859836
4118	5778	0.0149526122971522
4842	6611	0.0149558844392791
2399	6613	0.0149575664665353
-7185	-8514	0.0149632088020022
5395	5808	0.0149685722231629
-1493	5211	0.0149741294921922
-5006	6123	0.0149763768810485
5207	6171	0.0149765815052276
3694	4754	0.0149794752169256
-2198	4142	0.014981171319753
-2356	-11780	0.0149931802678341
-5669	-10736	0.0149941150100762
4540	5650	0.0149970573717551
-1459	-2727	0.0150061872780784
4939	5934	0.0150085414325829
3522	3637	0.0150090300309544
2844	4636	0.0150106508525812
3992	4937	0.0150114888986208
-1448	5114	0.0150124632626414
-8416	-9490	0.0150138477060413
-1224	-10320	0.015019895845366
-9233	-10063	0.0150212030410969
-4459	4614	0.0150215758449733
-11000	2465	0.0150283799276299
2843	5091	0.01503040730403
3761	5932	0.0150346614988913
-8233	6748	0.0150449707324338
-5196	-8775	0.0150531300929116
-8089	-9052	0.015053859037472
-3452	-10123	0.0150552233460639
5060	5421	0.0150569996283442
-170	-11517	0.0150578830551081
-11147	5747	0.0150597537060938
3293	4231	0.0150675180076293
-5553	6358	0.0150681649831725
4528	5248	0.01506847608069
4301	5214	0.0150687450444669
3879	6034	0.0150811057254783
-5980	6114	0.0150918954546812
-3574	-8538	0.0150998816408852
-2506	-3728	0.0151128508016159
3249	4517	0.015115835552352
4869	6071	0.0151201235028762
-9447	5722	0.0151212067128729
-5658	6185	0.0151217715723676
-3542	-6900	0.015135342928419
2987	4065	0.0151358531120163
-4683	-5718	0.0151372879264916
-4464	-4674	0.0151420655109398
2720	5393	0.0151440576236441
-1865	-4081	0.0151447502236795
4851	5589	0.0151564471863662
3344	5475	0.0151570907625494
4482	5572	0.0151607666891655
-10093	4076	0.0151626640332586
-1112	5433	0.0151629108961328
-8423	-10966	0.0151642235702914
-2911	-6185	0.0151658277230645
-4472	5178	0.0151696774545156
2838	5357	0.0151812819223284
5012	5638	0.0151824730510378
4484	5501	0.0151927712853742
-11048	5916	0.0151984008685661
-10360	5033	0.0152034524709887
-6637	2841	0.0152115666213158
-8612	5327	0.0152122599419996
4557	6842	0.015217107654352
-10786	6459	0.0152176498592905
3316	5779	0.0152351788420767
-9739	4695	0.0152527844510552
-9060	3994	0.0152539866602102
-3416	-9494	0.0152541880607607
-8945	-10865	0.0152552874812536
3562	5699	0.0152673723174026
-11252	-11478	0.0152701174661436
4287	5815	0.0152746464492239
-2605	-7282	0.0152791430686288
-2164	-4104	0.0152795497519348
-99	4624	0.0152819439866872
-7743	-8910	0.0152829672589762
-1783	-7997	0.0152831972162896
-5110	2761	0.0152846196648992
-10710	6647	0.0152854622119808
2624	5622	0.015288348629063
3543	4950	0.0152976626182583
3850	5737	0.0152996417597758
-4770	-6415	0.0153038853255377
4014	4106	0.0153161381281601
4316	6689	0.0153181554998257
-4288	5099	0.0153252240459541
-35	-11475	0.015327744407814
-683	-2711	0.0153303885834748
-8042	-8398	0.0153316070518467
-10748	5015	0.0153366741049602
-5340	-9773	0.0153375367401893
3150	5945	0.0153414923044562
4371	5381	0.0153536328131021
-10599	-10819	0.0153622217356158
4487	6625	0.0153651622838742
-11279	5103	0.0153684413237678
-11685	5661	0.0153684565139753
-10839	-11017	0.0153731312679279
4144	6425	0.0153757353027216
283	6066	0.0153762158714565
-9604	-9625	0.0153783667342819
5610	6011	0.0153784262966608
-259	6616	0.015379172950118
5266	5318	0.0153794973133578
3414	5272	0.0153813542494861
-4093	2424	0.0153820646548841
5449	5764	0.0153838066870625
4101	6055	0.015400218890145
5581	6094	0.015403174463003
5102	6828	0.0154114117792825
-1107	-7635	0.0154124288339845
-6703	-9655	0.0154125488541985
-7072	-11558	0.0154174100581523
-2142	-5027	0.0154174891132752
4909	6608	0.0154176311323674
-9383	4404	0.0154225369507385
3323	5588	0.015422916368807
1682	5333	0.0154255802575362
4230	5367	0.0154258022019662
1747	5218	0.0154311035049902
-10193	-11372	0.0154338072535552
4054	5632	0.015442858279846
-7256	5140	0.0154451975154354
-10608	6364	0.0154454921394243
4172	6357	0.0154513725264685
-3978	-10040	0.0154606873292421
3610	6003	0.015467105575167
-4854	-6487	0.0154708319410343
4294	5750	0.0154848929927738
2931	5755	0.0154898828514199
-5832	-5998	0.0154925547866899
-8879	-9940	0.0155031797592188
-7509	-10772	0.0155038122221671
4856	5460	0.0155074135964827
-10827	-11799	0.015512957244696
2611	7040	0.0155223738065457
-9609	6163	0.0155260019614447
-4351	6570	0.0155293635226615
4655	6162	0.0155310191274735
4479	6328	0.0155404415325448
-9044	-10586	0.0155423665530955
-4675	-10431	0.0155430425081549
-2804	3862	0.0155493498588706
4419	6634	0.0155820300562928
2441	5094	0.0155903660154799
-4417	-8927	0.0155933004326831
4873	5880	0.0155955677225414
3574	4752	0.0155998414360987
-7381	-10620	0.0156055147477246
4116	6038	0.0156207009287949
5264	6380	0.0156277697651497
-5405	5008	0.0156307347818393
4916	4920	0.0156311942271607
2205	3452	0.0156312643682032
-7275	-7982	0.0156371195972487
3715	4079	0.0156418163829088
-8865	5299	0.0156432117245343
-2896	-11499	0.0156510101050662
3423	5419	0.0156585221296606
-11178	-11805	0.0156767314046253
-446	-1557	0.0156788552017722
-729	-1943	0.0156797073037577
-6274	6648	0.0156843321053459
4397	4831	0.0157017930431799
-225	-10461	0.0157073267932887
5180	5693	0.0157098531876681
4621	4650	0.0157156281643254
3234	5666	0.0157200141294956
5027	5390	0.0157346366951831
-6875	5131	0.0157464317240194
3247	3678	0.0157555485919561
-1324	822	0.0157573767101962
5612	5791	0.0157605171563739
4748	5618	0.0157610597053372
-10817	5391	0.0157704896939826
-10778	21	0.0157777120075439
5260	6524	0.0157777210737154
4702	4925	0.0157798372943332
-7956	-9674	0.0157832972041895
3003	5187	0.0157851132728417
2440	4705	0.0157944373825362
5182	6282	0.0157954361440914
3242	6732	0.0158011017085311
4234	5988	0.015811264476685
-8872	5224	0.0158120043722902
-4408	6044	0.0158155961309878
4409	5772	0.015815811579935
6126	6796	0.0158214177366197
4411	5235	0.0158240860809874
-1049	-4282	0.0158287729864085
-2580	-10523	0.0158320962513262
4414	6755	0.0158337142241105
4825	6388	0.0158405975143837
-10963	-11619	0.0158415076202043
4483	4603	0.0158466087144279
-8908	6307	0.0158478604808363
-1029	-3547	0.0158511710286726
-1469	-1482	0.0158553952211271
-160	4327	0.0158695997734228
5146	5350	0.0158704198718076
-3387	-7515	0.015870553434867
4097	4249	0.0158709252229252
-10557	5342	0.0158800170935174
-6449	-9067	0.0158835641392927
6153	6683	0.0158892300115266
-10794	4777	0.015890270140609
3157	6243	0.0158962734182186
-793	-2058	0.0158981482526454
-7883	-8353	0.0159062675721423
-8094	-11251	0.0159126577712221
-4369	-11534	0.015913129535645
-7422	-10208	0.0159216735860162
-5283	-11312	0.0159295920303178
-10889	1889	0.0159316830803125
-5348	-9613	0.0159409205009039
-10965	5798	0.0159663634894925
-3702	-7874	0.0159680227629887
-3397	5684	0.015977283870483
-9456	-10971	0.0159814559134005
-4372	-4729	0.0159834842929313
-7955	-11773	0.0159857856486829
5354	5380	0.0159906478807143
-8085	5968	0.015991422878236
-8224	-10299	0.0159917042092729
4778	4872	0.0159946865820284
-2019	-7583	0.0160019264124805
-6516	5509	0.016002061540404
4736	6795	0.0160031168261642
-2045	-10520	0.0160051511399508
-172	5606	0.016005503084379
3890	5828	0.0160082273419136
4848	5278	0.0160109295954231
-4715	-7187	0.0160145036232935
-2092	-2176	0.016015984272792
4070	6064	0.0160309393897501
-4379	-5833	0.0160379351814489
4395	6165	0.0160433707860017
-3521	5031	0.0160466998362561
-369	4875	0.0160525176617955
-1154	-4340	0.0160555608999847
-3923	-8616	0.0160560884584248
-7271	-10910	0.0160564079715066
5406	5987	0.0160581655718584
3569	4660	0.0160622771167305
-452	-6567	0.0160622990718167
-3940	4288	0.0160649719551642
-6431	6334	0.016068893655204
-2432	-4501	0.0160699834962335
-10914	4115	0.016071014673302
3165	5193	0.0160757614219206
-10016	6560	0.01608068700046
4214	5118	0.0160837251404699
-11843	6122	0.0160861381752149
5233	6488	0.0160867074817035
-7859	6237	0.0160967821391244
3393	5617	0.016100023424333
4086	4134	0.0161004007746807
3805	5175	0.0161111408762772
-7884	5371	0.0161247165396286
4905	5296	0.0161300100581445
4050	5492	0.016132832189816
4285	6241	0.0161337915738249
4874	5258	0.0161441355611873
4732	5931	0.0161462503030644
3665	3873	0.0161487647433989
-1571	-9139	0.0161501634808462
-2483	-9410	0.0161530760169614
4784	5407	0.0161573468939521
3900	6352	0.0161622925615636
-8632	-10141	0.0161627536939311
-6329	6370	0.0161659006530852
3783	5919	0.0161739381255947
5800	5985	0.0161831008344443
5592	5718	0.0161864317912514
-3199	-9338	0.0161978612980305
-681	-11456	0.0161994753332611
-5774	-9045	0.0162238772289239
-2686	5735	0.0162310010582618
-8271	2120	0.0162361278551935
4779	5497	0.0162421713920482
-5120	5450	0.0162514063518137
4657	6181	0.0162592469921086
6210	6961	0.0162656703690926
-8713	6976	0.0162657666412216
-4001	-7237	0.0162726704345488
-9448	5659	0.0162775411529985
5739	6549	0.0162790916291815
-9346	-9347	0.0162861658327203
-4648	4685	0.0162931480919726
-6825	5818	0.0162964376276467
3973	4930	0.0163022018992588
4122	6940	0.01630744220358
4999	6057	0.0163087714906965
-10233	5933	0.0163094363922051
4568	6983	0.0163095899359642
-5220	-7149	0.0163224987883512
3913	6330	0.0163291821861946
3159	4179	0.0163292260112793
-8469	5510	0.016329612195488
1515	5109	0.0163316768017322
-2230	-7442	0.0163333944464386
4474	5930	0.0163356909495344
5481	6896	0.0163379189405943
-1651	-9485	0.0163388451201252
-1420	-7736	0.0163537997860548
873	5344	0.0163548039984882
-2657	-10389	0.0163662632480352
3070	5837	0.0163672458509943
-11034	6607	0.0163707198861229
2745	5297	0.0163735204077736
2671	5423	0.0163761883978382
-8096	-9352	0.016377014323247
5734	6004	0.0163778572954869
-2378	-7665	0.0163830497467144
-3073	6235	0.0163837372426298
-9673	6232	0.0163903875162116
3771	5383	0.0163988238821902
4445	6423	0.016403097575578
2993	6166	0.0164044156625419
5921	6220	0.016405039157533
-7696	2751	0.0164061433464283
4353	6606	0.0164083636521016
-10017	5514	0.0164164677500724
-1656	-6422	0.0164190137495014
-2788	-8524	0.0164198408524174
-7220	6321	0.0164268736835833
4976	6694	0.0164289215279325
4988	5363	0.0164375313951623
4553	5014	0.0164417543562893
-3389	-3417	0.0164428469608014
-8021	-11461	0.0164645263507049
5369	5426	0.0164673784877658
-2070	5044	0.0164676858983993
-10831	4634	0.0164687091607446
4120	4187	0.0164708679144387
4764	5452	0.0164727515806977
5674	6046	0.0164945952502552
-2694	5329	0.0164965114894631
4402	5326	0.0164966605379789
4192	5676	0.0164986843603707
4951	6137	0.0165003033847962
-9570	5830	0.0165080162828858
-4482	-11488	0.0165126844801356
3319	4815	0.0165163232071744
5368	6612	0.0165169135093148
-3490	-5503	0.0165205848272026
-3520	5382	0.0165240173030405
3706	4040	0.0165313302972082
5117	5873	0.0165342005178894
-7401	-8672	0.0165351978270744
-10196	4847	0.0165402949085986
5694	6715	0.0165542997793623
-10362	6677	0.0165565972648671
5003	5500	0.0165569564951262
-248	5277	0.0165639013432871
-9103	-10463	0.0165677538247693
4248	5184	0.0165686464612479
4010	5223	0.0165749397540451
-11508	4605	0.0165757192061313
5515	5920	0.0165795761262418
-7957	6868	0.0165893017142584
5642	7159	0.0165961610828713
-893	-2293	0.016597318673872
-8526	-9158	0.0165975415357524
-6114	-9777	0.0166045175271957
-6518	-9513	0.0166078102659516
3501	5974	0.0166205795008363
-2109	6533	0.0166262282147394
4746	5366	0.016627392464579
-10266	-11321	0.0166344635881793
-6917	-10006	0.0166384756787835
-9022	3822	0.0166402833895961
4990	6576	0.0166410423773684
-3424	-6853	0.0166498374482519
4478	4985	0.0166526080771901
-4341	6187	0.0166814337861166
-4291	-5861	0.0167118227620925
-11497	2188	0.0167158560396775
5062	5825	0.0167248994078945
5173	6276	0.0167267322898639
5745	5813	0.0167278255495053
4902	5853	0.0167346819455877
4496	5289	0.016736282871503
-3375	-3411	0.0167398488508785
-11363	5926	0.0167400010926844
-9885	7205	0.0167426990989675
4505	5312	0.0167465486735947
4381	5671	0.0167480508863939
3496	6105	0.0167668921607853
4226	6039	0.0167725572452161
-3552	6668	0.0167768610277756
-6499	3354	0.0167775454175821
-3271	-5162	0.0167842555967252
3863	5439	0.0167901854236237
5657	6870	0.0167916838956073
-9080	6023	0.016800382705822
5337	6110	0.0168066530890424
-269	-5637	0.0168106831300888
2492	6460	0.0168148479167386
-4421	-4717	0.0168149330412581
-2734	-5480	0.0168199202664397
-8235	6445	0.0168202156447814
5069	5262	0.0168230583069852
4891	5022	0.0168234144153475
5478	6239	0.016827517078537
-3780	-9062	0.016830396702599
2026	6341	0.0168320592468771
-10573	1114	0.0168340200285892
-6863	-9838	0.0168364612179662
4194	6296	0.0168379318933319
5353	6874	0.0168383085318209
4629	5208	0.0168454122739335
4561	6823	0.0168471862005484
5372	6250	0.0168478527672389
-11291	1719	0.0168496975564567
-5091	-8502	0.0168520529874788
6138	6977	0.0168556850438872
-10657	2889	0.01685980541471
5720	5984	0.0168634090110364
-230	-3556	0.0168643926003396
4598	5197	0.0168702134452832
-7671	-11373	0.0168702679594769
-7101	-7233	0.0168706331568716
-10316	5816	0.0168757002449974
5037	6618	0.0168809141466517
4089	6588	0.0168816001838369
5857	6520	0.0168822603232333
4829	6994	0.0168959985269104
-257	-1050	0.0169002654453454
-2903	-4234	0.0169126917678106
-10899	5836	0.016918602210712
-10951	5538	0.016923465350604
1923	4689	0.0169274999509693
5398	6277	0.016933983365789
-4785	-10083	0.0169605846163308
4599	6702	0.016960588331955
-8472	5993	0.0169689808141078
4324	5120	0.0169691043742084
-7495	-9643	0.0169695850508848
-2348	-10120	0.0169698700160847
-1910	-4857	0.0169707222592771
-3694	-3724	0.0169816249552489
-6500	-8266	0.0169826114909969
1949	5257	0.0169847973482178
-2753	-5580	0.0169863334095703
2719	5195	0.0169937469899988
-5413	-10518	0.0169952963794074
4511	5749	0.0169955725650425
6128	6558	0.0169973618611653
4878	4907	0.0170083405648537
3812	6469	0.0170129243725533
3461	6789	0.017019056616046
3082	4360	0.0170231257013966
5946	6033	0.0170284773505405
-5681	-8655	0.0170311026166032
-1358	-1381	0.0170327034243585
3579	6199	0.0170497214825346
4709	4966	0.0170517647947221
-3124	-11208	0.0170536883467944
2037	4860	0.0170564550672748
5392	5551	0.0170576071716227
-7578	-7690	0.0170670555100303
4291	6396	0.0170679595903675
5023	5637	0.017069539112689
-4111	4218	0.0170797353862205
-1704	-8648	0.0170849403484117
-11088	-11650	0.0170940110980279
5286	5527	0.0170955179650733
-11104	-11320	0.0170965771810564
-1282	-4422	0.0170969484923274
3895	6644	0.017098605293187
-5961	-7412	0.0171092395604956
-5818	3626	0.0171094819371217
-4898	-6363	0.0171298629571606
-10685	5440	0.0171348377543234
-8133	5723	0.0171413773117808
5256	5479	0.0171415649652014
-7147	3658	0.017156079464287
-6784	6528	0.01716845015411
5148	5658	0.0171705477953728
-1361	5834	0.017176968153515
-1891	2606	0.0171792541064058
2393	6236	0.0171846188462662
3854	6097	0.0171859816909674
4160	4771	0.0171862050849052
5731	5765	0.0171874573340839
-11634	5910	0.0171880068179997
-9244	5819	0.0171893569066519
-11585	4820	0.017189584012993
-11327	7162	0.0171910172535486
-9189	-10720	0.0171947360023549
5063	6141	0.0171953004979323
-2371	-3383	0.017200099728526
5064	5822	0.0172004048262428
-2460	-9198	0.0172049219275445
5986	6950	0.0172227728921584
3923	6698	0.0172228769080286
3172	4669	0.017230732271518
-7709	6665	0.0172324166113446
-8417	2957	0.0172346151759417
-1511	-1639	0.0172411032126926
-1214	-3378	0.0172458880927588
-1866	-4856	0.0172465708146015
4567	5185	0.0172570029790181
-1320	-5951	0.017259809952359
4707	5279	0.0172736381911412
5127	5927	0.0172744905408071
-4797	6095	0.0172751358030924
5522	5759	0.0172782026758418
5360	6722	0.0172829733484298
-10508	6757	0.0172836081306604
-1488	-1746	0.017295112902698
-4317	-11646	0.0172953807199025
2233	4467	0.0173022064943851
5373	6464	0.0173058570952883
5134	7273	0.0173065418672849
5730	6050	0.0173140249631216
4166	6233	0.0173149318450295
4059	5253	0.0173210522154662
-4315	6386	0.0173374048157846
4514	5348	0.0173419584701014
-413	-4973	0.0173431119614777
4924	5411	0.017345675679946
-7731	6458	0.0173479112006149
3989	6146	0.0173541348867418
-1388	6299	0.0173552180829394
5009	6659	0.0173569675672031
5438	6244	0.0173609043973173
4601	4781	0.0173750675719548
3920	5953	0.0173817816731627
3821	4740	0.0173819793082143
5855	7167	0.017388302755998
4761	5021	0.0173920552517148
4221	5614	0.0173930114579265
4880	5643	0.0174172567546803
5443	6846	0.0174194396183811
6140	6491	0.017420947763608
-6395	6175	0.0174242540265349
-10446	-10635	0.017428260055867
-9364	4978	0.017438647677207
5172	5468	0.0174398753638856
-4086	-11728	0.0174399502023311
-3652	-8782	0.01744512950559
5001	5425	0.0174451377512158
3290	7004	0.0174526032631136
-8722	-10115	0.0174609326409877
-3059	5520	0.0174626274107884
-9965	-11510	0.0174689965401843
-7685	-11025	0.0174797671651247
-6802	-11594	0.0174828040216919
4876	5331	0.0175086023621938
5573	6156	0.0175110307308613
-8798	6314	0.0175185262764825
4710	5396	0.0175214884276858
5881	6671	0.017529210647424
-122	-9493	0.0175299140506027
-6127	5913	0.0175404357420848
-8853	5912	0.0175698685283207
-1234	-1321	0.0175731190081492
-2974	-10944	0.0175878030940263
777	7199	0.0175897183539564
-2688	-7477	0.0175960281234821
-11201	5891	0.0175966988992678
4772	5442	0.0176071485354509
1614	4547	0.0176080147273599
5217	7213	0.017611220622724
-10973	-11862	0.0176169639311329
-6690	2902	0.0176196654838237
-1849	5831	0.0176419732400839
4853	6554	0.0176471554831044
4641	4767	0.0176495829929846
4678	4881	0.0176534283903772
-2277	-8212	0.0176580973845736
-6834	-9137	0.0176597872859712
-4303	-8451	0.0176649092715751
1856	5806	0.0176661396320755
5793	5895	0.0176687768406359
-11511	6072	0.0176733409440379
4680	4744	0.0176809712250043
-41	-8362	0.0176846020887262
5542	6085	0.0176884506987751
4682	6192	0.0176936652775611
-3269	-7918	0.017696856960092
-450	-4026	0.0177115616519713
-10327	6149	0.0177123267425413
-6150	6643	0.0177143963935994
5553	6609	0.017723338186131
-5350	-7498	0.0177338527213271
-1037	-9775	0.0177474340130211
-5430	6295	0.017747481710941
4178	4962	0.0177476882551344
5960	6734	0.0177488431856861
5261	7144	0.0177527822049281
4032	6802	0.0177657046219691
2890	3976	0.017777957986718
-1122	6261	0.0177829012856889
-6641	-7320	0.0177851686756889
-9000	6474	0.0177854153337923
5434	7086	0.017796540502383
4885	5066	0.0177999972566753
-6889	3526	0.0178154250072234
-5694	6252	0.0178179878515085
4899	5925	0.0178245971395172
3011	6481	0.0178266323644225
-11459	4193	0.0178392540858887
-977	-6116	0.0178448575981161
-464	-6097	0.0178461977281009
-1048	-11159	0.0178491782690977
-11863	6381	0.017860526257668
5762	6286	0.017865074123913
-777	-2314	0.0178821220353001
-410	5534	0.017882303491956
-9013	6532	0.0178848557841719
5506	6727	0.0178895658211838
5698	6543	0.0178956125158897
4271	6393	0.0178964164976233
-9191	4656	0.0179025952590438
-3562	-11413	0.0179051939872767
3363	4500	0.0179059524283357
-8640	5508	0.017907754120356
-5191	-8072	0.0179087862692447
-93	-2847	0.0179095157969752
1372	6505	0.0179136838193948
3368	4043	0.0179144184076807
-7411	-9114	0.017923546801356
4513	5568	0.017923744315127
3536	4576	0.0179310897614931
5629	6204	0.0179352040771004
-2573	-9426	0.017936575690015
3730	6082	0.017957033651111
3995	6403	0.0179671196323856
5724	6101	0.0179729281594557
6274	6376	0.0179757429150303
-5756	7192	0.0179770377915828
-4833	3586	0.0179776110165408
4946	5189	0.0179844175663509
-4031	-8856	0.017988267290082
5290	6047	0.0179903636146047
3691	5429	0.017994397252979
-8783	5648	0.0179994292492487
-4043	6397	0.0180102305967921
-1964	-4012	0.0180172624431886
-5666	5110	0.018018854734966
-2830	1926	0.0180264921190877
-10459	-11451	0.0180286939318211
3093	5476	0.0180319189377488
-3294	-10468	0.0180386457845731
-4445	-11794	0.0180489302140761
-5154	6877	0.0180541922965698
-1294	-6268	0.0180605555766993
-10939	-11099	0.018062480118414
4835	5019	0.0180666594429752
-8566	5902	0.0180793616826703
-4872	6125	0.0180961666040514
4443	4585	0.0181121864527055
-7371	6946	0.0181133102683449
-10548	2758	0.0181135072062743
4813	7158	0.0181186070961222
-4145	6096	0.0181446533111816
-10300	5789	0.0181515002363798
-11211	6778	0.0181567217116502
-438	-9870	0.01816688042839
-5720	-6575	0.0181697522822877
4326	5796	0.0181738613292884
-8718	-11440	0.0181788263550451
1833	5379	0.0181803211183186
6455	6718	0.018181932493407
-8211	3509	0.0181839514888782
5917	6988	0.0181845991035294
4279	5823	0.0181897392015494
5876	6499	0.0181913505223521
-8418	5549	0.0181917501793522
6148	6360	0.0181933929631296
2426	6398	0.0181969835201974
4895	5428	0.0182083810716616
-4627	-4879	0.0182104275680712
-8	-649	0.0182252323526148
6106	6231	0.0182393127303929
4027	6091	0.018241840422116
6005	6632	0.0182478023017636
-10059	-11263	0.0182596484788699
5462	5503	0.0182646724486628
-10750	-10763	0.0182790616194704
3258	6303	0.0182804204501754
4735	6511	0.0182811980496812
-11501	5936	0.018288516286358
5625	7416	0.0182938434041869
-3656	-7143	0.0182966927904695
5773	5995	0.0182972196158464
-8901	5409	0.0183024879298941
4465	5603	0.0183031075246022
3606	5048	0.0183034627108463
5399	6536	0.0183257612537817
-530	7000	0.0183268774363431
-10295	-11289	0.0183325124370631
5962	7039	0.0183363350035372
-4889	-7798	0.0183462299070625
4760	6728	0.0183491754500626
-9829	-11231	0.0183504826449904
6394	6762	0.0183553112847455
5786	6443	0.0183857779625195
5644	5915	0.0183861746450583
5209	6107	0.0183881957644769
-7189	6222	0.0183948900950026
-9787	-10024	0.0183970080578892
147	5888	0.0184002653390057
1686	5241	0.0184054115919173
4833	5053	0.0184135696228967
-7886	-11673	0.0184251109271245
-1201	-6459	0.0184298102725735
6131	6308	0.0184339552728769
6150	6597	0.0184373901306188
4948	5377	0.0184430403378186
-7651	6985	0.018444714455663
-1373	-6530	0.0184460773596196
-5429	6063	0.0184531660961145
4763	6152	0.0184642601171278
-5955	-6436	0.0184664364467056
4013	4617	0.018475225278046
5859	6434	0.018495077355806
-6552	-10745	0.0185107626815562
-3993	-4611	0.0185172986228117
5287	6750	0.0185192812258292
-3338	2963	0.0185261242957142
5493	6086	0.0185309299410895
-4529	-5591	0.0185443387397241
-3149	5458	0.0185496387770932
5935	5939	0.0185502647268129
5709	6189	0.0185506930816386
-8154	6949	0.0185516165283216
-5645	6283	0.0185553768098882
5570	5662	0.0185604883300965
4593	5212	0.0185611384064485
5847	6655	0.0185616602724829
-11538	1743	0.0185767822506242
-10524	-11189	0.0185778192344828
5322	6493	0.0185834759103408
-7718	-9275	0.0185920356965846
-10811	5274	0.0185935819462265
-10282	-11397	0.0186007061785363
-4629	-10551	0.0186050076919988
-3845	-6940	0.0186063808846136
5598	6596	0.018615857004422
-843	6324	0.0186197063182174
-10590	-10596	0.0186242022319234
-5578	-11093	0.0186286794474888
-11347	5328	0.0186334576849302
3193	3570	0.0186357002786683
6103	7210	0.0186366060797619
-947	5071	0.018645343624559
6022	6390	0.0186517077352327
-3332	5996	0.0186568835488935
4801	6317	0.0186573581967484
-109	-1077	0.0186710215353158
5334	6420	0.0186934793206958
-743	-7121	0.018694071787084
-11844	6862	0.0186995283443813
4510	5582	0.0187108333266714
-7964	1529	0.0187209444315836
336	3652	0.0187319645717309
5486	6743	0.0187339786396123
-1617	-11311	0.0187387736422702
-10639	6605	0.0187511841981414
5584	6424	0.0187530087092471
-9645	6472	0.0187609868819193
5271	5840	0.018761496078112
-9214	6113	0.0187633117560278
4003	4844	0.0187692685133636
-3429	6803	0.0187698655127115
-9261	7139	0.0187724861351731
-11795	6681	0.0187824576788427
-477	-8126	0.0187992192556174
-6507	-11660	0.018806754367944
5780	5787	0.0188150953301096
-3361	-9375	0.0188221879205907
4607	5168	0.0188336357617307
4591	6116	0.018835791868863
4911	5343	0.0188371021956602
-9958	7208	0.0188506695026231
4908	6574	0.0188540327755108
6861	6968	0.0188551507169614
-1301	-10855	0.0188552866180595
-9786	6973	0.0188583399509894
-352	-2740	0.0188649352956646
-2233	6798	0.0188767768940711
-7460	-9418	0.0188810655901856
-3353	-11384	0.0189073802197672
-6235	6880	0.0189149419744941
4642	7269	0.0189151591753798
4643	6461	0.0189188633270902
-1237	-3969	0.0189274129024315
-9779	-10992	0.0189313176215714
-4878	6272	0.0189341923809589
5242	5441	0.0189491427385098
-9483	5678	0.0189537061434696
-7199	6306	0.0189541441385205
-9326	4755	0.0189593851889719
5150	6884	0.0189620759545863
3027	7556	0.0189627736093274
-7867	5966	0.0189726579659984
3631	6466	0.018973517600075
5810	6160	0.0189818748323397
-6563	6699	0.018988885578307
3102	4488	0.0190163803073904
5713	6544	0.0190232127044533
5079	5948	0.0190407988669544
-10154	7138	0.0190427882036753
-5662	-6751	0.0190588418462919
4335	6333	0.019075264963349
4919	5202	0.0190765237888949
4953	5512	0.019095288608326
-7828	-9047	0.0190982908622905
-10319	-11156	0.0191033409698328
-887	6721	0.0191148945388089
5215	5388	0.0191166446366634
4934	6914	0.0191170641753099
4515	4749	0.0191187977639855
4169	5655	0.0191191501507623
-2101	6819	0.019124036016303
-4918	7198	0.0191243416818873
-6488	-10271	0.0191258858833617
3456	6290	0.0191270667923369
-2810	-7179	0.0191275744588665
5797	6439	0.0191306131728553
-959	5904	0.0191357775403408
-5784	7420	0.0191408459302283
-4022	6628	0.0191430034209664
6205	6385	0.0191432081600898
5999	7410	0.0191447458088245
-2940	-11450	0.0191489410572593
5361	6437	0.0191506210996983
5170	7026	0.0191528889636385
-1243	-1766	0.0191531583286052
2515	5746	0.0191605625295911
4910	6577	0.0191619273535217
5311	5613	0.0191637160231557
5664	6070	0.0191797099037755
-8234	6883	0.0191847225888898
-88	-1776	0.0191862433235922
-488	-4942	0.0191870110132709
6514	7155	0.0192042532597861
-4189	6194	0.019204987020431
6020	6878	0.0192147825610986
4698	6120	0.0192160563801867
-9181	6121	0.0192195594814437
5841	6999	0.0192311144261333
6503	6797	0.0192334000496101
-9166	5943	0.0192382552545594
-6759	3965	0.0192405928339676
-7438	-11272	0.0192524975117412
-6247	-8643	0.0192719605379992
3350	6502	0.019284732291008
6161	6912	0.0192863230184258
-2916	5561	0.0192974074556619
6262	6346	0.0193028504938942
3441	4672	0.0193116096262033
3307	7145	0.0193156503498568
-6057	-6611	0.0193226531272029
-10363	-11276	0.0193247358683558
-7483	6539	0.0193290979203582
5741	5890	0.0193310850304029
-6244	4823	0.0193383925043325
-9162	-11669	0.0193468598706143
5132	5700	0.0193490115424068
-1269	6775	0.0193494729776108
-3875	5874	0.0193528771386154
5972	6032	0.0193555764082213
-9442	6997	0.0193571255366016
-5733	-7721	0.0193640296379078
5991	6638	0.019370315964106
-9004	-9125	0.0193721570704698
6078	6553	0.0193729490751509
3588	6763	0.0193913564076517
3876	4718	0.0194051309266061
5138	5767	0.0194223001422188
-1069	5036	0.0194224286146212
-2923	6571	0.0194225541392723
2596	7265	0.0194238144556617
5901	7343	0.0194303246268243
-8367	-10887	0.0194344984360174
3409	6007	0.0194354847468001
5653	6649	0.0194407937157787
-5889	5067	0.0194548728524909
-11769	6563	0.0194741993545238
-2210	-11462	0.0194816422597217
-11042	4283	0.0194938064496516
4272	4914	0.0194996580329947
-4849	-5612	0.0195013563040515
5280	6438	0.0195161893693706
5691	6245	0.019536879908728
-9785	-11765	0.019541731345589
-2600	6054	0.0195496575770605
6056	6604	0.0195537843409823
-9912	-10071	0.0195542328110602
6426	6837	0.0195565653916026
-2961	-6308	0.0195587524724787
-7119	6349	0.0195591554435274
-3924	-6220	0.0195794748674598
-6851	-11112	0.0195819328468565
5317	5850	0.0195878540063354
-4491	-6920	0.0195960024902018
-3950	-5551	0.01960026667256
-3220	6923	0.0196121203535148
3830	4933	0.0196137987131925
4967	5076	0.0196286485576609
-3484	6929	0.0196403119641518
3542	7259	0.019652255490669
5656	6448	0.019652362909867
-4563	-9195	0.0196632700034625
-3667	6562	0.0196656878679885
5878	6266	0.0196669456518131
-319	-460	0.0196686909745562
-9029	6800	0.0196739576250725
6284	6551	0.0196968356656128
-4220	6711	0.0197003268710818
-878	4904	0.0197114099846688
5487	6389	0.0197312852199443
2991	4792	0.0197400675527008
4111	6882	0.0197407679338224
5405	6366	0.0197479476634283
-7221	6226	0.0197512711860894
-3152	-6991	0.0197785244383967
-8365	6585	0.0197908646191759
-8476	-10183	0.0197916139418262
5387	7027	0.0197950104402558
-9246	-11727	0.0198002466297206
-9200	-10443	0.0198125932213849
5539	5736	0.0198314208175924
-2884	2666	0.0198355316853722
3700	5861	0.0198426538008184
6350	6413	0.019850847267822
5879	6653	0.0198575347305442
5431	7541	0.0198586255360061
5909	7284	0.0198604070544228
-9340	-9407	0.0198667682769567
-7250	5707	0.0198672619425271
3904	6548	0.0198677475716082
5575	7100	0.0198741243090493
5464	6179	0.0198972528536223
-9762	-10776	0.0199066958424398
-3878	-10612	0.0199215566821002
4058	6405	0.0199247804454111
-3458	6838	0.0199270805415093
6000	6531	0.0199305550651934
4859	5517	0.0199315541420063
4757	7255	0.0199319093576561
-9857	6159	0.0199327426034346
-1020	-3104	0.0199339174221015
4807	5690	0.0199364837341949
5196	7550	0.0199408026901132
-7380	-9121	0.0199468380504382
-10676	7314	0.0199470936946475
-10372	6601	0.0199486612768985
-367	-3948	0.0199495455361461
5869	7176	0.0199583944606865
-1547	5310	0.019961113422394
-3858	-7258	0.0199652491018728
-437	6635	0.0199652538556178
-10482	6899	0.0199777513308216
-7670	6948	0.0199826762882923
5186	6621	0.0199861709476012
3840	6010	0.0199887572929049
4543	6487	0.0199899395239804
-1262	-2085	0.01999990634837
5587	5914	0.0200132220585265
-365	-4786	0.0200154640485814
6273	7030	0.0200173385175794
-8611	6331	0.0200191568288429
5541	6247	0.0200298080675197
5942	7453	0.0200300085661473
-38	6646	0.020031250684189
5153	5341	0.0200319298857183
-4806	-5831	0.0200421759530101
-5901	6355	0.0200457102054135
-10241	-11767	0.0200633763439031
5721	6133	0.0200641931551664
-11124	-11821	0.0200659425200175
-1059	-9799	0.0200770978501909
3434	4700	0.02007791631241
-6958	5949	0.0200911821514616
-767	6090	0.0201075424752325
5649	6703	0.0201118594383152
-7699	5523	0.020118468958315
-349	5992	0.0201260292627755
-10687	-11282	0.020128196838093
-1581	-3116	0.020128653970683
-7991	-9231	0.0201445070938291
3589	4947	0.0201528508276634
5484	6037	0.0201661427148818
-3619	4938	0.0201705731145514
-4495	-9749	0.0201757311304145
5784	6392	0.0201786152167123
-9225	-9623	0.020180125581893
4430	6440	0.0201899760317895
-897	-2969	0.0202077478728831
6182	7575	0.0202092877522458
-3173	6073	0.0202232574295366
-3964	-5131	0.0202235712857888
4275	5163	0.020227603893533
-9666	-11625	0.0202312896688675
5785	5997	0.0202359940577446
4512	6291	0.0202412103801458
5308	6012	0.02025148399582
4931	5973	0.0202584559961929
-7150	-9601	0.0202653109487679
-4581	-10433	0.02027843109584
6402	7728	0.0202807556933815
4351	7394	0.0202814708455143
4991	5842	0.020291727849544
4758	7093	0.0202921468045756
-4296	-7608	0.0202944622135689
5965	6500	0.0203041393018089
-6663	4879	0.0203105675215066
3894	6214	0.02031224894503
4677	7324	0.0203196908599304
3410	7108	0.0203242193111773
6076	6454	0.0203280761056066
4180	6477	0.0203283348191787
-8188	-10874	0.0203321578656428
-7017	-10383	0.0203449000731007
5128	6206	0.0203481486783899
5191	6134	0.0203539536534091
-76	7457	0.0203565010954928
-11752	5205	0.0203617527011277
-2899	-7062	0.0203632844616868
-5529	5577	0.0203698416941337
-6249	5695	0.0203736990631697
-10029	-10199	0.0203891009627576
3401	7557	0.0203971075371743
-194	4850	0.0204079107127116
3996	4332	0.0204126785567592
5314	6083	0.0204196007741253
5246	6693	0.0204249200128749
4403	7141	0.0204294207917856
-840	5536	0.0204321317135822
6074	6188	0.0204359895005124
-2454	4731	0.0204434563581373
4495	7497	0.0204569727863556
-9428	6865	0.0204577336570742
5692	6404	0.0204643037484217
4673	6584	0.0204958366520688
6068	6309	0.0204970424622043
5557	6409	0.0205085700423286
5085	7501	0.0205272113056581
-2245	-10967	0.0205279300374835
-10585	-10663	0.0205289065505772
-11431	5812	0.0205446073137476
-7007	7767	0.0205466538287251
-8481	-9451	0.0205477043258572
-11235	7179	0.0205500123590077
-9945	-11618	0.0205514524769535
-3138	-7878	0.0205532266184327
-10993	6462	0.0205769289591305
-11278	-11861	0.0205831650730991
-1072	-11129	0.0205952011107262
6136	6492	0.0206023174303688
-5982	-11330	0.0206047105473465
-2612	-9873	0.0206194737095756
-2745	-2827	0.0206205113160585
-1690	5788	0.0206207277047263
-8685	4782	0.0206245881381482
5154	6620	0.0206304973729669
4546	5727	0.0206362731358052
-4314	-11236	0.0206431962081381
-9151	7282	0.0206597398287259
-7950	-9350	0.0206700185495722
4898	5827	0.0206744595339997
-6007	-6755	0.0206847296633434
-5422	-5508	0.0206933296289019
-11012	7414	0.0207025691391403
4572	7583	0.0207039003893441
5082	5685	0.0207062249358458
-9875	6275	0.0207074862942132
-421	6480	0.0207116258146904
-1877	6667	0.0207210055911381
-3366	-6306	0.0207211057094394
-11259	7232	0.020726707808369
-9756	6271	0.0207287772050676
-8422	-9048	0.0207553979330982
4060	4355	0.0207557948279052
-2877	-8858	0.0207610957300335
5760	7092	0.0207638221221826
4697	6415	0.0207679530468143
5125	6686	0.020770457092078
-6959	5047	0.0207717158910723
-6046	7080	0.0207769475614607
-7505	5775	0.0207779525712724
-660	-11375	0.020778951434357
5976	7101	0.0207802150279661
-7081	5794	0.020792140183864
-4455	-10954	0.0207957885803388
-3732	7502	0.0208103949779526
-10397	7677	0.0208147867434268
4926	7532	0.02082116491819
-3369	-11678	0.0208256218738277
5652	6373	0.0208302920080401
5882	7126	0.0208414157018077
3997	6195	0.0208642071119885
-1043	-10852	0.0208901952317399
6496	6926	0.0208911848843918
4196	6387	0.0209252182518995
-5255	-9534	0.0209264789190431
-4658	-11557	0.0209275968525677
5716	6270	0.0209279650473629
4269	7171	0.0209282985142629
-2068	7529	0.0209303515677828
-7888	-10535	0.0209326725877774
-2553	-11317	0.0209377298981006
-1382	7698	0.0209379551828099
4570	6447	0.0209403647718994
-8201	2330	0.0209433338391581
-1689	5753	0.0209564071776736
-6273	-10334	0.0209568908150916
-4796	5871	0.0209752436760347
-8730	-10012	0.0209778620667122
-277	-11294	0.0209827007874401
-6939	3185	0.0209979550043478
-10462	6471	0.0210005218071538
-7895	-8565	0.0210153188924189
3925	6614	0.021027124517099
-7926	7315	0.021039410666272
-1936	-2527	0.0210411854278595
5807	6178	0.0210427990716263
5427	6476	0.0210510010170546
-11666	6124	0.0210538610763931
5686	6048	0.0210564180000608
6251	7109	0.0210611290260734
4429	7061	0.0210624324251817
-133	-9852	0.0210744188076087
-1974	-2707	0.0210867694203027
-10421	-10768	0.0210888922313986
-8203	7621	0.0210934750867433
-10671	-10716	0.0210936521909302
-8044	-9153	0.0211036843767368
4918	5046	0.0211337127357759
-1848	5043	0.0211409035220246
-1564	7147	0.0211455451710854
4571	6903	0.0211496721310801
5238	7136	0.0211502856388598
7068	8089	0.0211513129851313
-1835	-4631	0.0211611085048179
-5331	5710	0.0211628333659148
-10771	6263	0.0211663552946627
-9341	-10947	0.0211696406813966
6215	7235	0.0211724947965176
4399	5777	0.0211742865086887
-10231	-11864	0.0211779244838015
-8231	-11424	0.0211831469440357
-9910	-10754	0.0211898982949817
-1434	4956	0.0212072638039539
3541	5370	0.0212120296369901
-11516	6228	0.0212147316730066
4635	7676	0.0212232378251639
-3468	7209	0.0212248816149586
-1514	-8477	0.0212464750884707
5123	5231	0.021255195392503
4558	6808	0.021256999622138
5609	5624	0.0212634458541398
-10881	-11704	0.0212656471967135
4821	5802	0.0212693996719183
5052	5151	0.0212973481963348
-1024	-3333	0.0213086942421275
-6614	7121	0.0213093577839056
-1900	-3907	0.0213123777216933
-1119	-11056	0.0213153529498689
-9393	7389	0.0213322355033365
-6051	-6472	0.0213359325067587
-226	-1762	0.021352914639596
6288	6313	0.021354496341353
4722	7664	0.0213672885479128
5725	7442	0.021368364349753
5225	6169	0.0213689567715274
-2069	-9726	0.02138528955774
3839	6679	0.0213884641527499
5856	7151	0.0213947274539323
-5745	-5787	0.0213953852125481
4538	4986	0.0213972412291192
-3661	-10707	0.0214002093497998
-6293	-7136	0.0214068315232839
6610	6714	0.0214210794348267
-7984	5893	0.0214333392744936
-2271	-9847	0.0214524614954093
-4513	-11386	0.0214536764657729
-11608	6254	0.0214577834591017
6186	6660	0.0214662720291899
-5095	-11095	0.0214688865260019
5754	7146	0.0215059314251643
4725	7487	0.0215123609740445
-6338	8071	0.0215135641991801
-6006	4354	0.0215305988165618
5284	5444	0.0215391948351819
5758	6768	0.0215403991422201
7032	7810	0.0215541527211945
-6355	-7631	0.0215687660251226
-10640	4069	0.0215848876530826
-6123	-11521	0.0215888989685243
6367	7128	0.021590787682834
4957	5499	0.0215947058019594
5100	7252	0.0216008837525424
5356	6430	0.021617266514333
5896	7346	0.021625780902817
-3862	-11338	0.0216281485284079
-8748	5886	0.0216379279661323
-988	7515	0.0216413258153369
5970	6631	0.0216493772174463
6965	7350	0.0216530489330255
-7592	7534	0.0216574910876082
-10505	-10623	0.0216629420323393
-11393	6915	0.0216691545313473
4893	6996	0.0216973595941504
6329	6739	0.0216979882472521
-5576	7035	0.021700204267033
-7310	6623	0.0217053706228016
-8516	-11652	0.0217114630811865
-4521	-9687	0.0217141876627118
-8589	7709	0.0217197278114074
-340	6410	0.021725145492843
2126	6412	0.0217259868485668
-2811	-6186	0.0217389506593814
-8401	6559	0.0217434461054597
-10290	22	0.0217609431305219
-5708	-5755	0.0217648045530771
6824	7417	0.0217810386162324
6508	7023	0.0217811711926272
5463	7842	0.021786489289475
-4691	6008	0.0217903572019703
-9324	6704	0.0217917506014337
-9946	7827	0.0218053372075447
4922	5415	0.0218201464519043
-3529	6344	0.0218245421750232
-7650	-8659	0.0218272496124682
-9432	-9445	0.0218434944104966
-6867	4998	0.0218454631861095
5340	7237	0.0218590726780528
4699	6535	0.0218617032562661
5918	8074	0.0218662806837562
-2891	4739	0.0218663550750282
4610	5795	0.0218881113561685
6142	6538	0.0218882521357913
6807	7531	0.021889712066844
-11097	-11394	0.02189503091898
-8868	7268	0.0219309454107986
-11770	6568	0.021952318728184
-4602	7615	0.0219808542772593
-11556	7516	0.0219828733931208
5990	7132	0.0219876009881674
-2629	-2717	0.0219911653202238
6109	7441	0.0219994855729006
6093	7793	0.0220014559146376
-1570	7415	0.0220205367200446
6224	7248	0.0220264133728136
5065	8070	0.0220342390226966
-5140	-5933	0.022034543732858
-11284	6523	0.0220404549280322
5687	5711	0.0220638973271479
-11661	-11667	0.0220674751602088
-6290	5951	0.0220731882214702
5474	6421	0.0220849180093937
5545	6522	0.0220862332061024
5362	6959	0.0220887120923566
5689	6652	0.0221047549348485
-11572	7223	0.022113377090483
-5879	-11787	0.0221253557306152
5269	6098	0.0221450892776907
5602	6088	0.022151649427883
4963	5799	0.0221540431684749
4945	6580	0.0221581135254628
-10330	4765	0.0221624130986711
-8795	8086	0.0221699028902197
-10913	4819	0.0221742636594048
-5187	5554	0.0221824272530228
6993	8100	0.0221846438752617
-6686	-7843	0.0221890715941846
4742	5336	0.02219610127606
-8137	-8280	0.0221990630641214
5832	6062	0.0221993124267146
-10890	6578	0.0222103710109705
-7678	-8635	0.0222105772572056
4806	6754	0.0222126950335394
-11504	-11807	0.0222502930425323
-645	-9723	0.0222575869921406
6014	6773	0.0222755785047119
-4332	7938	0.0222766547149691
-2265	6831	0.0222846651917199
5461	6053	0.0222954471056578
-10577	-11457	0.0223028897759349
4282	7230	0.0223053536331408
-470	8030	0.0223073351979845
5532	7895	0.0223197000030158
4363	6875	0.0223339832634808
-10502	-10622	0.0223464161317076
5866	7607	0.0223500645002666
-2133	-10925	0.0223516412651233
-10841	-11486	0.0223638246776945
-9145	7195	0.0223660927153999
-3402	7605	0.0223696195260615
-8415	6414	0.0223703487933163
-871	-1678	0.0223840121859676
-2651	-10686	0.022386275101959
3954	7687	0.0223877483655607
7129	8167	0.0223990792332453
-1033	-2604	0.0224120483125353
5401	8109	0.0224153772718646
-7240	-11151	0.0224299288744639
3523	7300	0.0224337703301365
5176	6936	0.0224373724217255
-9793	-10263	0.022440649866702
5679	6889	0.0224430433153985
4349	5571	0.0224512288959611
5454	7149	0.0224513246655351
-332	7578	0.0224525599213109
-5145	-11476	0.0224526657064866
-6757	7079	0.0224537347237379
-1233	-10369	0.0224769260870894
4103	5682	0.0224797038900047
5728	6675	0.0224855374427931
-10225	-11643	0.0224876597890919
6383	7042	0.0224891472401556
-5966	-11261	0.0224944211241823
-1930	-10895	0.0225018149899458
5562	7813	0.0225027431572842
-1913	6027	0.0225054856644484
5422	6919	0.0225088722886774
-3957	6685	0.0225137589373588
5445	7440	0.0225181180542293
-4965	6982	0.0225204514742827
-6893	-9296	0.0225235154036817
3650	7332	0.0225330424291085
6836	6957	0.0225370146867158
-2836	-11695	0.0225416631213731
-11188	-11410	0.0225425299298959
-6670	-10034	0.0225452480213567
3107	7896	0.0225529962060444
5776	6242	0.0225539546790822
2693	6944	0.0225557619036857
6077	7293	0.0225619885569854
-9701	-11195	0.0225645613269039
6633	6682	0.0225734501864327
6507	6759	0.022573856568329
-10391	7247	0.0225778719902211
6365	6629	0.022590047021444
-8210	-9950	0.0226038429496849
5105	7193	0.0226145392649899
4033	4805	0.0226162747842401
6888	7805	0.0226310224523248
5169	7355	0.0226350185258681
1301	6338	0.0226356105356494
5219	5483	0.0226356257895319
-2970	8079	0.0226364624638094
6453	7331	0.022644951483096
7227	7608	0.0226485533135766
5104	7707	0.0226489536108803
6019	6449	0.0226578718486121
-10142	-10803	0.0226595404681693
-9653	7170	0.0226601835368067
-9969	-10220	0.0226632193703908
5516	6848	0.0226823243383855
-4103	1235	0.0227245296914218
-8689	-11024	0.0227315997864179
-723	-2915	0.0227317609609213
5495	6688	0.0227322943981662
-3363	7423	0.0227327852293441
-9397	-11707	0.0227328906318285
5084	7392	0.0227352417129571
-280	-963	0.0227378918132454
4638	6730	0.0227433815002305
-7390	6835	0.022758389729353
6871	6920	0.022772718352104
-331	6662	0.0227745807047676
5981	7206	0.0227809543469105
-9871	5558	0.0228021035743568
5696	7344	0.0228060835229901
-1136	-10367	0.0228073545033595
4273	7508	0.0228201467009269
-7725	-9188	0.0228228538780564
-7434	7686	0.0228398993099201
-2752	5446	0.022847698082559
-521	-7518	0.0228539398123
-3014	6760	0.0228616058046847
-8562	-10660	0.0228752492793394
-5412	8024	0.0228869322545653
-11562	7368	0.0228893081678933
-796	-8851	0.0228901803889622
-6855	5301	0.0228998188466693
-2093	-5838	0.0229107156373814
5683	7022	0.0229176478437867
5417	5782	0.0229198837800028
6495	7835	0.0229543346336874
-8691	5547	0.0229665733261451
-2473	-10309	0.0229677977961466
-2502	-10249	0.0229681273622601
5748	6788	0.0229752006681168
5188	6710	0.0229793045548392
4373	5824	0.022983031577396
-1992	-11491	0.0229832065757003
-8337	-10234	0.0229846003813715
-11792	5922	0.0229951562517868
-8968	7934	0.0230026723577757
-4251	6433	0.023006730440076
-7024	-7762	0.0230118403652767
-11176	7131	0.0230219059991283
5129	5977	0.0230307731354199
-6847	-10717	0.02303359526897
-6588	-8727	0.0230402146239609
5740	7296	0.0230427349256159
-8372	5028	0.0230584261072361
-1857	-7745	0.0230602413079828
5158	6921	0.0230704164875076
6294	6706	0.0230857352236939
4913	6172	0.0231114456329313
3982	7253	0.0231268796555531
-11564	5273	0.0231277205314652
-6161	6650	0.023133511244541
-6622	5056	0.0231383356525929
-894	6485	0.0231398216972803
-8699	-9041	0.0231440328199558
6201	7960	0.0231450610403233
-737	-2153	0.0231474296551466
4162	6815	0.0231564050497295
6406	7720	0.0231603394151374
6024	7507	0.0231607904270508
-9801	5889	0.023171679809364
-1270	6962	0.0231736839670588
7313	7648	0.0231816560638497
5521	7174	0.023182040693815
-8289	6117	0.0231911924902069
-8306	6645	0.0232086003042025
5288	6015	0.0232195635742599
6319	6990	0.0232249613121992
7218	7289	0.0232264358252266
5641	7359	0.02324941970805
-4567	-7044	0.0232503306097988
4066	5489	0.023251823321572
5237	7017	0.0232529470940509
5206	6327	0.0232555420540265
-9921	7609	0.0232636436809739
5961	6456	0.023277554595079
-11438	6591	0.0232829417191669
4840	6897	0.0232884037322327
-10474	-10789	0.0232918440685923
3450	7444	0.0233033531220826
5858	7454	0.0233126302175595
-10122	2802	0.0233297360797544
6489	7074	0.0233454294248167
6021	7492	0.0233599110012767
-971	-5071	0.0233648186169372
3457	7283	0.023371726606283
4662	6079	0.0233874481179456
2793	7535	0.0233881538093653
6869	7429	0.0233927654334748
-9085	5805	0.0234008462877399
2853	7646	0.0234052297852433
7134	7745	0.0234164395793497
6435	7830	0.0234214124539701
4958	6537	0.0234307313984037
5619	6751	0.0234348948221943
-9809	-10228	0.0234371438800679
6337	6924	0.0234459983123064
6119	7837	0.0234916292183135
-7243	7927	0.0234924015992895
6637	6952	0.0235010880358136
4388	6436	0.0235127465951669
1892	7867	0.0235131219451454
-3612	-6060	0.0235354385593313
5397	7997	0.0235361800153485
-3348	6092	0.0235448733329673
6774	7104	0.0235462172075921
-5112	-5835	0.0235472652893544
-2455	7540	0.0235494959079467
-3469	7363	0.0235612176518852
-4578	5983	0.0235628260900493
5651	7177	0.0235772049158336
-11786	7348	0.0236059628419332
-10870	-11021	0.0236108949990081
-3186	6690	0.0236125309412637
-3519	-8083	0.0236131956761052
5335	7711	0.0236414551062828
5829	7052	0.023643055396862
-8603	-8954	0.0236446395859849
4887	7013	0.0236590016913363
6928	7602	0.0236640841403987
5119	5906	0.0236667905489481
-3583	6933	0.0236698494750047
5663	6700	0.0236711148519357
5530	6238	0.0236756913893576
4501	7409	0.0236757303359013
-10753	6484	0.0236814580449061
-2041	-11057	0.0236965481108203
-5342	-7850	0.0237192678717226
7078	7219	0.0237406369741885
-2197	7024	0.0237493324323523
-425	7196	0.0237715691029122
-4804	7795	0.0238131750374302
7372	7632	0.0238252829685356
6111	6740	0.0238342248615027
5552	7406	0.0238351707661579
-3275	-3545	0.0238364403111622
-272	-6112	0.0238555694077363
6249	6941	0.0238576305395747
4769	5701	0.0238600009906743
-8584	6225	0.023881959046912
1156	5330	0.0238901509541892
-8536	-10495	0.0238924876798556
6617	7270	0.0239021566688324
-5484	-9016	0.0239096006101056
-6702	6733	0.0239146101725419
-11415	202	0.0239168612136724
7402	7888	0.0239370559584602
1345	5826	0.0239482411844684
-3698	7201	0.0239503109268337
6849	7212	0.0239582618366873
-11306	6937	0.0239684367404201
-5258	7095	0.0239685762799607
-8310	6893	0.0239724340791582
-2359	7257	0.0239788948979528
-7379	3816	0.0239852162699435
-4841	-11318	0.0239853217616197
7843	8126	0.0239864413572196
-925	-4167	0.0239892062777714
-9106	7261	0.0239926521603905
4334	5270	0.0240095186207065
5928	5975	0.0240177559155419
6265	6898	0.0240213288928551
7005	7611	0.0240299902022817
6259	6666	0.0240333747894347
-3021	-11452	0.024036331009457
6695	8281	0.0240411297741584
-5437	-5905	0.0240662068973488
-4402	6173	0.0240835721823594
5116	6709	0.0240863003851362
-4909	-5789	0.0240981327991899
5113	7820	0.024100287993307
6129	6322	0.0241017926108499
-6291	8258	0.0241024562684317
-9094	7378	0.0241365541697433
5142	6013	0.0241651301439642
-1851	-6234	0.0241778404170502
-2185	-7714	0.0241892419556189
-10103	6670	0.0241924982934478
-2967	-7382	0.0241987222886947
6669	7375	0.0242004198315034
5792	6935	0.024206826794191
6450	7790	0.0242404554790816
7586	8154	0.0242544468949264
-397	7077	0.0242554767390059
4961	7484	0.0242818202105158
5283	7120	0.0242974069507879
5160	7239	0.0243332354174848
-2235	-11067	0.0243405206291227
-8744	-10106	0.0243707266469326
-5215	-6978	0.0243836585294871
6069	7110	0.0243961020777239
-11049	4383	0.0243990738715556
-1638	-5800	0.0244231105443555
-3324	-5355	0.0244251690677572
5907	6298	0.0244341069213246
-5848	8183	0.0244444397949317
-6359	7725	0.0244525253585779
-7203	6984	0.0244593467470732
6378	6594	0.0244605821176239
5455	7288	0.024461562045164
-5490	7233	0.0244687193199084
-8245	6892	0.0244814488094785
5615	7214	0.0245013687921953
-4427	-7100	0.024501858822404
-5782	17	0.0245254581750272
-7852	-11222	0.0245344249213009
-8390	6776	0.0245478334312781
-7311	-9522	0.0245493572153168
8046	8290	0.0245915529517179
5121	7014	0.0246035637565591
-996	7694	0.0246311557401408
-1502	-5161	0.0246340192282574
-9096	-9380	0.024645235173625
5359	6311	0.0246576034297082
-6556	7961	0.0246789183335675
7103	7500	0.0246878362901716
-2807	7635	0.0246962351000911
-1599	3647	0.0247058152159016
-1516	-8034	0.0247102172191605
-5287	5111	0.0247181999242449
-3826	7518	0.0247260195092211
4750	5715	0.0247398540253926
5593	6130	0.0247476407114982
-8972	-10324	0.0247499031292394
6395	6925	0.0247507738333528
7250	7530	0.0247628196119991
-11101	6744	0.0247694308935677
5410	6408	0.0247710930480118
-10027	-11681	0.0247785423219881
-10276	-11082	0.0247928631223069
-4042	7591	0.0248016622067624
-7753	6371	0.0248053793929563
5608	7058	0.0248098496403316
5897	6278	0.0248285411232815
6843	7658	0.0248354146306939
-3974	6281	0.0248362344872448
-10917	5924	0.0248427775961488
5885	7351	0.0248499469309513
-978	7811	0.0248614980757927
6211	7119	0.0248642884404772
-7337	5852	0.0248761970917411
-4580	-11401	0.0248811169544533
-3420	5147	0.0248838998101024
5179	7225	0.0248887561685592
-3567	-5248	0.0249008805990729
-7138	6954	0.0249078117346012
-9124	5583	0.0249111090681318
5877	6615	0.024920929453739
-7198	-10020	0.0249332566490768
-3987	-5192	0.0249411768761901
5952	6729	0.0249461431344953
5548	7432	0.024947474590848
7485	7849	0.0249693071217366
-8704	-9413	0.024973533626373
4044	5761	0.0249827751409925
-429	-3459	0.0249950468871282
5339	7561	0.0249956974337486
-5683	-10207	0.024997965683379
-2388	-5172	0.0250029329683823
-2331	7088	0.0250103714038687
5032	7229	0.0250164034799254
-9679	8110	0.0250433226369559
-5160	-9664	0.0250493088259769
6510	7254	0.0250566454951895
7318	7893	0.025061589034428
6332	6603	0.0250645251721145
-9590	-11070	0.0250671656562258
-9459	-11791	0.0250875061629421
5250	7081	0.0250975221083408
-1978	-10809	0.0250975945787995
-6658	-10375	0.025100459483161
-5531	7885	0.0251058992855586
-6205	-6544	0.0251092833810744
6112	6641	0.0251194631539737
5101	6852	0.0251319304018703
-2417	-3015	0.0251480645940736
-8653	-11035	0.0251549374832645
4714	6851	0.0251575282852603
-6819	5673	0.0251692855188754
5177	6218	0.0251877224238836
4712	7854	0.0252034727448618
6761	7382	0.0252097681513045
-4451	7988	0.025209786508092
5157	5804	0.0252233755414882
6707	7669	0.0252414848501066
7631	8052	0.0252480174594186
6300	6989	0.0252526367970437
-4072	-8806	0.0252572506886352
5872	7163	0.0252808479038444
-3174	-9321	0.0253005013160476
5771	8157	0.025304144717396
4625	6422	0.0253109066617078
7045	8029	0.025319858066756
-5842	-8377	0.0253214938928636
-4364	8098	0.0253267075970097
-6357	7438	0.0253399715883526
6713	7987	0.0253441597540119
4863	7187	0.0253502431445577
-9697	6167	0.0253543712709932
4007	7424	0.0253563225561397
2307	6661	0.0253656190842548
-411	-5890	0.0254002848714483
5321	6986	0.0254089279334391
7264	8082	0.0254134547242242
6025	7755	0.0254156544342398
7018	7589	0.0254213255057446
-8112	7764	0.0254273629639143
7342	7613	0.0254328549204385
-4963	-8150	0.0254337197630796
-3477	7166	0.0254353688175426
5240	7972	0.025439087190729
-9245	7752	0.0254405023465816
5743	5803	0.0254576623572339
-2310	-3684	0.0254597599506353
-2854	-5582	0.0254677878083183
-2369	-6995	0.0254845952345675
4855	6766	0.0254890795149761
4864	6953	0.0254981617724665
2811	7419	0.0254999169018016
-1098	7796	0.0255079124007914
-7208	-9378	0.025510334419677
7566	7802	0.0255110791750843
7576	7765	0.0255519886767138
6839	7065	0.0255604946983131
6772	7863	0.0255771791087734
5956	7675	0.0255781485031925
7216	7538	0.0255915035078695
6475	7618	0.0255916441786829
-1044	-9691	0.0255952893826003
4518	7399	0.0255984301902785
-1755	8335	0.0256086259387478
-3200	-5906	0.0256295952382148
6118	7186	0.0256738039280973
-1576	-10287	0.0256753949722801
6794	7431	0.0256808839116149
1007	7761	0.0257016858749687
-2123	5941	0.0257082500048388
7526	7673	0.0257140179496426
6541	8324	0.025715176090386
-2684	7211	0.0257167976293925
-919	-1086	0.02571935157139
4608	7945	0.0257298570292562
-3097	7401	0.0257318563126486
-9297	7165	0.0257346561741524
-7574	6104	0.0257484834378126
-6181	-10275	0.0257549648727989
5267	6966	0.0257557353761473
-11246	-11700	0.0257682769216513
6467	6947	0.0257705085077926
5230	5491	0.0257708838984173
-5200	-9554	0.0257870087278239
-3947	7498	0.0257872192006893
6951	7204	0.0257935936693269
-11181	6887	0.0257937073838021
-7738	-8554	0.0258095188998983
-1229	-4512	0.0258143552290355
-9387	8580	0.0258147155674465
5569	6910	0.0258153212931189
-1889	6555	0.025819733328744
-6555	-10178	0.0258210401677555
6279	7685	0.0258232675200038
-2948	7950	0.0258460102011693
6267	6411	0.0258466710036998
6602	7297	0.0258488999985874
-5108	7783	0.0258618533801976
-11761	4257	0.0258700083414093
-8993	-11826	0.0258834962228292
-283	7015	0.0258837847286067
-10957	8315	0.0259075845360343
6876	7435	0.0259081437462982
-11626	7173	0.0259130624554599
6626	7323	0.0259554413441941
7360	7901	0.0259642023935629
-7491	7798	0.025969014961809
7075	8361	0.0259730867383006
5729	6590	0.0259893534458489
6515	6960	0.0259974734887317
-6432	6879	0.0259988330535729
-7118	6863	0.0260025889781834
7481	8217	0.026010147880534
-11616	5374	0.0260166077405487
7723	7869	0.0260234710922786
-5702	5352	0.0260407901984868
4974	7228	0.0260468923992903
7157	8031	0.0260505205306194
6822	8412	0.0260545319652939
5768	6716	0.0260790226096382
7125	7486	0.0260796652702371
-8626	7182	0.0260843362637324
-8604	-8719	0.0260958535731988
6592	7413	0.0261110040374818
6359	7433	0.0261273774913713
5494	5639	0.0261328716854433
-1799	-9539	0.0261335005802209
-7322	-11855	0.0261384793691777
5959	7780	0.0261397397063509
6735	6827	0.0261399735498066
6692	7533	0.02614911918212
-2709	-3627	0.0261659805875343
-3428	-10856	0.0261757863849884
-770	7353	0.0261844042932124
-9051	-10718	0.0262092284959369
6428	6540	0.0262231664260985
6067	8136	0.0262276686102251
-4191	-8969	0.0262486214409535
7808	8545	0.0262616870976592
5135	7565	0.0262679835188607
-5303	5702	0.0262684205029349
-9766	6814	0.0262713183973978
-3035	-8760	0.0262725931147444
-8846	-10960	0.026283099758826
6416	7279	0.0263005778451624
-1014	7459	0.0263093221484979
-8518	3338	0.0263167635475814
-3668	3403	0.0263275977190749
7231	7678	0.0263342232587985
-3165	7478	0.026344693832478
6777	7722	0.026373864230459
-4467	-8738	0.0263978836387835
4592	6342	0.0264091786249503
-9563	-9890	0.026425157930583
7428	7666	0.0264334563970558
-5947	6550	0.0264460701332984
6902	7181	0.0264567112861617
5166	5719	0.0264651269731702
6834	7712	0.0264887470365089
5567	7551	0.0265054916105486
6747	8652	0.0265096245488616
5957	8298	0.026527325976835
7272	7645	0.0265282589196597
5844	8439	0.0265373044819705
6343	7682	0.0265383305378201
-4	-918	0.0265539871746393
-6248	7951	0.0265542355582863
5055	7693	0.0265558168288571
-2238	-10336	0.0265580898425229
6418	7617	0.0265609574398318
-6042	-11845	0.0266144431104567
6771	7714	0.0266164914613329
5083	6860	0.0266185569206921
-6029	7491	0.0266373884387208
4498	6190	0.0266399774086813
5524	6593	0.0266483318805807
-10875	-10908	0.0266513271217434
-10025	6939	0.0266716613144093
6184	6335	0.0266913115679266
-1687	7890	0.02670417530788
-8197	6575	0.0267044562576866
5068	7393	0.0267046339883245
-1518	8267	0.0267118981170511
7076	7405	0.0267231094845338
-6373	5459	0.0267322714198432
5845	7352	0.0267407378664947
4481	6589	0.0267618341826266
-2009	-9972	0.0267943180915128
-2976	7046	0.0268002494174651
7221	7496	0.0268009371362102
5466	6513	0.0268294414253759
-7484	-8414	0.0268310041937688
-11173	827	0.0268333026174031
5937	8203	0.0268404556423121
7124	7587	0.0268570289833159
-5188	-6242	0.0268812283187762
5900	7584	0.0268919592473671
-6590	-10975	0.0268949690851969
6784	7387	0.0269088281507538
5011	8555	0.0269241555177191
-2161	-10387	0.0269372636185626
-10105	-11656	0.0269414265401099
7044	7825	0.0269530606557331
6872	8427	0.0269604721031431
4993	5854	0.026964088724332
-9886	7763	0.026964559338859
-1099	-9914	0.0269882619920036
-10641	7819	0.026993688387893
4587	7800	0.0270258231692873
6726	7467	0.0270301671509457
-6085	7057	0.0270646658291364
-2881	-10458	0.0271003794258712
-9099	7333	0.0271004266709606
-1595	-4080	0.0271013027173155
-628	-7937	0.0271124351257271
-9336	6810	0.0271211611073192
-2370	6745	0.0271213887955501
-10414	6289	0.0271494794949586
6867	7245	0.0271619526067439
6830	7034	0.0271664687954644
5295	7238	0.0271831430998075
-3911	-8143	0.0271834289504059
-6945	8351	0.0271927417923112
7503	7770	0.0271997447325895
-7174	6854	0.0272116020412878
6894	8597	0.0272130193326007
-9307	5814	0.0272216186287838
-2015	7789	0.0272270453200178
-1038	6841	0.0272306925131294
5670	7130	0.0272307682625839
-9574	7287	0.0272583830082578
5969	6967	0.0272793347859525
6955	7510	0.0272938882315807
-2935	8732	0.027315807688065
1084	7905	0.0273198406114886
6519	7595	0.0273378552987143
4370	7721	0.0273489279897625
5611	5964	0.027355577979122
3355	7799	0.0273568129025723
-8396	7692	0.0273608375496567
-130	-3654	0.0273906860942347
6375	8240	0.0273983260754023
6400	6569	0.0274036978571339
-4229	-11135	0.0274142513683111
-3925	6526	0.0274181412757143
6546	6582	0.0274250795893199
2919	6545	0.0274638973531062
4446	5769	0.0274650452178582
-4473	7911	0.0274714083181032
6431	7751	0.027483243983737
-4824	7029	0.0274867097381566
-6733	-8358	0.0275170203610428
5199	7923	0.0275369593680306
-10134	-11570	0.0275651084200559
-7694	8173	0.0275688517003352
6444	8050	0.0275762955760191
5519	8395	0.027576304390484
-8510	7818	0.0275787894083952
6566	8357	0.0275851683859385
-8751	-11735	0.0275980021661887
6866	7038	0.0276016885106279
-607	4959	0.0276122778183102
-8631	-9839	0.0276457750210108
7874	8606	0.0276520343305392
-4172	-5390	0.0276599638052588
5672	7620	0.0276767987124884
6804	8253	0.0276783433913303
5005	7925	0.0276993948352701
-3182	8068	0.0277089943832669
7063	8128	0.0277098679363537
-7598	7396	0.0277174622963799
-9524	8037	0.0277382604928227
5929	6567	0.02775076271974
-2414	8254	0.0277515268276301
5555	8131	0.0277797691619992
-8088	7349	0.0277916160209047
6318	6399	0.0277962573106637
3235	7521	0.027796635725171
6938	8309	0.0278050810183579
-3778	-4355	0.0278291527447085
7311	8134	0.0278379409599595
-8093	7330	0.0278530800726816
-10107	-11731	0.0278626784114486
5704	7663	0.027865666375319
5903	8127	0.0278734136515667
-10769	8170	0.0278810367503129
-2149	-6371	0.0279098774666529
6813	7629	0.0279274285905509
6042	6234	0.0279347674621858
-2374	-6504	0.0279358249717371
6045	8349	0.0279409451219032
6769	8009	0.0279918163183523
-6084	-8617	0.0279956681833778
7628	8059	0.0280028927640759
-11105	-11242	0.0280226663729106
6203	8822	0.0280253435018419
-555	-9147	0.0280297336709
-247	-1541	0.0280599999361014
6301	7928	0.0280620188088346
-711	-4710	0.0280712107313595
5607	8630	0.0280783389142809
6624	7048	0.0280860782126781
-11546	8358	0.0280948433476697
7112	8409	0.0281254389626809
6821	7483	0.0281404205463932
-8755	-11194	0.0281621499908829
7006	7547	0.0281661829878403
6724	8572	0.0281679442912056
6678	7965	0.0281755568460242
-1636	4975	0.0282044262891343
6305	7085	0.0282142336145303
7801	7828	0.0282344136996298
6512	7071	0.0282386187727199
4804	7705	0.0282404946010044
4964	5482	0.02824634257575
5908	7475	0.0282490806312266
6708	7243	0.0282665604947775
5994	6498	0.028310342316654
6817	7994	0.028310916229492
7727	8081	0.0283162054778889
7056	7292	0.0283296602783231
6651	7073	0.0283468804875348
7506	8140	0.028352909695306
7295	7861	0.0283589584901556
-2243	7981	0.0283776322037079
-5855	7904	0.0283832472317651
6705	8452	0.0283900850020274
-5871	-6527	0.028402722528996
-7446	-11539	0.0284197478139098
4202	7943	0.0284307694987098
5744	8045	0.0284344345897189
-5240	-6271	0.0284347254865774
6417	7622	0.0284473990215117
7028	7184	0.0284533203521139
-4021	7242	0.0284612781702986
-3625	8657	0.0285017631208221
3313	7954	0.0285022892810004
4841	6139	0.0285087462812833
-7306	-9876	0.0285114685837205
-11096	6790	0.0285317115217444
-5650	-11003	0.0285578511504115
5480	7476	0.0285592542745119
-10133	-11417	0.0285596293527697
4613	7829	0.028585037050535
-11209	19	0.0285887273738362
-3064	-11745	0.0285917572669891
6975	8053	0.0285988912681959
4310	6770	0.0286152233165601
-1667	-7274	0.0286224481129819
-244	-10958	0.0286256575195541
7461	7920	0.0286320201837187
-2168	7358	0.0286347834270791
6151	7875	0.0286378668034687
-1226	-7183	0.0286710777454754
-3602	7857	0.0286824144219023
7753	8195	0.0286971721704776
-2640	7391	0.0287055573034168
-6682	-10073	0.0287091921709351
-8204	-10217	0.0287102457356728
-3335	-5204	0.0287102722126516
7194	7706	0.0287102907907019
6132	7262	0.028763146997784
-11429	7082	0.0287679410667821
6742	8303	0.0287691260959218
-8302	-10456	0.0287766185884587
7113	7773	0.0287857512385767
-8515	5565	0.0287905127947906
7479	8620	0.0288019302749207
-10404	-11800	0.0288046161244401
6847	7879	0.0288069422671303
6741	7791	0.0288164614557648
6979	7400	0.0288165803793333
6356	6932	0.0288517203032644
6658	7784	0.0288615874673474
7562	8375	0.0288670566760255
-2578	-9735	0.0288778130579385
-4614	-11506	0.0288935744938556
7271	7386	0.0289026127231057
7544	8123	0.0289158881288779
-11131	-11503	0.028925743118702
-9328	6084	0.0289293203006662
7460	8540	0.0289343063537686
-11307	5628	0.0289350164655154
6805	7407	0.0289554550291448
-1363	-4681	0.0289810418975574
6212	8017	0.0289842958982781
-9134	8297	0.0290063859286026
-1794	-7822	0.02901251714075
7115	7277	0.0290282223217838
-4731	-6015	0.0290331825670686
-2094	8388	0.0290425078692783
6793	8516	0.0290472612338214
6811	7856	0.0290508572928107
-3206	8234	0.0290524884557965
-10366	7779	0.0290607192230937
7650	8138	0.0290612056219992
5490	6801	0.029070697225064
6482	8613	0.0290738800813644
7067	8534	0.029075445313402
6325	7729	0.0290990813482415
-9648	-10833	0.0291144576567828
7472	8107	0.0291275571121241
6978	7921	0.0291403450471364
7430	8346	0.0291705984021405
6257	7823	0.0291742224393509
6598	8437	0.0291759557823183
6268	6931	0.0291864155999533
-4528	5404	0.0291945913115348
-6824	-11550	0.0292052734035134
-9161	8020	0.0292118584536597
-4964	7816	0.029216606291496
4493	8101	0.0292251486599032
-2751	-8848	0.0292437376027017
5038	7537	0.0292547749489544
-4461	-6228	0.0292584086434743
-2517	7512	0.0292758168943462
6031	6061	0.0292771561208815
-368	-11460	0.0292779995154765
3507	7371	0.0293745454362141
7582	7831	0.0293823363557852
5950	7592	0.0293826106042827
6354	6783	0.0294554311962907
-1666	-8777	0.0294758510916138
6663	7667	0.0294842657372499
-5341	-8928	0.0294965587629526
-528	-6013	0.029561227330982
5631	7653	0.029567188661214
-2984	-6256	0.0295708042407891
-10527	7739	0.0295750918792892
-1439	-3238	0.0295966922012574
8018	8216	0.0296430400177213
-3751	-8165	0.0296702298584998
-8385	6826	0.0296973638976049
7638	8757	0.0296991492388821
7041	8508	0.0297038032003144
5437	7659	0.0297064024909187
-9465	-11781	0.0297333664918891
-5957	6600	0.0297342025876055
6595	7958	0.0297502551405515
-2300	-8285	0.0297612716657252
7326	8794	0.0297659241368912
-8936	6992	0.0297688309186677
4883	7285	0.0297766810997502
-3937	-6798	0.0297772881845082
5626	8348	0.0297778137478959
-3549	-3920	0.0297915733478664
-10807	8729	0.0297937792929586
5518	8191	0.02982334447293
7580	7870	0.0298537801498615
7797	8314	0.0298804618526056
-10808	8543	0.0298908938046216
-1852	3743	0.0298927380442855
6840	8011	0.0298990224350158
6780	8095	0.029903960599714
6970	7732	0.0299093388661182
5621	7299	0.0299134811538841
-1609	-3247	0.0299378276108044
-8571	7495	0.0299446156406974
7070	8213	0.0299564111707841
7519	7775	0.0300040988013767
-1498	-5212	0.0300081372604789
7989	8473	0.030125385185603
7966	8034	0.0301289243195723
-6912	7747	0.0301335890209784
7364	7848	0.0301373457231134
6581	7977	0.0301402792596681
-1399	-6506	0.0301458484443211
-9529	-11527	0.0301508816093811
7178	8272	0.0301647988858823
5742	8741	0.0301683517243119
6901	7305	0.0301756229598268
-4280	-4861	0.0301805398667227
-3833	8737	0.0301815719531905
-8696	7581	0.0302018271759236
8092	8147	0.0302161040548229
6809	8414	0.0302442792539214
5635	8443	0.030245821540057
6885	7523	0.0302595023472407
6158	8378	0.0302599238124683
-7985	-11653	0.0302623115354789
-11226	7892	0.0302763948368574
6781	7436	0.0302794623963246
7684	8552	0.0302801550276706
7699	7955	0.0302807999678558
-3524	-10288	0.030282760114551
6657	7156	0.0302865138105072
7917	8194	0.0302869769979134
6622	7713	0.0302922978091639
-4769	-9468	0.0303029377645965
6479	7105	0.0303378793482429
6419	8125	0.0303701363507464
5848	7661	0.0303701768036269
7188	7304	0.030397612966943
6221	7572	0.0304061907628005
6310	8060	0.030435057256084
7471	8967	0.0304350667820165
4814	7482	0.0304480202187085
6737	7812	0.0304608586750209
6895	7361	0.0304636227559852
6427	7060	0.0304664663237397
-1128	8673	0.0304835312316254
7511	8187	0.0304898535119807
-11033	6164	0.0305043918663689
-19	-7587	0.030507324800371
5525	6908	0.0305126655734165
-1944	7821	0.0305218700525343
-10537	-11575	0.0305223170683804
-5648	6145	0.0305239240281588
5364	7803	0.0305253346179546
6361	7993	0.030530730373327
6891	7918	0.0305331627640437
6253	7577	0.0305405297632509
-3739	7665	0.0305432701536046
-11408	5457	0.0305436380276873
6656	7477	0.0305484290839524
-2898	-9944	0.0305585332462433
7329	7445	0.0305742288500121
-3259	5978	0.0305816078968707
-11250	7312	0.0305862088311524
-9039	8137	0.0305866309881122
-10712	7769	0.0305907207667742
7488	7915	0.0305968066305704
-2252	-6213	0.0306088067499247
-5850	-6729	0.030636391066567
-4409	-4559	0.0306467179371561
5456	7276	0.0306568925061129
-3184	8771	0.0306708168449399
6379	7307	0.0306954370777506
6573	8649	0.0307139570736065
7189	8323	0.0307383067246184
6451	7354	0.0307505358583697
-10987	7069	0.0307525959933382
5402	8180	0.0307584900670938
6517	7527	0.0307733582568392
-3543	7241	0.0307809597107123
6586	8116	0.0307855250313578
-6944	-9209	0.030813908815451
-7172	8637	0.030825824731132
5590	7952	0.0308387114396253
-9305	-10937	0.030839319979654
7117	7347	0.0308399749047174
-3107	-10816	0.0308425868337809
7546	7734	0.0308574656277066
6248	8527	0.0308727449489305
6213	7841	0.0308733528990603
5820	8958	0.0308985291988264
6001	8489	0.0308989414491335
7021	7908	0.030900624233832
6036	8117	0.0309134550687096
-111	-159	0.0309240976098564
7036	7524	0.0309255106329576
7463	7999	0.0309287228709716
-7444	7033	0.0309360357329685
7762	8222	0.0309363805784902
-11738	8559	0.0309576716126809
-2829	-9278	0.030963514001103
-11040	7545	0.0309998218412978
6906	8287	0.0310117726972462
-2789	5020	0.0310161346807279
-1830	-2137	0.0310523119880365
7851	8456	0.0310541847487317
6639	6717	0.0310590122883804
-10813	9104	0.0310639987598412
-1879	-4239	0.0310961212524952
-10995	5543	0.0311020533066711
-2440	8016	0.0311107466419851
-4154	-8941	0.0311184227424108
-10693	6786	0.0311367427840117
7114	7468	0.0311419095850367
-1538	-1620	0.0311639399801228
-9026	-10385	0.0311672660279421
-6844	-11785	0.0311695473633129
-374	6529	0.0311928460639983
4670	7724	0.0311947819623187
-10332	6806	0.031197791779394
6787	8379	0.031236220539082
-5749	8135	0.0312387594936882
-9776	-11686	0.0312791312269411
-6593	4671	0.0312793248722744
5846	6463	0.0312928277207537
7456	8921	0.0312970117837143
5838	6362	0.0312983485178856
7083	8174	0.0313208023209085
-7455	8247	0.0313449147535333
-4397	8396	0.0313634284562221
-5366	-9087	0.0313662516564389
-7700	-11217	0.0313743909154713
7220	7455	0.0313835852974706
6115	7091	0.0314032006503298
3967	8268	0.0314318211460459
7919	7978	0.031436802229587
7369	7983	0.0314378939208537
7249	8442	0.0314435430930945
7084	7317	0.0314520301687711
7408	7730	0.0314710903284397
-4725	-11184	0.0314826893800534
-6713	8347	0.0314885216155079
-2098	-9733	0.0315097002885017
5774	6209	0.0315134360362916
-11494	8064	0.0315198371098574
7107	7308	0.0315329719643262
6942	7672	0.031534344094954
-10205	6345	0.0315477696258867
6348	7514	0.0315582696988243
7935	8417	0.0315658584903128
6881	7418	0.0315777775834113
8153	8486	0.0315854931970962
-10744	-11171	0.0316001235095074
5420	7490	0.031606111113371
7388	8400	0.0316207019768381
7266	8205	0.0316215862854112
-11535	6943	0.0316235538040474
-6709	8371	0.0316865004974316
6971	8447	0.0317155205770884
7377	8391	0.0317286472570243
-9396	-10924	0.0317304614384757
-7378	-8299	0.0317315705530513
-4023	8782	0.0317324633415298
7627	8708	0.0317453046417708
5416	8104	0.0317496841336826
6792	8497	0.0317681610786267
-10570	-11680	0.0317720872246266
5971	8682	0.031841441170386
-3832	-11287	0.0318517934981408
6561	8410	0.0318625103779986
-4336	8049	0.0318635427120419
-2617	-3113	0.0318689778923527
-849	7644	0.0318732632640708
-10386	6180	0.031890217387435
6035	6858	0.0318963604100924
5681	7064	0.031913833890941
-223	-2992	0.0319202303438087
-11590	8282	0.0319431559285148
-6178	-10321	0.0319473377713697
7380	8219	0.0319537637780761
6640	8080	0.0319616405242337
-8262	7422	0.0319852263708544
-4765	-11130	0.0319875696152453
-1616	-3621	0.0319906136532794
-5063	6196	0.0320072894936535
6429	7871	0.032016790211298
-11658	8044	0.0320198587407911
7702	8339	0.0320305345978116
-10311	8228	0.0320756325024881
7636	8019	0.0321059703987884
-11275	6697	0.0321321120693107
6746	7097	0.0321347947209073
-10729	-11111	0.0321475352260295
6873	7695	0.0321487449273437
-5085	-10181	0.03215193321047
-762	-10216	0.0321560475880698
-8450	8491	0.0321902032294656
-2221	8284	0.0321916367091508
-633	7480	0.0322475331699165
7839	9001	0.0322554888752371
7700	7845	0.0322567265061407
7003	8664	0.0323149120851389
6494	7505	0.0323150486558289
-8360	-11396	0.0323441635688899
-5918	-9234	0.032366005431819
6627	8398	0.0323668895286093
6904	7197	0.032374114647692
-2575	-8342	0.0323855400127089
6749	7750	0.0323884643627134
-8687	7322	0.0323978325918845
-11772	8103	0.0324057418253838
-1308	-4400	0.0324940618124948
-4363	-10167	0.0325263495567111
6636	8148	0.0325444010648513
-5068	-11245	0.0325565953850035
5604	8769	0.0325789550177892
4278	7881	0.0325829666738347
4845	6855	0.0325835579073249
5059	7043	0.0325927062329542
4888	7542	0.0326070423923582
7185	7962	0.0326082512610627
-11446	7984	0.0326322564517655
7137	8039	0.0326565214585461
6833	7626	0.0326797259243356
-1653	7967	0.0326906211561142
-9467	8672	0.0327119907255486
-9043	7016	0.0327265014799381
-4522	-6676	0.0327343585571209
-2978	-8988	0.0327363579655478
8091	8845	0.0327406398793588
-9579	4737	0.032754737943814
-6771	8728	0.0327744571195565
5980	9079	0.0328092965935591
6547	6752	0.0328130889581243
8036	8285	0.0328510960092181
7099	7367	0.0328579810447173
-1757	-9363	0.0328651667463761
6723	8827	0.0328789702009041
5596	5667	0.032879170793856
7451	7855	0.0329098507608734
6316	8332	0.0329168035628774
-11717	7777	0.0329270304849152
-6579	7153	0.0329342962475605
-9658	7321	0.0329807572657745
8164	8600	0.0329932023065373
7690	8667	0.0329997572977385
5706	6497	0.0330057377861523
6565	7310	0.0330256340973046
6154	6909	0.033040766552604
7733	7832	0.0330475823256507
-364	-403	0.0330565696580158
-2692	-2705	0.0330710027909831
7251	8350	0.0330922002478457
-216	7996	0.0331071444668831
7564	8236	0.0331159669225175
-11322	-11719	0.0331265870803952
6293	8021	0.033149050616246
-8452	3943	0.0331589172134492
5835	8758	0.033177897736303
7183	7840	0.033209981533589
6246	6818	0.0332215613765312
7964	8724	0.033226146157751
-5330	7807	0.0332267052318386
6782	8308	0.0332388362945562
-3030	-9009	0.0332419611746131
7072	7909	0.033250875334607
-7929	7007	0.0332561837500681
7768	8663	0.0332621088708425
7571	8232	0.0332829906267085
7940	8266	0.0333210258850498
6304	7683	0.0333322303479853
-2373	-9104	0.0333399131081499
6753	7142	0.0333436999875957
6890	7662	0.0333467497216928
-4738	8169	0.0333518087749108
7754	8271	0.0333561920816629
8155	8445	0.0333774083624154
7462	8279	0.0333794228135009
6446	8596	0.033381237897035
7009	7089	0.0333959966450454
7968	8520	0.0334210021986165
7037	8603	0.0334255299365702
-4923	8186	0.0334269863613953
-7840	-11784	0.0334390181254369
6785	8979	0.0334614103991178
-11528	7852	0.0334750016374147
-5497	6905	0.0334816640704014
-3793	-10940	0.0335007423699159
4940	8599	0.0335123417195229
-653	6530	0.0335133606954204
-9855	-11637	0.0335158305382462
7374	8428	0.0335309891064724
7619	9173	0.0335324426927116
-5011	-9689	0.0335384494675783
-7581	5298	0.0335559124155985
-10357	7731	0.0335661285257463
-9309	9236	0.0335686349830553
-6892	6527	0.0335720751211602
6918	7240	0.0335732619743678
-7512	-9370	0.033603336638793
7049	7370	0.0336118792938821
-4626	-11563	0.033613362380293
-2780	-8284	0.0336420484030144
6900	7059	0.0336440174325414
-11174	8588	0.0336538946146245
6401	7597	0.0336612616437871
7383	7465	0.0337019191069536
-11824	7696	0.0337358995942121
-1685	8683	0.0337392686967668
-9361	6599	0.0337411589485448
8320	8581	0.0337457442877734
-8294	7001	0.033761424902982
7202	8955	0.0337666116102751
-10948	8175	0.0337777449341934
-11607	7365	0.0337857481463227
-6787	7718	0.0338126661170677
-9988	-11671	0.0338129423834868
8513	8965	0.0338179506284671
-7213	8846	0.0338296151817289
-8636	6452	0.0338319881401457
6701	8744	0.0338387632934607
-3551	7897	0.0338442888678804
7051	8602	0.033848095599528
7528	8012	0.0338584661061195
-2786	-5098	0.0338682017859001
5251	9158	0.0338704970190147
-942	5705	0.0338755578916001
-11314	6850	0.0338765816054644
5249	8541	0.0339220201862239
-5926	8490	0.033931793541379
7316	8643	0.0339599603623451
-8449	8706	0.0339607862897902
-9017	-10949	0.0339795950319838
-11368	8509	0.0340310791118477
6930	9186	0.0340476344041956
8114	8931	0.0340566798903002
-8952	9222	0.0340613990665841
6672	8438	0.0340689708750907
5465	6170	0.0340700745090363
7404	7792	0.0340818506723858
6829	7066	0.0340933499323301
-10991	7623	0.0340967388284692
-7958	-7994	0.0340996230245218
5183	7930	0.0341134467264961
-11455	7588	0.0341594510951508
-10825	8686	0.0341609604221093
7335	8245	0.0341672801779757
-10842	-11270	0.0341754877902426
7610	7655	0.0341916100246887
7569	8054	0.0341949429854001
7274	9185	0.0342037979521287
-1249	7912	0.0342128675012938
5887	6089	0.0342150168990102
-781	8276	0.0342210917059449
-11693	-11766	0.0342324694621521
7234	8502	0.0342623788321469
-5500	8115	0.0342801502152097
6230	7180	0.0342803620434776
-2012	-4034	0.0342862383550007
-7615	-8813	0.0342872441328491
7766	8027	0.0343272650657722
-4157	-7648	0.0343574980573634
-5776	-7392	0.0343839501927804
7200	8570	0.0344075440551364
5647	8461	0.0344085303137739
-10777	9042	0.0344123700042522
-8898	-10037	0.0344219471503714
-8331	9122	0.0344224457996035
7384	8440	0.0344268300214908
7452	8512	0.034430796785701
7680	7937	0.0344399704571865
7971	9120	0.0344412470127731
6587	8448	0.0345071615643346
-1303	7552	0.0345175678032692
7275	8501	0.0345187105317912
-2126	7814	0.0345514027505749
7102	8532	0.0345550463005144
-10188	8121	0.0345634181208769
-10932	8072	0.0345669448953125
7338	8659	0.0345739433555302
-7818	-10791	0.034598843703621
-9272	-9473	0.0346158016347046
-591	-5378	0.0346281796649349
8235	8330	0.0346547149079978
-7897	7947	0.0346608079842864
6155	8959	0.0346647675668329
-10270	8171	0.0346672079427284
6731	8094	0.0347003391336327
6368	6969	0.0347082748597486
-11122	-11788	0.03471141518084
-7595	7606	0.0347194312274516
7345	8364	0.0347600003669894
-1452	8725	0.034767505894365
2775	8469	0.0347940838647761
-10802	-11708	0.0348202405647181
-822	8839	0.0348276024770187
-2110	7412	0.0348314064510879
6995	7152	0.034847793753287
8106	8804	0.0348929585641563
5122	8833	0.0349296919693247
8260	8547	0.0349685084313663
-1240	8310	0.0349797553670308
-127	-3326	0.0350182711186552
7757	7760	0.0350312123866947
7873	8948	0.0350315328775082
-10928	8142	0.0350407133392754
-184	-7872	0.035045751526059
7834	8495	0.0350728980568968
6556	8311	0.0350877511396076
-4035	8333	0.0351062176417927
6738	8077	0.0351102245410372
6521	7207	0.0351435395307407
7008	7703	0.0351488871631321
7328	7652	0.0351559262607792
-7046	-11593	0.0351660201626438
-1093	-10773	0.0351693210947503
-522	7708	0.0352104660472949
7143	8926	0.0352412098923453
7633	8144	0.0352528760128953
-8974	8022	0.0352657467238157
-10610	-11110	0.0353027943319687
-4644	-6067	0.0353074431538172
7031	9238	0.0353151439703997
-5368	-6093	0.0353283860118868
7168	7889	0.0353456201807118
-2737	-6239	0.0353528055770888
5600	5851	0.0353680384178029
6557	8907	0.0354192469526736
-415	-1718	0.0354193639083294
-42	-1383	0.035445114321908
8418	9020	0.0354947416009292
6384	8075	0.0355127347901473
-9937	-11255	0.0355441312816899
7630	8876	0.035575831021214
-6936	6974	0.035578300835488
6060	8141	0.0355986445804591
6673	9229	0.0356181566528374
8246	8519	0.0356197838223136
-1341	-2701	0.0356292911293841
7998	8343	0.035629386735293
-6310	8590	0.0356435218680066
7150	8945	0.0356459488283553
8084	8893	0.0356659697579518
7278	7641	0.0357107679402248
-11380	5304	0.0357182252509709
5860	9015	0.0357190314956392
-6471	8188	0.0357371403827514
4575	7872	0.0357461970127119
6945	7899	0.0357500850283237
7992	8480	0.0357693375814071
7744	8556	0.0357885290937884
5839	8592	0.0358461641747327
5843	8073	0.0358491494034479
-6938	7957	0.0358513923147491
7880	8530	0.0358777252205455
-9423	9126	0.0358819783203125
7804	8468	0.035926645459511
6696	7302	0.0359270559957445
6913	9131	0.0359431998862259
-3436	-9614	0.035943506115368
-6805	6907	0.0359555400465379
-1672	-9089	0.035979715303857
7710	8355	0.0359886924990808
7716	9033	0.0360499990663696
7624	9076	0.0360659029376331
7236	8872	0.0360717671592653
6157	8878	0.0360860324066238
-2046	-2266	0.0360941079452237
-8410	-9720	0.0361133611391227
-4810	7563	0.036124612070524
7301	7679	0.0361372961910034
7116	7691	0.036139892397542
7267	7985	0.0361475077781018
-4830	7598	0.0361478762585676
1310	8829	0.0361749858271184
4480	7425	0.0361861557468358
-10896	7847	0.0361918547052009
-7372	8632	0.0361974250062111
6674	7877	0.0362181113472882
-6243	-10450	0.036247029649591
8626	9178	0.0362476312342049
-2994	6956	0.0362592949972432
6684	8616	0.0362788709155392
7887	9320	0.0362802145309649
-9647	7913	0.0362927908384006
7448	8770	0.0363252213315596
-4352	-4603	0.0363473280057985
7133	7473	0.0363599415311549
4733	8610	0.0363695023750194
-8892	-10798	0.036369627223554
5892	8102	0.0363807466305397
-6537	-6954	0.0363888896673788
-4129	8536	0.0363956918623248
7096	8387	0.0364045578874776
7741	8704	0.0364326013563268
7169	8416	0.0364735577937618
6825	8479	0.0364842880076107
-2848	-9235	0.0364883706076943
7903	8790	0.0364948211885263
-7680	-9605	0.0364955723355697
7717	8193	0.0365159052779476
-7169	8529	0.0365241434462267
-3117	-4087	0.0365675407064162
8322	9070	0.0365699989764696
-11601	-11633	0.036577865294127
-7523	-8244	0.0365790659685239
6198	8062	0.0365800921284992
7594	8478	0.036603998361836
5601	8866	0.0366128847720379
8233	9133	0.0366297402049509
7969	8900	0.0366367297170065
7224	8653	0.0366407955369288
-10727	8201	0.0366455421587954
-10364	9073	0.0366533227834389
8176	8255	0.0366827004617279
6127	8886	0.0366955868127675
7643	8568	0.0367128466240707
8986	8991	0.0367415030318097
-8708	-11371	0.0367639652830547
6972	7111	0.0367985903804697
8560	8803	0.0368499352581964
-8998	-11762	0.0368615338223596
7398	7942	0.0368985691271542
-7009	8444	0.0369064038314722
6029	8980	0.036919993577274
3472	7334	0.036931888179148
7327	7637	0.0369660257130925
-5606	8633	0.0369690257590538
7175	8096	0.0370557685491702
-9376	8627	0.0370695557348419
7742	8460	0.0370702146476999
-3831	9161	0.037113590415714
-1203	8811	0.0371397423357958
6991	8431	0.037155322823887
6043	8229	0.0371618265330948
-6372	-8639	0.0371976267178277
5833	8670	0.0372237690832681
7306	8521	0.0372757046745053
6642	8641	0.0372766490547152
7634	8057	0.0372809323065704
6216	8422	0.0373165107404417
-10882	-11248	0.0373214442202878
-4348	8651	0.0373288099226417
-4469	8648	0.0373462663622893
8542	8873	0.0373687821484761
2146	6764	0.0373735932201911
-3466	9349	0.0373828326833216
-9243	8124	0.03740402630034
8451	9138	0.037405479908793
-9172	9242	0.0374101102582651
5938	8935	0.0374329776665057
7106	7963	0.0374506538624556
-27	7585	0.0374610622125079
7548	8544	0.0374725341005145
7362	9024	0.0375139175992696
-9185	8619	0.0375142963541882
-7537	-9372	0.0375236260314464
-98	-4718	0.0375238502645311
5560	8968	0.0375386743751296
7866	8293	0.0375880448418507
7640	9048	0.0376748994556443
-8750	-11470	0.0377010253800862
7976	8834	0.0377017511507537
7489	8989	0.0378185375246313
7217	7258	0.0378310665542016
7357	8701	0.0378421256065599
6572	8008	0.037866123463575
8295	9032	0.0378820493923633
-8366	7160	0.0378855308900637
7647	7990	0.0378887794949413
7555	9166	0.0379114691940972
7657	8775	0.0379242437803944
-3090	7536	0.0379332864564735
6168	9090	0.0379551445460458
8090	8730	0.0379641507892979
-5088	3861	0.0379904980858879
6680	8820	0.0379943158794241
7809	8591	0.0380049962709201
6832	9509	0.0380116583243032
-5347	8964	0.0380175704319773
-9024	-11098	0.0380176495256422
7474	7656	0.038072696720082
-7893	-7940	0.0380874958167625
7900	8615	0.0380895255596656
7373	7439	0.0381081897564999
-8054	8984	0.038111078435518
6227	9136	0.0381161387531146
-744	9252	0.0381279766795985
7148	9533	0.0381365151038995
-9165	8942	0.0381522694061933
6256	7926	0.0381760861076357
6087	7517	0.038177604984758
8005	8505	0.0382101876896927
8165	8539	0.0382168220378815
-9992	8435	0.0382319471858203
5998	8208	0.038233816632285
-4799	-5668	0.0382607577700628
-11502	7447	0.0382981249678946
6916	8112	0.0383354488993443
-3941	-10423	0.0383371449204362
6725	8434	0.0383787671074104
7450	9431	0.0383808263309798
-2793	-9267	0.0383925502649117
6812	7256	0.0383926355166716
7736	8644	0.0384010663577345
8717	8722	0.0384037070885354
-416	-5958	0.0384208127838266
8446	9005	0.0384231196164566
8239	8810	0.0384318177698928
8143	9246	0.0384519254370994
6501	8723	0.0384748899189969
7466	8875	0.0384751268047565
7140	8781	0.0384862991889514
7614	8238	0.0385019582312861
-4587	8778	0.0385774428837442
7458	8420	0.0385849849286648
7704	9183	0.0386093676317759
-9469	9012	0.0386356801157208
8411	8601	0.0386858566200858
-8040	8002	0.0386902309003425
8432	9100	0.0386924760476515
5358	9168	0.0387166146886489
-5012	8949	0.0387382513436863
8294	8484	0.0387399418081316
7689	7986	0.0387405630308378
-8976	-10469	0.0387897059313993
-1235	8327	0.038800729262538
7019	8292	0.0388038602460665
-9742	8860	0.0388259256513573
-3639	9200	0.0388497111726426
-11751	5636	0.0388503581061891
-3244	7701	0.0388632542754463
-8292	-9854	0.0388638528765479
8441	9299	0.0389060095776014
8038	8230	0.0389111422916153
7098	7603	0.0389463274140635
-11180	8890	0.0389902880251336
-2352	7303	0.039011178554025
8093	8754	0.0390155148769515
-11467	-11579	0.0390243494063918
7785	9095	0.0390550705804816
6229	6630	0.039074525173721
7929	9026	0.0390884518471731
8499	9146	0.039104425676479
-6004	7449	0.039137737827545
-11383	9597	0.0391408392433623
6579	9054	0.0391692770010456
6981	8913	0.0391889593835453
-4979	8972	0.0391950834321615
6080	8887	0.0391954711994006
6374	9497	0.0392000885655947
-3053	-9567	0.0392036731227819
7776	8466	0.0392253513334285
7047	8941	0.0392334251620523
-6062	8912	0.0392366003029444
7339	8204	0.0392447839691009
7087	8749	0.0392651100381509
7191	8076	0.0392844404028349
-1468	-8915	0.039329495476833
-5460	8198	0.0393321576951551
8296	9110	0.0393778042812981
-9127	-11448	0.0393917961716104
7543	8028	0.0393937282583016
6719	9287	0.0393957575348343
7020	8241	0.039412845610904
8377	8850	0.0394281894010724
7688	8861	0.0394962112480857
8334	8476	0.0395440054319164
6363	8301	0.0395662897099369
-10168	-11006	0.0395692424854765
-10253	-11530	0.0396016318700686
-3622	9338	0.0396429367456247
-140	-7260	0.0396596645169904
7493	8264	0.0396695198227702
8032	8122	0.0396830876865234
7822	7859	0.0396898815462201
5035	9014	0.039696063193411
5050	9429	0.0397006241788929
6886	7774	0.0397073440337064
-11403	8227	0.0397087087761644
-11611	8792	0.0397357128895705
8554	8777	0.0397432635568381
8421	9006	0.0397444748233639
-2813	8369	0.0397656830515728
6372	8367	0.0397753764785992
-1605	-4600	0.0397973578457123
7668	8531	0.0398352095975023
7226	8571	0.0398370570953664
7286	9250	0.0398537512801763
8370	8510	0.0399063530892228
-199	-2125	0.0399072372701962
8244	8381	0.0399171312168224
-11054	8795	0.0399283144781216
-6450	9074	0.0399500655263363
7944	9145	0.0399813531426051
7172	9177	0.0400099014234789
8386	8583	0.0400151386125503
-10486	9204	0.0400323111988294
8199	8625	0.0401063419112022
5042	9296	0.0401417912019815
6664	9245	0.0401721203249166
-8769	8286	0.0401879830454185
-4724	-6071	0.0401934472585543
-9932	-11712	0.0401954120419413
-11193	8566	0.0402018377681344
-11858	7411	0.0402055890350078
6820	7660	0.0402289682070587
8726	9002	0.0402300971744139
7012	8306	0.0402681359435166
6442	7601	0.0402837295633959
6258	8589	0.0402899237326613
8562	8933	0.0402915071072035
7281	7558	0.0403239630087896
-6554	-11140	0.040346120282346
8819	9483	0.0403542219632014
-823	7858	0.0403589571811945
8181	9098	0.0403628129626415
6504	9116	0.0403925188193228
6654	8179	0.040439244533603
8550	8816	0.040442586667119
7055	8685	0.0404460597357872
-3274	-10247	0.0404495333938268
7513	8189	0.0404541922158264
8058	8797	0.0404852317740812
-9237	-11418	0.0404864088992288
8385	8604	0.0404931315330281
7868	9094	0.040564918757153
-5205	6468	0.0405695012340905
-6515	9430	0.0405894818915786
-1788	9260	0.040598561375898
7786	8780	0.0406002562688104
6720	8655	0.0406023885209812
7090	9055	0.0406377362570557
7291	7959	0.0406472866187311
-6602	-9555	0.0406741839207538
-9998	9484	0.0407413856856799
8202	9270	0.040755507403208
-3476	-10674	0.0407579712433578
-1435	-10499	0.0407943560352919
6312	8681	0.0408256055130748
6059	7118	0.0408514015076323
7671	8214	0.0408651356995127
7826	8307	0.0409015663241234
-11374	8874	0.040929183105523
-3377	9010	0.0409349214631427
-1369	7568	0.0409514194268175
-8351	-9848	0.0409758695945275
8113	9607	0.0409797933498027
-10408	-11011	0.0409843493248907
-11053	4021	0.0409944014861835
-10035	8824	0.0410050917388208
6765	8793	0.0410079380989355
8535	9152	0.0410522320640172
-6961	-8228	0.0410534772256088
6958	8146	0.0410757406321709
-9078	8047	0.0411313973603159
7794	9297	0.04113460028123
-5869	-9431	0.0412085368327517
-8610	8546	0.0412318520394034
4952	8249	0.0412343441853188
-4573	-11853	0.0412648146644505
-7176	9577	0.0412841819875299
7164	8065	0.0412853818103783
8243	8317	0.0413038034813807
-9957	6473	0.0413720999639471
8690	8694	0.0413894885196452
6347	7931	0.0413951957516847
-5336	-6246	0.0414454313495143
8133	9643	0.0414801075278237
6002	8739	0.0414862527809404
-10826	8399	0.0415186598123352
-6307	9629	0.0415404468928018
7123	9118	0.0415441844934488
7787	8326	0.0415963125068589
7122	9303	0.041599604103585
5821	8691	0.0416324978409251
8185	8693	0.0416379526891657
7426	8160	0.0416630837544931
7862	8006	0.041666525711686
8184	8553	0.0416852177361022
8291	9724	0.0416953698522153
8360	9516	0.0416990067370768
-4685	-8206	0.041722671200241
7203	7975	0.0417334466474965
8525	9148	0.041757215524995
-10858	-10900	0.041791107951964
7309	8207	0.0418173844606937
8908	9423	0.0418523689019807
-5231	-10795	0.0418556494476735
-1871	8331	0.0418684091131755
7772	8004	0.0418757002755275
-7748	8919	0.0418817383359685
7860	8906	0.041907683979952
8436	8578	0.0419113488131835
8023	9555	0.0419438992410809
-10692	7553	0.0419543065235714
8041	8971	0.0419769172871307
-11776	7651	0.0419848035490094
8161	8888	0.0420004739405067
-3164	9567	0.0420272191681866
7385	8842	0.0420399296530275
8043	8196	0.0420656119286175
7865	8960	0.0420707015166015
9205	9826	0.0420941956344983
7215	8424	0.0421012566211496
8721	9365	0.0421148771847406
-10132	3155	0.0421782881373089
-7766	8938	0.0421793555459339
7771	9765	0.0421995141142378
7973	9726	0.0422065691287588
7094	8423	0.0422123600242095
8151	9085	0.0422134678176221
8277	9071	0.0422699660694445
8108	8172	0.042271991938698
6816	8342	0.0423225673686682
8097	9034	0.0423502494776895
-4652	8853	0.0423951400644051
-486	8947	0.0424256602013645
7898	8000	0.0424621422724261
7525	8695	0.042507959086679
7190	8755	0.0425419448317023
9153	9521	0.0425546558030499
-10339	7833	0.0426077983043593
8661	9087	0.042611776151822
8373	8715	0.0426352122014876
8224	8515	0.0426673958849068
7161	8854	0.0426755978902236
-10989	8001	0.042686162108081
7002	8433	0.0427316635677743
8220	8634	0.0427745973620328
-6884	8250	0.0427759980432399
6856	9103	0.0428069062323887
7522	9858	0.0428181812060358
7319	9413	0.0428747621472484
-11036	-11697	0.0428949040499214
-719	-9439	0.0429410994610222
8483	9039	0.0429539691734331
-2592	8750	0.0429632701368188
8300	9375	0.0429972950216309
8577	9288	0.042998825006942
-9947	-10513	0.0430228699446398
-644	-1073	0.0430451256113725
8640	8940	0.043051869920727
7782	8481	0.0430695144764537
-8540	8523	0.0430782919214092
-4538	9399	0.0431436687899803
-3900	-7605	0.0431494522810337
-9182	9491	0.0431516504728899
-2239	-5020	0.0431525758237744
7579	7625	0.0432180564554838
-6267	-10395	0.0432209425222394
7982	9191	0.0432396188596008
7379	8978	0.043275419057031
7549	8026	0.0432877099740919
8273	9159	0.0433169107892337
7356	8818	0.0433328556209814
7560	8840	0.0433333531179368
8679	9378	0.0433335890387518
8587	9356	0.0433473837643868
8380	9127	0.0433670922809635
6297	9493	0.0433697652041389
6465	9060	0.0433902999624063
-11198	-11247	0.0433935060086597
7697	8936	0.0434026321042045
6202	9331	0.043409605456893
-2169	-5828	0.0434227294305332
8289	8595	0.0434263673050516
8393	8565	0.0434863551076746
-3889	-7036	0.0434874379333194
-1737	9243	0.0435063650994565
7948	9068	0.0435124562488989
6779	8645	0.0435934595384461
8312	9339	0.0436092303005938
7573	9397	0.0436273845485724
8851	9498	0.0436282622291766
5167	8190	0.0436368858506769
7135	8319	0.043640049504208
8163	9302	0.043664820113522
-11216	-11691	0.0436753595862551
8902	9328	0.0436822440890981
8506	9117	0.0437009603467416
7499	7596	0.0437011341628677
8261	8569	0.0437752281325439
-11324	-11463	0.0437833016178191
8069	9384	0.0438374998027311
8372	8638	0.0438414213792796
7397	9045	0.0438623532426631
7850	9213	0.0438653700110592
7539	9512	0.0438669422202607
-2724	9056	0.0438693243790699
8262	8897	0.0438742595201034
8841	8915	0.0438860103117402
-1965	-10257	0.0438898633470841
-341	-11166	0.0438914112424624
8242	8472	0.0439002445814072
-4517	-8599	0.0439605370559553
9089	9456	0.043965372429603
-89	7844	0.0439690429918264
7756	8832	0.0439754212098378
7681	8503	0.0439933844681309
-8066	8646	0.043994958508672
7894	9370	0.0440030176643999
-4398	8010	0.044010073442114
6583	8549	0.0440139305866485
8628	8678	0.0440796302057891
7876	8896	0.0440832859386903
-1084	-3788	0.0440916000933324
-2652	6980	0.044132077336143
-10893	6320	0.044242225951964
8408	9061	0.0442483884372653
-11092	9196	0.0442730758227856
8727	8929	0.0443005782091738
8586	9466	0.0443322039316461
8215	8891	0.0443664755504196
6017	7749	0.044397395802338
6193	9321	0.0444088793535827
-8496	8865	0.0444332083862669
5911	7443	0.0445075657307269
4717	7246	0.0445140150220778
7280	9659	0.0445258700114855
7290	7642	0.0445422531844824
-11023	7715	0.0445472568965793
-2218	-11739	0.0445799587569558
6927	8624	0.0445806947444528
6859	9253	0.0445831902565836
8313	8464	0.0446078162521788
5870	8668	0.0446187627054569
8676	9343	0.0446776051400359
8221	8256	0.0446838844540171
6269	9570	0.0446998115901807
-7687	9318	0.0447672956446152
7936	7991	0.0447739724772236
8805	9403	0.0448505586292744
-7826	9421	0.0448784340057374
8776	9424	0.0448880127101014
8482	9217	0.0449054065252954
-3464	-6780	0.0449095130209652
7053	9906	0.0449178004884681
9195	9527	0.0449463141302918
5967	9224	0.04497756602756
-2457	9432	0.0449791880910013
8507	9417	0.0449886288273569
7427	8768	0.0449893364892563
8922	9231	0.045084664375742
-10	9587	0.045089450497833
7674	9150	0.0451313649631718
-5132	-8509	0.0451594980586005
-4405	8785	0.0451706644993333
-8841	8631	0.0452115666087813
-6897	9582	0.0452490138659015
7062	9211	0.0452712728551258
5556	8618	0.0452720139288791
-9359	8051	0.0452721040781078
-8714	8576	0.0453817598440571
7974	9447	0.0453850006238088
-447	-7559	0.0454335933485941
8746	9488	0.0454878912445637
8504	9547	0.0455192914671502
8403	8966	0.0455278096025563
-1837	8982	0.0456003067027148
-6956	9692	0.045611080983615
8862	9518	0.0456632010503771
7956	8575	0.045687710829147
9427	9640	0.0456931248248579
8328	9543	0.0457302692092375
8488	9603	0.045739260757549
-9194	9884	0.0457827218382404
-3882	6382	0.0458055860245392
8365	9306	0.0458139243894139
8304	8981	0.0458236977057755
7395	9035	0.0458629248330289
7939	9538	0.0458846379666442
8275	9714	0.0459167683968164
7446	9036	0.0459296005208507
6911	7403	0.0459419372254918
-6531	-8391	0.0459433811806794
8223	9771	0.045960984677224
8206	8368	0.0460361773981441
7838	9188	0.0460377501705232
-11295	8105	0.0460812164911293
8274	9656	0.046088407040735
7649	8156	0.0461042197191623
8356	8711	0.0461144575104476
8265	9381	0.0461260301077061
7263	7883	0.0461626216454069
-10703	9565	0.0462138657539992
8130	9082	0.0462315179011189
-9938	8761	0.0462383470328355
-10044	9445	0.046275581755085
8454	9371	0.0463100502974076
6315	8493	0.0463109406668656
-10264	8961	0.0463339726392698
8212	9256	0.0463399377983907
6478	9058	0.0463489212839537
8859	9248	0.0463679121793813
8210	9011	0.0464385590328892
8363	8962	0.0464714876151033
8465	8675	0.0464763856138093
8168	8800	0.046509352486961
-6994	-7397	0.0465591233901399
-712	-6177	0.0465824265601687
-4128	-11565	0.0466268370972854
-6375	9387	0.0466346321467765
-11378	9402	0.0466623985790173
8760	9362	0.0467118112584362
-10868	-11589	0.0467126131043508
5234	9129	0.0468178146910219
-11340	9434	0.0468452234304992
-9721	9017	0.0468638940512713
-10394	10032	0.0468651857512137
7654	9428	0.0468775124948222
-11729	8836	0.0468964919985422
-9942	1623	0.0468976901878887
8338	9266	0.0469006159344432
-9402	6963	0.0469349788462318
8548	8748	0.0469548048477532
7737	8574	0.0470146278194137
-3026	-10273	0.0470194953010665
-7355	9234	0.0470380677907866
8270	9519	0.0470382017389515
7864	8898	0.047072838489938
8177	8710	0.0471186267361516
-6031	6767	0.0471270697931402
9115	9352	0.0471276051747929
8831	9075	0.0471363935250131
8911	9050	0.0471434917130911
-8880	-11832	0.0471509492042325
3604	9336	0.0471659100299148
7878	9049	0.0471831173812334
6018	9856	0.0471938468878009
-6349	9208	0.047194262627282
7600	9752	0.0472127520284568
7853	9393	0.0472219350508398
-10665	-11803	0.0472509149345847
-6521	-8943	0.0472882216014518
-714	-8311	0.0473047618374609
7340	9361	0.0473197384615349
7381	8561	0.0474003561895874
-9311	-11687	0.0474217337290606
6223	7916	0.0474582987824283
8787	9967	0.0474662517757384
-2311	9223	0.0474947713674535
7421	8611	0.0475348624781255
8390	8973	0.0475548858867393
-3749	6758	0.047570743804128
6964	9576	0.0475847253310608
-2708	-4847	0.0475858685911235
8712	9351	0.0475964571144914
8394	9373	0.047600240553365
8042	8119	0.0477219549034051
5477	8237	0.0477296663767589
-5836	8796	0.0477692694914783
-960	9723	0.0477906249510729
1715	4830	0.0478341954440581
7464	8763	0.047847026895576
-11734	8132	0.0478795540500897
-409	8321	0.0478837394691709
7924	9554	0.0479165738050727
5498	8145	0.0479260688280579
8636	9433	0.0479299218704614
5220	8325	0.047941081823122
9263	9658	0.0480624403854845
-11627	9311	0.0480980552211193
8517	9706	0.0481173579042862
-10303	-11675	0.0481387264827973
8680	9176	0.0481459833242579
-537	9154	0.0481542719384987
-6135	8974	0.0481807129645213
-4633	-11315	0.0482229790800906
8658	9282	0.0482317872630081
8166	9077	0.0482322637524306
-11814	8870	0.048248438498618
-392	-2598	0.048264688132242
5389	7891	0.0482898367501302
-3754	9156	0.0483194345294125
6207	8609	0.048344649274744
8040	9754	0.0483471616720818
-3242	9870	0.0483515979367859
6108	9651	0.0483521238290109
-589	-4533	0.0483820641744495
8467	9866	0.0484136748929428
7815	7882	0.0484147124559735
9193	9758	0.0484294798927312
-10704	-11513	0.0484373293401669
-8184	8999	0.0484407154700474
8774	9363	0.0484548839248543
-2512	-11599	0.0484679349483724
9286	10044	0.048489132040705
8522	9719	0.0484988916285346
7719	8579	0.0484995085058997
7743	9710	0.0485105657091368
-1108	8354	0.0485107410131087
8696	9781	0.0485744770134836
7011	9207	0.0485819719498117
8997	9699	0.0485876716967955
8384	8823	0.0486773885436354
8914	9044	0.0486864777403626
-196	7604	0.048755804624621
8883	8903	0.0487622098179144
7746	9086	0.0487729406646204
-3067	9069	0.048783329978023
7886	8622	0.0487964693169669
6691	9867	0.048804129024357
8083	9782	0.0488390378583718
8814	9624	0.0488558975189057
6844	8677	0.0488712144546657
8514	9452	0.0488939893313682
8852	9623	0.0489035765370085
7325	8450	0.0489169854509399
8647	8950	0.0489227526049599
-9580	-10901	0.0489433649216761
8830	8928	0.0489715126464004
9346	9854	0.0489837655782157
-8937	-10356	0.048999926435306
-736	9021	0.049077601299665
-1374	-9667	0.0491045986563647
-735	8150	0.0491046755484706
-1644	8025	0.0491135822320783
9510	9718	0.0491301029693957
8698	9022	0.0491466609221581
7748	9590	0.0491551797789728
8366	9667	0.0491666570549181
6987	9057	0.0492103919316064
8869	9889	0.0492265828394653
9487	10030	0.0492817611885115
7559	9968	0.0493214237888373
8211	9003	0.0493328080145786
-9811	9594	0.049338229186264
-11592	8158	0.0493578733877611
9353	9474	0.049359457774744
9132	9400	0.0493810158609632
-979	9526	0.0494058741916206
8419	8492	0.0494944708777166
8475	9398	0.0495306149512064
8557	8702	0.0495580917121125
8477	9540	0.0495792069721768
-11490	-11688	0.049595402382587
-11812	9124	0.0496420726500137
8837	8976	0.0497205040435569
-6565	-10155	0.0497337819468009
-6638	7949	0.0497426090032724
-8160	-11356	0.0497636941884535
-886	-10566	0.0497735399853746
8487	9761	0.0497774372954385
-11825	8457	0.0497840241400674
-11086	-11161	0.0498866465131732
7504	9221	0.0499828441667924
-4608	-5164	0.0499903241766226
7616	8614	0.05004069783605
-11715	9742	0.0500435740626963
-11043	-11229	0.0500854321296861
7567	9892	0.0500880489087217
-3268	9687	0.0500996849934869
9172	9653	0.0502103373127466
7902	9681	0.0502182062546341
-560	-10289	0.0502256164016458
8259	9626	0.0502869267324752
9212	9873	0.0503092591805136
-9606	10033	0.0503111927511346
-1052	8884	0.0503156811005251
-1856	-5965	0.0503565488803646
8067	9846	0.0504411326082207
7590	8537	0.050452307688054
8666	9340	0.0504846186466527
8813	8844	0.0504851254458479
-3236	9785	0.0505292551178764
6845	8159	0.0505352401688365
-3773	9698	0.0506112195191541
5413	8182	0.0506213758477457
-7120	-10646	0.0506625073960175
-215	-1483	0.0506824585454087
7366	9820	0.0506905121263342
8629	9237	0.0507159667927288
6255	7390	0.0507356669380503
-8774	8014	0.0507408406859062
9096	9233	0.050803350788887
8003	9395	0.0508036368375043
8344	9317	0.050895787793494
8987	9199	0.0509171725767314
8088	9966	0.0509278587704603
-241	-4078	0.0509547376563979
7970	9557	0.0509610335873863
7980	8802	0.0509728820083283
7933	9829	0.050984804236878
8925	9258	0.051015839937341
9099	10016	0.0510213384638385
-6397	8660	0.0510450319695589
8868	9023	0.0511084228498399
-608	-639	0.0511120157661001
-5166	-11722	0.0511226828212246
-8817	-10503	0.0511229576896334
9273	9568	0.0512220009672924
-10688	9639	0.051238212621616
-11859	8362	0.0512482199045241
-9270	8753	0.0512623577160512
8299	9598	0.0512704109497881
7341	9335	0.0512993203211213
8353	9416	0.0515037174018313
8731	9535	0.0515390820639961
7740	8654	0.0515434230625411
9066	9409	0.0515514535138276
8977	9705	0.0515535203818051
-1601	-6656	0.0515832707201183
-10760	-11416	0.0516031966125104
-1958	-11609	0.0516546274553725
-4525	8828	0.0516805328393096
-4613	-9572	0.0517899753977072
7979	9851	0.0518049089280183
-11196	-11421	0.0518992969858125
9053	9482	0.0519528525337583
8288	9139	0.0519653769523283
8404	9025	0.0520056529581856
8764	8895	0.0520654744815611
8118	8594	0.0523220418187706
9078	9380	0.0523864439663655
8471	9606	0.0523891677115974
7907	9739	0.0523897500396252
-519	8864	0.0524359633316196
9225	9377	0.0524470150013197
7593	9382	0.0524515505473605
6377	9125	0.0524622407677966
-11676	9619	0.0524657819031813
-4708	9875	0.0524704173808915
-5596	8871	0.0524778961114898
-285	8806	0.0524818937482479
8405	8901	0.0524919162997856
9000	9174	0.0525155576676082
7574	8558	0.0525392918333387
8526	9114	0.052585521020948
-11439	-11613	0.0526463759197612
8374	9513	0.0527217609259291
-3261	-6479	0.0527614835475506
9670	9964	0.0529093336726731
9307	9637	0.0529889808454048
6197	9194	0.0530035368510428
8485	9936	0.0530199450290178
9037	9310	0.0530477251099901
9722	9748	0.0530753220647716
8162	8952	0.053086361480698
-850	-3820	0.0531055544053927
9215	9479	0.0531937317887474
-1745	9187	0.0532367600041921
7758	9663	0.0532416748627445
-6144	-6151	0.0533129885962285
6432	9757	0.053331838220046
-9382	-9952	0.0533741403107704
8899	9113	0.0533863204956802
9610	9697	0.0533896313459058
9319	9928	0.0534292580785519
-8225	9281	0.053472270927194
8779	10060	0.0535015007586654
9101	9638	0.0535674190255227
-8527	-11584	0.0536002907756782
-8794	-11830	0.0536128129416094
6240	7910	0.0536458070484731
-3169	8352	0.05365043186233
8889	9644	0.0536643820448654
8056	8863	0.0536940917783149
7953	9029	0.053745738636006
-11492	6922	0.0537756153077729
8066	9189	0.053787849466427
-1826	-8587	0.0538122160253637
6799	8382	0.0538156087541559
-6746	-11551	0.0538209455593272
8318	9645	0.0538544279705135
-1332	9744	0.053865536609054
-11836	9265	0.0538983003372533
8305	8538	0.053965123066948
-1941	-6922	0.0539714841499797
9063	9762	0.0540371855185099
6756	7520	0.0540418132023802
8302	8340	0.0541042299759296
9504	9760	0.0541152879176445
-11274	9973	0.0541315286722831
7337	9179	0.0541408141735639
7726	9128	0.054175292083326
-1244	-1701	0.0541848741208115
7570	9818	0.0542555851903313
-8116	9660	0.0542623782130698
8518	9119	0.0542635721253578
-11544	8564	0.0542703017116851
8063	9657	0.0542794532244455
1259	10087	0.0542834677572369
8087	9841	0.0543051114574514
8697	8817	0.0543254628512706
8593	8835	0.0543267495585393
-7928	9768	0.0543308930021172
7127	8455	0.0543334192980321
-734	8669	0.0543585524250815
8635	9295	0.0544209918544016
8459	9325	0.054437279642051
-1682	-3233	0.0544712779735438
-3689	-5282	0.0545561555000753
-6122	9837	0.0546094863419181
7494	8061	0.0546240472568552
8752	8998	0.0546381634009886
8924	9689	0.0546511396881193
7788	8533	0.0546614007080519
8733	9556	0.054694853113598
9694	10070	0.054732905168041
-11649	9662	0.0547348410193969
8700	9871	0.0547575010592643
8742	9633	0.0548208697604025
-6159	-11477	0.0548543137921199
9028	9268	0.0548668365759852
-5025	-9895	0.0549143421051862
-11077	9446	0.0550008961897698
9389	9443	0.0550039323971632
7509	8946	0.055019890525605
9279	9359	0.0550207007856767
8994	10000	0.0550367623765941
8563	9700	0.055066017612211
-11254	9774	0.0550705316124722
-7122	9420	0.0551416306647938
-2588	-8071	0.0552188583616222
9220	9379	0.0552565020455808
9214	9832	0.0552875167815521
-1854	-8797	0.055348590549877
-9417	9743	0.0553597561505551
7836	8617	0.0553623932189811
9092	10319	0.055379641047449
8048	8995	0.0553803139930405
-564	9290	0.0554068634708846
-11277	9344	0.0554439712655987
8856	8881	0.0554642216622545
8316	10124	0.0554765610298535
8765	9385	0.0554872716332716
9942	10215	0.0555098177037351
8341	10184	0.0555116664009603
8801	9051	0.0555122706421126
9630	10021	0.0556935296565243
-4558	-9984	0.0558350987353284
8623	9392	0.0558442194613655
-3783	9041	0.055875302510616
-1510	-8535	0.0559199813479153
9405	9869	0.0559680744490657
7884	8498	0.055971960106606
9043	9957	0.0559806042289053
-4100	-11541	0.0561054828611782
-6591	9784	0.0561294601179555
5526	10256	0.0561629916077987
9578	10203	0.0561827636915973
8918	9805	0.0561970105047905
9262	9470	0.0562211093686098
8582	8848	0.0562270349027976
-2746	-9059	0.0562497976748774
-928	-8701	0.0563111465005843
8990	9175	0.0563117166165622
8413	9840	0.0563555637639026
8713	9167	0.0564060024531704
9135	10099	0.0564399067176954
7941	9522	0.0564598644022384
-5043	-11402	0.056577100337427
9326	9492	0.0567156415085473
9464	9773	0.0567331953031696
-2318	-10578	0.0567339222440896
-747	9908	0.0567707157372779
-2237	8674	0.0568444297287967
-11269	9372	0.0568875873418318
8772	9553	0.0569605864598325
9018	9616	0.0570056228703934
-6410	-9320	0.0570063556012122
8607	9541	0.0570519528838338
-10732	8197	0.0570773199792778
-4641	9337	0.0570783033917936
8415	9695	0.0571167454596127
-8313	10220	0.0572360260127312
9160	10206	0.0572378096501433
-11568	9750	0.0572618447102795
7222	8983	0.0572847492973822
8847	10022	0.0572863486487287
8766	9130	0.0573670281757517
-2010	9925	0.0573811637173516
6934	9770	0.0574045789425027
-9327	9439	0.0574193032570017
-9774	9468	0.0574632668461598
8383	9324	0.0575167629669919
9583	9860	0.0575725538467522
-4980	10131	0.0575773707337245
8807	9819	0.0576047049197629
8951	9648	0.0576184226933096
8551	9833	0.0576555298323189
-7682	9612	0.057722207851692
-4562	9943	0.057798680083399
9083	9419	0.0578011757511353
-672	-2437	0.0578067279944936
7437	9457	0.0578153903164904
8689	9848	0.05783068776233
9169	9828	0.0578997072640149
7914	8524	0.0579003724034671
7336	9787	0.057909218502231
8855	10037	0.0579122656894696
-7813	7469	0.0579667901022085
-1070	9592	0.0579668079664652
7154	9226	0.058018614875381
9241	9524	0.0580423003929214
8639	9004	0.0580833905234317
9149	10052	0.0581124516933129
-10204	-11350	0.0581324018089927
8736	8885	0.0581577709232427
8784	9893	0.0581859239558318
9494	10214	0.0582745364473474
8257	9628	0.0583661036179098
8720	9376	0.058375933769938
7735	10297	0.0584127473992838
8474	9209	0.0584741991639574
-5738	8494	0.0585575713372088
4894	8751	0.0585834398797862
-7611	9981	0.058586514806608
9244	9679	0.0586577961546868
8209	9345	0.0587869970908205
8608	10127	0.0588558669088261
-11335	9671	0.058899442019665
9210	9990	0.0589553096798801
9067	9386	0.0590156423053913
-10478	10192	0.0591264943322994
-1977	10048	0.0591528731340676
-2332	-11366	0.0591991956588926
8904	8954	0.059213863146606
7806	9691	0.059233105081116
-8473	-9971	0.0592334663179885
7639	9184	0.0593411353591773
7612	9289	0.0593575833120085
10140	10294	0.0593583983471761
8734	9548	0.0594271991641454
8939	9886	0.0595075110797666
8033	9821	0.0595347258973948
9414	10017	0.0595504032175033
9163	9804	0.0595932987791656
8449	9502	0.0596256850503179
-11436	9472	0.0596693392520281
1460	6040	0.05967195246809
8263	10137	0.0596898462632819
8225	9956	0.0597571800238469
-11137	9810	0.0597765210899676
-4936	9140	0.0598622451398373
8756	8905	0.059905262940737
9911	10224	0.0600057687920571
-10984	7025	0.0600397736688607
8892	9525	0.0600558887981686
-7900	-9351	0.0600603537918844
8671	8970	0.0601821785583352
-5872	9155	0.060241148165217
8993	9891	0.0602737452338208
9030	9532	0.0602965476411567
-11332	8035	0.0603996665479392
9410	9958	0.0604001195798386
9170	10289	0.0604157518916295
-7814	-10560	0.0604193832564318
-1625	7010	0.0604219852895818
-1892	-2120	0.0604492294234851
8337	9081	0.0604923655226293
8937	9759	0.0605912274073403
9953	10254	0.0606170802809146
9112	9549	0.0606613151919574
-5943	-7520	0.0606700173577587
8359	9776	0.0606732170857476
-4281	8798	0.0606840994885836
-302	9329	0.0607491339186344
7824	8149	0.0608156334097576
-531	-11257	0.0608387631251951
8099	8397	0.0609311915390652
9354	9499	0.0609349000768974
7906	10383	0.0610778412183295
8458	10151	0.061167504706161
-9030	-9953	0.061183165887386
9137	10092	0.06118734779864
9219	9994	0.0612344340361316
-11498	9775	0.0612840588622942
7294	9563	0.0613074384604606
-9568	-11806	0.0613373920863365
-9900	10074	0.0613434221222842
8376	9584	0.0614068521950234
-11153	9529	0.0614271948883486
-3273	10234	0.0614516287699818
-7639	10413	0.0615026229469146
-8343	9987	0.0615719647505733
-6484	9937	0.0615839771163274
-11581	8283	0.0616271467504166
9249	9534	0.0616348410745392
7554	9144	0.0616911867570215
7759	9887	0.0616957560242706
8218	9383	0.0617074376754789
7670	9108	0.0617357151099777
8406	9259	0.0617786875881403
8808	9550	0.0617806839807882
-1556	-10281	0.0618598750976818
9143	10399	0.0618667844618426
9330	9934	0.0618811629183573
8280	10238	0.0618899958352135
8745	9084	0.0620380307211139
-4992	10086	0.0621338646410864
9142	10036	0.0623206252292951
8692	9930	0.0624032915966483
7946	9883	0.0625070344793821
8200	10069	0.0625462979742283
-8926	-11192	0.0625587789322103
9932	10328	0.0625779281780725
9729	9947	0.0625821870573602
-7164	10243	0.0626256710261952
8747	9779	0.0626306157944404
8699	10098	0.0626475591286973
7846	9490	0.0626486762065703
9701	9951	0.0626896884990744
9105	10068	0.0627319716299333
7778	9467	0.0628953813491782
9530	10338	0.0630312148591263
8463	8773	0.0630768426591248
-7099	10195	0.0630789326006772
-8465	9545	0.0631314759065337
7244	9720	0.0631509301331609
9235	9824	0.0631845350640967
8462	9454	0.0632591881685399
-10904	10054	0.0633318576551924
8192	9813	0.0633342639595032
-2128	9558	0.0633382201462869
-7701	9091	0.0633503645265556
6323	7050	0.063365290505855
9293	9790	0.0635345072428618
7781	9895	0.0635966339030232
9604	10055	0.0636085705253403
8735	10235	0.063651282561902
9406	10041	0.0636859657633264
9264	10149	0.0637099768010961
8621	9931	0.0637282673461018
9422	9461	0.0637696496279426
9247	10119	0.0638041876769546
8879	9046	0.0638290428558759
8956	9198	0.0638915758937609
-10597	6292	0.0638962686410092
9437	9609	0.0639356132922405
-7437	9276	0.0639430868498551
9703	9991	0.0639655455507922
9239	9300	0.0639657568893503
9304	10059	0.0640902745327647
9285	10020	0.0641314169195998
-11341	10073	0.0641348711017345
8389	8716	0.0641410784047766
9275	9631	0.0641563435292466
8248	9451	0.0641741116894549
8085	8402	0.0642248492117329
9283	9780	0.064240306201941
-10033	-11724	0.0642447352132786
-7780	9685	0.0642667890805002
9444	9965	0.064281742169402
-6990	-9586	0.0643962407191158
-4346	7922	0.0644007203690949
8055	9715	0.064488398410247
8705	9503	0.0645147195533655
9460	10062	0.0645681075923347
8573	10167	0.0645776684760424
8916	9732	0.0646966817552933
9052	10246	0.0646984427843946
8815	9404	0.064728027239288
-2334	-11224	0.064753230437369
8425	9605	0.064780164755481
-50	8894	0.0647806770261319
9552	9747	0.0648250795852883
8714	9904	0.0648383724091653
-8891	-9117	0.0648970316765904
-4642	9418	0.0649188418175003
9589	9708	0.0649501195122424
8743	10061	0.064994360476988
-1947	9888	0.0650085562594336
7738	9802	0.0650529810061835
-6887	9620	0.0651141160807978
8392	9573	0.0651320502212702
-10945	10111	0.0652136231801114
9600	10407	0.0652277916153379
6135	9950	0.0652773901226472
9939	10004	0.0652988679504393
9485	9868	0.0653214201895556
9019	10400	0.0653474861717274
7599	10063	0.0655252333998899
-2715	9668	0.0655368228867783
8719	9368	0.0655759075298598
-5269	10253	0.0655771849777042
9735	10311	0.0656075878627472
-2307	9436	0.0656179378094255
-1258	-3099	0.0657585322796697
10094	10178	0.0657826498016369
-2618	9933	0.0658525539662351
-165	9777	0.0658835127090455
-10516	7320	0.0659514572506075
8426	9298	0.0659973355373105
8709	10005	0.0660499064673386
-11533	6028	0.0662917887191705
-55	9890	0.0663314257971179
9008	10196	0.0663608839263991
7995	9360	0.066406904517226
8251	10083	0.0664287676249174
6853	10121	0.0664819893118859
9274	10120	0.0665027656351693
-7200	9601	0.0665203921363635
9257	9477	0.0665551708389495
-11427	9394	0.0666178723139958
9190	10416	0.0666591064216813
-675	-7076	0.066687435997433
5801	9508	0.0668630409427498
9704	10056	0.0669129730116958
9486	9684	0.0669432453039426
9038	10424	0.0669459664695846
-11150	8930	0.0669552922296559
9278	9280	0.0670477642032998
9562	9731	0.0671042350778528
9836	10458	0.0673397133080813
8687	9815	0.0674899583761569
9702	10540	0.0675419443711197
9734	10314	0.0676483552828012
9988	10179	0.0676591582185696
8988	9147	0.067664179701358
8932	9305	0.0676741303089596
-2730	8923	0.0678042507611571
8882	10398	0.0679494179526041
-6102	-10428	0.0679561512645091
9292	9315	0.0681195790498609
445	9192	0.0683405798506517
9814	9834	0.0683549637754054
-2858	9902	0.0683705664245503
-7623	10502	0.0683926274181544
8759	9983	0.0684398896055026
9216	9877	0.068469990851597
-7458	6857	0.0684706763647542
9654	10132	0.0685020542593869
8278	9546	0.0685058215216249
9721	9865	0.0685328958766652
9559	9711	0.0685852998676909
8963	10148	0.0688420408784031
6619	10397	0.0688684292388303
8329	10619	0.0689053032875663
-8004	-11165	0.0690140998205688
9072	9489	0.0690513853729569
9899	10188	0.0690871276985118
8496	8992	0.0690877438845896
6712	9727	0.0691029548644098
9062	9894	0.0691325601122219
8985	10180	0.0691634452756442
-1008	-7361	0.0691711027105534
10239	10423	0.0692165068094492
-6079	10031	0.0692199807189872
-5866	7260	0.0692240820176348
-3405	10299	0.0692665629966112
9357	9450	0.0692927218840262
10175	10310	0.0693893960396978
8528	9580	0.0694785083827677
8013	9737	0.0695436574691626
-3341	9364	0.0696016778844666
8336	10222	0.0696703256299056
8767	9412	0.0697058696722711
9463	9786	0.0698196779523918
9542	10526	0.069882777354117
-11243	10058	0.0698935632857301
-10959	9798	0.069947182218925
-7358	9507	0.070086788124722
9284	9806	0.0701376374709576
9272	10227	0.0702277132184538
8252	10597	0.0702389618997587
9449	9794	0.0702413281947287
5940	9730	0.0702815725031848
9844	9963	0.0703175968704035
9924	10194	0.0703887353701119
9859	10082	0.0706354315199932
9476	9523	0.0706850083322715
-3992	-7730	0.0707207162930799
9475	9876	0.0707285767413448
9107	10155	0.0707805533801764
9996	10624	0.0707856302151584
8762	10024	0.0707950831960054
9316	9733	0.0708036909135143
8605	9358	0.070809001239532
9047	10152	0.0709619347188328
9097	10317	0.0711431425037824
-8497	10346	0.0711843053232606
9240	10174	0.0711921149064899
9027	10136	0.0712050984117293
9308	10387	0.0712058740035871
8910	10085	0.0712240359437398
9203	9843	0.0712286545412542
9355	10038	0.0712482693953625
-6183	9793	0.0712610571066329
10323	10579	0.0713287954978245
9960	10329	0.0713490435945556
9551	10122	0.0715115530659633
9301	9617	0.0715232353660277
9978	10141	0.0715388895768613
-11485	10157	0.0715910242529848
-8287	9500	0.0716564196522138
9313	9690	0.0717005062268246
9975	10213	0.071729965500444
9408	9982	0.071828831407104
9599	10067	0.0719284418059649
9847	10075	0.07209569569315
9111	10159	0.0721958269721068
10077	10166	0.0722385496607072
8917	10479	0.072323060074247
9411	10103	0.072385051006277
9593	9713	0.0724378780688626
-5236	-8373	0.0724483054756226
-7402	9181	0.0724745662201538
7376	9162	0.0725168741219833
9581	9962	0.0726578655519282
8111	10260	0.0726813046410998
-727	-11260	0.0726975484488204
9635	10162	0.0728299350724658
9741	10466	0.0728871116872324
-9559	9642	0.07293602547869
-11860	9800	0.0730581843269697
9294	10363	0.0731291771680556
-7273	10259	0.0732662632445518
9767	10353	0.0733970596162871
8969	9227	0.0734114124462893
9579	9864	0.0734996182249151
-5359	10104	0.0736463702305085
-9349	10150	0.0736558153472126
-10156	9511	0.073703817528605
-6577	9575	0.0737989773856757
9517	9926	0.0738958922174477
8943	10633	0.0739177593548413
9471	9675	0.0740262186274745
8007	8786	0.0740333040815943
-11655	10181	0.074156473177076
9277	9919	0.0741625706414446
9388	9948	0.0741778775172848
9164	10620	0.0741802095103536
-10844	8877	0.0743263775380773
9366	9514	0.0744560952998487
-8384	10531	0.0746140442604579
9835	10129	0.0747408404721693
8407	9566	0.0748396235457751
9588	9952	0.0749081613059366
9686	10405	0.0749476835890622
8430	9561	0.0749514993824785
9945	9985	0.0749813084980215
9881	10354	0.0751008476073335
8511	9342	0.0752057964687332
8788	10356	0.0753111963127809
-4844	10081	0.0753789676171757
6998	10200	0.0754544678713877
9745	10226	0.075583906520319
9625	10441	0.0758635882321846
9232	10656	0.0759441662378611
8642	9791	0.0761164378979784
-10135	-11662	0.0761670321347614
9009	10043	0.0762924815345142
8429	10523	0.0763046844744841
9676	10403	0.0765061402945868
9407	9531	0.0767526383499203
9842	10019	0.0767603573654762
-9738	8120	0.0769759710232634
9314	10750	0.0770597297297382
8957	10674	0.0770839722721731
10135	10512	0.0771379040258444
9649	9915	0.0771525557747669
9390	10065	0.0771544711386766
10057	10449	0.0771554437294376
-1525	10303	0.0771851034746743
9674	10657	0.0771917692199081
10128	10774	0.0772181138947902
-834	10264	0.0773123769485878
9505	9621	0.077344884325461
8821	10334	0.0773703711942526
-4828	-7740	0.0774189227574513
9746	9980	0.0775471998212121
9977	10476	0.07755599818745
9993	10295	0.0776202731259545
-6505	10271	0.0776222780953815
10337	10436	0.0776376422567547
9536	10217	0.0778405689851374
9799	10219	0.0778736463473203
9613	10604	0.0778778914228031
9696	9861	0.0778908741318356
10207	10489	0.0779947511601504
-10587	9946	0.0780425654590595
-320	-3161	0.0780555826818724
9627	9666	0.0781650086221808
9455	10112	0.0781652395126703
9900	10046	0.0781710164166706
9350	10287	0.078200058190457
9709	10233	0.0782077245542018
8703	10384	0.078237263791637
10134	10481	0.0783800369059794
9972	10324	0.0783992054121331
9622	10330	0.078417508828953
9944	10216	0.0784762744766503
-1698	-5632	0.0786805209739191
10002	10232	0.0786854030490115
8585	9141	0.0787307497142418
9269	10225	0.0787415541396314
9448	10280	0.0788385650850347
9823	10518	0.0788685083528921
10107	10473	0.0789469758534904
2592	10484	0.0789675952385363
-8982	10007	0.0790605560315294
9425	10298	0.079122120847611
9661	9954	0.0791257643441176
9396	10035	0.0791352499993872
-307	-3650	0.079319919512976
9655	9986	0.0793200125722234
9453	10165	0.0793644179624996
9255	10010	0.0793904872374846
9261	9772	0.0793982330306521
9913	10499	0.0793997368020826
-10041	9537	0.0794562620653951
-8854	9796	0.0795346931626353
-6411	10748	0.0795812890888772
9636	9755	0.0796663188174139
8345	9134	0.0797589152278356
8880	10251	0.0797996345978137
8470	10012	0.0798487279296659
9528	10315	0.0798984336550735
8129	10538	0.0800481696343906
10026	10240	0.0800689092853961
8598	10023	0.0800984615834634
8858	10113	0.0801598362704903
8826	10013	0.0803733629938025
9707	9971	0.080379250040713
-6768	-11377	0.0803901714575561
9680	10138	0.0804903574786857
9591	10146	0.0805344278967401
9501	10581	0.0806699007147667
-10805	10622	0.080803401391903
10161	10278	0.080805628280025
9905	10429	0.0808082115429276
9683	9803	0.0808260265513191
9672	10364	0.0808613767892736
-7045	10153	0.0809149891631619
9347	10556	0.0811138051296852
9180	10173	0.0812266628215742
10376	10530	0.0812649848806684
10404	10786	0.0812906435985585
-11664	-11699	0.0813096302084876
8269	10779	0.0813248238858888
10160	10452	0.0813391878108794
8401	10274	0.0814354699660357
8500	9941	0.0814769063423623
9374	10008	0.0815049715430434
9367	10198	0.0815752733436391
9665	10659	0.0816669647809968
-10265	-10487	0.0817286063374738
8857	10133	0.0817426021281608
6176	8825	0.0817593899766111
9922	10828	0.0819116681900101
9312	9751	0.0820021076766876
8740	10372	0.0820277048592479
8612	10189	0.0821941746505836
-6756	9916	0.0822278612695093
10456	10673	0.0822889802530738
9013	10470	0.0822978327500132
9901	10522	0.0823068917135885
9040	10327	0.0824371044306779
9872	10671	0.082450571329324
9369	10197	0.0825462998235601
8453	9267	0.0827057249898919
-898	-11857	0.0827432468131834
8975	9634	0.0827788231040153
9795	10267	0.0827902947066477
8656	10116	0.0828047310138909
-2014	10285	0.0829216245289722
-11280	9202	0.0829711728721937
10230	10257	0.0830177090181882
-249	-8027	0.0830183506262138
10101	10110	0.083215931613406
9480	10601	0.0833345515139205
10469	10697	0.0833785010926325
7932	10628	0.0833876645372567
9896	10381	0.0835162169912688
8812	9595	0.0835297788090812
9391	9415	0.0836367407361939
10168	10461	0.0837175530160085
8838	10478	0.0837414469633127
9520	10447	0.083910657534007
9106	9673	0.0839454149848947
9230	10590	0.0842684676492397
9863	9879	0.084269722325012
-7535	10210	0.0843407626359878
9927	10431	0.0844263164221394
8843	9907	0.0845805119205472
9949	10377	0.0846439756332794
-10082	10682	0.0848698989424015
9569	10014	0.0849459102997239
10183	10465	0.085034749958824
8789	10564	0.0851460167965765
6864	9254	0.0854364986697834
9688	9839	0.0856116895974679
18	9341	0.0856448936493093
-8657	-9545	0.0856920204086437
10205	10664	0.0858299252496169
-10605	10373	0.0861497921421305
-5636	-9333	0.0861524514362181
8567	9539	0.0861627885243183
9462	10080	0.0861727829710697
9938	10307	0.0862412004757307
8078	9102	0.0863344214741274
9979	10029	0.086352737133845
7470	10211	0.0863843361720256
9473	10272	0.0864989026917352
10147	10300	0.0865228759320985
10312	10501	0.086524436295209
8718	10714	0.0866269255211307
9007	9682	0.0866785911942202
6287	10396	0.0868328054704477
-956	6049	0.0868996688705215
10370	10454	0.0873848128358529
-7703	7054	0.0874074911793784
10533	10874	0.0876623037816749
-355	10680	0.087707294890444
10047	10529	0.0880251127817368
-10526	10392	0.0880482798317296
9201	9807	0.0881044544713237
9171	10045	0.0881903273429444
-11603	8934	0.0881923903884573
9917	10645	0.0882095300747962
10172	10534	0.0882807249266228
9560	10563	0.0883816357605552
9882	10115	0.0884816871575162
9677	10164	0.0885489239196591
-2375	-8723	0.0885572853624514
-7965	10182	0.0886309483045468
10190	10740	0.0887376445868162
8909	9206	0.0887515811356568
9764	10340	0.0889301908299711
9918	10176	0.0889386991814796
10003	10125	0.0889621596036592
10090	10250	0.0890806755460907
10293	10895	0.0891803339009093
-9659	10692	0.0894245723210634
9808	10838	0.0897885779274493
9440	10721	0.0899587744670872
9652	10793	0.0900461676207383
8738	10605	0.0901332387699105
8139	9811	0.0902180327223635
9650	10009	0.0902773346835982
8688	9157	0.0902953747496273
9740	10258	0.090339376889268
9228	10477	0.0904118590535281
8996	9921	0.0905619641563754
9897	10064	0.0906141503099542
8809	9327	0.0906305983301621
9121	9959	0.0906503093486392
10193	10265	0.090672557673403
9059	9920	0.0908173221586943
10163	10445	0.0908819994359115
10498	10567	0.0910438209976256
9618	10388	0.0910890213722017
10261	10589	0.0913153472238377
10290	10781	0.0913897318553261
10218	10863	0.0917157657863917
7817	10393	0.09175473626128
-7510	10815	0.0919002214215851
10072	10102	0.0919591426570368
4382	10039	0.0920159171561444
9880	10785	0.0920378451063504
9309	10711	0.0920441710737601
9736	10268	0.0921498026882944
-11091	10408	0.0921909737171314
9218	10687	0.092256955723156
10733	10840	0.0923078578384983
10105	10541	0.0923107217427282
-11144	8665	0.0930388580304143
10245	10321	0.0930538933830343
9332	10754	0.0931904022578263
8799	10446	0.0932619336230156
9647	10806	0.0932995114349723
9031	10545	0.09336652351594
9809	10414	0.0935520592389578
8584	9615	0.0935575903950785
9838	10561	0.0936461285482424
10011	10598	0.0937300209968083
9984	10223	0.0937529064725262
9323	10631	0.093806643120213
10375	10391	0.0938525845622387
10144	10351	0.0939197584739769
10186	10557	0.0942301473407401
9426	10621	0.0947305605846779
10142	10145	0.0949047046592078
9816	10575	0.09500517102777
8783	10630	0.095073288820528
9849	10252	0.0950906016297368
-2615	10281	0.0951595730164013
-9487	10649	0.0952667745800359
-10956	9778	0.0952702436092674
-10861	-11645	0.0953755526140273
9064	10248	0.095393806797633
9817	10509	0.0957558444128375
9271	10830	0.0958197910812623
10650	10684	0.0959384461819513
8867	9789	0.0959908532078982
-8020	9088	0.0960087676490723
10096	10109	0.0964879155208119
10325	10910	0.0966326642936165
-10380	10753	0.0967058187523038
9712	10106	0.0967090767865023
-11199	10576	0.0968361850005827
9910	10118	0.0970708766673173
9348	10745	0.0970771178296388
9571	10614	0.0972445526329838
9855	10439	0.0974054185603898
10336	10609	0.0975070775772757
9515	10286	0.0977052764180307
8920	10667	0.0977645020314579
9496	10367	0.0979153125150179
10646	10879	0.0979962875461112
9334	10269	0.0980504053983852
9852	10288	0.0981563299898617
-8800	10536	0.0981612328127528
-935	9989	0.0982981547591916
10093	10943	0.0983633261944561
10242	10270	0.0984203964467299
10130	10894	0.0984901080048705
9995	10691	0.09858728040758
9544	10283	0.0985969498807178
-11055	10658	0.0989994254217584
8226	9693	0.0990512740501627
9435	10506	0.0990672789704062
10025	10485	0.0992046702787608
9614	10417	0.099213699567024
9725	10378	0.0992350071344604
9749	10255	0.0993092145571895
-4890	10709	0.0995780417741696
-3018	9291	0.0996053206347237
-6996	10305	0.0997794309052643
9903	10852	0.0998259735086955
-5360	10078	0.0999082949602704
9797	10517	0.100325781548431
9574	10844	0.10032959012641
-7711	10095	0.100428757184422
9586	10320	0.100450104204117
-11149	10395	0.10047171812453
9585	10615	0.100634002240558
8650	10448	0.100789467750684
9955	10421	0.100811954436761
10208	10587	0.100922301169227
8927	9822	0.100965190507896
10079	10247	0.101034835517898
9976	10939	0.10103514027362
9465	10578	0.101056977459363
-536	10652	0.101123418470145
9738	10629	0.101199176454649
10249	10382	0.101207249372826
9481	9602	0.10130766786865
10042	10273	0.101519020583842
10632	10704	0.101714843211126
9885	10511	0.101855163836978
9641	10492	0.101996071352231
10276	10775	0.101997802538043
9165	9728	0.102102394816526
8944	10513	0.10216850427939
10231	10341	0.102314173231472
9572	9783	0.10270976270438
10126	10947	0.102856472822951
-3291	-11586	0.102892282564247
8791	10114	0.102949677420008
10459	10574	0.103092004596702
10345	10401	0.103144196895214
10542	10987	0.103301547982805
9769	10508	0.103428100875374
10051	10683	0.103437188807811
9678	10089	0.103586328365769
9970	10763	0.104065469270157
-11725	10425	0.104191953342138
9940	11005	0.104230457857546
10799	10819	0.10426351544447
9564	10678	0.104648216602584
9992	10626	0.104691256605012
-11141	9874	0.104721008645487
9788	10637	0.104790883453022
10419	10707	0.104802804172461
9914	10450	0.104825472001104
8152	9923	0.104912943782786
10292	10471	0.104936068000185
-1289	10488	0.104993376202888
10394	10426	0.104998900134007
10463	10977	0.105228322482871
10462	10660	0.105377801421094
9469	10566	0.105381760096983
9611	10034	0.105509897899814
10049	10666	0.105573854847917
9458	10608	0.105603797653729
10139	10347	0.105745560518723
10228	10832	0.105821391617557
9898	10084	0.105859161052641
9792	10845	0.105947645876927
10322	10386	0.105996410126626
10610	10857	0.105996568087166
-930	-7197	0.10647828067413
9251	9753	0.106558210780922
10568	10858	0.10663351584181
10100	10859	0.106919260621788
9016	10352	0.106968738376497
9929	10434	0.107003158050897
10725	10924	0.107223711894541
10204	10867	0.107290389068868
9333	10892	0.107400590541415
-5058	10662	0.107433831388906
9632	9974	0.107446945857406
9862	10076	0.107547797473677
9999	10474	0.107558704419997
10306	10313	0.107663542129516
6518	10908	0.107900382014652
10494	10873	0.107934215718066
10641	10651	0.10797418320991
-4912	10941	0.108003027540865
10291	10389	0.108047050557722
10221	10655	0.108125174424765
-10347	-10678	0.108438538126844
10543	10800	0.108733037825819
9827	10936	0.109398252889617
10409	10644	0.109437636623693
9830	10528	0.109490033396487
10643	10975	0.109550478996578
10302	10483	0.109651783400878
10690	11027	0.109692949534257
-10533	11021	0.109736094939667
10171	10591	0.109775190399751
9182	10318	0.109776156213304
-4680	10331	0.109886273138015
10229	10752	0.1103545967342
9763	9878	0.110527729125021
10027	10308	0.110546953613626
9766	10891	0.110556136221396
8684	10510	0.110615306906939
10212	11079	0.110706284199614
9997	10821	0.111473918831575
10332	10437	0.111613610692369
9438	10994	0.111833774960412
9065	10169	0.111871458960747
9506	10672	0.111951051710869
-4141	10990	0.112010692626133
10006	11104	0.112315986347871
10284	10818	0.112560095337474
10503	10736	0.112938467194126
10751	10890	0.113216254188013
-9930	-11679	0.113273936592475
10236	10787	0.113291110747465
10156	10406	0.113307157325269
10559	11073	0.113367307289523
10326	10520	0.113439858606715
8849	9857	0.113572682377075
-30	10457	0.11358796574766
10834	11075	0.113626441993892
9123	10050	0.113647428593883
10028	10880	0.113729834876679
10571	10950	0.113917103015291
9401	10415	0.113987035641206
10241	10440	0.114025877718329
10277	10355	0.114123307852536
9080	10913	0.114407284080284
9912	10402	0.114507786202374
10361	10380	0.114619124752956
9596	10555	0.115089459712003
10266	10544	0.115218874853828
1900	2193	0.115291222280447
9459	10209	0.115461869030998
10700	10849	0.115464910890144
8178	10661	0.115709479510677
7298	10177	0.115806129966524
9093	10902	0.115998947868633
9608	10091	0.116064615078761
10350	10708	0.116132324841238
10088	11010	0.116323534799318
10066	11044	0.116397049010421
10296	10612	0.116421831886717
10018	11017	0.116448948188034
10726	11022	0.116461573631715
-579	10795	0.116699730759275
10552	10970	0.116811260176811
9322	11175	0.117090930928827
10532	10665	0.117154019949477
10071	10789	0.117184370401313
10335	11002	0.117390253813986
10411	10962	0.117867561823177
10732	10889	0.118026773061278
10343	10965	0.118273603967354
10497	10766	0.118312922600533
10275	10688	0.118593559564523
10015	10357	0.118712784584261
10244	10764	0.11884191322767
7434	10784	0.118930765563606
9850	10807	0.118934334233312
10170	10761	0.119096940097036
10535	10741	0.119300748306094
10841	11115	0.119367550773983
10582	10599	0.119389790959282
9845	10444	0.119465908866931
10368	10475	0.119477850928736
10358	11030	0.11992801666852
9812	10954	0.120078579269041
10551	10778	0.120126038912862
9151	10379	0.120357663789184
10560	10952	0.120504604984128
-10302	11110	0.120968316468607
9664	9969	0.121127365756289
10443	10974	0.121534149065066
10453	10640	0.121746588855036
9825	10719	0.121934358872326
8707	10805	0.122128143053774
10339	10344	0.122168322798651
10519	10820	0.122256717021681
10676	10826	0.122335600334727
10199	11129	0.122506539880733
10703	10836	0.122739115685422
10435	10966	0.122788496273821
8231	10681	0.122984303489697
10158	10724	0.122988670262105
10693	11088	0.123212166984747
10143	10647	0.12322043344603
10001	11208	0.123480413614357
9935	10562	0.123717172448162
10359	10694	0.123820372648594
-7431	-10859	0.123923987331914
10723	10851	0.123927076966264
10365	10809	0.124078505462206
10237	11003	0.124200287575758
10792	10854	0.124257047498143
10842	11133	0.124261480383046
10812	11197	0.124306582067507
-10301	11082	0.124503582007143
9441	11012	0.12453625563686
10729	10827	0.124759305348915
9716	11023	0.125089856461443
10835	11087	0.12564507303473
9756	10696	0.125722631868615
8662	10412	0.125808059774495
10191	11028	0.126353828194256
10516	11020	0.1266403144163
10653	10914	0.126998801906209
10279	10783	0.127262237114273
10546	11036	0.127463814681375
10623	10872	0.127937007537387
10390	11107	0.128331490081325
10730	11009	0.129229649215515
10442	10861	0.129290909160081
9442	10627	0.129697257857256
10769	10901	0.129738857800726
10940	11060	0.129802496645281
10606	10926	0.130081993444662
10638	10864	0.130232279806973
-10224	10585	0.130268523330109
10154	10362	0.131431550769835
10455	10978	0.131522366092818
10537	10689	0.132221695855672
9853	11196	0.132263755745754
10710	10916	0.132469357021223
10360	11045	0.132752050567611
8015	10856	0.132904690822343
10422	10853	0.133232956440352
10428	10739	0.133758444151178
10505	10677	0.134183178020731
10584	10625	0.134517226234443
10833	11111	0.134620418389735
9801	11242	0.134699110146251
10348	10504	0.134858638117875
10507	11085	0.134858956122714
10698	11154	0.134860886689319
10053	10839	0.135690352557516
-11588	11144	0.135811147561183
10369	11008	0.135918292391439
10720	10735	0.136003663044189
10577	11091	0.136146328480352
10487	11234	0.136649760713601
10746	10961	0.136958914153136
10670	10870	0.137002846443054
10613	10743	0.137257938791559
10580	11216	0.137306310793957
10333	11120	0.137349763877889
10451	11170	0.137780625750924
10757	10878	0.137833134692214
10525	11267	0.138022494337542
10427	10968	0.138661582323899
10593	10808	0.138934251927835
10539	11080	0.139121463926385
10639	10770	0.139229001920298
-8746	10794	0.139322476167312
10202	10848	0.139438960883639
-245	11191	0.139514283763909
11153	11272	0.140019389539892
10718	10967	0.140162851549991
10737	10928	0.140208752286842
10911	11157	0.1404486814984
10810	10992	0.140526527343005
-6543	11072	0.140573543158583
10570	11101	0.140741434786154
10554	11011	0.140750621679379
10588	10796	0.141157468471302
-10790	10900	0.14120892466829
9109	10472	0.141481514471029
-587	10548	0.141482109822084
10464	10882	0.141974245273495
10430	10868	0.142083685013881
11081	11184	0.142306680072361
10366	11202	0.14232900500049
10550	10885	0.142471145850811
10491	10983	0.142648900510398
10705	10956	0.142658728979496
9478	11178	0.142835293547006
10791	10981	0.142896125813429
10282	10595	0.143104682832203
9909	10811	0.143164310233836
10617	10996	0.143449686108449
9831	10768	0.143461306984511
11077	11291	0.14360062201841
10040	10594	0.144339246893381
10927	11108	0.144348270512926
9495	11119	0.144672311938476
10706	10734	0.144970290425543
10738	11056	0.145314000705429
10803	10896	0.145406426559573
10790	11061	0.14549460949002
10496	10765	0.146188358563349
10187	11192	0.146478335121134
9961	10549	0.146631734551546
10919	11038	0.146649933729275
10912	10972	0.14671512905347
10468	11046	0.146913017127682
10814	11158	0.146935313439318
10634	10701	0.147122034333419
10438	10760	0.147355003296719
10607	10959	0.147442598042465
10486	10728	0.147535685408244
10755	10920	0.147842671913751
10611	10648	0.147904604397955
10727	10953	0.148350779310179
11148	11292	0.148444825651639
10776	10869	0.148504325836205
10971	11219	0.148933784295992
10907	11047	0.150127598055883
6736	11019	0.150261737119186
10847	11245	0.150426560794437
10699	10802	0.150503614439126
10888	11282	0.150733650467727
-11354	10813	0.150990319537949
10702	11201	0.151019660246818
10482	11067	0.151084622545701
10957	11204	0.151280467744627
10527	10989	0.151299662938503
10495	10788	0.151348846510126
-11046	10893	0.151374035069917
10777	10824	0.151389587205252
10843	11136	0.151760166641897
9669	11013	0.151814862347052
5863	11109	0.152301811955241
10108	10948	0.152537884456099
10493	11271	0.15286907506587
10663	10855	0.153034098886846
-11032	11156	0.153234735896639
10823	10993	0.153268130413259
-3710	11160	0.153565647972926
9998	10973	0.153978230709542
-11520	10949	0.154212336456601
11114	11341	0.154533208001091
10865	11131	0.154585402894157
10572	11139	0.154768997094498
10467	10982	0.155108756770853
10905	11083	0.155516718018577
10480	11034	0.156349788827841
10772	10979	0.156741361004121
10675	11270	0.156756388456191
10558	10825	0.157329931162715
10097	10946	0.157446399753664
10342	11166	0.157544653801013
10780	10984	0.157889646833136
10262	11093	0.158291998700385
10887	11103	0.158641898483766
10756	11275	0.158811774442374
10695	10762	0.159037203180273
10817	11033	0.15909041228541
11041	11327	0.159157196541821
10521	11319	0.159854967015787
10263	11053	0.160587901210943
10500	10801	0.160780897573004
10636	10884	0.161063167714766
11052	11069	0.16135628342137
11062	11356	0.161610851411188
10586	11383	0.161770814245596
10747	11161	0.162391201319656
10301	11031	0.162767272566094
10668	11004	0.16324663505936
11000	11261	0.163470535886959
10573	11150	0.163597382605424
10749	11050	0.163635347774637
-9179	11141	0.163766333461349
10933	11074	0.163798457045982
10837	11058	0.163998048058211
8953	11247	0.164059334988539
10309	11113	0.164639037075744
10524	11164	0.166898762427933
9197	11054	0.167092374394235
10771	11379	0.16720822595631
10201	10988	0.167474851699479
10592	10759	0.167763690744865
10922	11122	0.168764086075883
10642	11152	0.169436082872222
11043	11346	0.169785626744457
10385	11105	0.170891600429673
10654	11155	0.171040663799973
10117	10991	0.17182494804149
10304	11268	0.172210095306025
10410	11025	0.172343154469039
10906	11283	0.172531900160888
10915	10935	0.172590198934981
10782	11240	0.17268622735195
10816	10883	0.17293110855701
11097	11106	0.173908058341043
10717	11146	0.1740569105986
11001	11359	0.174124762635298
10565	11183	0.174209469585942
11071	11313	0.174811904666519
11147	11336	0.174901120737614
-5813	-9585	0.17580659286345
10553	10860	0.176394163338576
11121	11220	0.176416968596645
10713	11180	0.17776650653377
10997	11355	0.178666716102761
10420	11098	0.179301471212173
10960	11032	0.179912202193631
11308	11393	0.180390154871355
10955	11095	0.181184111518861
10742	11409	0.181186219075513
10876	11134	0.181382300200205
11006	11250	0.181674688874017
6917	11179	0.1817399693558
10616	11365	0.1817431699305
10886	11428	0.182281015094208
10899	11286	0.182430434797329
10918	11211	0.18243534825246
10716	10871	0.183472159530846
10850	11135	0.184053510103678
-11548	11325	0.18423052518065
11142	11367	0.184373373574056
10602	11416	0.184950698356644
10998	11163	0.185554806813001
10923	11231	0.185697658534465
-9556	10618	0.185936778023998
11199	11442	0.186057984718815
11100	11309	0.18619917780187
10715	11185	0.186544830466201
10964	11128	0.186601786694509
10976	11094	0.18728123203436
10898	11195	0.188165353801807
9717	11203	0.188199291713267
10866	11238	0.188925561336549
10829	11040	0.189271331938918
-10749	11232	0.18941875881886
10932	11254	0.189750120463535
-11479	10909	0.19000217263205
11143	11328	0.190126232903619
10903	11471	0.190367296412642
10797	11225	0.190793096743529
10569	10679	0.191813807211225
10931	11064	0.191948571371196
10804	11233	0.192903137269175
10722	11432	0.194543686909689
10942	10985	0.195231647232946
11263	11456	0.19586986161293
-10818	-10964	0.196463953214392
10686	11130	0.196626113013459
10600	10995	0.196902263321323
10862	11224	0.197491898810326
11096	11441	0.197858034214518
11078	11162	0.198097588810831
10945	11274	0.198391235077245
10603	11076	0.198606444644501
10349	11417	0.198675463936251
10929	11055	0.199132693269744
10547	11239	0.19943464468462
9646	11314	0.20020680688937
10881	11188	0.200947512887867
10669	11151	0.201531305050157
10583	10831	0.201733169761084
10969	11112	0.202130811299869
10986	11288	0.202658893089728
10596	11063	0.202664998153406
10921	11329	0.202733506895038
10877	11065	0.204047809197062
10767	11145	0.206012806085668
11217	11358	0.206504200328026
10514	11138	0.206869428470101
10951	11015	0.207262674071145
11007	11260	0.207402491733765
11099	11472	0.208010634271897
11215	11345	0.208037813016501
11259	11490	0.20906730693766
11016	11246	0.209074842264097
10875	10937	0.209405520246709
10925	11301	0.209490042191856
10515	11173	0.211573034572393
10374	11251	0.211733811840637
10773	11326	0.212066097442991
11177	11343	0.212645573048427
10963	11351	0.214173711430781
11198	11424	0.215333176199578
10822	11312	0.215486879807439
11140	11322	0.215548194731539
10999	11165	0.216277635373139
10980	11460	0.216478438324019
11051	11429	0.216880272697863
11068	11339	0.216887291320069
11253	11489	0.21926868247888
10712	11366	0.21938047990601
10897	11303	0.219967808299238
11218	11395	0.219984139994299
11214	11403	0.221139976663447
11181	11290	0.22179626481149
11137	11362	0.221868733143297
11209	11258	0.223199807954825
10490	11249	0.226252657547435
10731	11293	0.226413412044415
11243	11499	0.227204040248862
10685	11402	0.227219768643457
11171	11273	0.22816237959575
11210	11364	0.228578400039861
11049	11423	0.230895423076808
11039	11407	0.230995673510351
11132	11265	0.231335363603396
11125	11200	0.232350233820198
10418	11333	0.233040533736313
10798	11372	0.233506192405831
11029	11503	0.233605686321318
11042	11189	0.234541843777933
11300	11431	0.235341370674493
11089	11174	0.23569644992244
11026	11400	0.236003723667417
11354	11357	0.23815573357752
11048	11057	0.238881939894531
11070	11229	0.239287966466482
11386	11516	0.240869351707993
11126	11468	0.240875908856075
11207	11332	0.241485354809782
11244	11411	0.24192852367056
11277	11524	0.242109796196721
11335	11399	0.242176581358091
10758	11298	0.242613148243434
11306	11454	0.244304105633449
11237	11297	0.245032064025997
10930	11302	0.246146013403147
11014	11504	0.246512439109111
11228	11531	0.247399089610701
11221	11223	0.247773913188647
11266	11421	0.249183526670686
10460	11470	0.249606590776616
11317	11348	0.250202171850794
11035	11463	0.250729974997973
10904	11492	0.251518134869835
11422	11508	0.252349724050286
11443	11512	0.25291676743798
11018	11435	0.253270424315238
10371	11389	0.256397801884573
11318	11391	0.257148393253911
11296	11581	0.258013666847302
10944	11475	0.258735236145716
11321	11404	0.259079589131205
10934	11340	0.260329364398377
10185	11295	0.260940502958616
11334	11380	0.261205472208166
11278	11449	0.262217474286253
10744	11487	0.263143821488238
11186	11398	0.263711624044806
11252	11517	0.264223566839985
11227	11397	0.264393240342222
11124	11370	0.264659556330813
11084	11526	0.264683570002579
11123	11323	0.264992785938438
11330	11577	0.265270616693013
10635	11479	0.267233060232217
11276	11384	0.267457902515891
11176	11450	0.268591200280789
11116	11294	0.268806934323946
11310	11458	0.269664265911964
11349	11511	0.270483015728833
11090	11554	0.270766843213355
11037	11525	0.271345629388958
11226	11241	0.272418743383026
11086	11433	0.272863582405538
10433	11315	0.273024661871705
11193	11590	0.273366460877687
11167	11401	0.274892945933302
11360	11540	0.277339693023216
11439	11518	0.278415146939034
11118	11338	0.279355345758558
11406	11451	0.280905577383
11382	11532	0.281891221897974
11374	11565	0.282388056475098
11392	11482	0.282476248049742
11262	11462	0.284824186078892
11169	11529	0.286138821370087
11269	11385	0.2879362515991
10917	11502	0.290291411429597
11194	11548	0.292503249650961
11324	11440	0.293033423215192
10316	11545	0.293919318583523
11390	11563	0.294105356663782
11255	11375	0.294502089187802
11331	11561	0.294815739974128
11236	11497	0.295104143522111
11377	11434	0.296273616531777
11378	11496	0.296559908456017
11235	11363	0.296964670728472
-1441	-6547	0.300716945364036
11248	11410	0.305089981694733
11352	11533	0.308499460721573
10846	11495	0.31045511720104
11205	11446	0.311664077394308
11256	11264	0.313511029622334
11117	11605	0.313716649129178
11024	11287	0.315241123776932
11206	11368	0.315998570742035
11289	11453	0.316034575056177
11257	11598	0.319135661913466
11059	11438	0.319201047703727
10432	11394	0.319705312787284
11279	11535	0.32392760439243
11452	11543	0.325397555141004
11127	11578	0.326362110161276
11474	11476	0.326726003113208
11405	11570	0.327427230152589
11299	11604	0.329351967287316
11466	11574	0.329355626984872
11388	11568	0.329864117480977
11459	11589	0.330445579530304
11387	11587	0.332473250523827
10958	11172	0.335986172988365
10938	11522	0.336277951388627
11373	11556	0.337015291550931
11444	11633	0.337129023160184
11311	11573	0.337879539148993
11344	11557	0.338858369428126
11159	11413	0.339349474992565
11408	11477	0.340079903162517
11467	11579	0.340219684856654
11187	11536	0.34104861443087
-11615	11342	0.341162712139216
11488	11594	0.341483164244556
11285	11461	0.342376815595495
11222	11609	0.342378060141751
11412	11484	0.346732135602317
11509	11648	0.347397609090958
11168	11599	0.347481360620484
11284	11519	0.34823425299078
11102	11493	0.348460036908476
11337	11520	0.351512637353345
11447	11600	0.354365983542706
11350	11641	0.355760052064281
11550	11597	0.35708567217174
11436	11514	0.357187596336142
11353	11430	0.357272126932469
11507	11586	0.358634595303411
11361	11602	0.360391291013431
11066	11551	0.360614479113234
11305	11371	0.361129321660519
11437	11644	0.362614205512814
11419	11576	0.364475583044534
11316	11396	0.364614390438491
11583	11636	0.370388236903788
11092	11585	0.374660943951561
11457	11505	0.375167118406354
11510	11620	0.3784081366872
-8503	11637	0.379013883933029
11414	11418	0.38102689157288
11549	11601	0.387944944657411
11425	11515	0.389025260966465
11213	11501	0.389483567385245
11376	11494	0.393363857926434
11538	11555	0.394978648461628
11280	11608	0.396613118494219
11513	11553	0.398067906547095
11230	11381	0.401419106850985
11523	11659	0.403896277984618
11506	11658	0.404458304710872
11426	11650	0.408606228426952
11190	11690	0.409965877578157
11320	11612	0.413065158267515
11307	11530	0.41330523640852
-9399	11701	0.418559891506962
11537	11625	0.419751619553228
11347	11610	0.420354957691595
11427	11480	0.421152791615612
11478	11671	0.431222802936386
10123	11448	0.434329837862299
11613	11689	0.438481367365724
11182	11593	0.439931577786333
11369	11651	0.442995440291842
11485	11491	0.445858303971121
11534	11580	0.446825452605952
11304	11683	0.44775338252869
11546	11675	0.459810758572928
11592	11674	0.462392477771381
11547	11688	0.463081278110484
11481	11498	0.463371637762821
11649	11676	0.463443044392212
11527	11528	0.464054460230747
11569	11629	0.464770072219642
11212	11607	0.468733476759623
11465	11552	0.468750514822497
11595	11638	0.47652859851251
11603	11660	0.477438441870515
11606	11624	0.477725533962515
11562	11572	0.48584564437991
11445	11615	0.488126971620209
11415	11420	0.491250309633232
11653	11691	0.496496592249179
11473	11618	0.503690843735432
11588	11672	0.509987007906455
11560	11704	0.515066300584853
11652	11680	0.523618432387885
11611	11706	0.523680287731556
11646	11665	0.528522598096819
11483	11662	0.528523572236261
11582	11584	0.53089684012488
11455	11707	0.53635350804834
11544	11654	0.53980693793313
11281	11722	0.54060697955678
11558	11679	0.549761407294985
11542	11642	0.554797051426628
11541	11643	0.560585629391395
11678	11729	0.56791121051501
11149	11727	0.573044480879057
11500	11736	0.575203230275557
11695	11726	0.575368618071384
11539	11687	0.579522414889422
11668	11670	0.580234720855258
11464	11681	0.585462392310582
11645	11663	0.586667946131665
11619	11667	0.588857728826716
11567	11617	0.600408507694356
11486	11666	0.603975539608387
11694	11738	0.604211779040497
11631	11728	0.606299588036693
11635	11657	0.612288617334315
11627	11715	0.613341018354792
11596	11720	0.616240891147632
11566	11682	0.626690933812315
11623	11655	0.62956307377755
11564	11713	0.630498091805876
11647	11697	0.634863114236232
11591	11626	0.644847431285012
11614	11664	0.678709617264141
11621	11639	0.681669772820293
11575	11684	0.682152761025663
11632	11669	0.689313348132543
11628	11703	0.692683428711751
11571	11709	0.69521757050873
11673	11685	0.703438651595228
11622	11630	0.704609667351745
11705	11710	0.709436791354916
11693	11737	0.719761283061411
11521	11718	0.7212897922932
11723	11739	0.726374644930393
11469	11699	0.731736214586952
11692	11700	0.746872491528682
11741	11764	0.757557469826069
11686	11721	0.760758542660948
11559	11677	0.765604975401967
11717	11725	0.772767898940953
11734	11758	0.776206332167835
11634	11730	0.804551234858533
11616	11749	0.812329287630425
11640	11777	0.842353373478455
11732	11772	0.84320923110039
11656	11724	0.86395503614967
11763	11775	0.869699349438461
11752	11781	0.900750168677308
11698	11748	0.929739792416865
11711	11745	0.93306887682731
11714	11754	0.942197806370845
11696	11712	0.942647975517113
11731	11769	0.954982481277276
11751	11771	1.00060270997427
11735	11740	1.0131012948783
11702	11746	1.01932763955487
11759	11765	1.02279706501975
11719	11791	1.13924225489896
11742	11766	1.14895877137024
11756	11776	1.18706790723122
11761	11792	1.19112951225088
11770	11801	1.23845640098488
11661	11803	1.25344241202456
11716	11779	1.26131370218004
11747	11757	1.29990044857933
11753	11798	1.30891466814991
11768	11773	1.35146620790291
11767	11774	1.35676382212994
11750	11755	1.35687665789228
11743	11788	1.37513723433662
11762	11785	1.3897466094162
11783	11784	1.39703822281291
11782	11786	1.39996763533476
11733	11819	1.46011555947386
11795	11814	1.51919097067427
11708	11793	1.51940884850469
11796	11809	1.53995499098102
11744	11797	1.56126680238978
11794	11811	1.6551530859654
11780	11816	1.67068340484607
11790	11799	1.74707386691661
11806	11808	1.83919023570086
11802	11813	1.96785903781012
11760	11787	2.05348831896432
11822	11823	2.06032726143188
11800	11804	2.16456436601307
11778	11831	2.17087373229025
11805	11833	2.31674405466263
11789	11839	2.76305138448903
11807	11826	2.79404865747247
11810	11824	2.86750586334343
11812	11838	2.95972331996033
11832	11834	3.01882161579762
11829	11836	3.1907780524112
11817	11827	3.4417336704976
11830	11835	3.57179589448765
11818	11841	3.96753715505584
11825	11840	4.00326515524982
11843	11846	4.26660633897522
11828	11845	4.91441879721891
11848	11850	5.67412082605172
11837	11844	6.08117770283341
11815	11849	6.16959035064595
11821	11851	6.5300717473446
11842	11853	7.16934251610283
11820	11852	7.62454396574331
11854	11857	10.7095006581376
11847	11859	16.801332876418
11856	11858	23.3929205148626
11855	11861	24.3963594480103
11860	11862	47.0309660661969
